customer_id,name,email,phone,address,city,prefecture,zip_code,registration_date
1,岡田達也,岡田達也1@gmail.com,090-5242-9376,千葉県千葉市中央区中央5丁目16番6号,千葉市中央区,千葉県,2600026,2024-08-20
2,加藤三郎,加藤三郎2@outlook.com,090-2931-9117,埼玉県さいたま市大宮区大宮7丁目26番4号,さいたま市大宮区,埼玉県,3300031,2023-04-07
3,田中美咲,田中美咲3@gmail.com,090-6915-3770,北海道札幌市中央区北1条西10丁目7番10号,札幌市中央区,北海道,0600017,2023-02-06
4,斎藤大輔,斎藤大輔4@outlook.com,090-8766-2073,京都府京都市中京区烏丸通8丁目9番9号,京都市中京区,京都府,6040001,2023-08-28
5,斎藤美穂,斎藤美穂5@gmail.com,090-7489-8845,大阪府大阪市中央区本町2丁目1番7号,大阪市中央区,大阪府,5410006,2024-07-16
6,山本誠,山本誠6@example.com,090-1475-8628,福岡県福岡市博多区博多駅前1丁目29番3号,福岡市博多区,福岡県,8120021,2023-04-26
7,伊藤由美子,伊藤由美子7@outlook.com,090-1603-1007,大阪府大阪市中央区本町8丁目25番6号,大阪市中央区,大阪府,5410038,2023-11-24
8,橋本麻衣,橋本麻衣8@icloud.com,090-1791-2186,兵庫県神戸市中央区三宮町6丁目19番1号,神戸市中央区,兵庫県,6500007,2024-06-03
9,林愛,林愛9@icloud.com,090-3069-4164,東京都新宿区新宿3丁目8番9号,新宿区,東京都,1600003,2023-08-03
10,青木愛,青木愛10@outlook.com,090-3269-4049,東京都千代田区丸の内9丁目15番10号,千代田区,東京都,1000011,2023-03-24
11,鈴木香織,鈴木香織11@icloud.com,090-1243-4376,埼玉県さいたま市大宮区大宮5丁目21番3号,さいたま市大宮区,埼玉県,3300032,2023-02-05
12,遠藤千佳,遠藤千佳12@icloud.com,090-9320-4111,愛知県名古屋市中区錦10丁目26番3号,名古屋市中区,愛知県,4600008,2023-04-07
13,坂本智子,坂本智子13@example.com,090-6730-3336,神奈川県横浜市西区みなとみらい6丁目16番5号,横浜市西区,神奈川県,2200001,2024-10-20
14,山本翔太,山本翔太14@yahoo.co.jp,090-4777-3411,福岡県福岡市博多区博多駅前3丁目5番2号,福岡市博多区,福岡県,8120021,2024-06-28
15,中村麻美,中村麻美15@yahoo.co.jp,090-5441-5190,北海道札幌市中央区北1条西8丁目10番8号,札幌市中央区,北海道,0600005,2024-12-01
16,木村太郎,木村太郎16@example.com,090-1592-3588,福岡県福岡市博多区博多駅前1丁目29番3号,福岡市博多区,福岡県,8120001,2024-12-12
17,後藤慎一,後藤慎一17@icloud.com,090-5668-7831,福岡県福岡市博多区博多駅前1丁目14番5号,福岡市博多区,福岡県,8120015,2023-09-01
18,近藤美穂,近藤美穂18@outlook.com,090-5745-3862,兵庫県神戸市中央区三宮町2丁目30番1号,神戸市中央区,兵庫県,6500018,2023-09-12
19,松本さくら,松本さくら19@icloud.com,090-6481-4923,愛知県名古屋市西区名駅8丁目6番8号,名古屋市西区,愛知県,4510032,2023-10-30
20,鈴木麻美,鈴木麻美20@gmail.com,090-9380-4268,神奈川県横浜市西区みなとみらい9丁目10番10号,横浜市西区,神奈川県,2200023,2023-06-01
21,吉田健一,吉田健一21@gmail.com,090-6364-3775,東京都千代田区丸の内7丁目3番2号,千代田区,東京都,1000014,2023-05-09
22,高橋達也,高橋達也22@icloud.com,090-5608-8849,愛知県名古屋市西区名駅9丁目6番9号,名古屋市西区,愛知県,4510031,2024-06-24
23,加藤由美,加藤由美23@gmail.com,090-8325-4018,大阪府大阪市北区梅田6丁目26番2号,大阪市北区,大阪府,5300021,2023-08-26
24,池田美咲,池田美咲24@gmail.com,090-6025-7942,神奈川県横浜市西区みなとみらい6丁目5番4号,横浜市西区,神奈川県,2200034,2023-10-01
25,岡田和也,岡田和也25@yahoo.co.jp,090-3741-4180,愛知県名古屋市中区錦3丁目26番5号,名古屋市中区,愛知県,4600002,2023-01-14
26,岡田太郎,岡田太郎26@yahoo.co.jp,090-5993-8758,東京都新宿区新宿1丁目10番10号,新宿区,東京都,1600009,2024-03-10
27,井上拓也,井上拓也27@icloud.com,090-9913-1929,大阪府大阪市中央区本町1丁目24番10号,大阪市中央区,大阪府,5410031,2024-05-29
28,坂本智子,坂本智子28@outlook.com,090-4217-2211,東京都渋谷区渋谷9丁目11番5号,渋谷区,東京都,1500017,2024-01-17
29,小林大輔,小林大輔29@example.com,090-3917-4709,大阪府大阪市中央区本町8丁目25番7号,大阪市中央区,大阪府,5410041,2023-08-04
30,渡辺誠,渡辺誠30@example.com,090-5728-2421,千葉県千葉市美浜区美浜7丁目14番1号,千葉市美浜区,千葉県,2610023,2023-02-03
31,池田花子,池田花子31@example.com,090-4440-5215,東京都新宿区新宿7丁目21番3号,新宿区,東京都,1600013,2023-03-25
32,山田慎一,山田慎一32@gmail.com,090-7436-3307,東京都新宿区新宿2丁目18番4号,新宿区,東京都,1600005,2024-12-29
33,渡辺拓也,渡辺拓也33@yahoo.co.jp,090-5966-4896,千葉県千葉市中央区中央1丁目4番6号,千葉市中央区,千葉県,2600002,2024-06-05
34,高橋直樹,高橋直樹34@outlook.com,090-8847-9727,千葉県千葉市美浜区美浜10丁目17番6号,千葉市美浜区,千葉県,2610012,2024-12-04
35,石川花子,石川花子35@yahoo.co.jp,090-1490-7374,神奈川県横浜市中区本町7丁目10番6号,横浜市中区,神奈川県,2310005,2023-04-07
36,藤原大輔,藤原大輔36@outlook.com,090-3523-5684,埼玉県さいたま市浦和区高砂10丁目2番9号,さいたま市浦和区,埼玉県,3300017,2023-10-08
37,藤原次郎,藤原次郎37@gmail.com,090-5660-2287,東京都千代田区丸の内3丁目8番5号,千代田区,東京都,1000017,2024-10-30
38,伊藤正,伊藤正38@gmail.com,090-7049-8171,千葉県千葉市美浜区美浜8丁目20番5号,千葉市美浜区,千葉県,2610007,2024-01-23
39,近藤香織,近藤香織39@gmail.com,090-2085-7003,埼玉県さいたま市大宮区大宮1丁目20番3号,さいたま市大宮区,埼玉県,3300024,2024-08-27
40,木村健一,木村健一40@icloud.com,090-1424-4195,福岡県福岡市博多区博多駅前10丁目1番5号,福岡市博多区,福岡県,8120013,2024-11-23
41,青木麻美,青木麻美41@gmail.com,090-5018-5627,京都府京都市下京区四条通3丁目25番6号,京都市下京区,京都府,6000014,2023-10-11
42,岡田恵子,岡田恵子42@yahoo.co.jp,090-3720-7318,兵庫県神戸市灘区灘南通9丁目9番7号,神戸市灘区,兵庫県,6570019,2024-08-13
43,小林花子,小林花子43@outlook.com,090-5012-4657,大阪府大阪市中央区本町9丁目3番10号,大阪市中央区,大阪府,5410007,2024-03-08
44,鈴木翔太,鈴木翔太44@yahoo.co.jp,090-8578-7060,大阪府大阪市北区梅田10丁目16番10号,大阪市北区,大阪府,5300015,2023-01-20
45,近藤麻美,近藤麻美45@example.com,090-2911-3894,神奈川県横浜市西区みなとみらい5丁目1番4号,横浜市西区,神奈川県,2200015,2023-04-30
46,森田達也,森田達也46@icloud.com,090-5221-2341,北海道札幌市中央区北1条西1丁目3番8号,札幌市中央区,北海道,0600022,2023-01-12
47,渡辺美香,渡辺美香47@gmail.com,090-4744-9449,大阪府大阪市中央区本町9丁目26番1号,大阪市中央区,大阪府,5410038,2023-02-01
48,石川三郎,石川三郎48@icloud.com,090-8432-6627,福岡県福岡市中央区天神7丁目13番10号,福岡市中央区,福岡県,8100033,2023-02-11
49,橋本大輔,橋本大輔49@example.com,090-9761-5952,千葉県千葉市美浜区美浜7丁目6番3号,千葉市美浜区,千葉県,2610013,2024-11-04
50,渡辺誠,渡辺誠50@icloud.com,090-2810-6300,兵庫県神戸市中央区三宮町1丁目22番1号,神戸市中央区,兵庫県,6500033,2023-10-10
51,藤井智子,藤井智子51@outlook.com,090-4972-8752,北海道札幌市北区北6条西9丁目11番4号,札幌市北区,北海道,0600006,2024-11-23
52,斎藤正,斎藤正52@example.com,090-3653-5031,福岡県福岡市博多区博多駅前5丁目30番7号,福岡市博多区,福岡県,8120018,2024-07-15
53,森田次郎,森田次郎53@example.com,090-8927-7078,埼玉県さいたま市浦和区高砂3丁目6番7号,さいたま市浦和区,埼玉県,3300003,2023-07-07
54,木村千佳,木村千佳54@example.com,090-8908-9528,神奈川県横浜市中区本町1丁目28番1号,横浜市中区,神奈川県,2310030,2023-06-23
55,加藤剛,加藤剛55@example.com,090-5881-8913,千葉県千葉市中央区中央4丁目15番6号,千葉市中央区,千葉県,2600025,2024-08-14
56,伊藤真由美,伊藤真由美56@yahoo.co.jp,090-5959-2305,愛知県名古屋市中区錦2丁目12番8号,名古屋市中区,愛知県,4600005,2024-07-07
57,山田慎一,山田慎一57@example.com,090-5933-9892,埼玉県さいたま市浦和区高砂2丁目12番10号,さいたま市浦和区,埼玉県,3300015,2023-03-11
58,鈴木愛,鈴木愛58@example.com,090-1316-4684,千葉県千葉市美浜区美浜8丁目10番7号,千葉市美浜区,千葉県,2610021,2024-10-13
59,井上拓也,井上拓也59@yahoo.co.jp,090-1675-4152,埼玉県さいたま市大宮区大宮6丁目10番5号,さいたま市大宮区,埼玉県,3300026,2024-04-05
60,林美咲,林美咲60@icloud.com,090-1372-3231,北海道札幌市中央区北1条西10丁目1番8号,札幌市中央区,北海道,0600002,2024-01-23
61,前田翔太,前田翔太61@example.com,090-3525-5351,福岡県福岡市博多区博多駅前8丁目29番6号,福岡市博多区,福岡県,8120016,2023-02-12
62,藤井和也,藤井和也62@example.com,090-4551-6252,北海道札幌市中央区北1条西1丁目16番6号,札幌市中央区,北海道,0600021,2024-01-03
63,松本三郎,松本三郎63@yahoo.co.jp,090-8614-6077,神奈川県横浜市中区本町9丁目6番3号,横浜市中区,神奈川県,2310011,2023-01-08
64,遠藤剛,遠藤剛64@outlook.com,090-5144-8934,東京都渋谷区渋谷2丁目3番4号,渋谷区,東京都,1500025,2023-10-25
65,坂本さくら,坂本さくら65@example.com,090-7618-9784,東京都千代田区丸の内5丁目23番4号,千代田区,東京都,1000007,2024-12-16
66,近藤翔太,近藤翔太66@outlook.com,090-9425-4603,埼玉県さいたま市大宮区大宮9丁目15番9号,さいたま市大宮区,埼玉県,3300030,2023-12-14
67,渡辺美穂,渡辺美穂67@icloud.com,090-5034-8302,北海道札幌市中央区北1条西9丁目4番8号,札幌市中央区,北海道,0600017,2023-07-08
68,渡辺さくら,渡辺さくら68@icloud.com,090-8661-7804,福岡県福岡市中央区天神7丁目16番10号,福岡市中央区,福岡県,8100039,2023-10-12
69,青木正,青木正69@gmail.com,090-4987-8075,千葉県千葉市中央区中央6丁目15番9号,千葉市中央区,千葉県,2600017,2024-01-05
70,鈴木健太,鈴木健太70@yahoo.co.jp,090-2092-6646,北海道札幌市北区北6条西7丁目15番7号,札幌市北区,北海道,0600036,2024-08-03
71,小林翔太,小林翔太71@icloud.com,090-8373-3234,北海道札幌市北区北6条西3丁目27番10号,札幌市北区,北海道,0600007,2023-08-10
72,橋本正,橋本正72@example.com,090-1138-5340,大阪府大阪市中央区本町5丁目3番4号,大阪市中央区,大阪府,5410013,2024-06-08
73,渡辺和也,渡辺和也73@outlook.com,090-9912-7133,北海道札幌市中央区北1条西3丁目23番6号,札幌市中央区,北海道,0600039,2023-08-27
74,森田さくら,森田さくら74@example.com,090-8867-4000,埼玉県さいたま市大宮区大宮10丁目3番8号,さいたま市大宮区,埼玉県,3300020,2024-02-18
75,小林雄一,小林雄一75@gmail.com,090-6064-3979,愛知県名古屋市西区名駅2丁目15番8号,名古屋市西区,愛知県,4510023,2024-06-20
76,遠藤香織,遠藤香織76@icloud.com,090-1682-9422,千葉県千葉市中央区中央2丁目29番6号,千葉市中央区,千葉県,2600023,2023-03-27
77,後藤千佳,後藤千佳77@icloud.com,090-4277-5865,東京都新宿区新宿4丁目10番5号,新宿区,東京都,1600014,2024-03-24
78,山本雄一,山本雄一78@yahoo.co.jp,090-4940-4164,大阪府大阪市北区梅田8丁目18番10号,大阪市北区,大阪府,5300010,2023-09-01
79,井上健太,井上健太79@outlook.com,090-5216-8003,東京都新宿区新宿3丁目29番7号,新宿区,東京都,1600021,2024-11-10
80,吉田剛,吉田剛80@outlook.com,090-3669-4947,福岡県福岡市博多区博多駅前3丁目3番6号,福岡市博多区,福岡県,8120016,2023-01-31
81,森田美香,森田美香81@example.com,090-7894-7046,神奈川県横浜市中区本町7丁目12番1号,横浜市中区,神奈川県,2310035,2024-07-17
82,青木恵子,青木恵子82@example.com,090-9708-7295,千葉県千葉市中央区中央3丁目5番8号,千葉市中央区,千葉県,2600002,2024-11-19
83,吉田由美子,吉田由美子83@example.com,090-5786-3942,愛知県名古屋市中区錦3丁目25番1号,名古屋市中区,愛知県,4600005,2024-03-19
84,藤井千佳,藤井千佳84@gmail.com,090-3098-7200,東京都新宿区新宿4丁目7番3号,新宿区,東京都,1600002,2023-11-13
85,池田一郎,池田一郎85@icloud.com,090-1071-9547,北海道札幌市北区北6条西8丁目16番9号,札幌市北区,北海道,0600013,2024-01-11
86,井上健太,井上健太86@outlook.com,090-4146-4645,埼玉県さいたま市大宮区大宮10丁目8番7号,さいたま市大宮区,埼玉県,3300023,2024-07-03
87,佐藤雄一,佐藤雄一87@gmail.com,090-2141-9228,京都府京都市下京区四条通7丁目4番9号,京都市下京区,京都府,6000020,2023-04-09
88,吉田真由美,吉田真由美88@example.com,090-2674-5601,北海道札幌市北区北6条西6丁目29番2号,札幌市北区,北海道,0600035,2024-01-08
89,長谷川真由美,長谷川真由美89@outlook.com,090-4030-1236,千葉県千葉市美浜区美浜6丁目22番8号,千葉市美浜区,千葉県,2610001,2023-05-19
90,伊藤健一,伊藤健一90@yahoo.co.jp,090-6640-2059,大阪府大阪市中央区本町6丁目29番4号,大阪市中央区,大阪府,5410027,2023-11-03
91,木村美咲,木村美咲91@icloud.com,090-6075-6813,埼玉県さいたま市大宮区大宮5丁目9番8号,さいたま市大宮区,埼玉県,3300037,2023-10-07
92,伊藤和也,伊藤和也92@yahoo.co.jp,090-7590-8519,埼玉県さいたま市大宮区大宮8丁目27番5号,さいたま市大宮区,埼玉県,3300030,2023-09-07
93,近藤麻美,近藤麻美93@example.com,090-5357-2547,兵庫県神戸市灘区灘南通8丁目6番2号,神戸市灘区,兵庫県,6570034,2024-08-09
94,藤井誠,藤井誠94@gmail.com,090-2504-6822,大阪府大阪市中央区本町7丁目4番3号,大阪市中央区,大阪府,5410012,2024-08-18
95,松本さくら,松本さくら95@outlook.com,090-5956-8056,東京都千代田区丸の内6丁目10番7号,千代田区,東京都,1000016,2024-09-01
96,加藤由美子,加藤由美子96@gmail.com,090-3285-1210,京都府京都市中京区烏丸通5丁目26番4号,京都市中京区,京都府,6040006,2023-02-15
97,後藤雄一,後藤雄一97@icloud.com,090-4375-2572,北海道札幌市北区北6条西1丁目6番7号,札幌市北区,北海道,0600003,2024-10-20
98,井上香織,井上香織98@outlook.com,090-1834-1360,兵庫県神戸市中央区三宮町1丁目29番5号,神戸市中央区,兵庫県,6500003,2024-01-12
99,石川一郎,石川一郎99@outlook.com,090-7851-1962,千葉県千葉市中央区中央9丁目3番8号,千葉市中央区,千葉県,2600019,2023-07-20
100,長谷川亮,長谷川亮100@yahoo.co.jp,090-3929-4772,福岡県福岡市博多区博多駅前2丁目9番7号,福岡市博多区,福岡県,8120005,2024-06-27
101,吉田千佳,吉田千佳101@icloud.com,090-3863-7439,神奈川県横浜市中区本町9丁目26番2号,横浜市中区,神奈川県,2310028,2024-06-29
102,井上誠,井上誠102@icloud.com,090-1794-9249,愛知県名古屋市西区名駅4丁目30番5号,名古屋市西区,愛知県,4510039,2024-05-12
103,吉田誠,吉田誠103@yahoo.co.jp,090-3989-7296,北海道札幌市中央区北1条西7丁目19番10号,札幌市中央区,北海道,0600040,2023-02-14
104,青木拓也,青木拓也104@gmail.com,090-2997-7262,埼玉県さいたま市大宮区大宮2丁目16番2号,さいたま市大宮区,埼玉県,3300022,2023-05-16
105,佐藤真由美,佐藤真由美105@yahoo.co.jp,090-7406-6417,東京都千代田区丸の内1丁目30番3号,千代田区,東京都,1000005,2023-04-18
106,石川健太,石川健太106@gmail.com,090-6115-9585,兵庫県神戸市灘区灘南通5丁目6番6号,神戸市灘区,兵庫県,6570022,2023-06-19
107,坂本花子,坂本花子107@example.com,090-9632-8800,東京都新宿区新宿2丁目7番8号,新宿区,東京都,1600009,2024-01-08
108,斎藤香織,斎藤香織108@icloud.com,090-6062-3257,埼玉県さいたま市浦和区高砂2丁目9番5号,さいたま市浦和区,埼玉県,3300035,2024-08-31
109,加藤美咲,加藤美咲109@icloud.com,090-5531-7195,愛知県名古屋市西区名駅5丁目7番3号,名古屋市西区,愛知県,4510006,2023-07-26
110,森田直樹,森田直樹110@icloud.com,090-8373-9965,東京都新宿区新宿4丁目17番8号,新宿区,東京都,1600004,2023-11-02
111,岡田由美,岡田由美111@icloud.com,090-8898-5483,京都府京都市下京区四条通2丁目18番7号,京都市下京区,京都府,6000035,2024-05-28
112,木村雄一,木村雄一112@icloud.com,090-4181-7514,埼玉県さいたま市浦和区高砂3丁目21番4号,さいたま市浦和区,埼玉県,3300040,2024-12-15
113,坂本美穂,坂本美穂113@icloud.com,090-7896-3663,神奈川県横浜市中区本町9丁目15番1号,横浜市中区,神奈川県,2310015,2024-02-04
114,佐藤智子,佐藤智子114@gmail.com,090-8837-6699,福岡県福岡市博多区博多駅前1丁目28番2号,福岡市博多区,福岡県,8120014,2023-11-05
115,斎藤健太,斎藤健太115@outlook.com,090-4989-1781,大阪府大阪市中央区本町9丁目22番9号,大阪市中央区,大阪府,5410034,2023-10-29
116,池田真由美,池田真由美116@gmail.com,090-9803-2838,北海道札幌市北区北6条西5丁目22番5号,札幌市北区,北海道,0600036,2024-12-04
117,前田太郎,前田太郎117@gmail.com,090-3165-8876,千葉県千葉市中央区中央5丁目14番10号,千葉市中央区,千葉県,2600016,2024-03-09
118,斎藤和也,斎藤和也118@yahoo.co.jp,090-4437-7551,愛知県名古屋市中区錦2丁目23番9号,名古屋市中区,愛知県,4600007,2024-08-02
119,松本美穂,松本美穂119@gmail.com,090-6935-5815,東京都千代田区丸の内6丁目29番1号,千代田区,東京都,1000010,2024-09-14
120,池田和也,池田和也120@example.com,090-8089-2778,東京都渋谷区渋谷4丁目6番5号,渋谷区,東京都,1500028,2023-10-13
121,斎藤真由美,斎藤真由美121@example.com,090-8576-2494,北海道札幌市北区北6条西4丁目28番5号,札幌市北区,北海道,0600014,2023-11-25
122,伊藤拓也,伊藤拓也122@example.com,090-7516-3890,京都府京都市中京区烏丸通3丁目11番5号,京都市中京区,京都府,6040034,2023-07-09
123,木村美穂,木村美穂123@gmail.com,090-7005-4607,埼玉県さいたま市大宮区大宮3丁目4番5号,さいたま市大宮区,埼玉県,3300038,2024-04-05
124,田中智子,田中智子124@gmail.com,090-7672-5367,大阪府大阪市北区梅田7丁目18番9号,大阪市北区,大阪府,5300002,2023-12-07
125,森田太郎,森田太郎125@yahoo.co.jp,090-1971-7818,福岡県福岡市中央区天神1丁目11番3号,福岡市中央区,福岡県,8100024,2024-02-11
126,斎藤直樹,斎藤直樹126@example.com,090-5930-3971,神奈川県横浜市中区本町10丁目10番10号,横浜市中区,神奈川県,2310010,2024-10-09
127,田中千佳,田中千佳127@yahoo.co.jp,090-3871-8730,千葉県千葉市中央区中央3丁目22番3号,千葉市中央区,千葉県,2600015,2024-10-03
128,鈴木健太,鈴木健太128@gmail.com,090-1488-5394,愛知県名古屋市西区名駅4丁目10番5号,名古屋市西区,愛知県,4510027,2024-01-26
129,斎藤美香,斎藤美香129@example.com,090-6963-3196,千葉県千葉市中央区中央3丁目11番9号,千葉市中央区,千葉県,2600002,2023-09-15
130,森田一郎,森田一郎130@icloud.com,090-4681-6396,福岡県福岡市博多区博多駅前9丁目5番3号,福岡市博多区,福岡県,8120004,2024-11-25
131,村上智子,村上智子131@icloud.com,090-8518-1359,神奈川県横浜市中区本町10丁目11番4号,横浜市中区,神奈川県,2310016,2023-12-14
132,橋本愛,橋本愛132@example.com,090-2435-7437,北海道札幌市中央区北1条西7丁目25番2号,札幌市中央区,北海道,0600002,2023-12-23
133,近藤麻衣,近藤麻衣133@icloud.com,090-2019-3801,東京都新宿区新宿2丁目28番9号,新宿区,東京都,1600010,2023-01-26
134,藤井誠,藤井誠134@icloud.com,090-6281-6548,兵庫県神戸市中央区三宮町1丁目24番2号,神戸市中央区,兵庫県,6500040,2023-10-16
135,坂本麻美,坂本麻美135@yahoo.co.jp,090-3076-1440,京都府京都市下京区四条通2丁目13番4号,京都市下京区,京都府,6000032,2024-05-17
136,後藤智子,後藤智子136@icloud.com,090-5815-2977,埼玉県さいたま市大宮区大宮1丁目19番3号,さいたま市大宮区,埼玉県,3300019,2024-01-18
137,村上麻美,村上麻美137@gmail.com,090-8096-9112,愛知県名古屋市西区名駅3丁目6番8号,名古屋市西区,愛知県,4510028,2023-02-17
138,渡辺和也,渡辺和也138@icloud.com,090-6335-4152,福岡県福岡市博多区博多駅前6丁目1番7号,福岡市博多区,福岡県,8120016,2024-06-11
139,井上亮,井上亮139@icloud.com,090-5939-4411,千葉県千葉市美浜区美浜4丁目6番3号,千葉市美浜区,千葉県,2610018,2024-03-29
140,山田美穂,山田美穂140@example.com,090-1124-9614,北海道札幌市北区北6条西6丁目19番3号,札幌市北区,北海道,0600018,2024-09-14
141,中村花子,中村花子141@outlook.com,090-1298-9711,東京都新宿区新宿1丁目17番4号,新宿区,東京都,1600008,2024-12-24
142,佐藤慎一,佐藤慎一142@yahoo.co.jp,090-8574-1026,福岡県福岡市中央区天神1丁目22番6号,福岡市中央区,福岡県,8100036,2024-02-26
143,藤井優子,藤井優子143@icloud.com,090-5678-6657,神奈川県横浜市中区本町1丁目4番5号,横浜市中区,神奈川県,2310017,2023-06-25
144,松本一郎,松本一郎144@gmail.com,090-4704-3320,福岡県福岡市博多区博多駅前7丁目16番3号,福岡市博多区,福岡県,8120003,2024-08-08
145,遠藤一郎,遠藤一郎145@icloud.com,090-2335-3780,神奈川県横浜市西区みなとみらい7丁目16番10号,横浜市西区,神奈川県,2200006,2023-08-29
146,村上麻美,村上麻美146@gmail.com,090-8231-1400,北海道札幌市北区北6条西10丁目17番5号,札幌市北区,北海道,0600031,2023-04-26
147,加藤大輔,加藤大輔147@example.com,090-6376-2067,愛知県名古屋市中区錦2丁目12番1号,名古屋市中区,愛知県,4600005,2023-08-08
148,吉田美香,吉田美香148@icloud.com,090-8347-3994,京都府京都市下京区四条通7丁目27番8号,京都市下京区,京都府,6000020,2023-04-16
149,長谷川一郎,長谷川一郎149@icloud.com,090-6729-5654,福岡県福岡市中央区天神4丁目16番2号,福岡市中央区,福岡県,8100007,2023-09-16
150,渡辺健太,渡辺健太150@outlook.com,090-7180-3272,大阪府大阪市中央区本町1丁目26番3号,大阪市中央区,大阪府,5410004,2024-08-14
151,橋本美香,橋本美香151@yahoo.co.jp,090-4726-5978,千葉県千葉市中央区中央3丁目14番2号,千葉市中央区,千葉県,2600010,2023-10-28
152,近藤拓也,近藤拓也152@outlook.com,090-5624-7053,兵庫県神戸市灘区灘南通8丁目16番10号,神戸市灘区,兵庫県,6570008,2023-03-17
153,長谷川麻衣,長谷川麻衣153@icloud.com,090-4279-2416,京都府京都市中京区烏丸通2丁目21番2号,京都市中京区,京都府,6040002,2023-01-27
154,藤井三郎,藤井三郎154@gmail.com,090-5260-7785,兵庫県神戸市灘区灘南通10丁目18番6号,神戸市灘区,兵庫県,6570037,2024-03-10
155,木村亮,木村亮155@icloud.com,090-4404-8269,千葉県千葉市美浜区美浜8丁目9番7号,千葉市美浜区,千葉県,2610001,2024-03-12
156,池田達也,池田達也156@example.com,090-9767-7798,兵庫県神戸市灘区灘南通4丁目21番1号,神戸市灘区,兵庫県,6570018,2024-08-08
157,藤井達也,藤井達也157@yahoo.co.jp,090-6859-3489,福岡県福岡市博多区博多駅前3丁目24番9号,福岡市博多区,福岡県,8120006,2024-04-01
158,藤井直樹,藤井直樹158@yahoo.co.jp,090-1269-1486,神奈川県横浜市中区本町4丁目11番3号,横浜市中区,神奈川県,2310023,2023-04-03
159,林健太,林健太159@gmail.com,090-7855-6398,京都府京都市下京区四条通1丁目3番2号,京都市下京区,京都府,6000030,2023-01-06
160,長谷川優子,長谷川優子160@icloud.com,090-5002-9470,愛知県名古屋市西区名駅4丁目1番8号,名古屋市西区,愛知県,4510040,2024-01-24
161,小林正,小林正161@outlook.com,090-7544-3857,兵庫県神戸市灘区灘南通9丁目16番9号,神戸市灘区,兵庫県,6570023,2023-08-06
162,木村優子,木村優子162@yahoo.co.jp,090-8863-1561,千葉県千葉市中央区中央1丁目15番1号,千葉市中央区,千葉県,2600032,2024-05-04
163,田中拓也,田中拓也163@example.com,090-4317-7766,千葉県千葉市中央区中央5丁目15番8号,千葉市中央区,千葉県,2600040,2023-01-27
164,青木和也,青木和也164@icloud.com,090-5665-4551,神奈川県横浜市中区本町6丁目27番3号,横浜市中区,神奈川県,2310014,2023-05-25
165,中村美穂,中村美穂165@outlook.com,090-8585-9019,京都府京都市中京区烏丸通2丁目3番7号,京都市中京区,京都府,6040025,2024-02-12
166,佐藤次郎,佐藤次郎166@icloud.com,090-2215-9088,福岡県福岡市博多区博多駅前7丁目29番6号,福岡市博多区,福岡県,8120006,2024-08-18
167,松本達也,松本達也167@icloud.com,090-1199-6356,東京都新宿区新宿10丁目12番5号,新宿区,東京都,1600016,2024-11-24
168,林美咲,林美咲168@outlook.com,090-7956-6297,東京都渋谷区渋谷1丁目30番7号,渋谷区,東京都,1500034,2024-09-19
169,小林麻美,小林麻美169@outlook.com,090-7219-4019,福岡県福岡市博多区博多駅前4丁目7番9号,福岡市博多区,福岡県,8120018,2024-06-08
170,山本麻美,山本麻美170@example.com,090-3869-9365,大阪府大阪市北区梅田6丁目27番9号,大阪市北区,大阪府,5300017,2023-10-03
171,石川雄一,石川雄一171@outlook.com,090-2509-4968,北海道札幌市北区北6条西10丁目4番4号,札幌市北区,北海道,0600017,2023-01-16
172,岡田達也,岡田達也172@gmail.com,090-8573-3845,神奈川県横浜市西区みなとみらい6丁目6番3号,横浜市西区,神奈川県,2200020,2023-06-27
173,石川真由美,石川真由美173@yahoo.co.jp,090-5908-6771,東京都新宿区新宿8丁目18番8号,新宿区,東京都,1600013,2023-08-03
174,橋本由美子,橋本由美子174@example.com,090-6998-5010,埼玉県さいたま市浦和区高砂6丁目23番1号,さいたま市浦和区,埼玉県,3300001,2023-06-03
175,山田剛,山田剛175@gmail.com,090-9135-6891,東京都渋谷区渋谷4丁目4番6号,渋谷区,東京都,1500015,2024-03-17
176,遠藤由美,遠藤由美176@gmail.com,090-9238-4196,福岡県福岡市中央区天神2丁目16番9号,福岡市中央区,福岡県,8100039,2024-05-11
177,佐藤次郎,佐藤次郎177@yahoo.co.jp,090-2820-7305,京都府京都市下京区四条通10丁目16番2号,京都市下京区,京都府,6000021,2023-01-07
178,木村由美子,木村由美子178@icloud.com,090-4155-7610,東京都新宿区新宿10丁目30番5号,新宿区,東京都,1600014,2023-10-08
179,小林千佳,小林千佳179@yahoo.co.jp,090-6508-8931,北海道札幌市中央区北1条西2丁目15番4号,札幌市中央区,北海道,0600012,2024-07-20
180,井上さくら,井上さくら180@gmail.com,090-1959-9465,北海道札幌市中央区北1条西1丁目19番5号,札幌市中央区,北海道,0600029,2023-08-14
181,吉田美咲,吉田美咲181@gmail.com,090-5339-2998,兵庫県神戸市灘区灘南通8丁目8番10号,神戸市灘区,兵庫県,6570033,2023-02-07
182,中村次郎,中村次郎182@outlook.com,090-6558-4146,北海道札幌市中央区北1条西4丁目15番8号,札幌市中央区,北海道,0600022,2023-09-10
183,遠藤誠,遠藤誠183@yahoo.co.jp,090-4824-6237,神奈川県横浜市中区本町2丁目26番5号,横浜市中区,神奈川県,2310019,2023-02-02
184,中村美咲,中村美咲184@gmail.com,090-6855-5946,福岡県福岡市博多区博多駅前9丁目28番2号,福岡市博多区,福岡県,8120003,2023-01-09
185,森田太郎,森田太郎185@yahoo.co.jp,090-6317-6460,北海道札幌市北区北6条西9丁目30番4号,札幌市北区,北海道,0600040,2024-04-06
186,小林麻衣,小林麻衣186@yahoo.co.jp,090-5894-8952,千葉県千葉市中央区中央3丁目1番10号,千葉市中央区,千葉県,2600026,2023-09-05
187,藤原達也,藤原達也187@example.com,090-8358-2777,千葉県千葉市中央区中央1丁目7番6号,千葉市中央区,千葉県,2600008,2024-07-24
188,石川慎一,石川慎一188@example.com,090-3513-1397,兵庫県神戸市灘区灘南通4丁目16番8号,神戸市灘区,兵庫県,6570036,2023-06-18
189,林健一,林健一189@gmail.com,090-4955-2152,福岡県福岡市中央区天神5丁目29番6号,福岡市中央区,福岡県,8100026,2023-11-03
190,坂本智子,坂本智子190@yahoo.co.jp,090-2900-7608,東京都千代田区丸の内1丁目22番1号,千代田区,東京都,1000017,2024-08-09
191,渡辺優子,渡辺優子191@outlook.com,090-7052-4409,福岡県福岡市博多区博多駅前7丁目3番3号,福岡市博多区,福岡県,8120016,2023-03-29
192,吉田美香,吉田美香192@icloud.com,090-1934-2859,東京都新宿区新宿8丁目12番7号,新宿区,東京都,1600013,2024-01-13
193,後藤美穂,後藤美穂193@gmail.com,090-8647-6030,埼玉県さいたま市浦和区高砂7丁目9番4号,さいたま市浦和区,埼玉県,3300022,2024-01-16
194,青木和也,青木和也194@outlook.com,090-5433-9618,福岡県福岡市博多区博多駅前5丁目5番8号,福岡市博多区,福岡県,8120001,2024-07-13
195,渡辺麻衣,渡辺麻衣195@outlook.com,090-7336-5124,埼玉県さいたま市浦和区高砂9丁目14番7号,さいたま市浦和区,埼玉県,3300029,2024-01-19
196,長谷川一郎,長谷川一郎196@yahoo.co.jp,090-4415-7512,東京都渋谷区渋谷10丁目20番4号,渋谷区,東京都,1500020,2023-11-23
197,佐藤拓也,佐藤拓也197@icloud.com,090-6170-2291,北海道札幌市中央区北1条西9丁目9番10号,札幌市中央区,北海道,0600010,2023-04-21
198,山田大輔,山田大輔198@yahoo.co.jp,090-1346-4073,兵庫県神戸市灘区灘南通1丁目19番8号,神戸市灘区,兵庫県,6570008,2024-04-11
199,田中慎一,田中慎一199@gmail.com,090-8837-8481,東京都新宿区新宿5丁目7番7号,新宿区,東京都,1600017,2023-07-06
200,石川美香,石川美香200@outlook.com,090-6061-1191,千葉県千葉市中央区中央6丁目9番4号,千葉市中央区,千葉県,2600033,2024-08-10
201,鈴木拓也,鈴木拓也201@gmail.com,090-3340-5369,東京都千代田区丸の内3丁目23番1号,千代田区,東京都,1000015,2024-03-25
202,渡辺雄一,渡辺雄一202@icloud.com,090-1060-5633,北海道札幌市北区北6条西10丁目25番5号,札幌市北区,北海道,0600031,2024-04-06
203,岡田慎一,岡田慎一203@icloud.com,090-4245-4210,神奈川県横浜市西区みなとみらい7丁目15番8号,横浜市西区,神奈川県,2200004,2023-02-06
204,伊藤一郎,伊藤一郎204@icloud.com,090-4483-1472,京都府京都市中京区烏丸通10丁目8番1号,京都市中京区,京都府,6040017,2023-09-12
205,長谷川美咲,長谷川美咲205@example.com,090-4431-3174,埼玉県さいたま市浦和区高砂6丁目4番10号,さいたま市浦和区,埼玉県,3300031,2023-06-11
206,村上慎一,村上慎一206@gmail.com,090-9785-9141,埼玉県さいたま市大宮区大宮9丁目6番2号,さいたま市大宮区,埼玉県,3300015,2023-07-21
207,山田美咲,山田美咲207@outlook.com,090-4671-3090,福岡県福岡市博多区博多駅前3丁目11番5号,福岡市博多区,福岡県,8120008,2024-06-23
208,林優子,林優子208@gmail.com,090-6678-3495,千葉県千葉市中央区中央1丁目11番6号,千葉市中央区,千葉県,2600006,2023-05-12
209,森田麻美,森田麻美209@yahoo.co.jp,090-1915-5169,兵庫県神戸市灘区灘南通8丁目9番8号,神戸市灘区,兵庫県,6570040,2023-12-19
210,佐藤優子,佐藤優子210@example.com,090-5685-2496,京都府京都市下京区四条通2丁目12番3号,京都市下京区,京都府,6000012,2024-12-30
211,岡田太郎,岡田太郎211@icloud.com,090-3755-1327,京都府京都市下京区四条通4丁目2番3号,京都市下京区,京都府,6000019,2023-04-30
212,石川由美,石川由美212@gmail.com,090-6138-9981,京都府京都市下京区四条通6丁目19番10号,京都市下京区,京都府,6000040,2024-11-24
213,長谷川一郎,長谷川一郎213@example.com,090-1974-5920,兵庫県神戸市中央区三宮町3丁目30番1号,神戸市中央区,兵庫県,6500009,2023-10-29
214,吉田達也,吉田達也214@yahoo.co.jp,090-5656-1326,愛知県名古屋市西区名駅9丁目17番5号,名古屋市西区,愛知県,4510027,2023-06-13
215,石川達也,石川達也215@outlook.com,090-9845-8228,福岡県福岡市博多区博多駅前1丁目9番4号,福岡市博多区,福岡県,8120014,2023-09-08
216,鈴木恵子,鈴木恵子216@gmail.com,090-5695-4891,東京都渋谷区渋谷9丁目13番5号,渋谷区,東京都,1500003,2024-11-21
217,木村和也,木村和也217@icloud.com,090-8801-1305,神奈川県横浜市西区みなとみらい10丁目1番5号,横浜市西区,神奈川県,2200007,2023-12-21
218,池田由美,池田由美218@yahoo.co.jp,090-5122-5092,大阪府大阪市北区梅田3丁目9番6号,大阪市北区,大阪府,5300011,2024-11-04
219,前田和也,前田和也219@gmail.com,090-6719-6380,愛知県名古屋市西区名駅9丁目24番6号,名古屋市西区,愛知県,4510004,2024-04-25
220,藤原麻美,藤原麻美220@gmail.com,090-6385-2693,北海道札幌市中央区北1条西6丁目10番8号,札幌市中央区,北海道,0600028,2023-02-11
221,林由美,林由美221@icloud.com,090-5527-7586,埼玉県さいたま市浦和区高砂4丁目23番6号,さいたま市浦和区,埼玉県,3300032,2023-08-30
222,斎藤香織,斎藤香織222@gmail.com,090-9062-5598,兵庫県神戸市中央区三宮町6丁目18番8号,神戸市中央区,兵庫県,6500015,2024-10-14
223,中村由美,中村由美223@outlook.com,090-6015-1516,東京都千代田区丸の内4丁目15番8号,千代田区,東京都,1000016,2024-04-08
224,藤原誠,藤原誠224@icloud.com,090-4088-7420,兵庫県神戸市中央区三宮町9丁目25番2号,神戸市中央区,兵庫県,6500041,2024-07-01
225,渡辺真由美,渡辺真由美225@icloud.com,090-2258-9768,福岡県福岡市博多区博多駅前7丁目30番9号,福岡市博多区,福岡県,8120004,2023-05-15
226,斎藤和也,斎藤和也226@example.com,090-3209-4105,神奈川県横浜市中区本町1丁目20番3号,横浜市中区,神奈川県,2310010,2023-01-25
227,坂本一郎,坂本一郎227@example.com,090-1820-3822,神奈川県横浜市中区本町7丁目18番8号,横浜市中区,神奈川県,2310022,2024-12-14
228,長谷川愛,長谷川愛228@gmail.com,090-8305-4962,埼玉県さいたま市浦和区高砂1丁目25番2号,さいたま市浦和区,埼玉県,3300027,2023-10-14
229,林直樹,林直樹229@yahoo.co.jp,090-8648-8467,大阪府大阪市中央区本町10丁目30番3号,大阪市中央区,大阪府,5410005,2023-11-10
230,加藤直樹,加藤直樹230@example.com,090-8041-5350,京都府京都市下京区四条通10丁目6番9号,京都市下京区,京都府,6000014,2024-05-20
231,高橋美穂,高橋美穂231@example.com,090-1274-8124,東京都千代田区丸の内8丁目28番7号,千代田区,東京都,1000016,2024-09-29
232,佐藤大輔,佐藤大輔232@icloud.com,090-6245-4791,愛知県名古屋市西区名駅5丁目14番8号,名古屋市西区,愛知県,4510037,2023-12-02
233,森田さくら,森田さくら233@yahoo.co.jp,090-2318-2213,福岡県福岡市中央区天神3丁目14番3号,福岡市中央区,福岡県,8100018,2024-05-27
234,松本麻美,松本麻美234@yahoo.co.jp,090-8931-4348,東京都渋谷区渋谷5丁目8番1号,渋谷区,東京都,1500007,2023-03-20
235,藤原健一,藤原健一235@gmail.com,090-7738-9282,千葉県千葉市中央区中央5丁目12番6号,千葉市中央区,千葉県,2600015,2024-05-18
236,石川正,石川正236@gmail.com,090-5078-2247,東京都渋谷区渋谷5丁目29番3号,渋谷区,東京都,1500002,2023-02-26
237,後藤由美子,後藤由美子237@outlook.com,090-2305-7244,大阪府大阪市中央区本町5丁目19番3号,大阪市中央区,大阪府,5410038,2024-08-29
238,藤井優子,藤井優子238@yahoo.co.jp,090-7821-1999,愛知県名古屋市中区錦9丁目23番1号,名古屋市中区,愛知県,4600007,2024-04-25
239,後藤美咲,後藤美咲239@icloud.com,090-2076-2443,大阪府大阪市中央区本町2丁目18番9号,大阪市中央区,大阪府,5410011,2024-08-04
240,小林真由美,小林真由美240@yahoo.co.jp,090-7830-2690,埼玉県さいたま市浦和区高砂6丁目14番1号,さいたま市浦和区,埼玉県,3300004,2023-10-18
241,田中一郎,田中一郎241@outlook.com,090-3376-9639,京都府京都市下京区四条通1丁目12番2号,京都市下京区,京都府,6000021,2023-09-12
242,中村誠,中村誠242@gmail.com,090-4868-9936,愛知県名古屋市中区錦5丁目24番6号,名古屋市中区,愛知県,4600005,2023-05-22
243,藤原花子,藤原花子243@icloud.com,090-9686-8956,千葉県千葉市美浜区美浜1丁目7番5号,千葉市美浜区,千葉県,2610011,2024-06-29
244,橋本香織,橋本香織244@gmail.com,090-8385-6018,愛知県名古屋市中区錦2丁目1番2号,名古屋市中区,愛知県,4600005,2024-01-11
245,近藤亮,近藤亮245@example.com,090-8644-2072,神奈川県横浜市中区本町3丁目27番6号,横浜市中区,神奈川県,2310007,2023-10-09
246,加藤翔太,加藤翔太246@icloud.com,090-2146-8397,北海道札幌市北区北6条西8丁目2番4号,札幌市北区,北海道,0600039,2023-09-18
247,田中麻美,田中麻美247@icloud.com,090-6842-2075,埼玉県さいたま市大宮区大宮10丁目6番6号,さいたま市大宮区,埼玉県,3300012,2024-07-26
248,青木恵子,青木恵子248@gmail.com,090-6708-8743,東京都新宿区新宿6丁目5番7号,新宿区,東京都,1600020,2023-01-09
249,近藤慎一,近藤慎一249@yahoo.co.jp,090-8568-2703,北海道札幌市北区北6条西10丁目23番8号,札幌市北区,北海道,0600017,2024-05-19
250,森田智子,森田智子250@example.com,090-9101-9868,愛知県名古屋市中区錦7丁目17番7号,名古屋市中区,愛知県,4600001,2023-03-25
251,岡田美香,岡田美香251@yahoo.co.jp,090-2118-1641,兵庫県神戸市中央区三宮町3丁目30番6号,神戸市中央区,兵庫県,6500016,2024-02-23
252,遠藤亮,遠藤亮252@example.com,090-8487-5046,埼玉県さいたま市浦和区高砂2丁目9番4号,さいたま市浦和区,埼玉県,3300032,2024-04-11
253,佐藤翔太,佐藤翔太253@example.com,090-3388-4183,北海道札幌市北区北6条西8丁目16番5号,札幌市北区,北海道,0600018,2023-01-19
254,岡田達也,岡田達也254@yahoo.co.jp,090-4723-2036,埼玉県さいたま市大宮区大宮3丁目9番8号,さいたま市大宮区,埼玉県,3300005,2023-11-29
255,後藤正,後藤正255@outlook.com,090-7718-6569,愛知県名古屋市西区名駅9丁目23番6号,名古屋市西区,愛知県,4510001,2024-05-10
256,田中雄一,田中雄一256@example.com,090-1756-7099,京都府京都市中京区烏丸通9丁目22番9号,京都市中京区,京都府,6040009,2024-07-29
257,藤井美穂,藤井美穂257@icloud.com,090-6996-7144,東京都新宿区新宿7丁目8番9号,新宿区,東京都,1600015,2023-06-27
258,橋本達也,橋本達也258@gmail.com,090-5412-9705,兵庫県神戸市中央区三宮町4丁目1番10号,神戸市中央区,兵庫県,6500034,2023-01-05
259,渡辺麻衣,渡辺麻衣259@example.com,090-8054-4244,大阪府大阪市中央区本町10丁目1番7号,大阪市中央区,大阪府,5410015,2023-12-29
260,鈴木美咲,鈴木美咲260@icloud.com,090-9094-4841,東京都渋谷区渋谷9丁目12番2号,渋谷区,東京都,1500004,2023-07-22
261,木村三郎,木村三郎261@icloud.com,090-8900-4464,東京都新宿区新宿5丁目25番7号,新宿区,東京都,1600020,2023-03-08
262,村上花子,村上花子262@yahoo.co.jp,090-1612-9946,兵庫県神戸市灘区灘南通3丁目25番5号,神戸市灘区,兵庫県,6570017,2024-02-11
263,橋本達也,橋本達也263@icloud.com,090-6621-6935,北海道札幌市北区北6条西1丁目23番10号,札幌市北区,北海道,0600015,2024-08-23
264,村上恵子,村上恵子264@example.com,090-7181-5133,大阪府大阪市中央区本町8丁目29番1号,大阪市中央区,大阪府,5410030,2023-01-07
265,池田真由美,池田真由美265@example.com,090-3729-6257,福岡県福岡市博多区博多駅前6丁目20番2号,福岡市博多区,福岡県,8120001,2024-07-11
266,長谷川慎一,長谷川慎一266@outlook.com,090-8927-9567,北海道札幌市北区北6条西4丁目7番5号,札幌市北区,北海道,0600014,2024-11-10
267,渡辺健太,渡辺健太267@icloud.com,090-4193-9995,神奈川県横浜市西区みなとみらい10丁目29番1号,横浜市西区,神奈川県,2200027,2023-04-21
268,井上花子,井上花子268@icloud.com,090-6625-2687,東京都千代田区丸の内8丁目2番4号,千代田区,東京都,1000018,2024-09-17
269,橋本一郎,橋本一郎269@icloud.com,090-2985-3859,兵庫県神戸市灘区灘南通4丁目29番1号,神戸市灘区,兵庫県,6570018,2024-12-27
270,鈴木花子,鈴木花子270@gmail.com,090-6094-4084,北海道札幌市北区北6条西9丁目28番2号,札幌市北区,北海道,0600019,2023-06-30
271,松本誠,松本誠271@gmail.com,090-5900-1317,兵庫県神戸市灘区灘南通1丁目28番8号,神戸市灘区,兵庫県,6570009,2024-07-12
272,坂本誠,坂本誠272@outlook.com,090-3864-7106,千葉県千葉市美浜区美浜8丁目27番2号,千葉市美浜区,千葉県,2610036,2023-03-21
273,坂本誠,坂本誠273@gmail.com,090-9161-6570,神奈川県横浜市中区本町5丁目18番10号,横浜市中区,神奈川県,2310039,2023-07-04
274,井上由美,井上由美274@outlook.com,090-5755-3055,福岡県福岡市博多区博多駅前9丁目7番9号,福岡市博多区,福岡県,8120003,2023-03-09
275,吉田千佳,吉田千佳275@outlook.com,090-7859-1726,愛知県名古屋市西区名駅5丁目7番10号,名古屋市西区,愛知県,4510002,2024-09-08
276,小林愛,小林愛276@example.com,090-5844-6243,愛知県名古屋市中区錦3丁目20番6号,名古屋市中区,愛知県,4600006,2024-01-01
277,後藤三郎,後藤三郎277@yahoo.co.jp,090-6233-5463,福岡県福岡市中央区天神7丁目5番8号,福岡市中央区,福岡県,8100001,2023-09-26
278,伊藤和也,伊藤和也278@yahoo.co.jp,090-1651-3809,千葉県千葉市中央区中央3丁目20番8号,千葉市中央区,千葉県,2600038,2023-11-07
279,池田由美子,池田由美子279@outlook.com,090-1671-8933,京都府京都市下京区四条通6丁目8番8号,京都市下京区,京都府,6000031,2024-07-10
280,近藤誠,近藤誠280@gmail.com,090-9031-4065,愛知県名古屋市中区錦2丁目10番10号,名古屋市中区,愛知県,4600006,2023-06-03
281,前田剛,前田剛281@gmail.com,090-5280-8404,兵庫県神戸市中央区三宮町9丁目25番1号,神戸市中央区,兵庫県,6500022,2024-05-17
282,佐藤美穂,佐藤美穂282@outlook.com,090-2918-8300,埼玉県さいたま市大宮区大宮4丁目25番1号,さいたま市大宮区,埼玉県,3300033,2024-07-28
283,鈴木慎一,鈴木慎一283@icloud.com,090-6138-3481,大阪府大阪市北区梅田4丁目11番10号,大阪市北区,大阪府,5300002,2024-06-05
284,佐藤大輔,佐藤大輔284@example.com,090-5308-8469,京都府京都市下京区四条通7丁目8番10号,京都市下京区,京都府,6000025,2023-05-30
285,鈴木智子,鈴木智子285@outlook.com,090-2682-8451,北海道札幌市中央区北1条西3丁目16番3号,札幌市中央区,北海道,0600033,2023-06-30
286,池田亮,池田亮286@example.com,090-8512-2531,福岡県福岡市中央区天神7丁目28番8号,福岡市中央区,福岡県,8100023,2023-02-20
287,藤井三郎,藤井三郎287@outlook.com,090-2149-2292,埼玉県さいたま市浦和区高砂7丁目29番3号,さいたま市浦和区,埼玉県,3300027,2024-06-29
288,佐藤雄一,佐藤雄一288@outlook.com,090-2947-3728,埼玉県さいたま市浦和区高砂10丁目17番4号,さいたま市浦和区,埼玉県,3300040,2023-01-27
289,池田由美子,池田由美子289@icloud.com,090-8710-1781,千葉県千葉市美浜区美浜1丁目15番10号,千葉市美浜区,千葉県,2610028,2024-04-14
290,森田和也,森田和也290@gmail.com,090-8256-1084,東京都千代田区丸の内7丁目29番1号,千代田区,東京都,1000013,2024-03-03
291,藤原由美子,藤原由美子291@example.com,090-1097-3172,福岡県福岡市博多区博多駅前10丁目16番2号,福岡市博多区,福岡県,8120002,2023-02-21
292,坂本正,坂本正292@gmail.com,090-7393-9941,千葉県千葉市中央区中央10丁目9番4号,千葉市中央区,千葉県,2600008,2023-09-23
293,吉田翔太,吉田翔太293@yahoo.co.jp,090-6322-4146,兵庫県神戸市中央区三宮町6丁目10番4号,神戸市中央区,兵庫県,6500038,2024-10-15
294,坂本慎一,坂本慎一294@gmail.com,090-4785-9199,千葉県千葉市美浜区美浜2丁目15番6号,千葉市美浜区,千葉県,2610027,2024-09-15
295,松本一郎,松本一郎295@icloud.com,090-4256-2489,埼玉県さいたま市浦和区高砂10丁目28番7号,さいたま市浦和区,埼玉県,3300039,2024-02-11
296,池田慎一,池田慎一296@outlook.com,090-8814-2235,福岡県福岡市中央区天神1丁目7番4号,福岡市中央区,福岡県,8100016,2023-11-05
297,渡辺健一,渡辺健一297@outlook.com,090-9217-1756,京都府京都市下京区四条通7丁目29番3号,京都市下京区,京都府,6000037,2023-05-03
298,後藤美香,後藤美香298@gmail.com,090-6269-2815,大阪府大阪市北区梅田1丁目6番8号,大阪市北区,大阪府,5300006,2024-02-07
299,木村麻美,木村麻美299@yahoo.co.jp,090-3922-6198,埼玉県さいたま市大宮区大宮8丁目20番9号,さいたま市大宮区,埼玉県,3300030,2024-07-28
300,後藤真由美,後藤真由美300@gmail.com,090-8493-9542,兵庫県神戸市灘区灘南通6丁目20番10号,神戸市灘区,兵庫県,6570020,2024-11-24
301,石川誠,石川誠301@gmail.com,090-9036-6676,千葉県千葉市美浜区美浜10丁目19番3号,千葉市美浜区,千葉県,2610028,2023-06-15
302,長谷川由美子,長谷川由美子302@example.com,090-8520-4867,京都府京都市中京区烏丸通2丁目30番4号,京都市中京区,京都府,6040017,2024-06-17
303,近藤慎一,近藤慎一303@yahoo.co.jp,090-1615-7194,神奈川県横浜市西区みなとみらい9丁目25番7号,横浜市西区,神奈川県,2200013,2023-12-14
304,鈴木由美,鈴木由美304@yahoo.co.jp,090-2505-5238,兵庫県神戸市灘区灘南通7丁目6番7号,神戸市灘区,兵庫県,6570034,2024-04-29
305,加藤拓也,加藤拓也305@icloud.com,090-9234-8395,東京都新宿区新宿5丁目8番10号,新宿区,東京都,1600008,2023-08-24
306,松本美香,松本美香306@outlook.com,090-9512-3838,京都府京都市中京区烏丸通3丁目16番10号,京都市中京区,京都府,6040011,2023-11-08
307,村上麻美,村上麻美307@yahoo.co.jp,090-5556-4419,埼玉県さいたま市浦和区高砂9丁目2番10号,さいたま市浦和区,埼玉県,3300025,2024-09-08
308,前田翔太,前田翔太308@example.com,090-8878-7983,福岡県福岡市中央区天神7丁目30番4号,福岡市中央区,福岡県,8100002,2024-08-20
309,松本麻衣,松本麻衣309@icloud.com,090-6821-7122,千葉県千葉市美浜区美浜3丁目14番5号,千葉市美浜区,千葉県,2610018,2024-03-15
310,渡辺美穂,渡辺美穂310@gmail.com,090-3176-4232,福岡県福岡市博多区博多駅前4丁目24番8号,福岡市博多区,福岡県,8120007,2023-03-05
311,渡辺真由美,渡辺真由美311@outlook.com,090-3674-5699,兵庫県神戸市灘区灘南通6丁目11番8号,神戸市灘区,兵庫県,6570034,2024-03-08
312,山本健一,山本健一312@gmail.com,090-8141-8774,大阪府大阪市中央区本町9丁目2番9号,大阪市中央区,大阪府,5410018,2024-03-13
313,吉田亮,吉田亮313@gmail.com,090-3427-6357,福岡県福岡市博多区博多駅前8丁目22番8号,福岡市博多区,福岡県,8120007,2023-05-04
314,高橋香織,高橋香織314@icloud.com,090-1287-4159,大阪府大阪市中央区本町6丁目11番1号,大阪市中央区,大阪府,5410004,2023-05-29
315,井上千佳,井上千佳315@gmail.com,090-3879-1043,京都府京都市下京区四条通5丁目8番7号,京都市下京区,京都府,6000041,2023-08-01
316,近藤達也,近藤達也316@outlook.com,090-1250-7126,兵庫県神戸市灘区灘南通2丁目5番5号,神戸市灘区,兵庫県,6570004,2023-05-28
317,佐藤太郎,佐藤太郎317@outlook.com,090-1180-4695,福岡県福岡市博多区博多駅前1丁目15番9号,福岡市博多区,福岡県,8120016,2023-03-07
318,青木花子,青木花子318@icloud.com,090-1319-4283,福岡県福岡市博多区博多駅前8丁目23番8号,福岡市博多区,福岡県,8120018,2024-03-25
319,田中千佳,田中千佳319@icloud.com,090-7878-3706,京都府京都市中京区烏丸通7丁目21番7号,京都市中京区,京都府,6040020,2024-01-02
320,松本一郎,松本一郎320@example.com,090-7552-2050,愛知県名古屋市西区名駅2丁目12番3号,名古屋市西区,愛知県,4510019,2024-08-30
321,遠藤正,遠藤正321@gmail.com,090-8178-9958,北海道札幌市北区北6条西7丁目9番2号,札幌市北区,北海道,0600007,2024-06-08
322,森田美香,森田美香322@yahoo.co.jp,090-7135-8242,北海道札幌市北区北6条西10丁目15番7号,札幌市北区,北海道,0600016,2024-11-11
323,近藤麻衣,近藤麻衣323@gmail.com,090-4876-5633,北海道札幌市北区北6条西3丁目10番3号,札幌市北区,北海道,0600037,2024-10-17
324,小林大輔,小林大輔324@example.com,090-6044-1864,兵庫県神戸市中央区三宮町6丁目11番8号,神戸市中央区,兵庫県,6500029,2024-03-05
325,高橋慎一,高橋慎一325@gmail.com,090-9765-7963,北海道札幌市北区北6条西1丁目9番9号,札幌市北区,北海道,0600005,2023-07-10
326,加藤さくら,加藤さくら326@gmail.com,090-3796-6824,福岡県福岡市博多区博多駅前4丁目22番10号,福岡市博多区,福岡県,8120008,2023-05-04
327,中村慎一,中村慎一327@outlook.com,090-1679-8644,神奈川県横浜市西区みなとみらい2丁目22番5号,横浜市西区,神奈川県,2200005,2023-12-01
328,田中麻美,田中麻美328@icloud.com,090-6361-3082,大阪府大阪市中央区本町8丁目24番4号,大阪市中央区,大阪府,5410014,2023-04-29
329,橋本千佳,橋本千佳329@icloud.com,090-2303-8973,京都府京都市下京区四条通7丁目7番9号,京都市下京区,京都府,6000029,2023-12-20
330,坂本美穂,坂本美穂330@example.com,090-6499-4636,神奈川県横浜市西区みなとみらい4丁目29番2号,横浜市西区,神奈川県,2200018,2024-05-08
331,渡辺次郎,渡辺次郎331@icloud.com,090-1266-6456,京都府京都市中京区烏丸通6丁目26番10号,京都市中京区,京都府,6040033,2023-09-05
332,橋本優子,橋本優子332@yahoo.co.jp,090-2694-8794,埼玉県さいたま市大宮区大宮6丁目19番7号,さいたま市大宮区,埼玉県,3300040,2024-11-12
333,斎藤麻美,斎藤麻美333@example.com,090-7865-7434,愛知県名古屋市中区錦4丁目23番9号,名古屋市中区,愛知県,4600001,2023-09-05
334,石川誠,石川誠334@yahoo.co.jp,090-7625-2344,北海道札幌市中央区北1条西9丁目11番7号,札幌市中央区,北海道,0600035,2023-09-16
335,斎藤亮,斎藤亮335@icloud.com,090-3197-6893,神奈川県横浜市中区本町4丁目1番5号,横浜市中区,神奈川県,2310024,2024-03-08
336,吉田太郎,吉田太郎336@icloud.com,090-9767-7670,東京都新宿区新宿1丁目6番8号,新宿区,東京都,1600021,2024-03-08
337,山田真由美,山田真由美337@yahoo.co.jp,090-9866-6997,愛知県名古屋市中区錦1丁目16番9号,名古屋市中区,愛知県,4600008,2023-12-17
338,井上由美子,井上由美子338@example.com,090-6902-1199,千葉県千葉市美浜区美浜6丁目9番8号,千葉市美浜区,千葉県,2610034,2023-01-30
339,小林達也,小林達也339@outlook.com,090-8651-9127,愛知県名古屋市西区名駅1丁目24番5号,名古屋市西区,愛知県,4510039,2024-12-24
340,吉田大輔,吉田大輔340@icloud.com,090-1572-9195,京都府京都市下京区四条通10丁目12番8号,京都市下京区,京都府,6000005,2023-02-23
341,長谷川健太,長谷川健太341@example.com,090-9883-2946,兵庫県神戸市灘区灘南通3丁目11番4号,神戸市灘区,兵庫県,6570018,2024-12-17
342,前田麻衣,前田麻衣342@gmail.com,090-1581-5263,京都府京都市下京区四条通5丁目23番8号,京都市下京区,京都府,6000005,2023-12-12
343,小林拓也,小林拓也343@example.com,090-2203-2148,東京都渋谷区渋谷2丁目21番9号,渋谷区,東京都,1500031,2023-11-09
344,井上由美子,井上由美子344@yahoo.co.jp,090-8432-2506,千葉県千葉市美浜区美浜7丁目1番5号,千葉市美浜区,千葉県,2610021,2023-11-07
345,岡田亮,岡田亮345@gmail.com,090-5763-9593,京都府京都市中京区烏丸通5丁目13番7号,京都市中京区,京都府,6040021,2024-11-14
346,池田太郎,池田太郎346@yahoo.co.jp,090-7718-2668,愛知県名古屋市西区名駅3丁目10番7号,名古屋市西区,愛知県,4510024,2024-11-18
347,井上麻美,井上麻美347@gmail.com,090-6129-9688,兵庫県神戸市中央区三宮町8丁目16番3号,神戸市中央区,兵庫県,6500036,2024-08-14
348,石川慎一,石川慎一348@outlook.com,090-9111-4106,福岡県福岡市博多区博多駅前5丁目6番7号,福岡市博多区,福岡県,8120011,2023-03-01
349,橋本和也,橋本和也349@yahoo.co.jp,090-4974-8463,神奈川県横浜市中区本町9丁目7番7号,横浜市中区,神奈川県,2310006,2023-01-11
350,近藤正,近藤正350@icloud.com,090-5812-7402,兵庫県神戸市灘区灘南通10丁目10番6号,神戸市灘区,兵庫県,6570018,2024-06-19
351,後藤和也,後藤和也351@icloud.com,090-6130-6815,福岡県福岡市中央区天神10丁目16番3号,福岡市中央区,福岡県,8100012,2024-05-12
352,石川雄一,石川雄一352@outlook.com,090-6228-5844,京都府京都市中京区烏丸通7丁目8番7号,京都市中京区,京都府,6040030,2024-04-24
353,池田麻衣,池田麻衣353@gmail.com,090-5442-3277,兵庫県神戸市灘区灘南通8丁目3番4号,神戸市灘区,兵庫県,6570013,2024-06-29
354,中村美咲,中村美咲354@icloud.com,090-2454-9154,神奈川県横浜市西区みなとみらい2丁目24番10号,横浜市西区,神奈川県,2200036,2024-05-03
355,木村真由美,木村真由美355@gmail.com,090-2579-3473,東京都千代田区丸の内5丁目8番10号,千代田区,東京都,1000004,2024-03-12
356,高橋さくら,高橋さくら356@example.com,090-7210-6531,東京都新宿区新宿9丁目20番9号,新宿区,東京都,1600005,2023-04-17
357,鈴木慎一,鈴木慎一357@outlook.com,090-7717-8147,京都府京都市中京区烏丸通9丁目18番7号,京都市中京区,京都府,6040029,2023-07-14
358,松本愛,松本愛358@gmail.com,090-3585-4954,福岡県福岡市中央区天神9丁目27番4号,福岡市中央区,福岡県,8100010,2024-02-20
359,斎藤拓也,斎藤拓也359@icloud.com,090-6099-4088,東京都千代田区丸の内2丁目5番1号,千代田区,東京都,1000004,2023-08-19
360,伊藤正,伊藤正360@icloud.com,090-9031-5839,埼玉県さいたま市浦和区高砂9丁目3番2号,さいたま市浦和区,埼玉県,3300002,2023-07-20
361,林美穂,林美穂361@yahoo.co.jp,090-2396-4394,大阪府大阪市中央区本町3丁目3番4号,大阪市中央区,大阪府,5410036,2023-03-09
362,加藤美香,加藤美香362@icloud.com,090-8173-1317,埼玉県さいたま市浦和区高砂10丁目6番10号,さいたま市浦和区,埼玉県,3300009,2024-09-21
363,後藤由美,後藤由美363@example.com,090-6877-9487,京都府京都市下京区四条通6丁目29番5号,京都市下京区,京都府,6000020,2024-04-03
364,高橋一郎,高橋一郎364@example.com,090-3586-5891,東京都渋谷区渋谷9丁目28番7号,渋谷区,東京都,1500006,2023-03-14
365,山田美咲,山田美咲365@icloud.com,090-1131-1447,愛知県名古屋市中区錦4丁目5番9号,名古屋市中区,愛知県,4600006,2024-10-22
366,池田麻衣,池田麻衣366@outlook.com,090-4169-9323,神奈川県横浜市西区みなとみらい7丁目22番9号,横浜市西区,神奈川県,2200037,2023-07-03
367,渡辺由美子,渡辺由美子367@gmail.com,090-3390-9612,神奈川県横浜市西区みなとみらい6丁目21番3号,横浜市西区,神奈川県,2200025,2024-12-18
368,鈴木麻美,鈴木麻美368@icloud.com,090-1356-6637,福岡県福岡市博多区博多駅前5丁目30番7号,福岡市博多区,福岡県,8120001,2024-04-01
369,坂本次郎,坂本次郎369@gmail.com,090-4269-2684,千葉県千葉市中央区中央10丁目20番9号,千葉市中央区,千葉県,2600040,2023-10-13
370,後藤美穂,後藤美穂370@yahoo.co.jp,090-1521-1235,埼玉県さいたま市浦和区高砂9丁目4番10号,さいたま市浦和区,埼玉県,3300014,2023-06-05
371,小林翔太,小林翔太371@example.com,090-9594-5577,東京都渋谷区渋谷10丁目20番3号,渋谷区,東京都,1500019,2024-08-15
372,前田達也,前田達也372@icloud.com,090-2577-4936,北海道札幌市北区北6条西4丁目20番10号,札幌市北区,北海道,0600004,2023-08-08
373,小林愛,小林愛373@yahoo.co.jp,090-2488-9686,愛知県名古屋市西区名駅7丁目20番9号,名古屋市西区,愛知県,4510030,2023-08-10
374,鈴木さくら,鈴木さくら374@gmail.com,090-4174-4976,京都府京都市中京区烏丸通6丁目13番7号,京都市中京区,京都府,6040039,2024-10-16
375,藤原麻衣,藤原麻衣375@example.com,090-3150-3332,千葉県千葉市美浜区美浜4丁目25番8号,千葉市美浜区,千葉県,2610035,2023-10-02
376,林愛,林愛376@yahoo.co.jp,090-8167-3926,福岡県福岡市中央区天神9丁目11番3号,福岡市中央区,福岡県,8100012,2024-09-22
377,長谷川慎一,長谷川慎一377@outlook.com,090-3659-9539,大阪府大阪市北区梅田7丁目6番10号,大阪市北区,大阪府,5300014,2023-01-02
378,斎藤正,斎藤正378@gmail.com,090-4987-2313,東京都千代田区丸の内4丁目11番8号,千代田区,東京都,1000016,2024-10-17
379,佐藤翔太,佐藤翔太379@icloud.com,090-8431-3387,埼玉県さいたま市大宮区大宮1丁目30番3号,さいたま市大宮区,埼玉県,3300028,2023-08-24
380,佐藤真由美,佐藤真由美380@example.com,090-9376-6390,兵庫県神戸市灘区灘南通8丁目19番6号,神戸市灘区,兵庫県,6570021,2024-05-13
381,加藤恵子,加藤恵子381@example.com,090-7667-9971,埼玉県さいたま市大宮区大宮10丁目26番4号,さいたま市大宮区,埼玉県,3300015,2024-09-16
382,坂本慎一,坂本慎一382@example.com,090-1453-4326,大阪府大阪市北区梅田4丁目29番9号,大阪市北区,大阪府,5300010,2024-09-26
383,田中健一,田中健一383@yahoo.co.jp,090-6555-4701,千葉県千葉市美浜区美浜6丁目19番8号,千葉市美浜区,千葉県,2610003,2024-07-31
384,長谷川麻衣,長谷川麻衣384@yahoo.co.jp,090-8863-2788,京都府京都市下京区四条通5丁目24番4号,京都市下京区,京都府,6000024,2023-03-31
385,岡田次郎,岡田次郎385@example.com,090-1407-7128,福岡県福岡市博多区博多駅前4丁目4番9号,福岡市博多区,福岡県,8120015,2023-08-27
386,渡辺由美子,渡辺由美子386@icloud.com,090-9531-6053,東京都千代田区丸の内4丁目19番7号,千代田区,東京都,1000013,2024-01-18
387,前田美香,前田美香387@example.com,090-8242-7837,東京都新宿区新宿1丁目26番4号,新宿区,東京都,1600017,2023-09-18
388,遠藤拓也,遠藤拓也388@gmail.com,090-4016-4505,愛知県名古屋市西区名駅5丁目17番2号,名古屋市西区,愛知県,4510024,2024-09-09
389,後藤誠,後藤誠389@outlook.com,090-3949-2353,埼玉県さいたま市大宮区大宮4丁目12番4号,さいたま市大宮区,埼玉県,3300016,2024-03-11
390,石川達也,石川達也390@example.com,090-4585-4988,千葉県千葉市中央区中央3丁目13番4号,千葉市中央区,千葉県,2600025,2023-09-07
391,伊藤正,伊藤正391@example.com,090-9403-8435,東京都千代田区丸の内6丁目21番5号,千代田区,東京都,1000007,2024-09-24
392,藤井優子,藤井優子392@yahoo.co.jp,090-3409-3669,千葉県千葉市中央区中央8丁目29番10号,千葉市中央区,千葉県,2600003,2024-12-17
393,青木千佳,青木千佳393@example.com,090-4356-9005,愛知県名古屋市西区名駅4丁目17番2号,名古屋市西区,愛知県,4510021,2023-11-12
394,後藤雄一,後藤雄一394@yahoo.co.jp,090-1063-7812,埼玉県さいたま市大宮区大宮3丁目2番4号,さいたま市大宮区,埼玉県,3300037,2023-09-07
395,斎藤由美,斎藤由美395@outlook.com,090-4574-9135,東京都渋谷区渋谷6丁目7番3号,渋谷区,東京都,1500022,2024-10-16
396,後藤恵子,後藤恵子396@gmail.com,090-3057-2938,神奈川県横浜市中区本町6丁目29番2号,横浜市中区,神奈川県,2310005,2024-03-01
397,田中智子,田中智子397@outlook.com,090-3345-6649,埼玉県さいたま市浦和区高砂6丁目27番9号,さいたま市浦和区,埼玉県,3300006,2023-10-13
398,小林美咲,小林美咲398@icloud.com,090-8548-1020,福岡県福岡市中央区天神3丁目8番7号,福岡市中央区,福岡県,8100038,2024-02-17
399,長谷川香織,長谷川香織399@yahoo.co.jp,090-8344-7095,埼玉県さいたま市大宮区大宮2丁目2番8号,さいたま市大宮区,埼玉県,3300011,2024-07-22
400,鈴木優子,鈴木優子400@example.com,090-1263-4814,大阪府大阪市北区梅田2丁目18番1号,大阪市北区,大阪府,5300006,2023-02-15
401,前田健一,前田健一401@gmail.com,090-9012-8510,埼玉県さいたま市浦和区高砂9丁目9番5号,さいたま市浦和区,埼玉県,3300028,2024-04-03
402,藤井健太,藤井健太402@icloud.com,090-5588-7428,千葉県千葉市中央区中央3丁目10番8号,千葉市中央区,千葉県,2600021,2023-07-11
403,藤井健太,藤井健太403@icloud.com,090-7645-5958,兵庫県神戸市中央区三宮町7丁目19番7号,神戸市中央区,兵庫県,6500030,2024-10-07
404,斎藤恵子,斎藤恵子404@gmail.com,090-3636-5387,千葉県千葉市中央区中央9丁目29番9号,千葉市中央区,千葉県,2600010,2024-01-22
405,伊藤美香,伊藤美香405@gmail.com,090-9483-2531,京都府京都市中京区烏丸通6丁目5番7号,京都市中京区,京都府,6040007,2023-04-13
406,鈴木和也,鈴木和也406@icloud.com,090-2643-2625,神奈川県横浜市西区みなとみらい5丁目8番9号,横浜市西区,神奈川県,2200038,2023-07-24
407,近藤達也,近藤達也407@icloud.com,090-5951-2854,大阪府大阪市中央区本町2丁目5番5号,大阪市中央区,大阪府,5410003,2023-03-27
408,中村翔太,中村翔太408@example.com,090-7642-6998,京都府京都市中京区烏丸通9丁目17番7号,京都市中京区,京都府,6040030,2023-03-14
409,遠藤健一,遠藤健一409@example.com,090-4874-2552,埼玉県さいたま市浦和区高砂5丁目3番9号,さいたま市浦和区,埼玉県,3300033,2024-04-14
410,坂本麻衣,坂本麻衣410@example.com,090-7867-2642,埼玉県さいたま市浦和区高砂9丁目3番9号,さいたま市浦和区,埼玉県,3300013,2024-01-22
411,吉田美穂,吉田美穂411@gmail.com,090-6382-2494,北海道札幌市中央区北1条西4丁目7番3号,札幌市中央区,北海道,0600030,2023-06-14
412,木村花子,木村花子412@outlook.com,090-4198-4217,福岡県福岡市博多区博多駅前7丁目7番1号,福岡市博多区,福岡県,8120016,2024-11-25
413,池田次郎,池田次郎413@gmail.com,090-4242-2873,北海道札幌市中央区北1条西10丁目7番8号,札幌市中央区,北海道,0600013,2024-05-03
414,青木和也,青木和也414@gmail.com,090-5793-3898,兵庫県神戸市中央区三宮町5丁目26番8号,神戸市中央区,兵庫県,6500010,2023-10-12
415,村上誠,村上誠415@example.com,090-4833-5410,北海道札幌市中央区北1条西5丁目26番9号,札幌市中央区,北海道,0600005,2024-12-29
416,藤原由美,藤原由美416@outlook.com,090-4180-4554,兵庫県神戸市中央区三宮町2丁目18番1号,神戸市中央区,兵庫県,6500009,2024-04-14
417,山本太郎,山本太郎417@example.com,090-5804-9334,北海道札幌市北区北6条西10丁目25番1号,札幌市北区,北海道,0600029,2024-07-28
418,伊藤一郎,伊藤一郎418@icloud.com,090-5685-1750,神奈川県横浜市中区本町8丁目1番7号,横浜市中区,神奈川県,2310001,2023-03-22
419,橋本誠,橋本誠419@gmail.com,090-5922-3320,福岡県福岡市中央区天神4丁目9番1号,福岡市中央区,福岡県,8100033,2023-06-15
420,加藤大輔,加藤大輔420@outlook.com,090-6927-9449,東京都渋谷区渋谷9丁目6番2号,渋谷区,東京都,1500001,2024-04-19
421,佐藤愛,佐藤愛421@outlook.com,090-7597-2566,大阪府大阪市北区梅田9丁目11番8号,大阪市北区,大阪府,5300001,2024-10-27
422,山本由美子,山本由美子422@icloud.com,090-5582-6315,千葉県千葉市美浜区美浜7丁目20番4号,千葉市美浜区,千葉県,2610029,2024-01-22
423,岡田翔太,岡田翔太423@gmail.com,090-6245-9254,京都府京都市中京区烏丸通10丁目7番5号,京都市中京区,京都府,6040005,2023-02-06
424,橋本優子,橋本優子424@example.com,090-9434-8058,愛知県名古屋市西区名駅9丁目8番10号,名古屋市西区,愛知県,4510021,2024-04-12
425,青木大輔,青木大輔425@gmail.com,090-7777-2132,福岡県福岡市博多区博多駅前1丁目28番3号,福岡市博多区,福岡県,8120006,2024-02-02
426,近藤美咲,近藤美咲426@yahoo.co.jp,090-6668-1950,京都府京都市中京区烏丸通9丁目8番10号,京都市中京区,京都府,6040036,2023-08-20
427,高橋恵子,高橋恵子427@outlook.com,090-2275-4305,大阪府大阪市北区梅田8丁目22番9号,大阪市北区,大阪府,5300010,2024-07-28
428,高橋由美子,高橋由美子428@outlook.com,090-1746-3725,北海道札幌市中央区北1条西1丁目17番8号,札幌市中央区,北海道,0600006,2023-12-11
429,山本次郎,山本次郎429@example.com,090-8419-2618,京都府京都市中京区烏丸通5丁目18番2号,京都市中京区,京都府,6040017,2023-09-14
430,小林花子,小林花子430@outlook.com,090-1338-4704,千葉県千葉市中央区中央3丁目1番7号,千葉市中央区,千葉県,2600025,2024-02-25
431,森田大輔,森田大輔431@gmail.com,090-3536-4493,埼玉県さいたま市大宮区大宮5丁目7番2号,さいたま市大宮区,埼玉県,3300021,2023-07-17
432,池田花子,池田花子432@gmail.com,090-1027-8009,京都府京都市下京区四条通4丁目17番4号,京都市下京区,京都府,6000011,2024-03-12
433,藤井三郎,藤井三郎433@icloud.com,090-8769-3988,福岡県福岡市博多区博多駅前3丁目22番8号,福岡市博多区,福岡県,8120017,2024-06-08
434,井上由美子,井上由美子434@gmail.com,090-1662-9024,京都府京都市中京区烏丸通5丁目26番2号,京都市中京区,京都府,6040023,2024-06-18
435,後藤三郎,後藤三郎435@example.com,090-4220-7398,千葉県千葉市美浜区美浜1丁目6番8号,千葉市美浜区,千葉県,2610019,2024-03-19
436,井上麻美,井上麻美436@icloud.com,090-6092-1852,兵庫県神戸市灘区灘南通8丁目11番9号,神戸市灘区,兵庫県,6570040,2024-06-29
437,岡田慎一,岡田慎一437@icloud.com,090-4756-3938,神奈川県横浜市中区本町9丁目21番2号,横浜市中区,神奈川県,2310016,2024-01-01
438,池田健太,池田健太438@gmail.com,090-3071-1204,兵庫県神戸市灘区灘南通8丁目21番8号,神戸市灘区,兵庫県,6570017,2024-08-13
439,木村正,木村正439@gmail.com,090-5675-9829,兵庫県神戸市灘区灘南通1丁目23番1号,神戸市灘区,兵庫県,6570028,2023-05-22
440,長谷川恵子,長谷川恵子440@outlook.com,090-7703-5467,千葉県千葉市美浜区美浜5丁目20番7号,千葉市美浜区,千葉県,2610028,2024-05-10
441,小林美咲,小林美咲441@outlook.com,090-5840-4833,愛知県名古屋市西区名駅1丁目11番9号,名古屋市西区,愛知県,4510013,2024-10-08
442,松本美香,松本美香442@example.com,090-3501-8710,愛知県名古屋市西区名駅5丁目20番1号,名古屋市西区,愛知県,4510029,2024-02-22
443,後藤剛,後藤剛443@example.com,090-8383-7930,埼玉県さいたま市浦和区高砂7丁目5番10号,さいたま市浦和区,埼玉県,3300031,2024-12-08
444,加藤花子,加藤花子444@outlook.com,090-6492-5729,大阪府大阪市北区梅田4丁目1番6号,大阪市北区,大阪府,5300009,2024-12-29
445,前田翔太,前田翔太445@gmail.com,090-6064-8937,福岡県福岡市中央区天神9丁目21番8号,福岡市中央区,福岡県,8100020,2024-07-12
446,村上由美,村上由美446@gmail.com,090-7437-5218,神奈川県横浜市西区みなとみらい5丁目5番8号,横浜市西区,神奈川県,2200038,2024-03-09
447,坂本拓也,坂本拓也447@yahoo.co.jp,090-3291-8130,京都府京都市中京区烏丸通7丁目1番10号,京都市中京区,京都府,6040013,2023-08-16
448,近藤麻美,近藤麻美448@gmail.com,090-7169-7743,京都府京都市下京区四条通7丁目30番7号,京都市下京区,京都府,6000009,2023-05-06
449,森田由美,森田由美449@gmail.com,090-5817-3581,東京都千代田区丸の内9丁目12番7号,千代田区,東京都,1000019,2024-11-30
450,井上拓也,井上拓也450@yahoo.co.jp,090-7331-3038,京都府京都市中京区烏丸通4丁目16番2号,京都市中京区,京都府,6040038,2024-10-24
451,中村由美子,中村由美子451@yahoo.co.jp,090-7463-1976,大阪府大阪市北区梅田8丁目2番1号,大阪市北区,大阪府,5300019,2023-09-06
452,鈴木大輔,鈴木大輔452@icloud.com,090-6947-1712,大阪府大阪市北区梅田6丁目10番3号,大阪市北区,大阪府,5300004,2023-12-06
453,藤原愛,藤原愛453@outlook.com,090-6395-2460,北海道札幌市中央区北1条西4丁目18番9号,札幌市中央区,北海道,0600006,2024-12-13
454,斎藤美香,斎藤美香454@example.com,090-8918-7312,千葉県千葉市美浜区美浜4丁目18番10号,千葉市美浜区,千葉県,2610025,2024-04-04
455,前田雄一,前田雄一455@outlook.com,090-7954-9924,愛知県名古屋市西区名駅5丁目26番3号,名古屋市西区,愛知県,4510022,2023-12-03
456,佐藤亮,佐藤亮456@example.com,090-4806-3972,福岡県福岡市博多区博多駅前8丁目30番3号,福岡市博多区,福岡県,8120005,2023-04-09
457,遠藤千佳,遠藤千佳457@icloud.com,090-7399-1660,京都府京都市中京区烏丸通2丁目11番8号,京都市中京区,京都府,6040034,2023-04-28
458,松本恵子,松本恵子458@example.com,090-5410-8538,京都府京都市下京区四条通1丁目6番3号,京都市下京区,京都府,6000022,2023-07-30
459,渡辺麻美,渡辺麻美459@icloud.com,090-2076-2455,北海道札幌市中央区北1条西8丁目12番9号,札幌市中央区,北海道,0600033,2024-08-13
460,吉田美香,吉田美香460@gmail.com,090-3818-8241,神奈川県横浜市西区みなとみらい5丁目3番6号,横浜市西区,神奈川県,2200022,2023-07-13
461,前田慎一,前田慎一461@gmail.com,090-7518-6348,東京都千代田区丸の内10丁目18番8号,千代田区,東京都,1000014,2024-05-03
462,橋本三郎,橋本三郎462@example.com,090-9940-7868,京都府京都市下京区四条通3丁目3番7号,京都市下京区,京都府,6000040,2023-10-02
463,渡辺亮,渡辺亮463@yahoo.co.jp,090-1430-2551,東京都千代田区丸の内5丁目24番5号,千代田区,東京都,1000019,2023-07-08
464,木村慎一,木村慎一464@example.com,090-2347-4498,千葉県千葉市美浜区美浜3丁目19番8号,千葉市美浜区,千葉県,2610005,2024-11-12
465,森田優子,森田優子465@example.com,090-4912-4772,福岡県福岡市中央区天神3丁目29番6号,福岡市中央区,福岡県,8100036,2024-06-13
466,井上直樹,井上直樹466@gmail.com,090-1443-3950,福岡県福岡市博多区博多駅前3丁目13番2号,福岡市博多区,福岡県,8120018,2023-12-04
467,田中さくら,田中さくら467@outlook.com,090-4102-3446,大阪府大阪市中央区本町9丁目16番6号,大阪市中央区,大阪府,5410015,2023-05-10
468,山本慎一,山本慎一468@icloud.com,090-2163-1408,埼玉県さいたま市浦和区高砂9丁目29番5号,さいたま市浦和区,埼玉県,3300007,2023-09-29
469,木村亮,木村亮469@gmail.com,090-2520-4064,京都府京都市下京区四条通3丁目24番9号,京都市下京区,京都府,6000025,2024-04-22
470,山本美穂,山本美穂470@outlook.com,090-7837-7213,京都府京都市下京区四条通2丁目24番5号,京都市下京区,京都府,6000004,2023-02-12
471,鈴木誠,鈴木誠471@yahoo.co.jp,090-3163-9453,京都府京都市下京区四条通2丁目23番7号,京都市下京区,京都府,6000031,2024-02-16
472,渡辺美穂,渡辺美穂472@icloud.com,090-6310-6822,福岡県福岡市博多区博多駅前6丁目23番2号,福岡市博多区,福岡県,8120018,2024-05-19
473,吉田真由美,吉田真由美473@icloud.com,090-1953-3877,大阪府大阪市北区梅田5丁目28番3号,大阪市北区,大阪府,5300013,2023-05-19
474,藤原恵子,藤原恵子474@gmail.com,090-1113-7105,大阪府大阪市北区梅田5丁目5番10号,大阪市北区,大阪府,5300010,2024-04-12
475,渡辺次郎,渡辺次郎475@icloud.com,090-3288-5886,神奈川県横浜市中区本町4丁目6番2号,横浜市中区,神奈川県,2310024,2024-01-12
476,渡辺太郎,渡辺太郎476@example.com,090-8232-6340,大阪府大阪市北区梅田6丁目15番3号,大阪市北区,大阪府,5300004,2023-04-01
477,藤井智子,藤井智子477@outlook.com,090-6842-8674,埼玉県さいたま市浦和区高砂8丁目27番1号,さいたま市浦和区,埼玉県,3300016,2023-01-18
478,近藤次郎,近藤次郎478@outlook.com,090-3789-7793,兵庫県神戸市灘区灘南通3丁目1番3号,神戸市灘区,兵庫県,6570041,2024-03-31
479,橋本麻衣,橋本麻衣479@gmail.com,090-9540-1351,北海道札幌市中央区北1条西6丁目3番10号,札幌市中央区,北海道,0600026,2024-07-24
480,近藤麻美,近藤麻美480@example.com,090-9654-9787,大阪府大阪市中央区本町3丁目6番2号,大阪市中央区,大阪府,5410034,2023-06-04
481,長谷川翔太,長谷川翔太481@example.com,090-8471-4452,北海道札幌市中央区北1条西4丁目27番4号,札幌市中央区,北海道,0600006,2023-04-27
482,坂本香織,坂本香織482@yahoo.co.jp,090-8557-6048,埼玉県さいたま市大宮区大宮4丁目4番6号,さいたま市大宮区,埼玉県,3300040,2023-10-17
483,前田達也,前田達也483@example.com,090-9713-2990,兵庫県神戸市中央区三宮町3丁目29番10号,神戸市中央区,兵庫県,6500017,2023-08-21
484,橋本健一,橋本健一484@gmail.com,090-1125-1716,千葉県千葉市美浜区美浜4丁目12番4号,千葉市美浜区,千葉県,2610039,2023-08-16
485,高橋剛,高橋剛485@outlook.com,090-1668-2559,埼玉県さいたま市大宮区大宮2丁目22番5号,さいたま市大宮区,埼玉県,3300016,2024-09-23
486,加藤麻衣,加藤麻衣486@yahoo.co.jp,090-8917-6597,神奈川県横浜市中区本町8丁目19番8号,横浜市中区,神奈川県,2310025,2024-08-22
487,松本和也,松本和也487@icloud.com,090-5118-3940,福岡県福岡市博多区博多駅前5丁目16番7号,福岡市博多区,福岡県,8120016,2024-05-22
488,後藤雄一,後藤雄一488@gmail.com,090-4053-5377,北海道札幌市北区北6条西4丁目26番8号,札幌市北区,北海道,0600036,2023-12-02
489,小林正,小林正489@outlook.com,090-9611-9756,神奈川県横浜市西区みなとみらい9丁目13番6号,横浜市西区,神奈川県,2200019,2023-05-18
490,松本香織,松本香織490@example.com,090-2050-7969,東京都千代田区丸の内9丁目12番1号,千代田区,東京都,1000002,2024-06-10
491,坂本慎一,坂本慎一491@example.com,090-2244-5716,千葉県千葉市中央区中央9丁目28番7号,千葉市中央区,千葉県,2600016,2023-12-08
492,藤井美香,藤井美香492@icloud.com,090-9952-6497,愛知県名古屋市中区錦4丁目29番8号,名古屋市中区,愛知県,4600007,2023-08-19
493,中村愛,中村愛493@outlook.com,090-1510-1534,京都府京都市下京区四条通3丁目7番3号,京都市下京区,京都府,6000001,2023-10-20
494,山本美穂,山本美穂494@example.com,090-5223-6809,千葉県千葉市美浜区美浜6丁目28番8号,千葉市美浜区,千葉県,2610040,2023-02-14
495,吉田花子,吉田花子495@gmail.com,090-8864-5494,埼玉県さいたま市浦和区高砂7丁目14番4号,さいたま市浦和区,埼玉県,3300018,2024-02-21
496,高橋真由美,高橋真由美496@example.com,090-2563-4331,京都府京都市下京区四条通10丁目11番6号,京都市下京区,京都府,6000023,2023-06-04
497,遠藤亮,遠藤亮497@gmail.com,090-6209-4940,千葉県千葉市美浜区美浜10丁目20番4号,千葉市美浜区,千葉県,2610012,2023-05-27
498,山本優子,山本優子498@outlook.com,090-4235-5652,福岡県福岡市博多区博多駅前2丁目3番2号,福岡市博多区,福岡県,8120021,2023-11-04
499,坂本達也,坂本達也499@example.com,090-5059-5079,神奈川県横浜市中区本町1丁目20番8号,横浜市中区,神奈川県,2310025,2024-09-01
500,小林和也,小林和也500@icloud.com,090-5933-8939,福岡県福岡市中央区天神2丁目22番5号,福岡市中央区,福岡県,8100035,2023-03-08
501,青木麻美,青木麻美501@example.com,090-8676-5188,京都府京都市下京区四条通4丁目26番2号,京都市下京区,京都府,6000025,2023-12-14
502,池田誠,池田誠502@yahoo.co.jp,090-6372-6512,千葉県千葉市美浜区美浜3丁目23番6号,千葉市美浜区,千葉県,2610024,2023-12-27
503,後藤優子,後藤優子503@outlook.com,090-3780-7991,東京都新宿区新宿7丁目17番2号,新宿区,東京都,1600021,2023-09-10
504,高橋麻衣,高橋麻衣504@outlook.com,090-4147-7184,北海道札幌市中央区北1条西1丁目2番7号,札幌市中央区,北海道,0600009,2024-12-17
505,青木愛,青木愛505@gmail.com,090-4137-1827,大阪府大阪市中央区本町6丁目23番9号,大阪市中央区,大阪府,5410012,2024-09-22
506,吉田健一,吉田健一506@outlook.com,090-5595-6538,千葉県千葉市中央区中央9丁目26番9号,千葉市中央区,千葉県,2600019,2024-10-22
507,藤井智子,藤井智子507@icloud.com,090-7793-5422,福岡県福岡市博多区博多駅前3丁目26番7号,福岡市博多区,福岡県,8120017,2023-12-19
508,坂本麻衣,坂本麻衣508@icloud.com,090-4968-8403,神奈川県横浜市中区本町6丁目25番4号,横浜市中区,神奈川県,2310007,2023-05-06
509,近藤由美子,近藤由美子509@gmail.com,090-2651-5286,神奈川県横浜市中区本町9丁目12番8号,横浜市中区,神奈川県,2310006,2024-07-31
510,近藤拓也,近藤拓也510@yahoo.co.jp,090-3198-3045,兵庫県神戸市灘区灘南通9丁目22番5号,神戸市灘区,兵庫県,6570018,2024-02-02
511,池田達也,池田達也511@icloud.com,090-2756-2232,大阪府大阪市中央区本町3丁目18番3号,大阪市中央区,大阪府,5410022,2024-01-17
512,中村千佳,中村千佳512@gmail.com,090-3362-4989,千葉県千葉市中央区中央5丁目19番3号,千葉市中央区,千葉県,2600014,2023-05-14
513,佐藤剛,佐藤剛513@yahoo.co.jp,090-6414-7750,神奈川県横浜市中区本町7丁目26番3号,横浜市中区,神奈川県,2310040,2023-08-14
514,佐藤拓也,佐藤拓也514@yahoo.co.jp,090-3972-8148,兵庫県神戸市灘区灘南通6丁目14番1号,神戸市灘区,兵庫県,6570019,2023-07-05
515,石川さくら,石川さくら515@yahoo.co.jp,090-3546-7758,埼玉県さいたま市浦和区高砂7丁目9番10号,さいたま市浦和区,埼玉県,3300024,2023-11-22
516,高橋智子,高橋智子516@outlook.com,090-3186-2558,東京都千代田区丸の内5丁目17番1号,千代田区,東京都,1000015,2023-02-16
517,斎藤麻美,斎藤麻美517@gmail.com,090-3796-6880,東京都新宿区新宿1丁目28番3号,新宿区,東京都,1600009,2024-06-02
518,村上美香,村上美香518@yahoo.co.jp,090-8081-3832,千葉県千葉市中央区中央9丁目5番10号,千葉市中央区,千葉県,2600020,2023-06-03
519,後藤麻美,後藤麻美519@outlook.com,090-5183-5207,千葉県千葉市美浜区美浜4丁目26番10号,千葉市美浜区,千葉県,2610032,2024-04-13
520,遠藤花子,遠藤花子520@outlook.com,090-4880-3119,北海道札幌市中央区北1条西4丁目20番1号,札幌市中央区,北海道,0600036,2024-09-17
521,山田次郎,山田次郎521@icloud.com,090-7600-3248,埼玉県さいたま市大宮区大宮7丁目29番4号,さいたま市大宮区,埼玉県,3300028,2023-09-10
522,中村太郎,中村太郎522@outlook.com,090-5117-7710,愛知県名古屋市中区錦6丁目4番6号,名古屋市中区,愛知県,4600006,2023-10-06
523,渡辺直樹,渡辺直樹523@icloud.com,090-1345-3189,東京都渋谷区渋谷9丁目26番4号,渋谷区,東京都,1500035,2024-11-16
524,池田麻美,池田麻美524@icloud.com,090-3577-8703,愛知県名古屋市中区錦7丁目24番7号,名古屋市中区,愛知県,4600001,2024-05-04
525,林太郎,林太郎525@example.com,090-5422-9048,北海道札幌市北区北6条西5丁目8番3号,札幌市北区,北海道,0600006,2023-04-01
526,小林慎一,小林慎一526@yahoo.co.jp,090-4036-2785,大阪府大阪市中央区本町5丁目30番8号,大阪市中央区,大阪府,5410040,2024-07-08
527,吉田拓也,吉田拓也527@yahoo.co.jp,090-1918-5845,神奈川県横浜市西区みなとみらい8丁目28番9号,横浜市西区,神奈川県,2200026,2024-12-08
528,村上恵子,村上恵子528@yahoo.co.jp,090-6170-4959,北海道札幌市中央区北1条西1丁目1番3号,札幌市中央区,北海道,0600036,2023-10-17
529,田中美穂,田中美穂529@gmail.com,090-8682-9004,兵庫県神戸市灘区灘南通10丁目8番3号,神戸市灘区,兵庫県,6570012,2024-09-21
530,吉田由美,吉田由美530@icloud.com,090-4342-7985,福岡県福岡市博多区博多駅前7丁目25番2号,福岡市博多区,福岡県,8120014,2023-05-26
531,藤原健太,藤原健太531@example.com,090-4674-9019,東京都渋谷区渋谷7丁目13番3号,渋谷区,東京都,1500036,2023-02-04
532,加藤剛,加藤剛532@example.com,090-6755-8131,兵庫県神戸市中央区三宮町1丁目15番2号,神戸市中央区,兵庫県,6500006,2023-10-22
533,木村麻衣,木村麻衣533@gmail.com,090-8995-6547,東京都千代田区丸の内2丁目5番8号,千代田区,東京都,1000021,2023-12-31
534,岡田優子,岡田優子534@outlook.com,090-5242-7754,東京都新宿区新宿6丁目10番3号,新宿区,東京都,1600016,2024-01-26
535,村上真由美,村上真由美535@icloud.com,090-9460-3541,福岡県福岡市中央区天神7丁目1番3号,福岡市中央区,福岡県,8100023,2023-02-26
536,吉田達也,吉田達也536@icloud.com,090-7625-3347,大阪府大阪市北区梅田2丁目25番3号,大阪市北区,大阪府,5300008,2024-04-21
537,井上太郎,井上太郎537@example.com,090-7164-8026,京都府京都市下京区四条通8丁目6番8号,京都市下京区,京都府,6000028,2023-12-08
538,遠藤由美,遠藤由美538@yahoo.co.jp,090-1684-8520,千葉県千葉市美浜区美浜3丁目23番9号,千葉市美浜区,千葉県,2610028,2023-10-14
539,森田翔太,森田翔太539@gmail.com,090-7548-1670,愛知県名古屋市中区錦6丁目18番2号,名古屋市中区,愛知県,4600005,2023-06-30
540,池田真由美,池田真由美540@example.com,090-1718-3353,神奈川県横浜市中区本町2丁目26番2号,横浜市中区,神奈川県,2310016,2023-08-08
541,後藤花子,後藤花子541@icloud.com,090-6212-8427,兵庫県神戸市灘区灘南通2丁目9番7号,神戸市灘区,兵庫県,6570026,2024-06-27
542,石川太郎,石川太郎542@icloud.com,090-7155-3389,愛知県名古屋市中区錦6丁目15番2号,名古屋市中区,愛知県,4600006,2023-02-26
543,坂本さくら,坂本さくら543@yahoo.co.jp,090-7900-4090,愛知県名古屋市中区錦10丁目12番3号,名古屋市中区,愛知県,4600008,2023-10-11
544,加藤美咲,加藤美咲544@icloud.com,090-4033-5541,東京都渋谷区渋谷2丁目17番8号,渋谷区,東京都,1500037,2024-09-19
545,森田健太,森田健太545@outlook.com,090-5570-2100,東京都千代田区丸の内7丁目16番1号,千代田区,東京都,1000013,2024-02-13
546,木村次郎,木村次郎546@yahoo.co.jp,090-9179-2277,神奈川県横浜市西区みなとみらい6丁目23番10号,横浜市西区,神奈川県,2200023,2024-06-30
547,山田智子,山田智子547@icloud.com,090-7472-1746,神奈川県横浜市中区本町3丁目11番3号,横浜市中区,神奈川県,2310025,2023-08-03
548,鈴木三郎,鈴木三郎548@outlook.com,090-6151-8999,愛知県名古屋市西区名駅6丁目18番4号,名古屋市西区,愛知県,4510028,2024-04-14
549,鈴木一郎,鈴木一郎549@example.com,090-3425-2289,神奈川県横浜市西区みなとみらい10丁目21番3号,横浜市西区,神奈川県,2200033,2024-05-18
550,井上慎一,井上慎一550@yahoo.co.jp,090-9838-8968,愛知県名古屋市中区錦7丁目3番6号,名古屋市中区,愛知県,4600005,2023-12-20
551,坂本慎一,坂本慎一551@yahoo.co.jp,090-7076-1639,福岡県福岡市博多区博多駅前7丁目20番10号,福岡市博多区,福岡県,8120004,2023-04-27
552,斎藤太郎,斎藤太郎552@yahoo.co.jp,090-4981-7059,埼玉県さいたま市浦和区高砂9丁目30番1号,さいたま市浦和区,埼玉県,3300026,2023-06-27
553,佐藤三郎,佐藤三郎553@example.com,090-7329-1657,福岡県福岡市博多区博多駅前10丁目18番8号,福岡市博多区,福岡県,8120013,2024-08-24
554,坂本花子,坂本花子554@icloud.com,090-3219-8418,東京都千代田区丸の内7丁目30番9号,千代田区,東京都,1000014,2024-11-15
555,藤原和也,藤原和也555@outlook.com,090-4416-7150,京都府京都市下京区四条通1丁目9番5号,京都市下京区,京都府,6000010,2024-01-08
556,井上智子,井上智子556@yahoo.co.jp,090-3100-2749,大阪府大阪市中央区本町7丁目7番9号,大阪市中央区,大阪府,5410017,2023-10-17
557,坂本真由美,坂本真由美557@example.com,090-8598-9693,北海道札幌市中央区北1条西1丁目13番10号,札幌市中央区,北海道,0600003,2023-08-16
558,佐藤正,佐藤正558@gmail.com,090-9727-5206,神奈川県横浜市西区みなとみらい4丁目20番3号,横浜市西区,神奈川県,2200033,2024-02-07
559,岡田健一,岡田健一559@example.com,090-1711-9513,東京都千代田区丸の内8丁目25番2号,千代田区,東京都,1000006,2024-08-27
560,山田香織,山田香織560@outlook.com,090-6944-9345,大阪府大阪市中央区本町9丁目9番8号,大阪市中央区,大阪府,5410010,2024-12-25
561,鈴木慎一,鈴木慎一561@icloud.com,090-1062-7282,神奈川県横浜市中区本町4丁目3番7号,横浜市中区,神奈川県,2310016,2023-04-22
562,井上和也,井上和也562@example.com,090-5708-4264,愛知県名古屋市西区名駅10丁目12番9号,名古屋市西区,愛知県,4510015,2024-12-27
563,後藤さくら,後藤さくら563@gmail.com,090-4200-2917,神奈川県横浜市西区みなとみらい6丁目14番8号,横浜市西区,神奈川県,2200012,2023-03-04
564,前田太郎,前田太郎564@yahoo.co.jp,090-2122-7102,神奈川県横浜市中区本町8丁目5番10号,横浜市中区,神奈川県,2310016,2024-09-04
565,池田真由美,池田真由美565@outlook.com,090-1907-6042,埼玉県さいたま市浦和区高砂5丁目5番3号,さいたま市浦和区,埼玉県,3300023,2023-04-02
566,坂本雄一,坂本雄一566@icloud.com,090-8009-7838,北海道札幌市北区北6条西2丁目11番10号,札幌市北区,北海道,0600010,2024-10-19
567,藤井美穂,藤井美穂567@yahoo.co.jp,090-8085-2262,神奈川県横浜市西区みなとみらい9丁目25番6号,横浜市西区,神奈川県,2200004,2023-12-15
568,吉田雄一,吉田雄一568@icloud.com,090-2360-5637,埼玉県さいたま市大宮区大宮1丁目27番3号,さいたま市大宮区,埼玉県,3300026,2023-11-28
569,中村一郎,中村一郎569@example.com,090-8965-5463,神奈川県横浜市西区みなとみらい2丁目15番6号,横浜市西区,神奈川県,2200014,2024-03-16
570,田中恵子,田中恵子570@gmail.com,090-6432-5321,福岡県福岡市中央区天神2丁目22番8号,福岡市中央区,福岡県,8100037,2024-08-11
571,渡辺真由美,渡辺真由美571@gmail.com,090-6437-1815,東京都千代田区丸の内6丁目18番10号,千代田区,東京都,1000009,2023-08-25
572,吉田健一,吉田健一572@gmail.com,090-7893-1843,大阪府大阪市中央区本町10丁目29番3号,大阪市中央区,大阪府,5410004,2024-06-27
573,木村美香,木村美香573@outlook.com,090-5517-5254,兵庫県神戸市灘区灘南通2丁目5番4号,神戸市灘区,兵庫県,6570031,2023-05-26
574,山本直樹,山本直樹574@gmail.com,090-7406-9987,千葉県千葉市美浜区美浜3丁目20番10号,千葉市美浜区,千葉県,2610030,2023-05-04
575,前田健太,前田健太575@outlook.com,090-4799-8015,千葉県千葉市中央区中央7丁目2番4号,千葉市中央区,千葉県,2600025,2023-10-04
576,前田一郎,前田一郎576@icloud.com,090-2811-7768,千葉県千葉市中央区中央10丁目22番6号,千葉市中央区,千葉県,2600028,2023-04-08
577,藤井真由美,藤井真由美577@gmail.com,090-6531-7202,千葉県千葉市美浜区美浜4丁目28番5号,千葉市美浜区,千葉県,2610006,2024-11-23
578,長谷川誠,長谷川誠578@gmail.com,090-6607-8560,埼玉県さいたま市浦和区高砂9丁目16番5号,さいたま市浦和区,埼玉県,3300007,2023-09-07
579,池田優子,池田優子579@example.com,090-7508-6848,兵庫県神戸市灘区灘南通2丁目21番3号,神戸市灘区,兵庫県,6570024,2024-09-21
580,橋本美香,橋本美香580@icloud.com,090-3307-6458,東京都新宿区新宿1丁目4番7号,新宿区,東京都,1600011,2024-12-05
581,池田美咲,池田美咲581@outlook.com,090-3375-8122,北海道札幌市中央区北1条西4丁目22番4号,札幌市中央区,北海道,0600020,2023-09-27
582,山田和也,山田和也582@outlook.com,090-5959-7406,東京都千代田区丸の内7丁目10番8号,千代田区,東京都,1000019,2024-07-14
583,木村さくら,木村さくら583@yahoo.co.jp,090-8473-3895,神奈川県横浜市西区みなとみらい9丁目17番1号,横浜市西区,神奈川県,2200003,2024-11-01
584,小林翔太,小林翔太584@yahoo.co.jp,090-5811-4190,京都府京都市下京区四条通5丁目28番8号,京都市下京区,京都府,6000041,2024-05-29
585,山本麻衣,山本麻衣585@gmail.com,090-9170-5855,京都府京都市中京区烏丸通2丁目4番4号,京都市中京区,京都府,6040008,2024-08-19
586,田中美咲,田中美咲586@yahoo.co.jp,090-8175-6833,神奈川県横浜市中区本町8丁目14番4号,横浜市中区,神奈川県,2310034,2023-01-04
587,森田さくら,森田さくら587@example.com,090-7035-2156,千葉県千葉市中央区中央10丁目2番7号,千葉市中央区,千葉県,2600014,2024-06-07
588,橋本一郎,橋本一郎588@example.com,090-9259-6698,埼玉県さいたま市大宮区大宮7丁目29番10号,さいたま市大宮区,埼玉県,3300016,2024-12-11
589,長谷川翔太,長谷川翔太589@yahoo.co.jp,090-1423-6244,兵庫県神戸市中央区三宮町6丁目24番9号,神戸市中央区,兵庫県,6500008,2023-03-18
590,小林恵子,小林恵子590@yahoo.co.jp,090-5739-7325,福岡県福岡市博多区博多駅前8丁目21番2号,福岡市博多区,福岡県,8120007,2024-10-05
591,佐藤次郎,佐藤次郎591@example.com,090-8990-7536,埼玉県さいたま市浦和区高砂3丁目17番8号,さいたま市浦和区,埼玉県,3300023,2023-11-30
592,岡田正,岡田正592@gmail.com,090-8260-3088,東京都渋谷区渋谷5丁目7番4号,渋谷区,東京都,1500012,2023-02-19
593,渡辺千佳,渡辺千佳593@example.com,090-3647-2083,大阪府大阪市中央区本町6丁目25番4号,大阪市中央区,大阪府,5410014,2023-01-14
594,橋本愛,橋本愛594@outlook.com,090-2383-8995,神奈川県横浜市西区みなとみらい10丁目1番3号,横浜市西区,神奈川県,2200027,2023-06-08
595,加藤慎一,加藤慎一595@example.com,090-4167-5845,東京都新宿区新宿10丁目15番4号,新宿区,東京都,1600002,2023-01-07
596,石川誠,石川誠596@example.com,090-7811-1157,福岡県福岡市博多区博多駅前8丁目23番7号,福岡市博多区,福岡県,8120017,2023-12-02
597,長谷川麻衣,長谷川麻衣597@yahoo.co.jp,090-3344-3817,愛知県名古屋市西区名駅7丁目8番1号,名古屋市西区,愛知県,4510016,2023-02-15
598,中村麻衣,中村麻衣598@outlook.com,090-7984-2635,兵庫県神戸市中央区三宮町5丁目20番5号,神戸市中央区,兵庫県,6500026,2024-02-17
599,中村剛,中村剛599@example.com,090-2594-8625,神奈川県横浜市中区本町6丁目1番6号,横浜市中区,神奈川県,2310024,2024-04-17
600,鈴木恵子,鈴木恵子600@gmail.com,090-8095-1971,京都府京都市下京区四条通3丁目28番5号,京都市下京区,京都府,6000020,2023-04-14
601,山本誠,山本誠601@icloud.com,090-3462-2683,神奈川県横浜市西区みなとみらい8丁目14番1号,横浜市西区,神奈川県,2200026,2024-12-10
602,井上一郎,井上一郎602@gmail.com,090-8646-7194,千葉県千葉市中央区中央1丁目27番6号,千葉市中央区,千葉県,2600001,2024-04-16
603,長谷川和也,長谷川和也603@outlook.com,090-9680-5930,埼玉県さいたま市大宮区大宮8丁目13番2号,さいたま市大宮区,埼玉県,3300039,2024-07-09
604,高橋雄一,高橋雄一604@icloud.com,090-1134-9531,東京都新宿区新宿8丁目2番9号,新宿区,東京都,1600003,2024-11-20
605,渡辺真由美,渡辺真由美605@icloud.com,090-7013-6743,神奈川県横浜市西区みなとみらい5丁目22番9号,横浜市西区,神奈川県,2200030,2023-07-14
606,松本香織,松本香織606@example.com,090-9109-2636,東京都新宿区新宿4丁目16番10号,新宿区,東京都,1600012,2023-06-05
607,田中愛,田中愛607@icloud.com,090-6738-3185,埼玉県さいたま市大宮区大宮8丁目6番3号,さいたま市大宮区,埼玉県,3300031,2024-11-01
608,伊藤さくら,伊藤さくら608@yahoo.co.jp,090-6137-1636,愛知県名古屋市中区錦1丁目22番3号,名古屋市中区,愛知県,4600004,2023-05-08
609,加藤拓也,加藤拓也609@icloud.com,090-8366-9971,神奈川県横浜市中区本町6丁目27番1号,横浜市中区,神奈川県,2310012,2024-10-03
610,前田一郎,前田一郎610@yahoo.co.jp,090-4506-4824,愛知県名古屋市中区錦1丁目23番1号,名古屋市中区,愛知県,4600005,2024-07-27
611,遠藤達也,遠藤達也611@outlook.com,090-5675-6895,北海道札幌市北区北6条西6丁目27番10号,札幌市北区,北海道,0600013,2023-02-24
612,石川大輔,石川大輔612@outlook.com,090-1649-8566,愛知県名古屋市西区名駅9丁目18番10号,名古屋市西区,愛知県,4510032,2023-06-18
613,林拓也,林拓也613@example.com,090-4591-2600,神奈川県横浜市中区本町3丁目1番2号,横浜市中区,神奈川県,2310020,2024-03-09
614,森田大輔,森田大輔614@gmail.com,090-9635-8499,埼玉県さいたま市大宮区大宮1丁目27番2号,さいたま市大宮区,埼玉県,3300031,2024-08-10
615,山本直樹,山本直樹615@example.com,090-4178-2378,兵庫県神戸市灘区灘南通10丁目4番1号,神戸市灘区,兵庫県,6570008,2024-12-01
616,林亮,林亮616@gmail.com,090-3857-3363,北海道札幌市中央区北1条西7丁目1番2号,札幌市中央区,北海道,0600022,2024-07-27
617,佐藤剛,佐藤剛617@example.com,090-9830-3922,北海道札幌市北区北6条西3丁目7番4号,札幌市北区,北海道,0600034,2023-10-20
618,坂本千佳,坂本千佳618@outlook.com,090-6249-2343,京都府京都市下京区四条通1丁目14番8号,京都市下京区,京都府,6000024,2024-08-27
619,青木和也,青木和也619@icloud.com,090-3044-6155,愛知県名古屋市中区錦1丁目6番6号,名古屋市中区,愛知県,4600002,2023-06-24
620,山田麻衣,山田麻衣620@icloud.com,090-3972-9848,東京都千代田区丸の内4丁目5番2号,千代田区,東京都,1000019,2023-05-21
621,林香織,林香織621@example.com,090-8680-2406,千葉県千葉市中央区中央5丁目2番3号,千葉市中央区,千葉県,2600013,2023-09-02
622,橋本麻美,橋本麻美622@outlook.com,090-6652-7430,千葉県千葉市美浜区美浜5丁目22番3号,千葉市美浜区,千葉県,2610037,2024-12-10
623,池田次郎,池田次郎623@icloud.com,090-6107-1242,京都府京都市中京区烏丸通1丁目13番6号,京都市中京区,京都府,6040028,2023-06-09
624,鈴木亮,鈴木亮624@yahoo.co.jp,090-2027-7165,兵庫県神戸市灘区灘南通1丁目29番2号,神戸市灘区,兵庫県,6570004,2024-11-07
625,井上一郎,井上一郎625@yahoo.co.jp,090-4502-5804,兵庫県神戸市灘区灘南通6丁目10番9号,神戸市灘区,兵庫県,6570018,2024-08-27
626,近藤健一,近藤健一626@example.com,090-2474-5172,神奈川県横浜市西区みなとみらい8丁目20番2号,横浜市西区,神奈川県,2200021,2023-12-14
627,後藤さくら,後藤さくら627@yahoo.co.jp,090-1330-3196,京都府京都市下京区四条通9丁目13番4号,京都市下京区,京都府,6000021,2023-01-06
628,山本健太,山本健太628@yahoo.co.jp,090-4707-1300,福岡県福岡市博多区博多駅前7丁目6番4号,福岡市博多区,福岡県,8120004,2024-10-27
629,長谷川美咲,長谷川美咲629@example.com,090-2856-8672,大阪府大阪市中央区本町9丁目21番8号,大阪市中央区,大阪府,5410009,2024-05-01
630,田中雄一,田中雄一630@icloud.com,090-1189-5748,東京都千代田区丸の内8丁目17番6号,千代田区,東京都,1000017,2024-09-08
631,青木麻衣,青木麻衣631@example.com,090-2305-6991,愛知県名古屋市西区名駅3丁目29番7号,名古屋市西区,愛知県,4510017,2024-09-09
632,池田恵子,池田恵子632@yahoo.co.jp,090-3834-3184,京都府京都市中京区烏丸通9丁目29番5号,京都市中京区,京都府,6040014,2023-05-10
633,後藤直樹,後藤直樹633@example.com,090-1582-1037,北海道札幌市中央区北1条西2丁目7番5号,札幌市中央区,北海道,0600040,2024-01-06
634,鈴木愛,鈴木愛634@gmail.com,090-6648-1209,東京都渋谷区渋谷6丁目7番3号,渋谷区,東京都,1500001,2024-06-01
635,加藤直樹,加藤直樹635@gmail.com,090-8205-9664,千葉県千葉市美浜区美浜9丁目25番3号,千葉市美浜区,千葉県,2610015,2023-06-01
636,石川誠,石川誠636@example.com,090-8651-5516,埼玉県さいたま市大宮区大宮3丁目20番4号,さいたま市大宮区,埼玉県,3300005,2024-08-04
637,井上太郎,井上太郎637@yahoo.co.jp,090-9496-9600,神奈川県横浜市西区みなとみらい5丁目25番6号,横浜市西区,神奈川県,2200028,2024-02-17
638,藤井真由美,藤井真由美638@outlook.com,090-3412-1874,埼玉県さいたま市大宮区大宮2丁目5番3号,さいたま市大宮区,埼玉県,3300026,2023-02-05
639,林慎一,林慎一639@outlook.com,090-7224-2376,大阪府大阪市中央区本町6丁目2番9号,大阪市中央区,大阪府,5410021,2023-11-02
640,長谷川麻衣,長谷川麻衣640@outlook.com,090-1420-9430,神奈川県横浜市中区本町4丁目24番7号,横浜市中区,神奈川県,2310010,2023-06-17
641,佐藤千佳,佐藤千佳641@yahoo.co.jp,090-1946-6983,愛知県名古屋市西区名駅5丁目16番7号,名古屋市西区,愛知県,4510013,2024-01-30
642,岡田太郎,岡田太郎642@example.com,090-2171-8028,神奈川県横浜市中区本町10丁目23番7号,横浜市中区,神奈川県,2310034,2023-02-06
643,山本達也,山本達也643@example.com,090-8733-2441,北海道札幌市北区北6条西5丁目18番10号,札幌市北区,北海道,0600027,2024-01-07
644,岡田正,岡田正644@outlook.com,090-9584-4252,東京都渋谷区渋谷4丁目12番1号,渋谷区,東京都,1500019,2024-01-20
645,藤井雄一,藤井雄一645@icloud.com,090-2733-8410,兵庫県神戸市灘区灘南通9丁目6番4号,神戸市灘区,兵庫県,6570036,2023-02-04
646,井上麻衣,井上麻衣646@icloud.com,090-2781-5633,東京都千代田区丸の内4丁目25番5号,千代田区,東京都,1000016,2023-10-02
647,橋本麻美,橋本麻美647@example.com,090-4315-9721,神奈川県横浜市西区みなとみらい7丁目6番6号,横浜市西区,神奈川県,2200024,2024-07-26
648,石川三郎,石川三郎648@icloud.com,090-8060-6414,大阪府大阪市北区梅田8丁目8番5号,大阪市北区,大阪府,5300015,2023-08-14
649,松本雄一,松本雄一649@example.com,090-4783-2843,埼玉県さいたま市浦和区高砂8丁目26番10号,さいたま市浦和区,埼玉県,3300022,2024-05-22
650,石川直樹,石川直樹650@outlook.com,090-8392-2449,北海道札幌市中央区北1条西6丁目25番5号,札幌市中央区,北海道,0600003,2024-03-01
651,橋本優子,橋本優子651@icloud.com,090-8354-8201,千葉県千葉市中央区中央3丁目9番9号,千葉市中央区,千葉県,2600014,2023-06-22
652,鈴木大輔,鈴木大輔652@gmail.com,090-2818-4268,東京都新宿区新宿5丁目25番4号,新宿区,東京都,1600008,2023-12-30
653,吉田麻美,吉田麻美653@example.com,090-9699-9105,神奈川県横浜市中区本町2丁目30番4号,横浜市中区,神奈川県,2310005,2023-02-05
654,藤井優子,藤井優子654@icloud.com,090-5524-8245,神奈川県横浜市西区みなとみらい9丁目14番9号,横浜市西区,神奈川県,2200030,2023-06-29
655,岡田雄一,岡田雄一655@gmail.com,090-8267-9025,福岡県福岡市中央区天神8丁目10番5号,福岡市中央区,福岡県,8100011,2023-03-10
656,鈴木真由美,鈴木真由美656@outlook.com,090-1008-1262,愛知県名古屋市西区名駅1丁目26番9号,名古屋市西区,愛知県,4510029,2024-08-26
657,遠藤健太,遠藤健太657@gmail.com,090-9846-8703,東京都渋谷区渋谷10丁目18番2号,渋谷区,東京都,1500033,2023-08-19
658,橋本健一,橋本健一658@outlook.com,090-5151-5643,埼玉県さいたま市浦和区高砂8丁目28番8号,さいたま市浦和区,埼玉県,3300001,2024-05-07
659,吉田翔太,吉田翔太659@gmail.com,090-9509-8116,東京都千代田区丸の内8丁目2番3号,千代田区,東京都,1000013,2023-08-26
660,池田慎一,池田慎一660@yahoo.co.jp,090-1224-3849,大阪府大阪市中央区本町5丁目13番6号,大阪市中央区,大阪府,5410038,2024-02-13
661,佐藤亮,佐藤亮661@outlook.com,090-2334-3582,大阪府大阪市中央区本町9丁目9番7号,大阪市中央区,大阪府,5410008,2023-01-27
662,松本達也,松本達也662@outlook.com,090-2406-9881,愛知県名古屋市中区錦4丁目15番10号,名古屋市中区,愛知県,4600006,2023-02-08
663,小林花子,小林花子663@yahoo.co.jp,090-5838-5167,福岡県福岡市中央区天神9丁目27番1号,福岡市中央区,福岡県,8100030,2024-09-07
664,小林剛,小林剛664@gmail.com,090-9574-6375,大阪府大阪市北区梅田9丁目14番10号,大阪市北区,大阪府,5300021,2024-03-17
665,坂本大輔,坂本大輔665@icloud.com,090-7883-3077,神奈川県横浜市西区みなとみらい2丁目26番6号,横浜市西区,神奈川県,2200003,2024-01-25
666,林正,林正666@icloud.com,090-7121-4710,千葉県千葉市中央区中央2丁目27番7号,千葉市中央区,千葉県,2600017,2024-10-06
667,青木亮,青木亮667@icloud.com,090-5644-9202,東京都千代田区丸の内9丁目25番6号,千代田区,東京都,1000018,2023-05-07
668,中村香織,中村香織668@icloud.com,090-6795-6081,神奈川県横浜市中区本町2丁目16番8号,横浜市中区,神奈川県,2310011,2023-11-25
669,青木さくら,青木さくら669@gmail.com,090-7990-3712,東京都新宿区新宿9丁目1番10号,新宿区,東京都,1600006,2023-05-17
670,前田麻美,前田麻美670@icloud.com,090-4178-5953,北海道札幌市中央区北1条西3丁目18番10号,札幌市中央区,北海道,0600020,2024-03-18
671,石川真由美,石川真由美671@icloud.com,090-3227-7191,神奈川県横浜市西区みなとみらい5丁目14番1号,横浜市西区,神奈川県,2200017,2023-02-18
672,加藤亮,加藤亮672@icloud.com,090-7164-6471,東京都千代田区丸の内1丁目4番1号,千代田区,東京都,1000015,2023-09-18
673,佐藤健太,佐藤健太673@yahoo.co.jp,090-3850-5190,東京都渋谷区渋谷1丁目28番5号,渋谷区,東京都,1500014,2023-01-06
674,石川剛,石川剛674@icloud.com,090-4021-1482,神奈川県横浜市中区本町7丁目23番4号,横浜市中区,神奈川県,2310023,2023-05-31
675,長谷川美咲,長谷川美咲675@gmail.com,090-3326-3932,北海道札幌市中央区北1条西2丁目7番7号,札幌市中央区,北海道,0600022,2024-09-05
676,木村誠,木村誠676@icloud.com,090-5641-9025,北海道札幌市中央区北1条西7丁目2番10号,札幌市中央区,北海道,0600030,2024-12-29
677,佐藤慎一,佐藤慎一677@example.com,090-9985-7826,北海道札幌市北区北6条西5丁目12番6号,札幌市北区,北海道,0600026,2024-05-20
678,渡辺三郎,渡辺三郎678@yahoo.co.jp,090-8691-8522,大阪府大阪市北区梅田10丁目25番4号,大阪市北区,大阪府,5300016,2023-04-01
679,小林雄一,小林雄一679@gmail.com,090-6380-1095,愛知県名古屋市中区錦1丁目24番1号,名古屋市中区,愛知県,4600008,2023-05-14
680,岡田誠,岡田誠680@gmail.com,090-9663-2678,兵庫県神戸市中央区三宮町4丁目18番7号,神戸市中央区,兵庫県,6500024,2023-12-07
681,藤井大輔,藤井大輔681@example.com,090-9921-6768,神奈川県横浜市中区本町9丁目25番6号,横浜市中区,神奈川県,2310025,2024-03-30
682,近藤雄一,近藤雄一682@gmail.com,090-8659-7274,東京都新宿区新宿6丁目1番2号,新宿区,東京都,1600016,2024-06-27
683,林真由美,林真由美683@example.com,090-1850-7482,兵庫県神戸市灘区灘南通7丁目10番4号,神戸市灘区,兵庫県,6570030,2023-07-23
684,長谷川一郎,長谷川一郎684@outlook.com,090-4206-3225,大阪府大阪市北区梅田1丁目6番9号,大阪市北区,大阪府,5300018,2023-06-26
685,岡田香織,岡田香織685@example.com,090-9840-8408,福岡県福岡市中央区天神8丁目7番4号,福岡市中央区,福岡県,8100029,2023-11-16
686,前田美咲,前田美咲686@yahoo.co.jp,090-1028-5932,京都府京都市中京区烏丸通3丁目26番3号,京都市中京区,京都府,6040001,2024-09-19
687,池田翔太,池田翔太687@gmail.com,090-7256-8118,千葉県千葉市中央区中央2丁目18番9号,千葉市中央区,千葉県,2600019,2024-06-15
688,長谷川大輔,長谷川大輔688@example.com,090-8896-1202,大阪府大阪市北区梅田4丁目1番7号,大阪市北区,大阪府,5300017,2024-05-25
689,森田雄一,森田雄一689@icloud.com,090-5086-9367,大阪府大阪市中央区本町4丁目3番1号,大阪市中央区,大阪府,5410017,2024-04-10
690,高橋恵子,高橋恵子690@gmail.com,090-8834-6486,愛知県名古屋市西区名駅3丁目14番8号,名古屋市西区,愛知県,4510006,2023-04-19
691,橋本千佳,橋本千佳691@yahoo.co.jp,090-8743-2063,大阪府大阪市中央区本町5丁目21番1号,大阪市中央区,大阪府,5410038,2024-09-15
692,吉田大輔,吉田大輔692@gmail.com,090-8242-5712,北海道札幌市北区北6条西5丁目12番10号,札幌市北区,北海道,0600013,2023-04-16
693,佐藤大輔,佐藤大輔693@example.com,090-8457-9253,愛知県名古屋市中区錦1丁目1番1号,名古屋市中区,愛知県,4600008,2024-09-02
694,坂本由美,坂本由美694@example.com,090-6709-3543,神奈川県横浜市中区本町4丁目26番1号,横浜市中区,神奈川県,2310001,2023-04-01
695,坂本智子,坂本智子695@gmail.com,090-8390-7951,北海道札幌市中央区北1条西1丁目30番1号,札幌市中央区,北海道,0600019,2023-09-21
696,藤原由美,藤原由美696@example.com,090-7034-9984,埼玉県さいたま市浦和区高砂5丁目5番6号,さいたま市浦和区,埼玉県,3300017,2023-01-05
697,高橋由美,高橋由美697@icloud.com,090-9122-5051,北海道札幌市中央区北1条西3丁目14番6号,札幌市中央区,北海道,0600029,2024-11-21
698,加藤次郎,加藤次郎698@outlook.com,090-2385-6339,埼玉県さいたま市大宮区大宮3丁目3番6号,さいたま市大宮区,埼玉県,3300017,2024-05-29
699,後藤慎一,後藤慎一699@icloud.com,090-8204-3122,兵庫県神戸市中央区三宮町3丁目15番9号,神戸市中央区,兵庫県,6500017,2023-06-04
700,後藤由美,後藤由美700@gmail.com,090-9894-2256,大阪府大阪市中央区本町1丁目14番1号,大阪市中央区,大阪府,5410002,2023-06-11
701,高橋真由美,高橋真由美701@icloud.com,090-4521-9697,京都府京都市中京区烏丸通1丁目20番9号,京都市中京区,京都府,6040021,2023-04-01
702,森田由美子,森田由美子702@gmail.com,090-2818-4961,兵庫県神戸市中央区三宮町8丁目18番9号,神戸市中央区,兵庫県,6500015,2023-02-13
703,中村大輔,中村大輔703@gmail.com,090-5466-4208,北海道札幌市中央区北1条西10丁目14番2号,札幌市中央区,北海道,0600030,2023-10-01
704,田中雄一,田中雄一704@yahoo.co.jp,090-8837-5082,埼玉県さいたま市浦和区高砂6丁目4番1号,さいたま市浦和区,埼玉県,3300005,2024-06-23
705,後藤美穂,後藤美穂705@icloud.com,090-7884-3661,北海道札幌市北区北6条西6丁目6番3号,札幌市北区,北海道,0600029,2024-01-05
706,山本太郎,山本太郎706@outlook.com,090-6044-8075,千葉県千葉市中央区中央4丁目17番1号,千葉市中央区,千葉県,2600020,2024-02-22
707,山本正,山本正707@example.com,090-8802-3013,兵庫県神戸市灘区灘南通10丁目14番1号,神戸市灘区,兵庫県,6570036,2023-10-04
708,佐藤恵子,佐藤恵子708@example.com,090-9738-8596,東京都千代田区丸の内9丁目18番5号,千代田区,東京都,1000017,2023-04-25
709,小林誠,小林誠709@outlook.com,090-3123-6782,京都府京都市中京区烏丸通7丁目7番10号,京都市中京区,京都府,6040028,2024-10-21
710,森田次郎,森田次郎710@yahoo.co.jp,090-2759-3821,大阪府大阪市北区梅田7丁目26番1号,大阪市北区,大阪府,5300016,2023-01-10
711,岡田剛,岡田剛711@yahoo.co.jp,090-8203-5856,兵庫県神戸市中央区三宮町6丁目10番7号,神戸市中央区,兵庫県,6500003,2024-03-15
712,藤井美香,藤井美香712@icloud.com,090-6771-4713,埼玉県さいたま市浦和区高砂4丁目9番8号,さいたま市浦和区,埼玉県,3300016,2024-10-16
713,池田由美子,池田由美子713@icloud.com,090-2385-7978,愛知県名古屋市西区名駅5丁目15番5号,名古屋市西区,愛知県,4510004,2024-07-22
714,岡田翔太,岡田翔太714@outlook.com,090-8850-7603,東京都渋谷区渋谷10丁目15番6号,渋谷区,東京都,1500017,2024-11-21
715,小林三郎,小林三郎715@outlook.com,090-3002-5989,埼玉県さいたま市浦和区高砂9丁目28番1号,さいたま市浦和区,埼玉県,3300005,2023-08-15
716,渡辺麻衣,渡辺麻衣716@yahoo.co.jp,090-2485-1890,京都府京都市中京区烏丸通6丁目23番7号,京都市中京区,京都府,6040009,2024-03-10
717,高橋千佳,高橋千佳717@yahoo.co.jp,090-3233-2928,千葉県千葉市中央区中央10丁目15番10号,千葉市中央区,千葉県,2600011,2024-10-03
718,斎藤麻衣,斎藤麻衣718@example.com,090-4743-9048,福岡県福岡市博多区博多駅前1丁目20番6号,福岡市博多区,福岡県,8120003,2023-02-21
719,山本直樹,山本直樹719@icloud.com,090-8146-3153,神奈川県横浜市西区みなとみらい9丁目10番8号,横浜市西区,神奈川県,2200027,2024-10-21
720,森田さくら,森田さくら720@yahoo.co.jp,090-9322-5602,京都府京都市中京区烏丸通6丁目30番7号,京都市中京区,京都府,6040027,2024-12-11
721,吉田太郎,吉田太郎721@yahoo.co.jp,090-8231-8558,東京都渋谷区渋谷1丁目27番10号,渋谷区,東京都,1500031,2024-04-05
722,吉田達也,吉田達也722@yahoo.co.jp,090-6649-8910,京都府京都市下京区四条通10丁目15番3号,京都市下京区,京都府,6000027,2023-12-29
723,吉田和也,吉田和也723@outlook.com,090-9727-8155,福岡県福岡市中央区天神5丁目8番10号,福岡市中央区,福岡県,8100010,2024-10-18
724,松本拓也,松本拓也724@outlook.com,090-4171-5174,福岡県福岡市中央区天神3丁目15番1号,福岡市中央区,福岡県,8100037,2024-11-27
725,池田一郎,池田一郎725@gmail.com,090-5629-4316,埼玉県さいたま市浦和区高砂2丁目26番4号,さいたま市浦和区,埼玉県,3300022,2024-11-17
726,伊藤由美子,伊藤由美子726@gmail.com,090-1030-9934,北海道札幌市北区北6条西3丁目29番4号,札幌市北区,北海道,0600036,2023-12-09
727,山本誠,山本誠727@icloud.com,090-2235-7521,京都府京都市下京区四条通2丁目16番1号,京都市下京区,京都府,6000010,2024-10-16
728,高橋麻美,高橋麻美728@gmail.com,090-8705-3594,京都府京都市中京区烏丸通2丁目10番6号,京都市中京区,京都府,6040034,2023-05-30
729,鈴木剛,鈴木剛729@example.com,090-2774-1058,神奈川県横浜市中区本町3丁目20番6号,横浜市中区,神奈川県,2310022,2023-03-06
730,橋本翔太,橋本翔太730@example.com,090-2590-4990,神奈川県横浜市中区本町2丁目15番8号,横浜市中区,神奈川県,2310011,2023-07-17
731,前田さくら,前田さくら731@example.com,090-5733-9784,京都府京都市下京区四条通3丁目6番5号,京都市下京区,京都府,6000032,2023-10-22
732,渡辺健太,渡辺健太732@gmail.com,090-7349-8253,大阪府大阪市北区梅田7丁目19番5号,大阪市北区,大阪府,5300017,2024-06-22
733,小林亮,小林亮733@yahoo.co.jp,090-2191-2542,千葉県千葉市美浜区美浜3丁目25番10号,千葉市美浜区,千葉県,2610026,2023-04-03
734,近藤剛,近藤剛734@yahoo.co.jp,090-9913-3515,京都府京都市下京区四条通2丁目24番4号,京都市下京区,京都府,6000029,2023-11-03
735,藤原健一,藤原健一735@outlook.com,090-3910-1996,千葉県千葉市美浜区美浜2丁目22番1号,千葉市美浜区,千葉県,2610023,2023-07-08
736,村上大輔,村上大輔736@gmail.com,090-9918-8986,東京都渋谷区渋谷1丁目11番9号,渋谷区,東京都,1500013,2023-04-06
737,山本三郎,山本三郎737@gmail.com,090-1627-9128,大阪府大阪市北区梅田9丁目3番9号,大阪市北区,大阪府,5300013,2023-10-24
738,山田真由美,山田真由美738@gmail.com,090-4086-4126,北海道札幌市北区北6条西10丁目29番8号,札幌市北区,北海道,0600018,2023-04-09
739,高橋美咲,高橋美咲739@outlook.com,090-3605-3274,京都府京都市下京区四条通6丁目19番2号,京都市下京区,京都府,6000019,2024-02-20
740,井上誠,井上誠740@icloud.com,090-4044-3251,東京都新宿区新宿7丁目13番4号,新宿区,東京都,1600003,2023-07-06
741,鈴木翔太,鈴木翔太741@yahoo.co.jp,090-3730-2187,大阪府大阪市北区梅田4丁目10番3号,大阪市北区,大阪府,5300008,2024-07-25
742,林麻美,林麻美742@gmail.com,090-7887-8526,神奈川県横浜市中区本町2丁目7番5号,横浜市中区,神奈川県,2310006,2023-12-01
743,近藤美穂,近藤美穂743@yahoo.co.jp,090-2973-1820,埼玉県さいたま市浦和区高砂5丁目14番2号,さいたま市浦和区,埼玉県,3300012,2024-10-13
744,池田一郎,池田一郎744@gmail.com,090-7456-7952,北海道札幌市北区北6条西5丁目18番5号,札幌市北区,北海道,0600016,2024-11-30
745,前田恵子,前田恵子745@example.com,090-2648-1039,神奈川県横浜市中区本町6丁目9番5号,横浜市中区,神奈川県,2310021,2023-06-14
746,林愛,林愛746@yahoo.co.jp,090-1477-7767,兵庫県神戸市中央区三宮町7丁目29番7号,神戸市中央区,兵庫県,6500026,2024-10-09
747,村上正,村上正747@yahoo.co.jp,090-7503-8574,兵庫県神戸市灘区灘南通4丁目23番4号,神戸市灘区,兵庫県,6570033,2023-06-22
748,前田さくら,前田さくら748@icloud.com,090-5441-5727,千葉県千葉市美浜区美浜7丁目25番4号,千葉市美浜区,千葉県,2610034,2024-11-22
749,渡辺和也,渡辺和也749@outlook.com,090-5992-7311,東京都新宿区新宿8丁目11番7号,新宿区,東京都,1600011,2024-11-04
750,青木剛,青木剛750@yahoo.co.jp,090-8065-6173,京都府京都市下京区四条通9丁目15番5号,京都市下京区,京都府,6000002,2023-01-24
751,橋本香織,橋本香織751@yahoo.co.jp,090-4959-8630,兵庫県神戸市灘区灘南通1丁目4番5号,神戸市灘区,兵庫県,6570008,2024-09-30
752,小林雄一,小林雄一752@icloud.com,090-9980-6576,兵庫県神戸市中央区三宮町1丁目28番2号,神戸市中央区,兵庫県,6500013,2023-08-21
753,鈴木恵子,鈴木恵子753@icloud.com,090-2448-5297,大阪府大阪市中央区本町7丁目3番6号,大阪市中央区,大阪府,5410020,2024-04-10
754,後藤三郎,後藤三郎754@outlook.com,090-3590-1728,兵庫県神戸市中央区三宮町8丁目29番7号,神戸市中央区,兵庫県,6500004,2024-04-10
755,松本由美子,松本由美子755@yahoo.co.jp,090-3897-2930,大阪府大阪市北区梅田4丁目5番9号,大阪市北区,大阪府,5300001,2023-04-04
756,長谷川恵子,長谷川恵子756@outlook.com,090-2057-5866,京都府京都市中京区烏丸通4丁目12番1号,京都市中京区,京都府,6040024,2023-10-17
757,青木智子,青木智子757@example.com,090-7136-2673,大阪府大阪市北区梅田9丁目19番3号,大阪市北区,大阪府,5300008,2023-11-20
758,長谷川和也,長谷川和也758@icloud.com,090-4113-8407,北海道札幌市中央区北1条西3丁目9番5号,札幌市中央区,北海道,0600027,2023-11-22
759,藤原三郎,藤原三郎759@example.com,090-5150-9374,千葉県千葉市中央区中央7丁目24番1号,千葉市中央区,千葉県,2600035,2024-03-01
760,田中三郎,田中三郎760@outlook.com,090-4281-8339,大阪府大阪市北区梅田9丁目19番1号,大阪市北区,大阪府,5300016,2023-01-09
761,加藤健太,加藤健太761@outlook.com,090-2719-4538,東京都千代田区丸の内6丁目18番9号,千代田区,東京都,1000013,2024-05-07
762,林直樹,林直樹762@example.com,090-5221-6201,大阪府大阪市北区梅田6丁目7番1号,大阪市北区,大阪府,5300019,2023-04-14
763,後藤優子,後藤優子763@icloud.com,090-5083-2476,北海道札幌市北区北6条西4丁目1番4号,札幌市北区,北海道,0600014,2023-05-06
764,佐藤由美子,佐藤由美子764@gmail.com,090-1867-9435,大阪府大阪市北区梅田9丁目22番3号,大阪市北区,大阪府,5300011,2024-12-05
765,高橋三郎,高橋三郎765@icloud.com,090-9296-7507,千葉県千葉市美浜区美浜3丁目25番5号,千葉市美浜区,千葉県,2610016,2023-02-03
766,鈴木慎一,鈴木慎一766@yahoo.co.jp,090-7904-5492,愛知県名古屋市中区錦2丁目17番10号,名古屋市中区,愛知県,4600003,2023-02-23
767,森田直樹,森田直樹767@outlook.com,090-5551-6453,大阪府大阪市中央区本町9丁目26番9号,大阪市中央区,大阪府,5410020,2023-04-10
768,中村健太,中村健太768@icloud.com,090-4438-8520,北海道札幌市中央区北1条西6丁目19番10号,札幌市中央区,北海道,0600010,2024-03-17
769,伊藤健一,伊藤健一769@icloud.com,090-5763-4688,千葉県千葉市中央区中央9丁目1番4号,千葉市中央区,千葉県,2600010,2023-02-17
770,山田優子,山田優子770@example.com,090-2670-9823,神奈川県横浜市中区本町9丁目17番3号,横浜市中区,神奈川県,2310001,2024-12-15
771,岡田和也,岡田和也771@icloud.com,090-3048-1573,北海道札幌市北区北6条西10丁目17番4号,札幌市北区,北海道,0600003,2024-02-18
772,岡田麻衣,岡田麻衣772@yahoo.co.jp,090-8621-7255,東京都渋谷区渋谷5丁目19番3号,渋谷区,東京都,1500020,2024-07-12
773,中村恵子,中村恵子773@gmail.com,090-4161-3397,北海道札幌市北区北6条西5丁目23番1号,札幌市北区,北海道,0600031,2023-07-06
774,松本由美子,松本由美子774@outlook.com,090-6298-9144,埼玉県さいたま市大宮区大宮10丁目3番5号,さいたま市大宮区,埼玉県,3300012,2023-05-01
775,前田太郎,前田太郎775@gmail.com,090-9120-8247,愛知県名古屋市中区錦5丁目21番8号,名古屋市中区,愛知県,4600004,2024-11-01
776,藤井花子,藤井花子776@yahoo.co.jp,090-8121-7867,東京都千代田区丸の内3丁目23番6号,千代田区,東京都,1000001,2024-11-05
777,遠藤香織,遠藤香織777@gmail.com,090-8752-1004,兵庫県神戸市灘区灘南通8丁目24番7号,神戸市灘区,兵庫県,6570040,2024-12-03
778,林剛,林剛778@icloud.com,090-7039-5420,北海道札幌市北区北6条西1丁目30番8号,札幌市北区,北海道,0600035,2024-11-15
779,鈴木誠,鈴木誠779@yahoo.co.jp,090-6996-4528,埼玉県さいたま市浦和区高砂5丁目16番10号,さいたま市浦和区,埼玉県,3300041,2023-01-05
780,松本美香,松本美香780@example.com,090-4168-4667,北海道札幌市中央区北1条西3丁目16番5号,札幌市中央区,北海道,0600019,2024-04-24
781,井上雄一,井上雄一781@yahoo.co.jp,090-8649-4512,埼玉県さいたま市浦和区高砂2丁目20番2号,さいたま市浦和区,埼玉県,3300027,2023-03-17
782,木村由美,木村由美782@icloud.com,090-3438-6124,千葉県千葉市中央区中央5丁目4番10号,千葉市中央区,千葉県,2600005,2024-01-21
783,小林健一,小林健一783@outlook.com,090-9390-6836,埼玉県さいたま市大宮区大宮5丁目27番5号,さいたま市大宮区,埼玉県,3300021,2023-10-27
784,木村真由美,木村真由美784@icloud.com,090-7612-5355,愛知県名古屋市西区名駅10丁目28番10号,名古屋市西区,愛知県,4510007,2023-04-16
785,村上一郎,村上一郎785@outlook.com,090-5078-6012,京都府京都市下京区四条通6丁目16番8号,京都市下京区,京都府,6000019,2024-01-13
786,中村和也,中村和也786@icloud.com,090-1466-3308,兵庫県神戸市灘区灘南通7丁目5番5号,神戸市灘区,兵庫県,6570039,2024-02-15
787,後藤次郎,後藤次郎787@outlook.com,090-4523-3606,兵庫県神戸市灘区灘南通2丁目11番2号,神戸市灘区,兵庫県,6570006,2024-11-28
788,前田慎一,前田慎一788@icloud.com,090-3488-7032,京都府京都市中京区烏丸通5丁目24番8号,京都市中京区,京都府,6040006,2023-07-02
789,坂本太郎,坂本太郎789@outlook.com,090-3953-3198,千葉県千葉市美浜区美浜3丁目11番4号,千葉市美浜区,千葉県,2610013,2024-02-05
790,坂本一郎,坂本一郎790@icloud.com,090-3191-7404,兵庫県神戸市中央区三宮町9丁目10番10号,神戸市中央区,兵庫県,6500020,2024-06-18
791,池田剛,池田剛791@gmail.com,090-8987-3269,福岡県福岡市中央区天神1丁目9番5号,福岡市中央区,福岡県,8100037,2023-02-09
792,木村太郎,木村太郎792@yahoo.co.jp,090-3803-3807,埼玉県さいたま市浦和区高砂1丁目11番5号,さいたま市浦和区,埼玉県,3300034,2023-08-20
793,村上正,村上正793@gmail.com,090-8157-9322,大阪府大阪市中央区本町2丁目19番6号,大阪市中央区,大阪府,5410005,2023-07-26
794,森田健太,森田健太794@example.com,090-1467-8341,福岡県福岡市中央区天神10丁目7番4号,福岡市中央区,福岡県,8100030,2024-01-29
795,前田優子,前田優子795@example.com,090-2426-6018,埼玉県さいたま市浦和区高砂2丁目2番1号,さいたま市浦和区,埼玉県,3300027,2024-09-18
796,長谷川千佳,長谷川千佳796@icloud.com,090-3702-5826,北海道札幌市中央区北1条西6丁目8番4号,札幌市中央区,北海道,0600013,2024-09-04
797,遠藤慎一,遠藤慎一797@example.com,090-7390-8152,埼玉県さいたま市浦和区高砂9丁目16番1号,さいたま市浦和区,埼玉県,3300029,2023-02-28
798,長谷川大輔,長谷川大輔798@gmail.com,090-8857-8824,千葉県千葉市美浜区美浜5丁目12番8号,千葉市美浜区,千葉県,2610001,2023-04-23
799,近藤智子,近藤智子799@icloud.com,090-1680-7685,福岡県福岡市博多区博多駅前8丁目3番9号,福岡市博多区,福岡県,8120009,2024-05-24
800,井上亮,井上亮800@icloud.com,090-1053-3953,神奈川県横浜市西区みなとみらい3丁目1番1号,横浜市西区,神奈川県,2200002,2024-01-08
801,藤井次郎,藤井次郎801@icloud.com,090-8422-9368,北海道札幌市北区北6条西8丁目7番10号,札幌市北区,北海道,0600003,2023-08-07
802,中村拓也,中村拓也802@outlook.com,090-2864-9088,大阪府大阪市北区梅田10丁目26番2号,大阪市北区,大阪府,5300016,2023-05-17
803,吉田誠,吉田誠803@outlook.com,090-6102-4029,神奈川県横浜市中区本町7丁目29番2号,横浜市中区,神奈川県,2310031,2024-07-27
804,中村和也,中村和也804@icloud.com,090-9633-7665,大阪府大阪市北区梅田3丁目8番4号,大阪市北区,大阪府,5300008,2024-09-08
805,坂本千佳,坂本千佳805@gmail.com,090-6546-1331,東京都渋谷区渋谷3丁目12番1号,渋谷区,東京都,1500016,2024-09-07
806,藤井直樹,藤井直樹806@gmail.com,090-5605-1907,埼玉県さいたま市大宮区大宮10丁目29番6号,さいたま市大宮区,埼玉県,3300030,2024-12-18
807,青木太郎,青木太郎807@example.com,090-5938-9829,北海道札幌市北区北6条西5丁目26番4号,札幌市北区,北海道,0600040,2024-04-19
808,後藤健太,後藤健太808@yahoo.co.jp,090-4802-5966,愛知県名古屋市中区錦1丁目6番7号,名古屋市中区,愛知県,4600003,2023-04-09
809,後藤剛,後藤剛809@outlook.com,090-3121-8212,福岡県福岡市博多区博多駅前7丁目16番4号,福岡市博多区,福岡県,8120012,2024-07-01
810,田中亮,田中亮810@yahoo.co.jp,090-6007-8564,福岡県福岡市博多区博多駅前1丁目9番3号,福岡市博多区,福岡県,8120015,2024-01-09
811,青木一郎,青木一郎811@yahoo.co.jp,090-5332-4361,京都府京都市下京区四条通2丁目8番8号,京都市下京区,京都府,6000028,2023-10-19
812,伊藤和也,伊藤和也812@example.com,090-9637-7992,東京都新宿区新宿1丁目30番2号,新宿区,東京都,1600008,2024-07-25
813,鈴木美香,鈴木美香813@example.com,090-5836-6763,京都府京都市下京区四条通4丁目26番4号,京都市下京区,京都府,6000019,2023-08-18
814,加藤花子,加藤花子814@example.com,090-7354-7367,福岡県福岡市中央区天神1丁目29番9号,福岡市中央区,福岡県,8100011,2023-12-13
815,加藤大輔,加藤大輔815@yahoo.co.jp,090-1123-6481,愛知県名古屋市中区錦3丁目17番8号,名古屋市中区,愛知県,4600007,2023-03-22
816,山田翔太,山田翔太816@gmail.com,090-6036-6611,千葉県千葉市中央区中央9丁目19番2号,千葉市中央区,千葉県,2600008,2024-10-18
817,高橋健太,高橋健太817@icloud.com,090-8841-2473,東京都新宿区新宿6丁目7番5号,新宿区,東京都,1600010,2024-09-11
818,加藤雄一,加藤雄一818@outlook.com,090-4091-5106,兵庫県神戸市灘区灘南通5丁目9番8号,神戸市灘区,兵庫県,6570038,2023-07-27
819,坂本雄一,坂本雄一819@example.com,090-8950-2231,兵庫県神戸市中央区三宮町1丁目19番7号,神戸市中央区,兵庫県,6500030,2024-03-21
820,後藤優子,後藤優子820@yahoo.co.jp,090-5813-6804,大阪府大阪市中央区本町10丁目9番6号,大阪市中央区,大阪府,5410019,2023-11-08
821,木村恵子,木村恵子821@example.com,090-9040-2994,愛知県名古屋市西区名駅5丁目26番10号,名古屋市西区,愛知県,4510015,2023-03-05
822,藤井美穂,藤井美穂822@outlook.com,090-4779-2596,大阪府大阪市北区梅田9丁目9番5号,大阪市北区,大阪府,5300013,2024-12-24
823,小林美香,小林美香823@outlook.com,090-3680-8350,北海道札幌市中央区北1条西2丁目20番4号,札幌市中央区,北海道,0600028,2024-03-21
824,藤原由美,藤原由美824@yahoo.co.jp,090-2496-9851,神奈川県横浜市中区本町4丁目12番10号,横浜市中区,神奈川県,2310013,2024-08-21
825,吉田誠,吉田誠825@gmail.com,090-3367-1779,東京都千代田区丸の内4丁目18番4号,千代田区,東京都,1000003,2024-11-23
826,森田翔太,森田翔太826@example.com,090-2854-4414,京都府京都市中京区烏丸通1丁目4番10号,京都市中京区,京都府,6040013,2023-12-12
827,山本慎一,山本慎一827@outlook.com,090-3310-4089,京都府京都市中京区烏丸通10丁目5番4号,京都市中京区,京都府,6040001,2023-09-14
828,石川智子,石川智子828@icloud.com,090-1756-9619,千葉県千葉市中央区中央2丁目13番7号,千葉市中央区,千葉県,2600031,2024-03-03
829,井上麻衣,井上麻衣829@gmail.com,090-4786-3170,神奈川県横浜市中区本町6丁目14番8号,横浜市中区,神奈川県,2310033,2023-09-01
830,木村美穂,木村美穂830@icloud.com,090-4146-1315,北海道札幌市中央区北1条西9丁目26番1号,札幌市中央区,北海道,0600040,2024-06-23
831,中村直樹,中村直樹831@outlook.com,090-5433-8247,京都府京都市下京区四条通4丁目28番7号,京都市下京区,京都府,6000002,2023-04-19
832,高橋誠,高橋誠832@icloud.com,090-3369-1415,大阪府大阪市中央区本町9丁目24番3号,大阪市中央区,大阪府,5410015,2024-10-31
833,藤原正,藤原正833@example.com,090-4738-7291,京都府京都市中京区烏丸通2丁目5番8号,京都市中京区,京都府,6040025,2024-09-03
834,池田誠,池田誠834@example.com,090-3771-2776,千葉県千葉市中央区中央7丁目5番8号,千葉市中央区,千葉県,2600032,2023-11-01
835,池田真由美,池田真由美835@yahoo.co.jp,090-3999-2820,北海道札幌市中央区北1条西1丁目22番8号,札幌市中央区,北海道,0600002,2024-03-22
836,木村愛,木村愛836@gmail.com,090-6549-5991,埼玉県さいたま市大宮区大宮10丁目24番7号,さいたま市大宮区,埼玉県,3300027,2023-05-08
837,近藤花子,近藤花子837@example.com,090-2710-1226,東京都渋谷区渋谷9丁目12番7号,渋谷区,東京都,1500008,2023-09-09
838,山本剛,山本剛838@gmail.com,090-5147-3188,福岡県福岡市博多区博多駅前10丁目27番9号,福岡市博多区,福岡県,8120013,2023-04-30
839,橋本翔太,橋本翔太839@gmail.com,090-9381-8213,兵庫県神戸市灘区灘南通10丁目9番5号,神戸市灘区,兵庫県,6570026,2024-05-10
840,小林智子,小林智子840@yahoo.co.jp,090-4722-7608,福岡県福岡市博多区博多駅前1丁目29番5号,福岡市博多区,福岡県,8120020,2024-04-30
841,木村達也,木村達也841@icloud.com,090-8542-8541,神奈川県横浜市中区本町2丁目30番9号,横浜市中区,神奈川県,2310015,2024-01-22
842,岡田拓也,岡田拓也842@example.com,090-4495-9624,神奈川県横浜市西区みなとみらい8丁目14番9号,横浜市西区,神奈川県,2200041,2024-08-16
843,渡辺由美子,渡辺由美子843@yahoo.co.jp,090-2384-6629,京都府京都市下京区四条通2丁目14番2号,京都市下京区,京都府,6000040,2023-04-21
844,佐藤達也,佐藤達也844@example.com,090-9806-6393,大阪府大阪市中央区本町5丁目10番7号,大阪市中央区,大阪府,5410030,2023-05-18
845,林健太,林健太845@example.com,090-5427-9318,埼玉県さいたま市浦和区高砂10丁目19番6号,さいたま市浦和区,埼玉県,3300023,2023-11-22
846,田中美穂,田中美穂846@gmail.com,090-9708-3342,兵庫県神戸市灘区灘南通1丁目6番8号,神戸市灘区,兵庫県,6570015,2024-03-26
847,中村さくら,中村さくら847@icloud.com,090-3638-3873,福岡県福岡市中央区天神3丁目13番8号,福岡市中央区,福岡県,8100012,2023-04-29
848,岡田美香,岡田美香848@yahoo.co.jp,090-9994-6014,大阪府大阪市北区梅田10丁目29番5号,大阪市北区,大阪府,5300004,2024-05-18
849,遠藤達也,遠藤達也849@gmail.com,090-1316-6115,千葉県千葉市美浜区美浜1丁目12番8号,千葉市美浜区,千葉県,2610035,2024-08-19
850,山田次郎,山田次郎850@outlook.com,090-6418-1262,愛知県名古屋市中区錦1丁目18番5号,名古屋市中区,愛知県,4600005,2024-10-31
851,藤井剛,藤井剛851@gmail.com,090-9498-8221,大阪府大阪市北区梅田2丁目25番1号,大阪市北区,大阪府,5300010,2024-01-04
852,長谷川美穂,長谷川美穂852@icloud.com,090-7850-7894,京都府京都市下京区四条通4丁目25番3号,京都市下京区,京都府,6000015,2024-08-03
853,田中香織,田中香織853@icloud.com,090-8342-6972,京都府京都市中京区烏丸通4丁目13番5号,京都市中京区,京都府,6040037,2023-04-07
854,長谷川美穂,長谷川美穂854@outlook.com,090-6675-6568,大阪府大阪市北区梅田2丁目24番8号,大阪市北区,大阪府,5300006,2024-11-20
855,石川恵子,石川恵子855@example.com,090-8825-9932,兵庫県神戸市灘区灘南通1丁目23番9号,神戸市灘区,兵庫県,6570040,2023-10-07
856,斎藤健一,斎藤健一856@yahoo.co.jp,090-3031-2628,福岡県福岡市中央区天神9丁目21番8号,福岡市中央区,福岡県,8100037,2023-07-16
857,木村直樹,木村直樹857@example.com,090-1692-3433,福岡県福岡市中央区天神8丁目14番2号,福岡市中央区,福岡県,8100036,2024-01-21
858,坂本香織,坂本香織858@yahoo.co.jp,090-8895-8518,福岡県福岡市博多区博多駅前4丁目23番10号,福岡市博多区,福岡県,8120015,2023-10-29
859,伊藤誠,伊藤誠859@yahoo.co.jp,090-8078-3583,埼玉県さいたま市大宮区大宮3丁目16番3号,さいたま市大宮区,埼玉県,3300031,2024-03-06
860,林さくら,林さくら860@gmail.com,090-1796-8899,大阪府大阪市中央区本町8丁目25番2号,大阪市中央区,大阪府,5410038,2023-09-22
861,加藤大輔,加藤大輔861@gmail.com,090-2474-9827,神奈川県横浜市中区本町10丁目24番5号,横浜市中区,神奈川県,2310034,2024-12-08
862,遠藤剛,遠藤剛862@gmail.com,090-1360-3067,大阪府大阪市中央区本町1丁目3番3号,大阪市中央区,大阪府,5410029,2024-09-06
863,木村正,木村正863@gmail.com,090-3213-3253,千葉県千葉市美浜区美浜2丁目7番5号,千葉市美浜区,千葉県,2610041,2023-12-02
864,森田香織,森田香織864@example.com,090-5673-2253,福岡県福岡市博多区博多駅前9丁目8番1号,福岡市博多区,福岡県,8120007,2023-01-12
865,前田慎一,前田慎一865@gmail.com,090-6751-4240,大阪府大阪市中央区本町2丁目1番3号,大阪市中央区,大阪府,5410041,2023-12-20
866,長谷川正,長谷川正866@example.com,090-1419-8236,京都府京都市下京区四条通5丁目1番8号,京都市下京区,京都府,6000002,2024-08-11
867,小林真由美,小林真由美867@gmail.com,090-3359-6743,東京都千代田区丸の内2丁目12番4号,千代田区,東京都,1000013,2023-03-07
868,加藤千佳,加藤千佳868@outlook.com,090-4368-9291,福岡県福岡市中央区天神1丁目29番5号,福岡市中央区,福岡県,8100018,2023-02-09
869,長谷川麻衣,長谷川麻衣869@outlook.com,090-9373-1238,東京都渋谷区渋谷8丁目7番1号,渋谷区,東京都,1500014,2024-10-17
870,近藤美香,近藤美香870@yahoo.co.jp,090-4766-8485,兵庫県神戸市中央区三宮町3丁目4番1号,神戸市中央区,兵庫県,6500001,2024-05-03
871,斎藤剛,斎藤剛871@icloud.com,090-1578-7068,北海道札幌市中央区北1条西6丁目13番4号,札幌市中央区,北海道,0600039,2024-08-31
872,石川さくら,石川さくら872@icloud.com,090-2713-6139,福岡県福岡市中央区天神6丁目25番3号,福岡市中央区,福岡県,8100018,2024-02-14
873,坂本大輔,坂本大輔873@icloud.com,090-8046-8986,兵庫県神戸市灘区灘南通4丁目1番8号,神戸市灘区,兵庫県,6570041,2024-08-01
874,吉田美穂,吉田美穂874@outlook.com,090-7133-1390,神奈川県横浜市中区本町7丁目1番5号,横浜市中区,神奈川県,2310034,2023-07-30
875,高橋誠,高橋誠875@outlook.com,090-1358-2333,大阪府大阪市中央区本町2丁目20番6号,大阪市中央区,大阪府,5410025,2023-01-10
876,山本恵子,山本恵子876@icloud.com,090-4595-8792,東京都渋谷区渋谷8丁目18番8号,渋谷区,東京都,1500023,2023-08-13
877,佐藤健一,佐藤健一877@icloud.com,090-7895-1626,東京都渋谷区渋谷9丁目1番4号,渋谷区,東京都,1500006,2024-08-10
878,林香織,林香織878@yahoo.co.jp,090-8872-5270,京都府京都市中京区烏丸通10丁目1番8号,京都市中京区,京都府,6040039,2024-01-09
879,池田恵子,池田恵子879@icloud.com,090-7860-2458,兵庫県神戸市中央区三宮町4丁目19番5号,神戸市中央区,兵庫県,6500011,2023-03-23
880,渡辺愛,渡辺愛880@yahoo.co.jp,090-1187-4084,大阪府大阪市中央区本町2丁目9番6号,大阪市中央区,大阪府,5410021,2024-08-25
881,中村美咲,中村美咲881@outlook.com,090-4086-3248,神奈川県横浜市西区みなとみらい10丁目2番2号,横浜市西区,神奈川県,2200018,2024-10-12
882,橋本優子,橋本優子882@icloud.com,090-3275-9726,神奈川県横浜市西区みなとみらい5丁目1番3号,横浜市西区,神奈川県,2200036,2023-07-30
883,山田雄一,山田雄一883@yahoo.co.jp,090-9794-8881,千葉県千葉市美浜区美浜10丁目13番3号,千葉市美浜区,千葉県,2610028,2024-02-12
884,中村優子,中村優子884@outlook.com,090-9209-2492,神奈川県横浜市中区本町9丁目10番10号,横浜市中区,神奈川県,2310041,2024-10-17
885,伊藤由美子,伊藤由美子885@yahoo.co.jp,090-6006-1659,埼玉県さいたま市浦和区高砂1丁目21番1号,さいたま市浦和区,埼玉県,3300019,2023-04-22
886,後藤香織,後藤香織886@gmail.com,090-5831-8022,東京都渋谷区渋谷2丁目5番5号,渋谷区,東京都,1500022,2023-04-15
887,井上正,井上正887@example.com,090-7971-2987,福岡県福岡市博多区博多駅前3丁目16番2号,福岡市博多区,福岡県,8120010,2024-09-13
888,藤井亮,藤井亮888@icloud.com,090-4219-4294,神奈川県横浜市中区本町9丁目4番8号,横浜市中区,神奈川県,2310040,2024-12-29
889,伊藤香織,伊藤香織889@example.com,090-8292-9136,神奈川県横浜市西区みなとみらい6丁目18番7号,横浜市西区,神奈川県,2200041,2023-06-26
890,林美咲,林美咲890@yahoo.co.jp,090-9930-3951,福岡県福岡市博多区博多駅前2丁目6番2号,福岡市博多区,福岡県,8120019,2023-12-31
891,田中美穂,田中美穂891@outlook.com,090-5367-9639,東京都千代田区丸の内2丁目11番6号,千代田区,東京都,1000014,2024-08-19
892,長谷川智子,長谷川智子892@example.com,090-4857-4974,東京都新宿区新宿4丁目12番7号,新宿区,東京都,1600015,2024-05-03
893,林美穂,林美穂893@yahoo.co.jp,090-8303-7948,愛知県名古屋市西区名駅4丁目25番3号,名古屋市西区,愛知県,4510014,2023-11-23
894,森田拓也,森田拓也894@outlook.com,090-8572-2354,埼玉県さいたま市大宮区大宮4丁目15番6号,さいたま市大宮区,埼玉県,3300010,2024-06-02
895,遠藤由美子,遠藤由美子895@outlook.com,090-6961-4509,東京都新宿区新宿6丁目20番1号,新宿区,東京都,1600017,2024-09-29
896,佐藤香織,佐藤香織896@yahoo.co.jp,090-4642-4766,千葉県千葉市中央区中央8丁目20番8号,千葉市中央区,千葉県,2600017,2024-04-06
897,井上さくら,井上さくら897@yahoo.co.jp,090-6272-8673,大阪府大阪市北区梅田5丁目4番6号,大阪市北区,大阪府,5300009,2023-06-26
898,田中次郎,田中次郎898@outlook.com,090-7563-5503,神奈川県横浜市西区みなとみらい6丁目5番5号,横浜市西区,神奈川県,2200006,2023-03-17
899,近藤大輔,近藤大輔899@gmail.com,090-6247-1413,千葉県千葉市中央区中央1丁目5番9号,千葉市中央区,千葉県,2600015,2024-05-19
900,加藤三郎,加藤三郎900@example.com,090-4899-6611,東京都渋谷区渋谷7丁目9番8号,渋谷区,東京都,1500019,2024-08-21
901,林愛,林愛901@gmail.com,090-2364-4999,北海道札幌市北区北6条西3丁目15番4号,札幌市北区,北海道,0600004,2024-07-14
902,村上翔太,村上翔太902@gmail.com,090-3557-7320,千葉県千葉市中央区中央6丁目25番8号,千葉市中央区,千葉県,2600018,2024-02-02
903,森田美香,森田美香903@icloud.com,090-2081-3365,京都府京都市下京区四条通10丁目7番9号,京都市下京区,京都府,6000035,2023-06-06
904,鈴木美咲,鈴木美咲904@outlook.com,090-8296-4022,兵庫県神戸市中央区三宮町4丁目13番7号,神戸市中央区,兵庫県,6500013,2023-03-25
905,池田正,池田正905@icloud.com,090-1892-7692,千葉県千葉市中央区中央1丁目16番2号,千葉市中央区,千葉県,2600033,2024-01-25
906,石川誠,石川誠906@example.com,090-8890-1380,大阪府大阪市中央区本町3丁目22番10号,大阪市中央区,大阪府,5410025,2023-02-11
907,山田智子,山田智子907@example.com,090-7006-2219,福岡県福岡市中央区天神7丁目11番8号,福岡市中央区,福岡県,8100019,2023-12-16
908,長谷川次郎,長谷川次郎908@yahoo.co.jp,090-5741-5654,千葉県千葉市中央区中央3丁目7番8号,千葉市中央区,千葉県,2600011,2023-03-09
909,鈴木美香,鈴木美香909@yahoo.co.jp,090-1739-6115,京都府京都市下京区四条通8丁目30番5号,京都市下京区,京都府,6000023,2024-12-01
910,木村美香,木村美香910@yahoo.co.jp,090-4878-1157,京都府京都市中京区烏丸通7丁目22番7号,京都市中京区,京都府,6040019,2024-06-10
911,遠藤美咲,遠藤美咲911@example.com,090-5471-6111,大阪府大阪市北区梅田3丁目18番3号,大阪市北区,大阪府,5300015,2023-07-14
912,青木亮,青木亮912@icloud.com,090-3175-3876,千葉県千葉市美浜区美浜8丁目22番3号,千葉市美浜区,千葉県,2610015,2023-03-09
913,前田真由美,前田真由美913@example.com,090-7783-3637,兵庫県神戸市中央区三宮町1丁目2番1号,神戸市中央区,兵庫県,6500023,2024-10-02
914,中村花子,中村花子914@icloud.com,090-6396-6471,神奈川県横浜市西区みなとみらい4丁目22番5号,横浜市西区,神奈川県,2200025,2023-07-02
915,田中美穂,田中美穂915@gmail.com,090-3927-6509,大阪府大阪市中央区本町8丁目12番9号,大阪市中央区,大阪府,5410005,2024-11-29
916,松本美穂,松本美穂916@outlook.com,090-8916-1823,福岡県福岡市中央区天神8丁目17番1号,福岡市中央区,福岡県,8100028,2023-11-16
917,井上麻美,井上麻美917@gmail.com,090-9816-9463,京都府京都市中京区烏丸通5丁目5番10号,京都市中京区,京都府,6040034,2023-12-26
918,渡辺次郎,渡辺次郎918@gmail.com,090-8165-7338,京都府京都市中京区烏丸通6丁目24番2号,京都市中京区,京都府,6040018,2024-01-27
919,青木美咲,青木美咲919@yahoo.co.jp,090-7042-1248,埼玉県さいたま市浦和区高砂7丁目18番7号,さいたま市浦和区,埼玉県,3300003,2024-04-13
920,森田翔太,森田翔太920@yahoo.co.jp,090-4920-3834,大阪府大阪市中央区本町4丁目16番2号,大阪市中央区,大阪府,5410035,2024-02-12
921,橋本達也,橋本達也921@yahoo.co.jp,090-6602-4065,東京都千代田区丸の内9丁目24番4号,千代田区,東京都,1000020,2024-01-21
922,石川誠,石川誠922@icloud.com,090-2319-3908,東京都千代田区丸の内3丁目21番7号,千代田区,東京都,1000008,2023-02-15
923,田中正,田中正923@icloud.com,090-4206-4388,東京都渋谷区渋谷5丁目11番2号,渋谷区,東京都,1500016,2024-08-17
924,坂本麻衣,坂本麻衣924@example.com,090-7073-1430,埼玉県さいたま市浦和区高砂2丁目25番8号,さいたま市浦和区,埼玉県,3300006,2024-03-28
925,藤原千佳,藤原千佳925@gmail.com,090-7549-5121,京都府京都市下京区四条通1丁目11番4号,京都市下京区,京都府,6000005,2023-11-28
926,伊藤一郎,伊藤一郎926@outlook.com,090-7232-2000,北海道札幌市中央区北1条西10丁目4番2号,札幌市中央区,北海道,0600010,2024-07-17
927,近藤大輔,近藤大輔927@example.com,090-7052-3964,京都府京都市中京区烏丸通9丁目25番1号,京都市中京区,京都府,6040002,2024-09-08
928,加藤美咲,加藤美咲928@gmail.com,090-4140-5864,神奈川県横浜市西区みなとみらい1丁目1番6号,横浜市西区,神奈川県,2200025,2023-07-21
929,前田達也,前田達也929@example.com,090-3311-3193,千葉県千葉市中央区中央5丁目20番9号,千葉市中央区,千葉県,2600015,2023-07-28
930,井上麻美,井上麻美930@gmail.com,090-5799-2053,京都府京都市中京区烏丸通10丁目21番6号,京都市中京区,京都府,6040029,2023-11-08
931,伊藤慎一,伊藤慎一931@outlook.com,090-5402-8557,福岡県福岡市博多区博多駅前8丁目7番3号,福岡市博多区,福岡県,8120009,2024-11-15
932,村上亮,村上亮932@example.com,090-8194-4660,北海道札幌市中央区北1条西3丁目17番9号,札幌市中央区,北海道,0600026,2023-12-12
933,中村正,中村正933@example.com,090-7731-3524,大阪府大阪市北区梅田3丁目1番2号,大阪市北区,大阪府,5300001,2023-05-22
934,松本正,松本正934@gmail.com,090-2237-4237,大阪府大阪市中央区本町6丁目3番1号,大阪市中央区,大阪府,5410022,2024-07-29
935,青木由美,青木由美935@gmail.com,090-1434-2244,福岡県福岡市中央区天神6丁目23番9号,福岡市中央区,福岡県,8100010,2024-12-06
936,青木亮,青木亮936@gmail.com,090-6390-3817,千葉県千葉市美浜区美浜8丁目23番7号,千葉市美浜区,千葉県,2610019,2024-04-11
937,吉田香織,吉田香織937@yahoo.co.jp,090-1580-4290,大阪府大阪市北区梅田10丁目7番7号,大阪市北区,大阪府,5300016,2024-04-20
938,加藤美咲,加藤美咲938@example.com,090-7823-4777,兵庫県神戸市中央区三宮町9丁目5番3号,神戸市中央区,兵庫県,6500027,2023-10-31
939,遠藤由美子,遠藤由美子939@outlook.com,090-3844-6469,北海道札幌市北区北6条西2丁目4番9号,札幌市北区,北海道,0600029,2023-05-28
940,中村麻衣,中村麻衣940@yahoo.co.jp,090-4832-6399,大阪府大阪市北区梅田6丁目25番2号,大阪市北区,大阪府,5300001,2023-10-13
941,石川智子,石川智子941@gmail.com,090-2971-6110,京都府京都市中京区烏丸通1丁目20番1号,京都市中京区,京都府,6040038,2023-04-08
942,石川麻美,石川麻美942@example.com,090-7505-7860,京都府京都市中京区烏丸通1丁目27番6号,京都市中京区,京都府,6040021,2023-12-09
943,長谷川拓也,長谷川拓也943@yahoo.co.jp,090-5341-8993,京都府京都市中京区烏丸通8丁目17番6号,京都市中京区,京都府,6040004,2024-07-06
944,斎藤大輔,斎藤大輔944@yahoo.co.jp,090-8267-8235,千葉県千葉市美浜区美浜5丁目6番7号,千葉市美浜区,千葉県,2610020,2023-02-18
945,山田雄一,山田雄一945@example.com,090-9818-6926,東京都新宿区新宿7丁目18番10号,新宿区,東京都,1600012,2024-08-18
946,村上恵子,村上恵子946@yahoo.co.jp,090-4667-4273,大阪府大阪市中央区本町8丁目19番8号,大阪市中央区,大阪府,5410031,2023-10-30
947,鈴木智子,鈴木智子947@icloud.com,090-5613-6578,愛知県名古屋市中区錦3丁目21番6号,名古屋市中区,愛知県,4600002,2024-08-29
948,井上智子,井上智子948@outlook.com,090-9447-2753,愛知県名古屋市中区錦6丁目25番1号,名古屋市中区,愛知県,4600008,2023-10-01
949,石川花子,石川花子949@example.com,090-2066-2432,兵庫県神戸市灘区灘南通6丁目21番3号,神戸市灘区,兵庫県,6570028,2023-10-23
950,藤原愛,藤原愛950@outlook.com,090-5376-5404,京都府京都市下京区四条通9丁目28番10号,京都市下京区,京都府,6000031,2023-11-28
951,木村真由美,木村真由美951@icloud.com,090-4491-8307,東京都新宿区新宿1丁目6番7号,新宿区,東京都,1600012,2023-10-23
952,松本健一,松本健一952@outlook.com,090-5950-2556,埼玉県さいたま市浦和区高砂1丁目14番6号,さいたま市浦和区,埼玉県,3300013,2023-05-05
953,小林次郎,小林次郎953@icloud.com,090-4099-1578,愛知県名古屋市中区錦1丁目16番1号,名古屋市中区,愛知県,4600001,2024-03-20
954,山田直樹,山田直樹954@icloud.com,090-5115-8105,福岡県福岡市博多区博多駅前1丁目29番10号,福岡市博多区,福岡県,8120003,2024-12-05
955,松本次郎,松本次郎955@yahoo.co.jp,090-9869-5806,北海道札幌市中央区北1条西10丁目23番1号,札幌市中央区,北海道,0600039,2024-01-03
956,近藤千佳,近藤千佳956@outlook.com,090-7491-3438,兵庫県神戸市中央区三宮町6丁目1番9号,神戸市中央区,兵庫県,6500032,2024-05-20
957,長谷川麻衣,長谷川麻衣957@icloud.com,090-8492-2446,京都府京都市中京区烏丸通5丁目9番8号,京都市中京区,京都府,6040018,2024-09-08
958,青木和也,青木和也958@yahoo.co.jp,090-5405-6995,埼玉県さいたま市浦和区高砂2丁目24番4号,さいたま市浦和区,埼玉県,3300033,2024-08-24
959,橋本慎一,橋本慎一959@yahoo.co.jp,090-8087-7157,千葉県千葉市中央区中央10丁目6番10号,千葉市中央区,千葉県,2600001,2024-07-07
960,坂本真由美,坂本真由美960@gmail.com,090-7723-7389,福岡県福岡市博多区博多駅前9丁目23番10号,福岡市博多区,福岡県,8120003,2023-03-09
961,岡田和也,岡田和也961@gmail.com,090-5779-9618,神奈川県横浜市西区みなとみらい8丁目16番9号,横浜市西区,神奈川県,2200020,2023-11-16
962,田中さくら,田中さくら962@icloud.com,090-9912-5171,大阪府大阪市中央区本町7丁目5番5号,大阪市中央区,大阪府,5410023,2024-01-26
963,山本剛,山本剛963@outlook.com,090-3161-7573,愛知県名古屋市西区名駅10丁目25番5号,名古屋市西区,愛知県,4510022,2023-01-23
964,前田拓也,前田拓也964@yahoo.co.jp,090-1349-6830,京都府京都市下京区四条通10丁目5番5号,京都市下京区,京都府,6000017,2023-10-19
965,村上三郎,村上三郎965@yahoo.co.jp,090-4468-9610,千葉県千葉市中央区中央2丁目19番1号,千葉市中央区,千葉県,2600002,2024-06-21
966,林由美子,林由美子966@outlook.com,090-8353-5183,福岡県福岡市中央区天神4丁目20番6号,福岡市中央区,福岡県,8100025,2024-03-31
967,鈴木恵子,鈴木恵子967@example.com,090-8994-6287,埼玉県さいたま市大宮区大宮6丁目21番10号,さいたま市大宮区,埼玉県,3300025,2023-11-14
968,小林拓也,小林拓也968@icloud.com,090-2149-9685,東京都新宿区新宿7丁目4番5号,新宿区,東京都,1600001,2023-05-11
969,中村翔太,中村翔太969@example.com,090-1962-4503,埼玉県さいたま市浦和区高砂5丁目30番10号,さいたま市浦和区,埼玉県,3300019,2023-05-16
970,岡田美咲,岡田美咲970@outlook.com,090-2418-7552,東京都新宿区新宿9丁目14番7号,新宿区,東京都,1600008,2024-08-27
971,池田さくら,池田さくら971@gmail.com,090-3234-4152,東京都千代田区丸の内1丁目30番4号,千代田区,東京都,1000011,2023-08-18
972,山本直樹,山本直樹972@outlook.com,090-3579-2144,東京都渋谷区渋谷4丁目30番4号,渋谷区,東京都,1500011,2024-11-15
973,小林達也,小林達也973@yahoo.co.jp,090-7239-8096,福岡県福岡市中央区天神4丁目11番10号,福岡市中央区,福岡県,8100039,2024-03-17
974,吉田次郎,吉田次郎974@icloud.com,090-5294-5542,兵庫県神戸市灘区灘南通8丁目15番2号,神戸市灘区,兵庫県,6570007,2023-03-16
975,藤原正,藤原正975@example.com,090-1146-7527,千葉県千葉市中央区中央4丁目10番6号,千葉市中央区,千葉県,2600026,2023-11-04
976,藤井次郎,藤井次郎976@example.com,090-1885-5890,東京都渋谷区渋谷9丁目19番1号,渋谷区,東京都,1500017,2024-06-01
977,藤原真由美,藤原真由美977@gmail.com,090-5771-9984,兵庫県神戸市灘区灘南通6丁目8番10号,神戸市灘区,兵庫県,6570031,2024-09-04
978,田中美穂,田中美穂978@outlook.com,090-1547-4849,京都府京都市下京区四条通5丁目28番4号,京都市下京区,京都府,6000040,2023-04-14
979,吉田美咲,吉田美咲979@icloud.com,090-4838-9736,埼玉県さいたま市浦和区高砂6丁目20番8号,さいたま市浦和区,埼玉県,3300013,2023-06-13
980,青木和也,青木和也980@yahoo.co.jp,090-2672-6926,愛知県名古屋市中区錦2丁目5番9号,名古屋市中区,愛知県,4600002,2023-01-31
981,村上美穂,村上美穂981@yahoo.co.jp,090-4465-5573,北海道札幌市中央区北1条西5丁目24番6号,札幌市中央区,北海道,0600027,2023-05-02
982,林次郎,林次郎982@yahoo.co.jp,090-6760-6925,千葉県千葉市中央区中央6丁目15番8号,千葉市中央区,千葉県,2600007,2024-07-13
983,中村愛,中村愛983@gmail.com,090-8868-5398,東京都渋谷区渋谷10丁目17番5号,渋谷区,東京都,1500017,2023-02-28
984,岡田亮,岡田亮984@gmail.com,090-9562-2796,福岡県福岡市中央区天神3丁目2番2号,福岡市中央区,福岡県,8100031,2024-02-11
985,中村慎一,中村慎一985@yahoo.co.jp,090-2332-6868,神奈川県横浜市中区本町9丁目17番5号,横浜市中区,神奈川県,2310002,2024-11-16
986,藤原拓也,藤原拓也986@outlook.com,090-1324-9113,埼玉県さいたま市浦和区高砂3丁目10番2号,さいたま市浦和区,埼玉県,3300038,2023-06-05
987,小林美咲,小林美咲987@outlook.com,090-4028-2209,兵庫県神戸市灘区灘南通8丁目26番8号,神戸市灘区,兵庫県,6570031,2023-09-03
988,田中花子,田中花子988@gmail.com,090-5579-1773,福岡県福岡市博多区博多駅前4丁目11番7号,福岡市博多区,福岡県,8120003,2023-05-09
989,前田健太,前田健太989@example.com,090-2720-4983,東京都渋谷区渋谷5丁目2番7号,渋谷区,東京都,1500020,2024-02-08
990,伊藤大輔,伊藤大輔990@outlook.com,090-5567-7941,東京都新宿区新宿3丁目25番4号,新宿区,東京都,1600004,2023-04-03
991,鈴木健一,鈴木健一991@outlook.com,090-5281-5403,京都府京都市中京区烏丸通1丁目18番3号,京都市中京区,京都府,6040033,2023-12-20
992,吉田千佳,吉田千佳992@yahoo.co.jp,090-5742-5272,愛知県名古屋市中区錦8丁目19番3号,名古屋市中区,愛知県,4600003,2024-01-19
993,井上愛,井上愛993@gmail.com,090-6340-5736,京都府京都市中京区烏丸通2丁目11番7号,京都市中京区,京都府,6040023,2024-01-30
994,田中美咲,田中美咲994@yahoo.co.jp,090-9884-6376,京都府京都市中京区烏丸通4丁目12番7号,京都市中京区,京都府,6040038,2023-09-27
995,加藤亮,加藤亮995@outlook.com,090-1893-9441,大阪府大阪市中央区本町5丁目23番5号,大阪市中央区,大阪府,5410007,2023-04-11
996,松本翔太,松本翔太996@yahoo.co.jp,090-8151-6056,大阪府大阪市北区梅田9丁目26番6号,大阪市北区,大阪府,5300021,2023-12-24
997,遠藤慎一,遠藤慎一997@yahoo.co.jp,090-2708-2636,神奈川県横浜市中区本町1丁目16番6号,横浜市中区,神奈川県,2310034,2024-09-24
998,青木剛,青木剛998@outlook.com,090-5582-3850,神奈川県横浜市中区本町6丁目7番2号,横浜市中区,神奈川県,2310013,2023-04-07
999,高橋慎一,高橋慎一999@example.com,090-9726-8819,愛知県名古屋市中区錦9丁目24番8号,名古屋市中区,愛知県,4600004,2023-06-28
1000,伊藤由美子,伊藤由美子1000@icloud.com,090-3163-6212,京都府京都市下京区四条通4丁目5番5号,京都市下京区,京都府,6000007,2024-08-07
1001,村上健太,村上健太1001@icloud.com,090-6783-2031,埼玉県さいたま市大宮区大宮9丁目14番3号,さいたま市大宮区,埼玉県,3300011,2023-08-16
1002,田中真由美,田中真由美1002@gmail.com,090-7181-3625,埼玉県さいたま市浦和区高砂10丁目21番7号,さいたま市浦和区,埼玉県,3300024,2024-08-08
1003,近藤直樹,近藤直樹1003@yahoo.co.jp,090-3135-5545,千葉県千葉市中央区中央10丁目20番2号,千葉市中央区,千葉県,2600009,2024-12-25
1004,藤井愛,藤井愛1004@yahoo.co.jp,090-8588-8319,兵庫県神戸市中央区三宮町7丁目1番6号,神戸市中央区,兵庫県,6500030,2023-03-09
1005,近藤健太,近藤健太1005@example.com,090-9842-9337,京都府京都市下京区四条通4丁目11番1号,京都市下京区,京都府,6000013,2024-12-18
1006,坂本美香,坂本美香1006@example.com,090-7726-5922,神奈川県横浜市中区本町3丁目16番2号,横浜市中区,神奈川県,2310036,2024-08-09
1007,石川次郎,石川次郎1007@yahoo.co.jp,090-8270-1203,愛知県名古屋市西区名駅6丁目22番1号,名古屋市西区,愛知県,4510037,2023-08-03
1008,鈴木和也,鈴木和也1008@outlook.com,090-3905-4682,千葉県千葉市美浜区美浜4丁目18番1号,千葉市美浜区,千葉県,2610004,2024-04-02
1009,遠藤恵子,遠藤恵子1009@gmail.com,090-2678-1824,大阪府大阪市中央区本町2丁目19番6号,大阪市中央区,大阪府,5410038,2024-11-16
1010,松本太郎,松本太郎1010@icloud.com,090-2271-9561,千葉県千葉市中央区中央9丁目25番4号,千葉市中央区,千葉県,2600011,2023-08-08
1011,斎藤美咲,斎藤美咲1011@icloud.com,090-8114-7753,愛知県名古屋市中区錦7丁目28番4号,名古屋市中区,愛知県,4600003,2023-04-20
1012,後藤健一,後藤健一1012@gmail.com,090-7786-3907,埼玉県さいたま市大宮区大宮8丁目17番5号,さいたま市大宮区,埼玉県,3300026,2023-07-02
1013,藤原優子,藤原優子1013@yahoo.co.jp,090-7609-4411,京都府京都市中京区烏丸通6丁目9番7号,京都市中京区,京都府,6040002,2024-06-29
1014,藤井健一,藤井健一1014@yahoo.co.jp,090-1444-7298,東京都新宿区新宿4丁目29番5号,新宿区,東京都,1600013,2023-01-02
1015,山田由美,山田由美1015@outlook.com,090-1571-7917,埼玉県さいたま市浦和区高砂10丁目6番8号,さいたま市浦和区,埼玉県,3300040,2024-06-09
1016,中村美穂,中村美穂1016@icloud.com,090-9577-7577,福岡県福岡市中央区天神10丁目22番5号,福岡市中央区,福岡県,8100028,2024-05-04
1017,後藤亮,後藤亮1017@example.com,090-6713-3800,京都府京都市下京区四条通6丁目29番8号,京都市下京区,京都府,6000005,2023-02-05
1018,坂本香織,坂本香織1018@yahoo.co.jp,090-2541-6786,北海道札幌市中央区北1条西5丁目9番1号,札幌市中央区,北海道,0600007,2024-11-11
1019,長谷川美香,長谷川美香1019@gmail.com,090-4614-6192,福岡県福岡市博多区博多駅前9丁目24番7号,福岡市博多区,福岡県,8120006,2023-08-10
1020,鈴木恵子,鈴木恵子1020@yahoo.co.jp,090-2658-4936,埼玉県さいたま市大宮区大宮9丁目22番4号,さいたま市大宮区,埼玉県,3300040,2023-10-29
1021,小林花子,小林花子1021@icloud.com,090-7642-3943,北海道札幌市中央区北1条西10丁目9番6号,札幌市中央区,北海道,0600012,2024-02-29
1022,松本由美,松本由美1022@outlook.com,090-9760-7694,京都府京都市中京区烏丸通7丁目11番2号,京都市中京区,京都府,6040028,2023-04-17
1023,加藤達也,加藤達也1023@example.com,090-6916-2415,神奈川県横浜市西区みなとみらい2丁目24番6号,横浜市西区,神奈川県,2200035,2023-09-01
1024,藤井剛,藤井剛1024@icloud.com,090-3060-7914,北海道札幌市中央区北1条西7丁目12番6号,札幌市中央区,北海道,0600001,2024-01-12
1025,佐藤慎一,佐藤慎一1025@icloud.com,090-6295-9516,大阪府大阪市北区梅田9丁目12番6号,大阪市北区,大阪府,5300015,2024-02-02
1026,木村次郎,木村次郎1026@gmail.com,090-4362-6647,福岡県福岡市博多区博多駅前4丁目13番6号,福岡市博多区,福岡県,8120021,2024-05-05
1027,佐藤慎一,佐藤慎一1027@outlook.com,090-7355-5335,福岡県福岡市博多区博多駅前7丁目15番9号,福岡市博多区,福岡県,8120019,2023-11-24
1028,佐藤さくら,佐藤さくら1028@gmail.com,090-9862-9052,福岡県福岡市博多区博多駅前10丁目26番7号,福岡市博多区,福岡県,8120001,2024-10-16
1029,青木美香,青木美香1029@outlook.com,090-4218-8643,神奈川県横浜市中区本町7丁目28番4号,横浜市中区,神奈川県,2310035,2023-01-26
1030,前田麻美,前田麻美1030@yahoo.co.jp,090-9755-9294,埼玉県さいたま市浦和区高砂7丁目12番2号,さいたま市浦和区,埼玉県,3300017,2023-10-08
1031,田中香織,田中香織1031@example.com,090-3571-4090,埼玉県さいたま市大宮区大宮7丁目25番2号,さいたま市大宮区,埼玉県,3300033,2024-04-04
1032,鈴木一郎,鈴木一郎1032@outlook.com,090-6221-1754,神奈川県横浜市中区本町5丁目15番7号,横浜市中区,神奈川県,2310041,2024-04-11
1033,岡田香織,岡田香織1033@yahoo.co.jp,090-6535-4495,埼玉県さいたま市大宮区大宮4丁目2番6号,さいたま市大宮区,埼玉県,3300019,2023-01-18
1034,木村智子,木村智子1034@icloud.com,090-2119-2249,福岡県福岡市博多区博多駅前7丁目30番7号,福岡市博多区,福岡県,8120001,2023-06-06
1035,鈴木美咲,鈴木美咲1035@gmail.com,090-2559-7334,東京都渋谷区渋谷7丁目25番4号,渋谷区,東京都,1500015,2023-07-09
1036,遠藤大輔,遠藤大輔1036@outlook.com,090-3566-2180,東京都新宿区新宿1丁目17番4号,新宿区,東京都,1600013,2023-09-16
1037,近藤美咲,近藤美咲1037@gmail.com,090-1628-2223,神奈川県横浜市中区本町3丁目1番6号,横浜市中区,神奈川県,2310030,2023-12-07
1038,伊藤剛,伊藤剛1038@icloud.com,090-2783-1747,東京都千代田区丸の内5丁目19番4号,千代田区,東京都,1000012,2024-10-02
1039,小林三郎,小林三郎1039@outlook.com,090-3452-3037,神奈川県横浜市中区本町1丁目15番8号,横浜市中区,神奈川県,2310032,2023-06-02
1040,松本真由美,松本真由美1040@gmail.com,090-1900-4814,神奈川県横浜市西区みなとみらい3丁目25番3号,横浜市西区,神奈川県,2200007,2023-01-25
1041,前田和也,前田和也1041@example.com,090-4849-7060,福岡県福岡市中央区天神5丁目20番6号,福岡市中央区,福岡県,8100001,2023-11-10
1042,遠藤優子,遠藤優子1042@icloud.com,090-7251-1149,愛知県名古屋市西区名駅4丁目24番2号,名古屋市西区,愛知県,4510006,2024-02-02
1043,斎藤麻衣,斎藤麻衣1043@outlook.com,090-1900-6418,北海道札幌市中央区北1条西7丁目10番3号,札幌市中央区,北海道,0600032,2024-05-07
1044,後藤雄一,後藤雄一1044@icloud.com,090-4945-4647,東京都新宿区新宿5丁目24番3号,新宿区,東京都,1600011,2024-12-25
1045,林誠,林誠1045@icloud.com,090-8312-1636,愛知県名古屋市西区名駅3丁目18番4号,名古屋市西区,愛知県,4510010,2024-05-19
1046,鈴木香織,鈴木香織1046@icloud.com,090-8801-2885,埼玉県さいたま市大宮区大宮6丁目23番8号,さいたま市大宮区,埼玉県,3300009,2024-05-22
1047,青木由美子,青木由美子1047@gmail.com,090-6928-6963,愛知県名古屋市西区名駅1丁目28番3号,名古屋市西区,愛知県,4510010,2023-03-18
1048,伊藤健一,伊藤健一1048@icloud.com,090-5247-8588,神奈川県横浜市西区みなとみらい3丁目12番9号,横浜市西区,神奈川県,2200031,2023-09-12
1049,森田智子,森田智子1049@yahoo.co.jp,090-4442-2011,東京都渋谷区渋谷4丁目13番2号,渋谷区,東京都,1500020,2024-04-09
1050,遠藤次郎,遠藤次郎1050@yahoo.co.jp,090-8836-6474,兵庫県神戸市中央区三宮町10丁目6番1号,神戸市中央区,兵庫県,6500017,2023-01-16
1051,橋本達也,橋本達也1051@icloud.com,090-6686-2506,東京都新宿区新宿7丁目25番1号,新宿区,東京都,1600006,2024-03-16
1052,田中さくら,田中さくら1052@outlook.com,090-8725-3098,福岡県福岡市中央区天神1丁目3番8号,福岡市中央区,福岡県,8100029,2023-08-08
1053,吉田さくら,吉田さくら1053@outlook.com,090-3059-8951,埼玉県さいたま市大宮区大宮5丁目1番8号,さいたま市大宮区,埼玉県,3300014,2023-06-28
1054,石川誠,石川誠1054@outlook.com,090-4776-6722,埼玉県さいたま市浦和区高砂6丁目26番2号,さいたま市浦和区,埼玉県,3300038,2024-05-30
1055,小林麻美,小林麻美1055@gmail.com,090-5061-3820,北海道札幌市北区北6条西10丁目23番5号,札幌市北区,北海道,0600029,2024-08-03
1056,伊藤健太,伊藤健太1056@outlook.com,090-4403-8161,埼玉県さいたま市大宮区大宮7丁目4番10号,さいたま市大宮区,埼玉県,3300028,2023-10-20
1057,小林和也,小林和也1057@outlook.com,090-4210-6817,千葉県千葉市中央区中央4丁目20番9号,千葉市中央区,千葉県,2600040,2024-01-31
1058,高橋達也,高橋達也1058@outlook.com,090-4639-4771,兵庫県神戸市灘区灘南通5丁目1番6号,神戸市灘区,兵庫県,6570028,2024-05-01
1059,前田大輔,前田大輔1059@yahoo.co.jp,090-2676-9158,大阪府大阪市中央区本町1丁目3番2号,大阪市中央区,大阪府,5410013,2023-05-04
1060,鈴木健太,鈴木健太1060@example.com,090-2564-4926,兵庫県神戸市灘区灘南通7丁目22番5号,神戸市灘区,兵庫県,6570001,2023-04-19
1061,斎藤真由美,斎藤真由美1061@gmail.com,090-1515-3257,大阪府大阪市中央区本町10丁目6番5号,大阪市中央区,大阪府,5410006,2023-04-23
1062,藤原雄一,藤原雄一1062@yahoo.co.jp,090-7245-6654,兵庫県神戸市中央区三宮町1丁目13番3号,神戸市中央区,兵庫県,6500007,2024-01-10
1063,小林直樹,小林直樹1063@outlook.com,090-9355-2209,京都府京都市下京区四条通9丁目15番2号,京都市下京区,京都府,6000003,2023-02-26
1064,井上麻衣,井上麻衣1064@example.com,090-7586-9917,京都府京都市中京区烏丸通4丁目20番6号,京都市中京区,京都府,6040037,2024-02-05
1065,斎藤次郎,斎藤次郎1065@outlook.com,090-4449-8903,東京都渋谷区渋谷3丁目3番5号,渋谷区,東京都,1500009,2024-01-17
1066,小林愛,小林愛1066@yahoo.co.jp,090-2051-3904,千葉県千葉市中央区中央3丁目16番3号,千葉市中央区,千葉県,2600038,2023-07-11
1067,遠藤麻美,遠藤麻美1067@icloud.com,090-7412-9378,兵庫県神戸市中央区三宮町9丁目26番10号,神戸市中央区,兵庫県,6500019,2023-05-31
1068,山田翔太,山田翔太1068@icloud.com,090-3873-5923,兵庫県神戸市中央区三宮町8丁目16番9号,神戸市中央区,兵庫県,6500021,2023-05-14
1069,近藤由美子,近藤由美子1069@yahoo.co.jp,090-8038-9275,神奈川県横浜市中区本町9丁目2番4号,横浜市中区,神奈川県,2310031,2023-09-29
1070,石川麻衣,石川麻衣1070@example.com,090-9284-9056,東京都渋谷区渋谷9丁目6番8号,渋谷区,東京都,1500008,2024-05-13
1071,石川美咲,石川美咲1071@icloud.com,090-1230-6627,大阪府大阪市中央区本町7丁目3番4号,大阪市中央区,大阪府,5410013,2024-06-03
1072,小林由美子,小林由美子1072@icloud.com,090-9636-1637,京都府京都市中京区烏丸通8丁目4番4号,京都市中京区,京都府,6040004,2023-12-31
1073,藤井亮,藤井亮1073@gmail.com,090-7615-5421,愛知県名古屋市西区名駅8丁目6番2号,名古屋市西区,愛知県,4510006,2024-03-08
1074,橋本太郎,橋本太郎1074@outlook.com,090-2168-9899,兵庫県神戸市灘区灘南通8丁目14番4号,神戸市灘区,兵庫県,6570003,2023-07-03
1075,岡田雄一,岡田雄一1075@yahoo.co.jp,090-1784-3277,東京都渋谷区渋谷10丁目4番8号,渋谷区,東京都,1500031,2024-05-04
1076,村上一郎,村上一郎1076@yahoo.co.jp,090-1739-9428,北海道札幌市中央区北1条西10丁目6番6号,札幌市中央区,北海道,0600035,2023-11-23
1077,石川麻衣,石川麻衣1077@gmail.com,090-9160-5158,東京都新宿区新宿8丁目25番9号,新宿区,東京都,1600021,2023-05-20
1078,田中直樹,田中直樹1078@outlook.com,090-6653-8314,福岡県福岡市博多区博多駅前7丁目19番8号,福岡市博多区,福岡県,8120012,2023-08-03
1079,中村大輔,中村大輔1079@icloud.com,090-7249-5548,東京都新宿区新宿8丁目22番2号,新宿区,東京都,1600009,2024-03-04
1080,坂本次郎,坂本次郎1080@yahoo.co.jp,090-3676-8972,兵庫県神戸市灘区灘南通6丁目20番8号,神戸市灘区,兵庫県,6570028,2024-04-19
1081,藤井智子,藤井智子1081@gmail.com,090-3282-7233,愛知県名古屋市西区名駅6丁目29番6号,名古屋市西区,愛知県,4510025,2023-11-17
1082,坂本美穂,坂本美穂1082@example.com,090-2094-4264,千葉県千葉市中央区中央6丁目30番4号,千葉市中央区,千葉県,2600022,2023-06-24
1083,井上一郎,井上一郎1083@icloud.com,090-5557-5478,東京都新宿区新宿8丁目29番3号,新宿区,東京都,1600003,2023-01-06
1084,木村翔太,木村翔太1084@icloud.com,090-6698-6224,愛知県名古屋市西区名駅4丁目22番8号,名古屋市西区,愛知県,4510011,2024-11-09
1085,鈴木達也,鈴木達也1085@icloud.com,090-8781-4944,兵庫県神戸市中央区三宮町2丁目21番9号,神戸市中央区,兵庫県,6500014,2024-09-03
1086,前田さくら,前田さくら1086@gmail.com,090-6417-3547,東京都渋谷区渋谷1丁目1番6号,渋谷区,東京都,1500006,2024-03-18
1087,岡田雄一,岡田雄一1087@icloud.com,090-3896-6843,兵庫県神戸市灘区灘南通5丁目16番9号,神戸市灘区,兵庫県,6570013,2024-10-20
1088,井上花子,井上花子1088@outlook.com,090-7196-4202,北海道札幌市北区北6条西1丁目28番10号,札幌市北区,北海道,0600013,2023-10-03
1089,藤井恵子,藤井恵子1089@icloud.com,090-3296-6165,福岡県福岡市中央区天神6丁目18番5号,福岡市中央区,福岡県,8100023,2023-04-01
1090,橋本千佳,橋本千佳1090@example.com,090-7450-8317,北海道札幌市北区北6条西1丁目26番2号,札幌市北区,北海道,0600009,2023-03-19
1091,遠藤麻衣,遠藤麻衣1091@icloud.com,090-6939-4645,東京都渋谷区渋谷2丁目16番1号,渋谷区,東京都,1500039,2024-09-07
1092,後藤一郎,後藤一郎1092@outlook.com,090-1644-6845,京都府京都市中京区烏丸通4丁目23番10号,京都市中京区,京都府,6040037,2023-08-17
1093,坂本健一,坂本健一1093@yahoo.co.jp,090-3338-5273,兵庫県神戸市灘区灘南通10丁目3番7号,神戸市灘区,兵庫県,6570020,2023-02-11
1094,藤原美香,藤原美香1094@outlook.com,090-3575-8402,東京都千代田区丸の内10丁目18番9号,千代田区,東京都,1000016,2023-06-29
1095,後藤慎一,後藤慎一1095@gmail.com,090-8977-6227,千葉県千葉市美浜区美浜1丁目25番6号,千葉市美浜区,千葉県,2610026,2024-05-24
1096,木村拓也,木村拓也1096@gmail.com,090-5065-7754,兵庫県神戸市灘区灘南通9丁目24番7号,神戸市灘区,兵庫県,6570012,2024-09-28
1097,村上さくら,村上さくら1097@icloud.com,090-8809-2365,北海道札幌市中央区北1条西1丁目14番9号,札幌市中央区,北海道,0600018,2023-06-08
1098,中村花子,中村花子1098@icloud.com,090-9088-9959,兵庫県神戸市灘区灘南通9丁目18番4号,神戸市灘区,兵庫県,6570023,2024-05-05
1099,松本健一,松本健一1099@example.com,090-5974-9849,千葉県千葉市美浜区美浜4丁目27番2号,千葉市美浜区,千葉県,2610028,2024-10-14
1100,長谷川由美,長谷川由美1100@yahoo.co.jp,090-3779-8952,埼玉県さいたま市大宮区大宮1丁目18番10号,さいたま市大宮区,埼玉県,3300008,2024-10-07
1101,佐藤直樹,佐藤直樹1101@example.com,090-3218-1667,埼玉県さいたま市浦和区高砂9丁目7番4号,さいたま市浦和区,埼玉県,3300009,2024-09-17
1102,石川達也,石川達也1102@outlook.com,090-4543-3877,愛知県名古屋市中区錦9丁目5番10号,名古屋市中区,愛知県,4600003,2024-02-09
1103,後藤大輔,後藤大輔1103@example.com,090-9494-7788,埼玉県さいたま市浦和区高砂4丁目26番5号,さいたま市浦和区,埼玉県,3300011,2024-11-20
1104,長谷川慎一,長谷川慎一1104@icloud.com,090-3337-4191,東京都渋谷区渋谷3丁目13番9号,渋谷区,東京都,1500011,2024-02-25
1105,山本美穂,山本美穂1105@outlook.com,090-2709-5320,北海道札幌市北区北6条西7丁目9番10号,札幌市北区,北海道,0600005,2023-11-29
1106,佐藤美咲,佐藤美咲1106@outlook.com,090-9665-2969,東京都千代田区丸の内4丁目22番9号,千代田区,東京都,1000005,2024-02-01
1107,青木達也,青木達也1107@outlook.com,090-1988-8703,愛知県名古屋市西区名駅1丁目7番2号,名古屋市西区,愛知県,4510039,2023-03-30
1108,加藤達也,加藤達也1108@outlook.com,090-9613-3621,埼玉県さいたま市浦和区高砂1丁目28番6号,さいたま市浦和区,埼玉県,3300005,2023-09-28
1109,斎藤翔太,斎藤翔太1109@icloud.com,090-3561-7073,東京都渋谷区渋谷10丁目20番3号,渋谷区,東京都,1500019,2023-04-09
1110,岡田美咲,岡田美咲1110@icloud.com,090-2257-9840,東京都千代田区丸の内2丁目7番6号,千代田区,東京都,1000019,2023-07-28
1111,坂本拓也,坂本拓也1111@example.com,090-2408-1003,神奈川県横浜市西区みなとみらい10丁目14番2号,横浜市西区,神奈川県,2200019,2024-07-01
1112,木村真由美,木村真由美1112@outlook.com,090-3324-6965,埼玉県さいたま市大宮区大宮9丁目6番2号,さいたま市大宮区,埼玉県,3300006,2024-09-06
1113,池田三郎,池田三郎1113@outlook.com,090-9616-1516,埼玉県さいたま市浦和区高砂10丁目11番3号,さいたま市浦和区,埼玉県,3300005,2024-01-18
1114,佐藤次郎,佐藤次郎1114@yahoo.co.jp,090-2124-2896,東京都千代田区丸の内2丁目26番10号,千代田区,東京都,1000006,2024-06-28
1115,山本剛,山本剛1115@icloud.com,090-9343-8085,東京都千代田区丸の内7丁目23番7号,千代田区,東京都,1000008,2023-12-28
1116,森田雄一,森田雄一1116@gmail.com,090-1704-4526,京都府京都市下京区四条通5丁目20番1号,京都市下京区,京都府,6000026,2024-08-07
1117,村上美穂,村上美穂1117@example.com,090-1086-2568,大阪府大阪市中央区本町3丁目28番3号,大阪市中央区,大阪府,5410035,2023-05-20
1118,青木次郎,青木次郎1118@outlook.com,090-6595-7497,神奈川県横浜市中区本町8丁目10番5号,横浜市中区,神奈川県,2310037,2024-09-17
1119,林一郎,林一郎1119@yahoo.co.jp,090-9627-2573,京都府京都市中京区烏丸通3丁目7番1号,京都市中京区,京都府,6040035,2023-04-21
1120,田中太郎,田中太郎1120@outlook.com,090-1731-2359,千葉県千葉市中央区中央1丁目21番4号,千葉市中央区,千葉県,2600023,2023-01-13
1121,小林剛,小林剛1121@gmail.com,090-1161-3880,兵庫県神戸市灘区灘南通10丁目6番8号,神戸市灘区,兵庫県,6570019,2023-06-27
1122,斎藤一郎,斎藤一郎1122@outlook.com,090-2401-6669,福岡県福岡市博多区博多駅前7丁目24番2号,福岡市博多区,福岡県,8120002,2023-03-05
1123,青木一郎,青木一郎1123@outlook.com,090-6205-3308,愛知県名古屋市西区名駅3丁目3番2号,名古屋市西区,愛知県,4510027,2024-10-12
1124,森田美穂,森田美穂1124@example.com,090-9361-1241,千葉県千葉市美浜区美浜8丁目26番5号,千葉市美浜区,千葉県,2610003,2023-02-07
1125,鈴木誠,鈴木誠1125@example.com,090-7303-4067,東京都渋谷区渋谷4丁目30番2号,渋谷区,東京都,1500006,2024-07-27
1126,吉田誠,吉田誠1126@icloud.com,090-2620-8110,京都府京都市中京区烏丸通4丁目23番3号,京都市中京区,京都府,6040040,2024-12-16
1127,森田三郎,森田三郎1127@yahoo.co.jp,090-1335-5552,福岡県福岡市中央区天神8丁目30番1号,福岡市中央区,福岡県,8100037,2023-10-01
1128,藤井麻衣,藤井麻衣1128@outlook.com,090-2566-3942,神奈川県横浜市西区みなとみらい9丁目18番3号,横浜市西区,神奈川県,2200037,2024-12-05
1129,渡辺麻美,渡辺麻美1129@yahoo.co.jp,090-7993-2903,兵庫県神戸市灘区灘南通2丁目10番7号,神戸市灘区,兵庫県,6570028,2023-09-20
1130,藤井美穂,藤井美穂1130@yahoo.co.jp,090-1787-5078,北海道札幌市北区北6条西10丁目7番7号,札幌市北区,北海道,0600009,2024-10-11
1131,後藤慎一,後藤慎一1131@outlook.com,090-6073-7511,埼玉県さいたま市浦和区高砂1丁目11番7号,さいたま市浦和区,埼玉県,3300023,2023-07-10
1132,山田一郎,山田一郎1132@outlook.com,090-7307-1329,東京都新宿区新宿4丁目15番9号,新宿区,東京都,1600001,2023-07-31
1133,松本健太,松本健太1133@outlook.com,090-6776-7426,埼玉県さいたま市浦和区高砂1丁目17番2号,さいたま市浦和区,埼玉県,3300010,2023-12-16
1134,近藤剛,近藤剛1134@outlook.com,090-4453-3547,京都府京都市下京区四条通10丁目16番3号,京都市下京区,京都府,6000031,2024-12-19
1135,鈴木由美,鈴木由美1135@outlook.com,090-3668-3855,兵庫県神戸市灘区灘南通6丁目3番4号,神戸市灘区,兵庫県,6570041,2024-08-10
1136,青木麻衣,青木麻衣1136@yahoo.co.jp,090-9762-4158,福岡県福岡市中央区天神6丁目17番1号,福岡市中央区,福岡県,8100031,2024-04-23
1137,鈴木一郎,鈴木一郎1137@outlook.com,090-6656-6165,北海道札幌市北区北6条西2丁目18番2号,札幌市北区,北海道,0600021,2024-09-04
1138,長谷川拓也,長谷川拓也1138@outlook.com,090-8660-4213,神奈川県横浜市西区みなとみらい9丁目19番2号,横浜市西区,神奈川県,2200001,2023-02-14
1139,池田美穂,池田美穂1139@icloud.com,090-3073-8254,埼玉県さいたま市大宮区大宮4丁目10番7号,さいたま市大宮区,埼玉県,3300029,2024-01-17
1140,小林慎一,小林慎一1140@yahoo.co.jp,090-4830-2521,愛知県名古屋市西区名駅2丁目8番9号,名古屋市西区,愛知県,4510029,2024-10-18
1141,後藤麻衣,後藤麻衣1141@example.com,090-9401-5855,北海道札幌市中央区北1条西2丁目17番5号,札幌市中央区,北海道,0600027,2024-11-03
1142,長谷川麻衣,長谷川麻衣1142@gmail.com,090-8208-2362,埼玉県さいたま市大宮区大宮10丁目16番10号,さいたま市大宮区,埼玉県,3300004,2024-12-09
1143,渡辺拓也,渡辺拓也1143@outlook.com,090-5938-7703,愛知県名古屋市西区名駅4丁目17番10号,名古屋市西区,愛知県,4510036,2023-08-09
1144,井上雄一,井上雄一1144@icloud.com,090-6633-4589,大阪府大阪市中央区本町10丁目1番3号,大阪市中央区,大阪府,5410016,2024-06-09
1145,坂本由美子,坂本由美子1145@icloud.com,090-3873-3164,東京都新宿区新宿8丁目29番1号,新宿区,東京都,1600002,2023-12-12
1146,井上美穂,井上美穂1146@example.com,090-6560-4020,北海道札幌市北区北6条西3丁目18番1号,札幌市北区,北海道,0600019,2024-07-04
1147,遠藤由美子,遠藤由美子1147@gmail.com,090-6659-7678,神奈川県横浜市西区みなとみらい7丁目29番8号,横浜市西区,神奈川県,2200002,2023-10-24
1148,吉田千佳,吉田千佳1148@outlook.com,090-9363-6637,東京都新宿区新宿10丁目17番1号,新宿区,東京都,1600017,2023-02-05
1149,遠藤誠,遠藤誠1149@example.com,090-3815-7349,千葉県千葉市美浜区美浜3丁目9番8号,千葉市美浜区,千葉県,2610033,2024-07-04
1150,林愛,林愛1150@outlook.com,090-9176-6595,福岡県福岡市中央区天神1丁目3番3号,福岡市中央区,福岡県,8100032,2023-05-28
1151,加藤達也,加藤達也1151@example.com,090-2598-4920,東京都千代田区丸の内1丁目2番8号,千代田区,東京都,1000008,2024-04-18
1152,加藤真由美,加藤真由美1152@outlook.com,090-8084-9390,愛知県名古屋市中区錦5丁目9番7号,名古屋市中区,愛知県,4600001,2024-10-31
1153,伊藤恵子,伊藤恵子1153@icloud.com,090-2000-9136,埼玉県さいたま市大宮区大宮7丁目15番10号,さいたま市大宮区,埼玉県,3300029,2024-04-22
1154,渡辺達也,渡辺達也1154@example.com,090-7828-4766,千葉県千葉市中央区中央2丁目26番10号,千葉市中央区,千葉県,2600035,2024-06-30
1155,佐藤健太,佐藤健太1155@icloud.com,090-9456-1398,兵庫県神戸市灘区灘南通7丁目8番3号,神戸市灘区,兵庫県,6570017,2024-10-06
1156,井上翔太,井上翔太1156@yahoo.co.jp,090-4854-2038,東京都千代田区丸の内10丁目7番4号,千代田区,東京都,1000002,2023-07-03
1157,中村亮,中村亮1157@outlook.com,090-7712-8493,埼玉県さいたま市浦和区高砂7丁目29番9号,さいたま市浦和区,埼玉県,3300007,2023-06-12
1158,岡田拓也,岡田拓也1158@gmail.com,090-8989-2982,東京都渋谷区渋谷3丁目25番5号,渋谷区,東京都,1500032,2023-07-07
1159,池田三郎,池田三郎1159@gmail.com,090-7776-5455,神奈川県横浜市中区本町8丁目28番5号,横浜市中区,神奈川県,2310013,2024-07-22
1160,井上美香,井上美香1160@icloud.com,090-4546-6610,京都府京都市中京区烏丸通9丁目30番1号,京都市中京区,京都府,6040002,2023-06-01
1161,遠藤直樹,遠藤直樹1161@icloud.com,090-7443-9098,兵庫県神戸市灘区灘南通1丁目27番4号,神戸市灘区,兵庫県,6570024,2023-07-26
1162,石川一郎,石川一郎1162@yahoo.co.jp,090-9017-3473,北海道札幌市中央区北1条西2丁目17番4号,札幌市中央区,北海道,0600025,2024-04-18
1163,坂本一郎,坂本一郎1163@gmail.com,090-5735-2281,愛知県名古屋市西区名駅5丁目27番9号,名古屋市西区,愛知県,4510025,2023-07-10
1164,田中和也,田中和也1164@icloud.com,090-8058-2188,北海道札幌市中央区北1条西1丁目7番7号,札幌市中央区,北海道,0600004,2024-01-28
1165,高橋直樹,高橋直樹1165@yahoo.co.jp,090-2772-5784,東京都千代田区丸の内7丁目5番4号,千代田区,東京都,1000007,2024-09-11
1166,吉田健一,吉田健一1166@yahoo.co.jp,090-6592-4787,東京都千代田区丸の内9丁目21番6号,千代田区,東京都,1000008,2023-01-19
1167,田中智子,田中智子1167@gmail.com,090-8902-6547,福岡県福岡市博多区博多駅前2丁目27番8号,福岡市博多区,福岡県,8120012,2023-11-15
1168,林香織,林香織1168@gmail.com,090-4411-2124,兵庫県神戸市灘区灘南通5丁目1番9号,神戸市灘区,兵庫県,6570008,2023-11-16
1169,中村由美,中村由美1169@example.com,090-1187-5108,京都府京都市下京区四条通9丁目30番6号,京都市下京区,京都府,6000018,2024-10-07
1170,佐藤正,佐藤正1170@gmail.com,090-6657-4120,兵庫県神戸市中央区三宮町6丁目18番1号,神戸市中央区,兵庫県,6500023,2023-04-12
1171,鈴木優子,鈴木優子1171@yahoo.co.jp,090-4819-8051,東京都渋谷区渋谷8丁目14番4号,渋谷区,東京都,1500025,2024-08-27
1172,長谷川達也,長谷川達也1172@yahoo.co.jp,090-1342-4171,埼玉県さいたま市浦和区高砂10丁目27番9号,さいたま市浦和区,埼玉県,3300001,2023-11-18
1173,藤井智子,藤井智子1173@yahoo.co.jp,090-1698-3978,兵庫県神戸市中央区三宮町3丁目18番2号,神戸市中央区,兵庫県,6500003,2023-09-12
1174,近藤和也,近藤和也1174@icloud.com,090-4303-6661,千葉県千葉市美浜区美浜6丁目5番5号,千葉市美浜区,千葉県,2610001,2023-03-09
1175,林達也,林達也1175@outlook.com,090-9257-5895,福岡県福岡市中央区天神4丁目16番6号,福岡市中央区,福岡県,8100008,2023-01-23
1176,村上誠,村上誠1176@outlook.com,090-8664-1240,福岡県福岡市博多区博多駅前2丁目8番6号,福岡市博多区,福岡県,8120010,2023-12-12
1177,林大輔,林大輔1177@gmail.com,090-2393-3349,神奈川県横浜市中区本町5丁目13番7号,横浜市中区,神奈川県,2310014,2023-11-16
1178,長谷川智子,長谷川智子1178@example.com,090-9120-1204,福岡県福岡市博多区博多駅前7丁目6番4号,福岡市博多区,福岡県,8120014,2023-03-03
1179,藤井恵子,藤井恵子1179@outlook.com,090-5259-8377,大阪府大阪市中央区本町8丁目14番3号,大阪市中央区,大阪府,5410009,2023-07-18
1180,鈴木さくら,鈴木さくら1180@example.com,090-4742-8926,大阪府大阪市中央区本町10丁目8番5号,大阪市中央区,大阪府,5410029,2024-10-30
1181,岡田美香,岡田美香1181@icloud.com,090-5597-6811,埼玉県さいたま市大宮区大宮2丁目19番9号,さいたま市大宮区,埼玉県,3300033,2023-07-30
1182,後藤美咲,後藤美咲1182@outlook.com,090-4699-6600,京都府京都市中京区烏丸通9丁目21番1号,京都市中京区,京都府,6040003,2024-11-11
1183,斎藤次郎,斎藤次郎1183@gmail.com,090-5295-9290,神奈川県横浜市西区みなとみらい9丁目10番4号,横浜市西区,神奈川県,2200020,2024-05-28
1184,後藤次郎,後藤次郎1184@icloud.com,090-6935-2436,福岡県福岡市博多区博多駅前2丁目6番10号,福岡市博多区,福岡県,8120004,2024-11-12
1185,高橋健一,高橋健一1185@gmail.com,090-1733-5448,埼玉県さいたま市大宮区大宮2丁目9番8号,さいたま市大宮区,埼玉県,3300034,2023-01-05
1186,山本次郎,山本次郎1186@gmail.com,090-9096-5609,千葉県千葉市美浜区美浜4丁目4番4号,千葉市美浜区,千葉県,2610012,2023-09-10
1187,山本智子,山本智子1187@gmail.com,090-2616-9484,埼玉県さいたま市浦和区高砂10丁目21番3号,さいたま市浦和区,埼玉県,3300011,2024-06-05
1188,橋本拓也,橋本拓也1188@example.com,090-5176-5114,東京都新宿区新宿6丁目30番5号,新宿区,東京都,1600019,2024-05-07
1189,渡辺由美子,渡辺由美子1189@icloud.com,090-8432-2395,大阪府大阪市北区梅田7丁目3番7号,大阪市北区,大阪府,5300018,2024-10-26
1190,藤原亮,藤原亮1190@example.com,090-9667-6330,埼玉県さいたま市浦和区高砂7丁目8番4号,さいたま市浦和区,埼玉県,3300016,2023-10-13
1191,遠藤正,遠藤正1191@example.com,090-9896-1766,東京都新宿区新宿9丁目21番10号,新宿区,東京都,1600011,2023-10-07
1192,近藤翔太,近藤翔太1192@outlook.com,090-2404-2816,東京都千代田区丸の内4丁目13番8号,千代田区,東京都,1000021,2024-05-13
1193,池田雄一,池田雄一1193@outlook.com,090-4748-3308,千葉県千葉市中央区中央5丁目29番9号,千葉市中央区,千葉県,2600024,2024-12-04
1194,前田美香,前田美香1194@icloud.com,090-9202-9600,京都府京都市中京区烏丸通4丁目14番8号,京都市中京区,京都府,6040023,2023-08-22
1195,橋本さくら,橋本さくら1195@gmail.com,090-4948-1279,大阪府大阪市中央区本町5丁目2番3号,大阪市中央区,大阪府,5410010,2023-10-03
1196,前田慎一,前田慎一1196@outlook.com,090-3067-9244,東京都渋谷区渋谷8丁目30番10号,渋谷区,東京都,1500010,2024-04-22
1197,高橋健一,高橋健一1197@icloud.com,090-9652-6867,福岡県福岡市博多区博多駅前8丁目22番10号,福岡市博多区,福岡県,8120002,2024-10-18
1198,斎藤香織,斎藤香織1198@gmail.com,090-4103-7834,愛知県名古屋市西区名駅6丁目26番6号,名古屋市西区,愛知県,4510015,2024-03-02
1199,橋本亮,橋本亮1199@yahoo.co.jp,090-9966-7736,愛知県名古屋市中区錦8丁目12番2号,名古屋市中区,愛知県,4600007,2023-03-27
1200,伊藤正,伊藤正1200@yahoo.co.jp,090-8034-2520,神奈川県横浜市西区みなとみらい4丁目28番2号,横浜市西区,神奈川県,2200020,2024-08-10
1201,前田雄一,前田雄一1201@gmail.com,090-2266-4230,福岡県福岡市中央区天神8丁目15番3号,福岡市中央区,福岡県,8100003,2023-07-26
1202,井上和也,井上和也1202@outlook.com,090-3190-7361,埼玉県さいたま市大宮区大宮7丁目30番1号,さいたま市大宮区,埼玉県,3300003,2023-04-28
1203,前田慎一,前田慎一1203@icloud.com,090-4564-2008,埼玉県さいたま市浦和区高砂5丁目12番1号,さいたま市浦和区,埼玉県,3300020,2024-12-14
1204,木村愛,木村愛1204@yahoo.co.jp,090-5225-6663,千葉県千葉市中央区中央7丁目19番5号,千葉市中央区,千葉県,2600036,2023-07-29
1205,岡田亮,岡田亮1205@example.com,090-5877-4880,埼玉県さいたま市浦和区高砂7丁目28番5号,さいたま市浦和区,埼玉県,3300008,2023-05-06
1206,近藤美香,近藤美香1206@icloud.com,090-6954-1615,埼玉県さいたま市大宮区大宮8丁目20番3号,さいたま市大宮区,埼玉県,3300035,2023-03-20
1207,藤原由美子,藤原由美子1207@outlook.com,090-5630-1937,千葉県千葉市美浜区美浜3丁目12番4号,千葉市美浜区,千葉県,2610002,2023-01-18
1208,佐藤次郎,佐藤次郎1208@outlook.com,090-4833-2517,兵庫県神戸市灘区灘南通7丁目7番10号,神戸市灘区,兵庫県,6570034,2023-08-31
1209,佐藤三郎,佐藤三郎1209@icloud.com,090-8937-7390,福岡県福岡市中央区天神8丁目16番9号,福岡市中央区,福岡県,8100041,2023-07-01
1210,佐藤美穂,佐藤美穂1210@outlook.com,090-8610-6271,大阪府大阪市中央区本町1丁目12番7号,大阪市中央区,大阪府,5410033,2024-01-13
1211,渡辺正,渡辺正1211@icloud.com,090-2006-1448,埼玉県さいたま市浦和区高砂2丁目6番6号,さいたま市浦和区,埼玉県,3300005,2024-09-02
1212,池田由美子,池田由美子1212@icloud.com,090-5203-6329,大阪府大阪市北区梅田9丁目11番2号,大阪市北区,大阪府,5300004,2023-01-23
1213,前田翔太,前田翔太1213@example.com,090-7604-3484,千葉県千葉市美浜区美浜3丁目11番7号,千葉市美浜区,千葉県,2610035,2023-10-16
1214,藤井麻衣,藤井麻衣1214@outlook.com,090-7515-4164,千葉県千葉市美浜区美浜9丁目16番2号,千葉市美浜区,千葉県,2610010,2024-07-22
1215,森田さくら,森田さくら1215@gmail.com,090-7576-8047,神奈川県横浜市西区みなとみらい9丁目16番6号,横浜市西区,神奈川県,2200041,2024-08-20
1216,遠藤麻美,遠藤麻美1216@icloud.com,090-2919-6230,東京都新宿区新宿7丁目14番10号,新宿区,東京都,1600018,2024-07-29
1217,小林次郎,小林次郎1217@yahoo.co.jp,090-2056-8054,兵庫県神戸市中央区三宮町1丁目28番4号,神戸市中央区,兵庫県,6500007,2023-03-29
1218,田中麻美,田中麻美1218@yahoo.co.jp,090-4207-8180,千葉県千葉市美浜区美浜3丁目11番3号,千葉市美浜区,千葉県,2610032,2024-11-07
1219,吉田さくら,吉田さくら1219@example.com,090-1195-7130,東京都渋谷区渋谷1丁目7番3号,渋谷区,東京都,1500033,2024-02-01
1220,岡田拓也,岡田拓也1220@outlook.com,090-9810-2494,福岡県福岡市博多区博多駅前1丁目19番4号,福岡市博多区,福岡県,8120020,2023-02-25
1221,森田美穂,森田美穂1221@gmail.com,090-6040-4776,福岡県福岡市中央区天神6丁目6番10号,福岡市中央区,福岡県,8100032,2023-12-25
1222,田中達也,田中達也1222@outlook.com,090-2763-6251,兵庫県神戸市灘区灘南通8丁目17番5号,神戸市灘区,兵庫県,6570035,2023-12-13
1223,藤井達也,藤井達也1223@example.com,090-1194-6158,兵庫県神戸市灘区灘南通9丁目10番9号,神戸市灘区,兵庫県,6570032,2023-09-01
1224,遠藤正,遠藤正1224@example.com,090-8927-4224,北海道札幌市北区北6条西4丁目30番5号,札幌市北区,北海道,0600039,2024-12-31
1225,中村大輔,中村大輔1225@icloud.com,090-1573-7952,埼玉県さいたま市浦和区高砂6丁目2番5号,さいたま市浦和区,埼玉県,3300037,2024-12-06
1226,岡田雄一,岡田雄一1226@example.com,090-9013-6425,東京都新宿区新宿3丁目5番6号,新宿区,東京都,1600001,2023-04-25
1227,青木拓也,青木拓也1227@outlook.com,090-5621-8025,千葉県千葉市美浜区美浜8丁目21番10号,千葉市美浜区,千葉県,2610030,2024-06-09
1228,佐藤由美,佐藤由美1228@yahoo.co.jp,090-6216-9706,北海道札幌市北区北6条西10丁目15番5号,札幌市北区,北海道,0600018,2024-03-16
1229,小林雄一,小林雄一1229@yahoo.co.jp,090-6971-7832,神奈川県横浜市中区本町1丁目30番1号,横浜市中区,神奈川県,2310029,2023-03-23
1230,加藤香織,加藤香織1230@example.com,090-2708-5137,北海道札幌市北区北6条西3丁目12番2号,札幌市北区,北海道,0600011,2023-12-27
1231,青木さくら,青木さくら1231@example.com,090-5372-8016,京都府京都市中京区烏丸通3丁目11番2号,京都市中京区,京都府,6040034,2023-10-15
1232,岡田健一,岡田健一1232@gmail.com,090-7811-7455,福岡県福岡市博多区博多駅前3丁目11番5号,福岡市博多区,福岡県,8120017,2023-12-27
1233,加藤翔太,加藤翔太1233@icloud.com,090-3327-1544,北海道札幌市中央区北1条西9丁目4番1号,札幌市中央区,北海道,0600033,2023-05-20
1234,橋本美穂,橋本美穂1234@example.com,090-5948-4024,京都府京都市下京区四条通1丁目24番7号,京都市下京区,京都府,6000019,2023-04-29
1235,遠藤さくら,遠藤さくら1235@gmail.com,090-2485-1572,東京都渋谷区渋谷6丁目8番1号,渋谷区,東京都,1500007,2023-02-01
1236,村上慎一,村上慎一1236@icloud.com,090-3443-6716,京都府京都市下京区四条通4丁目20番2号,京都市下京区,京都府,6000028,2024-02-26
1237,坂本慎一,坂本慎一1237@outlook.com,090-9458-6422,兵庫県神戸市中央区三宮町9丁目26番7号,神戸市中央区,兵庫県,6500007,2024-08-21
1238,吉田美香,吉田美香1238@outlook.com,090-4932-4733,神奈川県横浜市中区本町10丁目12番7号,横浜市中区,神奈川県,2310033,2024-02-29
1239,佐藤由美子,佐藤由美子1239@yahoo.co.jp,090-6787-6857,大阪府大阪市北区梅田6丁目10番10号,大阪市北区,大阪府,5300020,2023-09-27
1240,渡辺智子,渡辺智子1240@icloud.com,090-1402-1787,大阪府大阪市北区梅田8丁目22番3号,大阪市北区,大阪府,5300016,2023-11-24
1241,青木誠,青木誠1241@example.com,090-9486-9624,東京都新宿区新宿7丁目9番8号,新宿区,東京都,1600013,2023-04-27
1242,藤井拓也,藤井拓也1242@outlook.com,090-5146-4197,千葉県千葉市中央区中央4丁目17番5号,千葉市中央区,千葉県,2600036,2024-05-08
1243,伊藤雄一,伊藤雄一1243@icloud.com,090-2940-7976,東京都千代田区丸の内10丁目16番3号,千代田区,東京都,1000021,2023-06-17
1244,後藤花子,後藤花子1244@icloud.com,090-9329-8579,北海道札幌市中央区北1条西9丁目20番2号,札幌市中央区,北海道,0600011,2023-02-08
1245,森田さくら,森田さくら1245@icloud.com,090-9987-7481,神奈川県横浜市中区本町5丁目29番8号,横浜市中区,神奈川県,2310034,2023-12-23
1246,高橋一郎,高橋一郎1246@example.com,090-3085-6620,神奈川県横浜市中区本町8丁目6番1号,横浜市中区,神奈川県,2310041,2024-02-28
1247,高橋次郎,高橋次郎1247@example.com,090-3063-6117,東京都新宿区新宿10丁目23番10号,新宿区,東京都,1600008,2023-05-17
1248,中村美咲,中村美咲1248@outlook.com,090-9976-8568,京都府京都市中京区烏丸通1丁目26番4号,京都市中京区,京都府,6040025,2023-09-19
1249,斎藤恵子,斎藤恵子1249@icloud.com,090-7097-6722,京都府京都市中京区烏丸通6丁目30番5号,京都市中京区,京都府,6040006,2023-11-11
1250,林優子,林優子1250@yahoo.co.jp,090-7339-7868,福岡県福岡市中央区天神5丁目1番10号,福岡市中央区,福岡県,8100029,2024-12-19
1251,吉田美香,吉田美香1251@yahoo.co.jp,090-5539-6280,北海道札幌市中央区北1条西8丁目27番1号,札幌市中央区,北海道,0600017,2024-07-11
1252,山田雄一,山田雄一1252@outlook.com,090-4948-7893,埼玉県さいたま市大宮区大宮3丁目11番7号,さいたま市大宮区,埼玉県,3300022,2023-07-21
1253,前田慎一,前田慎一1253@gmail.com,090-6658-2171,埼玉県さいたま市大宮区大宮5丁目28番3号,さいたま市大宮区,埼玉県,3300019,2024-05-14
1254,木村和也,木村和也1254@icloud.com,090-3606-1035,千葉県千葉市中央区中央3丁目24番1号,千葉市中央区,千葉県,2600023,2023-02-01
1255,村上由美,村上由美1255@outlook.com,090-9408-7329,埼玉県さいたま市大宮区大宮1丁目15番10号,さいたま市大宮区,埼玉県,3300011,2024-02-16
1256,岡田愛,岡田愛1256@yahoo.co.jp,090-7242-2945,神奈川県横浜市西区みなとみらい3丁目30番2号,横浜市西区,神奈川県,2200028,2024-04-01
1257,小林さくら,小林さくら1257@example.com,090-8208-8019,福岡県福岡市中央区天神10丁目3番5号,福岡市中央区,福岡県,8100023,2024-10-02
1258,長谷川真由美,長谷川真由美1258@outlook.com,090-5082-8827,京都府京都市中京区烏丸通5丁目16番2号,京都市中京区,京都府,6040024,2024-11-04
1259,加藤愛,加藤愛1259@icloud.com,090-6392-3678,京都府京都市中京区烏丸通10丁目19番6号,京都市中京区,京都府,6040034,2024-01-06
1260,岡田和也,岡田和也1260@example.com,090-8532-2833,千葉県千葉市美浜区美浜4丁目7番10号,千葉市美浜区,千葉県,2610030,2024-03-13
1261,伊藤麻衣,伊藤麻衣1261@outlook.com,090-8114-9111,埼玉県さいたま市浦和区高砂3丁目5番1号,さいたま市浦和区,埼玉県,3300008,2023-07-17
1262,渡辺雄一,渡辺雄一1262@gmail.com,090-1909-1305,京都府京都市中京区烏丸通4丁目7番7号,京都市中京区,京都府,6040016,2023-11-20
1263,井上恵子,井上恵子1263@yahoo.co.jp,090-7335-1041,埼玉県さいたま市大宮区大宮4丁目5番7号,さいたま市大宮区,埼玉県,3300025,2024-04-25
1264,高橋由美,高橋由美1264@outlook.com,090-2833-3854,千葉県千葉市美浜区美浜8丁目20番2号,千葉市美浜区,千葉県,2610034,2023-01-27
1265,小林慎一,小林慎一1265@icloud.com,090-9144-8335,埼玉県さいたま市浦和区高砂2丁目6番2号,さいたま市浦和区,埼玉県,3300020,2023-03-03
1266,山田さくら,山田さくら1266@example.com,090-7094-6579,埼玉県さいたま市浦和区高砂9丁目3番7号,さいたま市浦和区,埼玉県,3300004,2024-09-13
1267,木村美穂,木村美穂1267@yahoo.co.jp,090-5005-2521,埼玉県さいたま市大宮区大宮7丁目19番2号,さいたま市大宮区,埼玉県,3300039,2024-11-24
1268,渡辺正,渡辺正1268@outlook.com,090-4280-7832,京都府京都市下京区四条通9丁目6番9号,京都市下京区,京都府,6000020,2024-09-08
1269,伊藤三郎,伊藤三郎1269@yahoo.co.jp,090-3855-4552,京都府京都市中京区烏丸通2丁目10番4号,京都市中京区,京都府,6040032,2024-01-22
1270,後藤由美,後藤由美1270@yahoo.co.jp,090-7795-1057,埼玉県さいたま市浦和区高砂6丁目21番6号,さいたま市浦和区,埼玉県,3300003,2024-11-02
1271,林香織,林香織1271@gmail.com,090-6909-9805,千葉県千葉市中央区中央6丁目17番3号,千葉市中央区,千葉県,2600004,2023-04-24
1272,石川健太,石川健太1272@example.com,090-3000-9696,東京都千代田区丸の内2丁目19番2号,千代田区,東京都,1000011,2023-10-11
1273,林麻美,林麻美1273@gmail.com,090-3858-7724,神奈川県横浜市西区みなとみらい7丁目1番1号,横浜市西区,神奈川県,2200015,2024-04-17
1274,佐藤千佳,佐藤千佳1274@example.com,090-9331-4586,東京都新宿区新宿2丁目9番8号,新宿区,東京都,1600001,2023-08-28
1275,小林雄一,小林雄一1275@icloud.com,090-3180-1126,北海道札幌市中央区北1条西4丁目19番9号,札幌市中央区,北海道,0600002,2023-11-28
1276,山本恵子,山本恵子1276@example.com,090-9532-2299,北海道札幌市北区北6条西5丁目18番1号,札幌市北区,北海道,0600032,2023-09-24
1277,斎藤和也,斎藤和也1277@outlook.com,090-3250-2638,北海道札幌市北区北6条西3丁目17番5号,札幌市北区,北海道,0600030,2024-02-14
1278,林美香,林美香1278@icloud.com,090-1999-6727,京都府京都市中京区烏丸通5丁目3番5号,京都市中京区,京都府,6040035,2023-07-09
1279,田中健太,田中健太1279@yahoo.co.jp,090-8371-8830,兵庫県神戸市灘区灘南通9丁目3番9号,神戸市灘区,兵庫県,6570005,2024-01-31
1280,藤井愛,藤井愛1280@outlook.com,090-6147-2838,東京都新宿区新宿6丁目21番2号,新宿区,東京都,1600013,2024-06-09
1281,後藤恵子,後藤恵子1281@icloud.com,090-1498-7853,北海道札幌市北区北6条西7丁目12番7号,札幌市北区,北海道,0600039,2023-11-16
1282,林優子,林優子1282@icloud.com,090-4053-4796,北海道札幌市中央区北1条西8丁目29番6号,札幌市中央区,北海道,0600018,2023-07-31
1283,田中麻衣,田中麻衣1283@yahoo.co.jp,090-4382-8529,大阪府大阪市中央区本町6丁目8番10号,大阪市中央区,大阪府,5410001,2024-04-19
1284,橋本太郎,橋本太郎1284@icloud.com,090-4639-8186,大阪府大阪市北区梅田9丁目13番1号,大阪市北区,大阪府,5300002,2023-02-10
1285,藤井慎一,藤井慎一1285@yahoo.co.jp,090-3841-1356,福岡県福岡市中央区天神1丁目19番10号,福岡市中央区,福岡県,8100005,2024-10-29
1286,山本美香,山本美香1286@yahoo.co.jp,090-3805-4177,神奈川県横浜市西区みなとみらい4丁目7番5号,横浜市西区,神奈川県,2200003,2024-05-02
1287,藤原太郎,藤原太郎1287@gmail.com,090-9726-4712,北海道札幌市北区北6条西8丁目3番7号,札幌市北区,北海道,0600018,2023-08-25
1288,遠藤三郎,遠藤三郎1288@gmail.com,090-4902-3560,愛知県名古屋市中区錦3丁目22番8号,名古屋市中区,愛知県,4600008,2023-08-09
1289,鈴木慎一,鈴木慎一1289@outlook.com,090-6736-8286,神奈川県横浜市西区みなとみらい6丁目21番6号,横浜市西区,神奈川県,2200021,2023-01-15
1290,坂本真由美,坂本真由美1290@icloud.com,090-6856-1399,愛知県名古屋市中区錦3丁目22番3号,名古屋市中区,愛知県,4600007,2024-05-03
1291,石川翔太,石川翔太1291@yahoo.co.jp,090-8049-5407,兵庫県神戸市灘区灘南通8丁目20番9号,神戸市灘区,兵庫県,6570019,2023-07-17
1292,岡田麻衣,岡田麻衣1292@icloud.com,090-3745-7168,兵庫県神戸市灘区灘南通1丁目19番7号,神戸市灘区,兵庫県,6570030,2023-01-28
1293,近藤麻衣,近藤麻衣1293@example.com,090-9158-9821,千葉県千葉市美浜区美浜1丁目30番4号,千葉市美浜区,千葉県,2610001,2023-11-07
1294,前田次郎,前田次郎1294@example.com,090-8436-8732,福岡県福岡市中央区天神2丁目6番4号,福岡市中央区,福岡県,8100040,2023-10-03
1295,後藤直樹,後藤直樹1295@gmail.com,090-9964-4539,北海道札幌市中央区北1条西2丁目2番8号,札幌市中央区,北海道,0600015,2024-06-15
1296,中村由美子,中村由美子1296@yahoo.co.jp,090-7267-4244,東京都渋谷区渋谷7丁目22番10号,渋谷区,東京都,1500028,2023-11-29
1297,坂本愛,坂本愛1297@gmail.com,090-1686-8247,神奈川県横浜市西区みなとみらい9丁目4番3号,横浜市西区,神奈川県,2200006,2024-05-26
1298,遠藤美穂,遠藤美穂1298@icloud.com,090-3511-7576,大阪府大阪市中央区本町8丁目16番8号,大阪市中央区,大阪府,5410008,2023-05-10
1299,井上智子,井上智子1299@icloud.com,090-4784-6368,愛知県名古屋市中区錦4丁目19番6号,名古屋市中区,愛知県,4600001,2024-02-13
1300,橋本千佳,橋本千佳1300@yahoo.co.jp,090-4009-6291,北海道札幌市中央区北1条西6丁目21番6号,札幌市中央区,北海道,0600034,2024-12-30
1301,後藤翔太,後藤翔太1301@icloud.com,090-1214-1075,神奈川県横浜市中区本町2丁目18番9号,横浜市中区,神奈川県,2310026,2024-01-10
1302,村上由美子,村上由美子1302@outlook.com,090-3009-1286,福岡県福岡市中央区天神2丁目16番6号,福岡市中央区,福岡県,8100032,2023-03-04
1303,坂本さくら,坂本さくら1303@example.com,090-9321-8361,埼玉県さいたま市大宮区大宮9丁目8番2号,さいたま市大宮区,埼玉県,3300034,2024-08-01
1304,後藤翔太,後藤翔太1304@example.com,090-5156-1419,大阪府大阪市北区梅田1丁目29番4号,大阪市北区,大阪府,5300005,2023-01-21
1305,長谷川智子,長谷川智子1305@example.com,090-1083-8612,北海道札幌市中央区北1条西1丁目10番8号,札幌市中央区,北海道,0600017,2024-01-02
1306,高橋慎一,高橋慎一1306@icloud.com,090-5159-7905,千葉県千葉市中央区中央7丁目12番2号,千葉市中央区,千葉県,2600038,2023-04-01
1307,坂本健太,坂本健太1307@yahoo.co.jp,090-5927-8725,兵庫県神戸市中央区三宮町6丁目12番8号,神戸市中央区,兵庫県,6500011,2024-03-17
1308,加藤正,加藤正1308@icloud.com,090-6988-6167,埼玉県さいたま市浦和区高砂1丁目29番6号,さいたま市浦和区,埼玉県,3300029,2024-03-17
1309,藤井和也,藤井和也1309@yahoo.co.jp,090-5015-2653,千葉県千葉市中央区中央6丁目19番8号,千葉市中央区,千葉県,2600011,2023-09-04
1310,藤井由美子,藤井由美子1310@outlook.com,090-4749-9531,東京都千代田区丸の内9丁目27番8号,千代田区,東京都,1000018,2023-07-10
1311,斎藤智子,斎藤智子1311@gmail.com,090-9855-7960,北海道札幌市中央区北1条西10丁目8番8号,札幌市中央区,北海道,0600033,2023-07-02
1312,吉田雄一,吉田雄一1312@outlook.com,090-2525-8639,東京都渋谷区渋谷1丁目10番3号,渋谷区,東京都,1500013,2024-11-27
1313,森田直樹,森田直樹1313@example.com,090-3988-1125,京都府京都市下京区四条通6丁目17番2号,京都市下京区,京都府,6000031,2023-04-03
1314,村上拓也,村上拓也1314@example.com,090-7020-5290,北海道札幌市中央区北1条西9丁目12番6号,札幌市中央区,北海道,0600034,2023-06-12
1315,長谷川次郎,長谷川次郎1315@icloud.com,090-7773-4109,東京都渋谷区渋谷9丁目28番2号,渋谷区,東京都,1500015,2024-12-02
1316,岡田健一,岡田健一1316@icloud.com,090-4469-5369,埼玉県さいたま市浦和区高砂1丁目28番8号,さいたま市浦和区,埼玉県,3300001,2024-07-03
1317,木村由美,木村由美1317@gmail.com,090-2272-1463,埼玉県さいたま市浦和区高砂6丁目1番5号,さいたま市浦和区,埼玉県,3300001,2024-07-14
1318,橋本雄一,橋本雄一1318@gmail.com,090-3945-9170,東京都渋谷区渋谷9丁目21番4号,渋谷区,東京都,1500010,2023-05-19
1319,森田剛,森田剛1319@example.com,090-6515-9723,兵庫県神戸市灘区灘南通7丁目15番2号,神戸市灘区,兵庫県,6570023,2023-05-26
1320,長谷川翔太,長谷川翔太1320@icloud.com,090-2191-8419,東京都千代田区丸の内6丁目10番7号,千代田区,東京都,1000009,2023-05-14
1321,吉田麻衣,吉田麻衣1321@example.com,090-3236-8007,東京都千代田区丸の内1丁目22番1号,千代田区,東京都,1000007,2024-01-24
1322,遠藤直樹,遠藤直樹1322@yahoo.co.jp,090-5815-3317,埼玉県さいたま市浦和区高砂8丁目22番9号,さいたま市浦和区,埼玉県,3300013,2024-11-16
1323,近藤翔太,近藤翔太1323@outlook.com,090-3343-6323,東京都渋谷区渋谷4丁目26番4号,渋谷区,東京都,1500036,2024-03-21
1324,坂本剛,坂本剛1324@outlook.com,090-1721-8099,兵庫県神戸市中央区三宮町4丁目11番5号,神戸市中央区,兵庫県,6500016,2023-05-12
1325,坂本剛,坂本剛1325@icloud.com,090-6133-3888,福岡県福岡市中央区天神6丁目28番3号,福岡市中央区,福岡県,8100014,2023-09-03
1326,井上健一,井上健一1326@yahoo.co.jp,090-8263-8508,愛知県名古屋市中区錦8丁目17番8号,名古屋市中区,愛知県,4600001,2023-03-04
1327,藤井健太,藤井健太1327@gmail.com,090-3099-4917,千葉県千葉市中央区中央4丁目16番9号,千葉市中央区,千葉県,2600034,2024-06-01
1328,林麻美,林麻美1328@outlook.com,090-2994-1734,大阪府大阪市北区梅田1丁目7番7号,大阪市北区,大阪府,5300012,2023-12-22
1329,吉田正,吉田正1329@icloud.com,090-6495-8600,京都府京都市中京区烏丸通7丁目8番3号,京都市中京区,京都府,6040020,2023-10-27
1330,長谷川由美子,長谷川由美子1330@yahoo.co.jp,090-7725-9466,東京都渋谷区渋谷6丁目28番1号,渋谷区,東京都,1500027,2024-02-21
1331,石川由美,石川由美1331@yahoo.co.jp,090-2863-8939,埼玉県さいたま市浦和区高砂3丁目8番5号,さいたま市浦和区,埼玉県,3300027,2024-06-01
1332,藤井亮,藤井亮1332@yahoo.co.jp,090-6848-8953,兵庫県神戸市中央区三宮町7丁目9番10号,神戸市中央区,兵庫県,6500023,2024-08-24
1333,田中亮,田中亮1333@yahoo.co.jp,090-7245-4370,東京都千代田区丸の内4丁目27番1号,千代田区,東京都,1000008,2023-06-20
1334,藤井誠,藤井誠1334@gmail.com,090-5066-8733,福岡県福岡市中央区天神2丁目27番9号,福岡市中央区,福岡県,8100035,2024-07-18
1335,青木三郎,青木三郎1335@gmail.com,090-8417-4063,埼玉県さいたま市浦和区高砂4丁目22番10号,さいたま市浦和区,埼玉県,3300022,2023-11-08
1336,渡辺大輔,渡辺大輔1336@outlook.com,090-1984-6822,神奈川県横浜市中区本町8丁目17番3号,横浜市中区,神奈川県,2310017,2024-05-14
1337,中村智子,中村智子1337@yahoo.co.jp,090-9286-2617,京都府京都市下京区四条通10丁目17番2号,京都市下京区,京都府,6000009,2024-06-01
1338,後藤優子,後藤優子1338@outlook.com,090-7286-6895,北海道札幌市中央区北1条西4丁目25番6号,札幌市中央区,北海道,0600026,2023-04-22
1339,石川智子,石川智子1339@icloud.com,090-8168-9532,兵庫県神戸市中央区三宮町10丁目28番9号,神戸市中央区,兵庫県,6500018,2023-05-07
1340,木村智子,木村智子1340@gmail.com,090-1644-6775,愛知県名古屋市西区名駅7丁目7番9号,名古屋市西区,愛知県,4510013,2024-10-15
1341,石川優子,石川優子1341@outlook.com,090-1081-2784,京都府京都市下京区四条通2丁目27番9号,京都市下京区,京都府,6000036,2023-12-21
1342,遠藤愛,遠藤愛1342@example.com,090-5877-6157,東京都新宿区新宿6丁目23番3号,新宿区,東京都,1600005,2023-01-11
1343,渡辺愛,渡辺愛1343@example.com,090-8069-4818,愛知県名古屋市西区名駅1丁目21番4号,名古屋市西区,愛知県,4510034,2024-09-21
1344,藤原誠,藤原誠1344@yahoo.co.jp,090-4950-3991,千葉県千葉市中央区中央9丁目3番6号,千葉市中央区,千葉県,2600022,2024-04-26
1345,近藤由美子,近藤由美子1345@icloud.com,090-4587-3320,愛知県名古屋市西区名駅4丁目26番10号,名古屋市西区,愛知県,4510028,2023-07-21
1346,中村剛,中村剛1346@example.com,090-4575-6462,大阪府大阪市北区梅田8丁目4番3号,大阪市北区,大阪府,5300012,2024-06-23
1347,前田大輔,前田大輔1347@gmail.com,090-2926-5282,神奈川県横浜市西区みなとみらい5丁目24番4号,横浜市西区,神奈川県,2200024,2024-07-21
1348,藤井直樹,藤井直樹1348@gmail.com,090-7978-4833,福岡県福岡市博多区博多駅前3丁目21番2号,福岡市博多区,福岡県,8120004,2023-09-27
1349,岡田麻衣,岡田麻衣1349@yahoo.co.jp,090-8573-4751,大阪府大阪市北区梅田2丁目7番10号,大阪市北区,大阪府,5300020,2024-01-16
1350,山田翔太,山田翔太1350@example.com,090-6904-6590,神奈川県横浜市中区本町10丁目13番4号,横浜市中区,神奈川県,2310020,2024-12-07
1351,藤井花子,藤井花子1351@yahoo.co.jp,090-9572-3595,福岡県福岡市博多区博多駅前2丁目21番5号,福岡市博多区,福岡県,8120019,2024-05-02
1352,高橋健太,高橋健太1352@gmail.com,090-8545-5220,福岡県福岡市中央区天神9丁目1番8号,福岡市中央区,福岡県,8100015,2023-12-17
1353,前田剛,前田剛1353@gmail.com,090-9712-2544,京都府京都市中京区烏丸通1丁目5番2号,京都市中京区,京都府,6040033,2024-09-05
1354,木村慎一,木村慎一1354@example.com,090-4437-7715,神奈川県横浜市西区みなとみらい5丁目22番10号,横浜市西区,神奈川県,2200005,2024-06-29
1355,小林拓也,小林拓也1355@yahoo.co.jp,090-4393-6181,大阪府大阪市中央区本町10丁目16番9号,大阪市中央区,大阪府,5410031,2024-09-19
1356,後藤麻衣,後藤麻衣1356@yahoo.co.jp,090-2917-9938,東京都新宿区新宿5丁目7番10号,新宿区,東京都,1600001,2024-02-05
1357,斎藤太郎,斎藤太郎1357@example.com,090-6122-9520,大阪府大阪市北区梅田6丁目11番1号,大阪市北区,大阪府,5300006,2024-07-03
1358,村上美香,村上美香1358@yahoo.co.jp,090-4238-6932,愛知県名古屋市西区名駅8丁目17番5号,名古屋市西区,愛知県,4510008,2023-07-15
1359,山田美咲,山田美咲1359@icloud.com,090-1947-6642,兵庫県神戸市灘区灘南通9丁目9番7号,神戸市灘区,兵庫県,6570016,2023-05-19
1360,坂本由美,坂本由美1360@gmail.com,090-2839-2995,埼玉県さいたま市浦和区高砂8丁目26番5号,さいたま市浦和区,埼玉県,3300019,2023-08-17
1361,木村千佳,木村千佳1361@yahoo.co.jp,090-5133-2143,東京都新宿区新宿2丁目9番5号,新宿区,東京都,1600019,2024-01-18
1362,小林健一,小林健一1362@outlook.com,090-8467-5240,埼玉県さいたま市浦和区高砂9丁目15番10号,さいたま市浦和区,埼玉県,3300008,2024-01-07
1363,田中直樹,田中直樹1363@yahoo.co.jp,090-5307-9350,東京都渋谷区渋谷10丁目24番1号,渋谷区,東京都,1500034,2024-11-04
1364,井上美咲,井上美咲1364@icloud.com,090-5477-1819,愛知県名古屋市西区名駅7丁目18番5号,名古屋市西区,愛知県,4510032,2023-11-15
1365,松本優子,松本優子1365@icloud.com,090-6583-8755,北海道札幌市北区北6条西10丁目19番8号,札幌市北区,北海道,0600019,2024-11-30
1366,藤井健一,藤井健一1366@icloud.com,090-5985-8874,福岡県福岡市博多区博多駅前9丁目5番2号,福岡市博多区,福岡県,8120005,2024-01-28
1367,斎藤麻美,斎藤麻美1367@icloud.com,090-5410-2578,大阪府大阪市中央区本町2丁目28番3号,大阪市中央区,大阪府,5410030,2024-06-15
1368,近藤健太,近藤健太1368@gmail.com,090-6746-8315,神奈川県横浜市西区みなとみらい6丁目19番1号,横浜市西区,神奈川県,2200010,2024-07-28
1369,木村真由美,木村真由美1369@example.com,090-5001-4543,兵庫県神戸市中央区三宮町10丁目15番7号,神戸市中央区,兵庫県,6500036,2023-09-23
1370,池田美穂,池田美穂1370@gmail.com,090-5578-8291,東京都千代田区丸の内1丁目18番2号,千代田区,東京都,1000010,2023-05-24
1371,山本健太,山本健太1371@icloud.com,090-6456-2566,千葉県千葉市中央区中央1丁目20番2号,千葉市中央区,千葉県,2600009,2023-11-25
1372,近藤恵子,近藤恵子1372@example.com,090-2934-7932,大阪府大阪市中央区本町6丁目9番2号,大阪市中央区,大阪府,5410022,2024-07-11
1373,中村健一,中村健一1373@example.com,090-6993-9884,千葉県千葉市美浜区美浜9丁目9番7号,千葉市美浜区,千葉県,2610018,2024-12-11
1374,鈴木和也,鈴木和也1374@yahoo.co.jp,090-7138-4559,京都府京都市中京区烏丸通10丁目6番6号,京都市中京区,京都府,6040035,2023-08-23
1375,山田香織,山田香織1375@example.com,090-9584-1788,福岡県福岡市中央区天神4丁目9番2号,福岡市中央区,福岡県,8100041,2024-09-26
1376,田中達也,田中達也1376@gmail.com,090-8308-6899,兵庫県神戸市中央区三宮町5丁目1番2号,神戸市中央区,兵庫県,6500029,2023-10-18
1377,青木千佳,青木千佳1377@outlook.com,090-8909-6797,北海道札幌市北区北6条西4丁目3番1号,札幌市北区,北海道,0600032,2023-09-21
1378,吉田太郎,吉田太郎1378@icloud.com,090-2696-9103,埼玉県さいたま市浦和区高砂3丁目14番8号,さいたま市浦和区,埼玉県,3300014,2023-04-14
1379,山田優子,山田優子1379@icloud.com,090-7461-3371,愛知県名古屋市西区名駅6丁目29番5号,名古屋市西区,愛知県,4510005,2023-02-14
1380,山本由美,山本由美1380@icloud.com,090-3818-6572,北海道札幌市北区北6条西4丁目23番7号,札幌市北区,北海道,0600041,2024-10-16
1381,坂本三郎,坂本三郎1381@yahoo.co.jp,090-5050-7586,福岡県福岡市中央区天神4丁目9番4号,福岡市中央区,福岡県,8100011,2023-12-24
1382,伊藤香織,伊藤香織1382@yahoo.co.jp,090-6918-4569,大阪府大阪市北区梅田1丁目2番5号,大阪市北区,大阪府,5300011,2023-03-07
1383,近藤和也,近藤和也1383@outlook.com,090-2613-6258,福岡県福岡市博多区博多駅前3丁目27番1号,福岡市博多区,福岡県,8120013,2024-07-19
1384,小林翔太,小林翔太1384@outlook.com,090-1185-9849,福岡県福岡市博多区博多駅前4丁目13番7号,福岡市博多区,福岡県,8120003,2023-12-19
1385,前田次郎,前田次郎1385@icloud.com,090-2807-3262,大阪府大阪市北区梅田7丁目9番10号,大阪市北区,大阪府,5300006,2024-11-29
1386,吉田太郎,吉田太郎1386@yahoo.co.jp,090-3733-9101,神奈川県横浜市中区本町3丁目23番4号,横浜市中区,神奈川県,2310005,2024-08-29
1387,松本恵子,松本恵子1387@example.com,090-1825-5955,福岡県福岡市博多区博多駅前8丁目21番1号,福岡市博多区,福岡県,8120004,2023-02-05
1388,渡辺正,渡辺正1388@outlook.com,090-1759-8596,福岡県福岡市中央区天神9丁目21番8号,福岡市中央区,福岡県,8100013,2024-06-27
1389,井上和也,井上和也1389@outlook.com,090-1289-3565,大阪府大阪市北区梅田8丁目18番5号,大阪市北区,大阪府,5300014,2023-09-12
1390,田中優子,田中優子1390@icloud.com,090-4799-1281,神奈川県横浜市中区本町6丁目20番8号,横浜市中区,神奈川県,2310005,2023-01-11
1391,伊藤健太,伊藤健太1391@gmail.com,090-5254-4879,埼玉県さいたま市大宮区大宮10丁目15番7号,さいたま市大宮区,埼玉県,3300006,2023-10-25
1392,加藤正,加藤正1392@example.com,090-6703-3770,京都府京都市下京区四条通5丁目8番7号,京都市下京区,京都府,6000026,2023-12-02
1393,山本剛,山本剛1393@gmail.com,090-8445-3638,愛知県名古屋市中区錦6丁目16番8号,名古屋市中区,愛知県,4600001,2024-03-01
1394,岡田誠,岡田誠1394@outlook.com,090-3142-2339,京都府京都市下京区四条通6丁目2番7号,京都市下京区,京都府,6000011,2023-03-16
1395,長谷川和也,長谷川和也1395@icloud.com,090-6020-6850,東京都新宿区新宿6丁目11番8号,新宿区,東京都,1600002,2023-06-16
1396,中村健一,中村健一1396@example.com,090-9746-4469,埼玉県さいたま市浦和区高砂10丁目18番6号,さいたま市浦和区,埼玉県,3300038,2023-12-22
1397,渡辺由美子,渡辺由美子1397@yahoo.co.jp,090-1589-5129,埼玉県さいたま市大宮区大宮6丁目15番7号,さいたま市大宮区,埼玉県,3300033,2023-05-16
1398,渡辺雄一,渡辺雄一1398@yahoo.co.jp,090-7435-7831,愛知県名古屋市西区名駅8丁目2番6号,名古屋市西区,愛知県,4510036,2023-03-10
1399,藤原雄一,藤原雄一1399@outlook.com,090-2009-7132,千葉県千葉市中央区中央4丁目7番10号,千葉市中央区,千葉県,2600014,2023-06-06
1400,斎藤千佳,斎藤千佳1400@example.com,090-1516-4026,千葉県千葉市中央区中央3丁目1番4号,千葉市中央区,千葉県,2600024,2024-11-25
1401,高橋雄一,高橋雄一1401@outlook.com,090-4849-7922,神奈川県横浜市西区みなとみらい9丁目3番7号,横浜市西区,神奈川県,2200040,2024-10-17
1402,遠藤一郎,遠藤一郎1402@yahoo.co.jp,090-9154-7946,兵庫県神戸市灘区灘南通5丁目16番8号,神戸市灘区,兵庫県,6570011,2024-01-06
1403,佐藤正,佐藤正1403@gmail.com,090-6786-2015,福岡県福岡市中央区天神5丁目8番10号,福岡市中央区,福岡県,8100032,2024-11-19
1404,橋本剛,橋本剛1404@yahoo.co.jp,090-3655-7430,神奈川県横浜市西区みなとみらい5丁目10番5号,横浜市西区,神奈川県,2200020,2024-11-19
1405,小林麻衣,小林麻衣1405@gmail.com,090-5399-8676,京都府京都市中京区烏丸通3丁目26番4号,京都市中京区,京都府,6040012,2023-07-06
1406,村上由美,村上由美1406@example.com,090-4868-3322,愛知県名古屋市西区名駅6丁目14番5号,名古屋市西区,愛知県,4510016,2024-07-04
1407,松本慎一,松本慎一1407@icloud.com,090-8794-2029,北海道札幌市北区北6条西1丁目13番7号,札幌市北区,北海道,0600008,2024-11-03
1408,伊藤千佳,伊藤千佳1408@gmail.com,090-4969-7285,東京都千代田区丸の内2丁目16番5号,千代田区,東京都,1000018,2023-07-27
1409,藤井智子,藤井智子1409@gmail.com,090-2972-6498,千葉県千葉市美浜区美浜6丁目21番9号,千葉市美浜区,千葉県,2610008,2024-08-15
1410,鈴木麻美,鈴木麻美1410@gmail.com,090-9170-8860,千葉県千葉市美浜区美浜9丁目26番6号,千葉市美浜区,千葉県,2610026,2024-02-27
1411,池田誠,池田誠1411@icloud.com,090-9987-3751,愛知県名古屋市中区錦5丁目25番3号,名古屋市中区,愛知県,4600004,2024-10-03
1412,中村花子,中村花子1412@icloud.com,090-1939-3826,神奈川県横浜市西区みなとみらい9丁目3番9号,横浜市西区,神奈川県,2200017,2023-06-12
1413,坂本花子,坂本花子1413@outlook.com,090-3294-7373,大阪府大阪市中央区本町6丁目13番8号,大阪市中央区,大阪府,5410037,2024-05-17
1414,青木慎一,青木慎一1414@gmail.com,090-8280-2963,北海道札幌市北区北6条西5丁目5番7号,札幌市北区,北海道,0600010,2024-10-24
1415,加藤拓也,加藤拓也1415@gmail.com,090-8689-2368,福岡県福岡市博多区博多駅前6丁目12番8号,福岡市博多区,福岡県,8120015,2023-03-07
1416,近藤雄一,近藤雄一1416@yahoo.co.jp,090-6718-4059,京都府京都市下京区四条通4丁目28番7号,京都市下京区,京都府,6000035,2024-10-23
1417,中村剛,中村剛1417@gmail.com,090-8936-7240,神奈川県横浜市西区みなとみらい9丁目3番7号,横浜市西区,神奈川県,2200039,2023-02-18
1418,橋本美咲,橋本美咲1418@icloud.com,090-9420-3162,北海道札幌市北区北6条西9丁目14番7号,札幌市北区,北海道,0600021,2024-11-19
1419,佐藤健一,佐藤健一1419@icloud.com,090-9867-6647,神奈川県横浜市中区本町3丁目14番2号,横浜市中区,神奈川県,2310027,2024-03-02
1420,佐藤和也,佐藤和也1420@yahoo.co.jp,090-4518-1183,兵庫県神戸市灘区灘南通1丁目3番6号,神戸市灘区,兵庫県,6570031,2023-10-05
1421,近藤愛,近藤愛1421@gmail.com,090-9522-2465,大阪府大阪市中央区本町3丁目6番3号,大阪市中央区,大阪府,5410019,2024-04-27
1422,田中和也,田中和也1422@yahoo.co.jp,090-5372-4115,大阪府大阪市北区梅田10丁目9番4号,大阪市北区,大阪府,5300019,2024-10-13
1423,木村慎一,木村慎一1423@icloud.com,090-8534-1208,東京都千代田区丸の内1丁目29番6号,千代田区,東京都,1000013,2023-05-19
1424,遠藤由美子,遠藤由美子1424@gmail.com,090-9746-3956,京都府京都市下京区四条通8丁目7番5号,京都市下京区,京都府,6000024,2024-02-29
1425,田中由美子,田中由美子1425@example.com,090-5302-3047,京都府京都市中京区烏丸通6丁目11番2号,京都市中京区,京都府,6040034,2023-09-12
1426,橋本太郎,橋本太郎1426@icloud.com,090-4044-5288,東京都千代田区丸の内7丁目6番2号,千代田区,東京都,1000020,2024-04-14
1427,伊藤正,伊藤正1427@yahoo.co.jp,090-2587-1216,京都府京都市中京区烏丸通6丁目8番1号,京都市中京区,京都府,6040035,2023-10-13
1428,山田直樹,山田直樹1428@icloud.com,090-7475-4023,東京都渋谷区渋谷9丁目5番3号,渋谷区,東京都,1500020,2024-10-23
1429,高橋優子,高橋優子1429@outlook.com,090-7340-1484,兵庫県神戸市中央区三宮町7丁目26番7号,神戸市中央区,兵庫県,6500041,2024-04-04
1430,小林正,小林正1430@yahoo.co.jp,090-2639-2726,北海道札幌市北区北6条西7丁目16番10号,札幌市北区,北海道,0600034,2023-02-27
1431,池田正,池田正1431@example.com,090-7797-3553,埼玉県さいたま市大宮区大宮10丁目22番3号,さいたま市大宮区,埼玉県,3300036,2024-01-31
1432,高橋恵子,高橋恵子1432@icloud.com,090-4791-8894,東京都千代田区丸の内7丁目20番10号,千代田区,東京都,1000005,2023-08-11
1433,坂本三郎,坂本三郎1433@outlook.com,090-3457-5753,北海道札幌市北区北6条西3丁目6番10号,札幌市北区,北海道,0600041,2023-02-11
1434,中村誠,中村誠1434@gmail.com,090-4748-5544,神奈川県横浜市中区本町2丁目3番10号,横浜市中区,神奈川県,2310003,2024-01-27
1435,山田慎一,山田慎一1435@yahoo.co.jp,090-8200-3755,東京都千代田区丸の内6丁目22番1号,千代田区,東京都,1000016,2024-04-16
1436,池田恵子,池田恵子1436@gmail.com,090-8739-5926,京都府京都市中京区烏丸通6丁目2番9号,京都市中京区,京都府,6040003,2024-08-16
1437,橋本美咲,橋本美咲1437@icloud.com,090-1986-9612,京都府京都市下京区四条通7丁目20番8号,京都市下京区,京都府,6000036,2024-03-14
1438,木村由美,木村由美1438@icloud.com,090-6691-6524,北海道札幌市北区北6条西9丁目13番9号,札幌市北区,北海道,0600030,2024-05-23
1439,遠藤慎一,遠藤慎一1439@gmail.com,090-7948-1158,京都府京都市下京区四条通6丁目25番4号,京都市下京区,京都府,6000015,2024-09-28
1440,吉田由美,吉田由美1440@outlook.com,090-9617-9656,埼玉県さいたま市大宮区大宮2丁目2番1号,さいたま市大宮区,埼玉県,3300032,2023-04-15
1441,斎藤麻衣,斎藤麻衣1441@icloud.com,090-3276-1551,千葉県千葉市美浜区美浜3丁目28番1号,千葉市美浜区,千葉県,2610017,2023-06-13
1442,森田千佳,森田千佳1442@yahoo.co.jp,090-5797-1804,大阪府大阪市北区梅田5丁目26番2号,大阪市北区,大阪府,5300020,2023-01-03
1443,佐藤麻美,佐藤麻美1443@outlook.com,090-2680-4555,福岡県福岡市博多区博多駅前2丁目16番10号,福岡市博多区,福岡県,8120014,2023-01-13
1444,斎藤太郎,斎藤太郎1444@yahoo.co.jp,090-9030-6620,福岡県福岡市博多区博多駅前8丁目11番2号,福岡市博多区,福岡県,8120009,2023-05-15
1445,加藤美香,加藤美香1445@icloud.com,090-1153-8284,兵庫県神戸市中央区三宮町9丁目14番4号,神戸市中央区,兵庫県,6500019,2024-02-15
1446,斎藤和也,斎藤和也1446@gmail.com,090-6980-9596,北海道札幌市中央区北1条西10丁目2番1号,札幌市中央区,北海道,0600035,2023-10-04
1447,藤原さくら,藤原さくら1447@example.com,090-3878-2581,神奈川県横浜市西区みなとみらい4丁目14番2号,横浜市西区,神奈川県,2200039,2023-11-12
1448,伊藤香織,伊藤香織1448@gmail.com,090-2315-9763,京都府京都市中京区烏丸通8丁目14番4号,京都市中京区,京都府,6040024,2023-02-21
1449,村上真由美,村上真由美1449@example.com,090-1666-5101,兵庫県神戸市中央区三宮町2丁目22番7号,神戸市中央区,兵庫県,6500028,2023-01-21
1450,中村健太,中村健太1450@yahoo.co.jp,090-2441-8514,大阪府大阪市北区梅田2丁目18番6号,大阪市北区,大阪府,5300004,2024-02-16
1451,近藤麻衣,近藤麻衣1451@yahoo.co.jp,090-8695-9148,北海道札幌市中央区北1条西6丁目18番2号,札幌市中央区,北海道,0600030,2024-12-21
1452,石川雄一,石川雄一1452@yahoo.co.jp,090-7990-4945,愛知県名古屋市西区名駅7丁目14番9号,名古屋市西区,愛知県,4510021,2024-01-02
1453,森田健太,森田健太1453@yahoo.co.jp,090-5382-9766,兵庫県神戸市中央区三宮町5丁目17番5号,神戸市中央区,兵庫県,6500027,2024-02-17
1454,池田達也,池田達也1454@icloud.com,090-4309-7013,東京都新宿区新宿5丁目29番1号,新宿区,東京都,1600011,2023-04-04
1455,前田麻美,前田麻美1455@yahoo.co.jp,090-1486-1542,兵庫県神戸市中央区三宮町6丁目19番7号,神戸市中央区,兵庫県,6500023,2023-03-09
1456,山田一郎,山田一郎1456@outlook.com,090-4952-4458,東京都新宿区新宿8丁目17番1号,新宿区,東京都,1600007,2024-01-19
1457,青木麻衣,青木麻衣1457@gmail.com,090-7846-3601,大阪府大阪市北区梅田3丁目19番10号,大阪市北区,大阪府,5300010,2023-01-31
1458,藤原一郎,藤原一郎1458@example.com,090-4165-3065,千葉県千葉市美浜区美浜2丁目23番1号,千葉市美浜区,千葉県,2610028,2024-09-17
1459,加藤優子,加藤優子1459@icloud.com,090-7930-7897,兵庫県神戸市灘区灘南通7丁目5番6号,神戸市灘区,兵庫県,6570002,2023-12-29
1460,近藤健太,近藤健太1460@icloud.com,090-7890-4860,東京都新宿区新宿4丁目26番9号,新宿区,東京都,1600014,2023-03-24
1461,岡田翔太,岡田翔太1461@outlook.com,090-6853-5712,愛知県名古屋市西区名駅5丁目10番3号,名古屋市西区,愛知県,4510007,2024-12-11
1462,鈴木一郎,鈴木一郎1462@outlook.com,090-5466-2448,神奈川県横浜市中区本町1丁目16番7号,横浜市中区,神奈川県,2310041,2024-11-16
1463,山本健太,山本健太1463@yahoo.co.jp,090-7465-8260,福岡県福岡市中央区天神3丁目20番1号,福岡市中央区,福岡県,8100030,2024-03-28
1464,後藤和也,後藤和也1464@yahoo.co.jp,090-9373-1310,埼玉県さいたま市大宮区大宮4丁目16番4号,さいたま市大宮区,埼玉県,3300024,2024-07-07
1465,橋本千佳,橋本千佳1465@icloud.com,090-5972-3276,千葉県千葉市中央区中央8丁目22番1号,千葉市中央区,千葉県,2600020,2023-12-05
1466,斎藤麻衣,斎藤麻衣1466@example.com,090-7841-8200,京都府京都市中京区烏丸通4丁目17番1号,京都市中京区,京都府,6040028,2024-06-22
1467,後藤愛,後藤愛1467@gmail.com,090-4040-8538,福岡県福岡市中央区天神7丁目18番3号,福岡市中央区,福岡県,8100016,2024-03-09
1468,藤原愛,藤原愛1468@gmail.com,090-1311-1213,北海道札幌市北区北6条西6丁目1番6号,札幌市北区,北海道,0600021,2023-03-07
1469,松本翔太,松本翔太1469@example.com,090-4173-7812,兵庫県神戸市中央区三宮町1丁目3番1号,神戸市中央区,兵庫県,6500033,2023-11-01
1470,田中優子,田中優子1470@icloud.com,090-8972-5275,福岡県福岡市中央区天神8丁目19番10号,福岡市中央区,福岡県,8100007,2023-09-07
1471,長谷川大輔,長谷川大輔1471@yahoo.co.jp,090-3865-9472,千葉県千葉市中央区中央7丁目17番7号,千葉市中央区,千葉県,2600001,2023-07-28
1472,吉田大輔,吉田大輔1472@yahoo.co.jp,090-4625-6570,大阪府大阪市北区梅田2丁目30番3号,大阪市北区,大阪府,5300002,2023-11-02
1473,林健太,林健太1473@example.com,090-9401-2727,神奈川県横浜市中区本町1丁目22番7号,横浜市中区,神奈川県,2310003,2023-01-12
1474,中村美咲,中村美咲1474@outlook.com,090-4976-7998,埼玉県さいたま市浦和区高砂7丁目5番1号,さいたま市浦和区,埼玉県,3300015,2024-08-28
1475,田中剛,田中剛1475@example.com,090-7951-5678,福岡県福岡市中央区天神1丁目25番9号,福岡市中央区,福岡県,8100030,2024-02-07
1476,小林優子,小林優子1476@icloud.com,090-7159-4222,福岡県福岡市中央区天神5丁目24番10号,福岡市中央区,福岡県,8100041,2024-04-23
1477,山田真由美,山田真由美1477@outlook.com,090-3446-7620,大阪府大阪市中央区本町2丁目10番10号,大阪市中央区,大阪府,5410038,2024-04-19
1478,藤井達也,藤井達也1478@yahoo.co.jp,090-8446-8529,福岡県福岡市中央区天神10丁目8番2号,福岡市中央区,福岡県,8100034,2023-01-31
1479,松本優子,松本優子1479@gmail.com,090-4152-8788,兵庫県神戸市中央区三宮町9丁目11番1号,神戸市中央区,兵庫県,6500026,2024-10-14
1480,田中翔太,田中翔太1480@example.com,090-5253-1528,埼玉県さいたま市大宮区大宮7丁目28番3号,さいたま市大宮区,埼玉県,3300023,2023-07-17
1481,中村健一,中村健一1481@example.com,090-7757-7838,福岡県福岡市博多区博多駅前7丁目15番5号,福岡市博多区,福岡県,8120001,2024-06-22
1482,佐藤達也,佐藤達也1482@yahoo.co.jp,090-5289-2441,神奈川県横浜市中区本町1丁目12番9号,横浜市中区,神奈川県,2310010,2023-02-25
1483,伊藤亮,伊藤亮1483@gmail.com,090-3871-4675,神奈川県横浜市西区みなとみらい10丁目29番4号,横浜市西区,神奈川県,2200029,2023-09-19
1484,加藤恵子,加藤恵子1484@gmail.com,090-7572-6040,愛知県名古屋市中区錦10丁目19番2号,名古屋市中区,愛知県,4600008,2023-08-27
1485,吉田麻美,吉田麻美1485@outlook.com,090-1002-1889,東京都千代田区丸の内1丁目21番4号,千代田区,東京都,1000016,2024-09-20
1486,石川美咲,石川美咲1486@example.com,090-3088-2429,福岡県福岡市博多区博多駅前9丁目19番2号,福岡市博多区,福岡県,8120013,2024-12-10
1487,村上千佳,村上千佳1487@icloud.com,090-1088-4953,京都府京都市中京区烏丸通7丁目3番3号,京都市中京区,京都府,6040041,2023-11-22
1488,松本麻美,松本麻美1488@outlook.com,090-3020-4335,東京都千代田区丸の内3丁目15番3号,千代田区,東京都,1000003,2024-08-29
1489,森田麻衣,森田麻衣1489@yahoo.co.jp,090-4424-9996,千葉県千葉市中央区中央5丁目25番5号,千葉市中央区,千葉県,2600035,2024-05-03
1490,村上千佳,村上千佳1490@gmail.com,090-6497-2371,愛知県名古屋市中区錦2丁目28番6号,名古屋市中区,愛知県,4600008,2024-10-15
1491,村上さくら,村上さくら1491@gmail.com,090-6672-2187,東京都渋谷区渋谷3丁目22番1号,渋谷区,東京都,1500010,2024-05-10
1492,林太郎,林太郎1492@example.com,090-6118-6490,愛知県名古屋市西区名駅4丁目24番8号,名古屋市西区,愛知県,4510001,2023-10-29
1493,加藤美香,加藤美香1493@example.com,090-5568-1804,東京都千代田区丸の内5丁目19番4号,千代田区,東京都,1000013,2024-03-18
1494,木村直樹,木村直樹1494@icloud.com,090-3832-2739,神奈川県横浜市西区みなとみらい7丁目6番5号,横浜市西区,神奈川県,2200010,2024-02-21
1495,松本一郎,松本一郎1495@outlook.com,090-4157-3643,京都府京都市中京区烏丸通6丁目13番7号,京都市中京区,京都府,6040003,2023-12-06
1496,村上麻美,村上麻美1496@yahoo.co.jp,090-3939-1827,愛知県名古屋市西区名駅3丁目16番9号,名古屋市西区,愛知県,4510029,2024-05-21
1497,渡辺太郎,渡辺太郎1497@icloud.com,090-5581-3148,神奈川県横浜市西区みなとみらい10丁目28番1号,横浜市西区,神奈川県,2200033,2024-05-08
1498,伊藤さくら,伊藤さくら1498@outlook.com,090-3176-4645,埼玉県さいたま市大宮区大宮9丁目23番8号,さいたま市大宮区,埼玉県,3300019,2023-11-29
1499,吉田剛,吉田剛1499@gmail.com,090-5602-6488,兵庫県神戸市灘区灘南通7丁目26番2号,神戸市灘区,兵庫県,6570029,2023-11-05
1500,石川慎一,石川慎一1500@yahoo.co.jp,090-7041-6875,千葉県千葉市美浜区美浜9丁目24番2号,千葉市美浜区,千葉県,2610008,2024-02-07
1501,前田次郎,前田次郎1501@icloud.com,090-6550-2409,北海道札幌市北区北6条西6丁目28番4号,札幌市北区,北海道,0600024,2023-06-02
1502,林香織,林香織1502@yahoo.co.jp,090-1899-5640,北海道札幌市北区北6条西1丁目30番4号,札幌市北区,北海道,0600017,2024-01-14
1503,高橋麻美,高橋麻美1503@example.com,090-8849-5341,埼玉県さいたま市浦和区高砂6丁目18番1号,さいたま市浦和区,埼玉県,3300033,2024-08-19
1504,青木大輔,青木大輔1504@yahoo.co.jp,090-2802-8935,神奈川県横浜市中区本町10丁目7番9号,横浜市中区,神奈川県,2310038,2023-04-15
1505,近藤麻衣,近藤麻衣1505@example.com,090-8429-6266,兵庫県神戸市灘区灘南通7丁目1番5号,神戸市灘区,兵庫県,6570035,2024-04-04
1506,小林美咲,小林美咲1506@example.com,090-9171-1692,神奈川県横浜市中区本町6丁目13番3号,横浜市中区,神奈川県,2310010,2024-06-16
1507,松本慎一,松本慎一1507@example.com,090-2022-2765,愛知県名古屋市西区名駅6丁目20番7号,名古屋市西区,愛知県,4510037,2023-02-01
1508,鈴木亮,鈴木亮1508@example.com,090-9996-3798,神奈川県横浜市西区みなとみらい5丁目2番8号,横浜市西区,神奈川県,2200016,2024-10-29
1509,前田麻美,前田麻美1509@yahoo.co.jp,090-3917-7143,大阪府大阪市北区梅田4丁目17番1号,大阪市北区,大阪府,5300005,2023-10-04
1510,森田麻衣,森田麻衣1510@outlook.com,090-2231-3438,京都府京都市中京区烏丸通5丁目16番10号,京都市中京区,京都府,6040002,2024-09-19
1511,長谷川慎一,長谷川慎一1511@icloud.com,090-5949-3196,埼玉県さいたま市大宮区大宮2丁目18番9号,さいたま市大宮区,埼玉県,3300035,2024-01-22
1512,松本美香,松本美香1512@example.com,090-1575-5433,東京都渋谷区渋谷1丁目30番8号,渋谷区,東京都,1500040,2024-05-13
1513,坂本麻衣,坂本麻衣1513@yahoo.co.jp,090-9018-3762,北海道札幌市北区北6条西10丁目19番3号,札幌市北区,北海道,0600006,2023-10-15
1514,前田健太,前田健太1514@yahoo.co.jp,090-6473-3856,兵庫県神戸市中央区三宮町7丁目20番9号,神戸市中央区,兵庫県,6500039,2023-03-16
1515,山田麻衣,山田麻衣1515@example.com,090-7797-5853,千葉県千葉市中央区中央3丁目17番9号,千葉市中央区,千葉県,2600035,2024-04-14
1516,橋本三郎,橋本三郎1516@example.com,090-8375-6855,神奈川県横浜市西区みなとみらい9丁目14番7号,横浜市西区,神奈川県,2200002,2023-10-26
1517,林一郎,林一郎1517@yahoo.co.jp,090-6425-8651,千葉県千葉市中央区中央2丁目21番2号,千葉市中央区,千葉県,2600040,2023-06-30
1518,長谷川由美子,長谷川由美子1518@gmail.com,090-6093-4101,兵庫県神戸市中央区三宮町3丁目21番6号,神戸市中央区,兵庫県,6500003,2023-08-10
1519,井上由美子,井上由美子1519@outlook.com,090-4902-2536,東京都新宿区新宿10丁目20番7号,新宿区,東京都,1600005,2024-08-21
1520,斎藤雄一,斎藤雄一1520@example.com,090-8330-7279,東京都新宿区新宿1丁目13番3号,新宿区,東京都,1600020,2023-12-11
1521,近藤直樹,近藤直樹1521@yahoo.co.jp,090-1351-5757,京都府京都市下京区四条通6丁目24番1号,京都市下京区,京都府,6000002,2024-03-23
1522,山田誠,山田誠1522@outlook.com,090-4918-3194,千葉県千葉市中央区中央8丁目3番6号,千葉市中央区,千葉県,2600007,2023-06-27
1523,松本和也,松本和也1523@icloud.com,090-8623-4905,福岡県福岡市中央区天神1丁目27番2号,福岡市中央区,福岡県,8100003,2024-08-26
1524,松本香織,松本香織1524@yahoo.co.jp,090-1843-4263,東京都千代田区丸の内5丁目26番3号,千代田区,東京都,1000008,2023-11-18
1525,田中智子,田中智子1525@yahoo.co.jp,090-9719-1612,京都府京都市下京区四条通9丁目19番2号,京都市下京区,京都府,6000001,2023-11-26
1526,前田健一,前田健一1526@gmail.com,090-2201-4409,埼玉県さいたま市浦和区高砂2丁目16番7号,さいたま市浦和区,埼玉県,3300007,2024-06-06
1527,林一郎,林一郎1527@gmail.com,090-6815-2370,京都府京都市中京区烏丸通9丁目9番6号,京都市中京区,京都府,6040029,2024-10-19
1528,石川香織,石川香織1528@outlook.com,090-7031-1209,神奈川県横浜市西区みなとみらい6丁目4番10号,横浜市西区,神奈川県,2200033,2023-08-10
1529,石川慎一,石川慎一1529@yahoo.co.jp,090-7953-5701,大阪府大阪市中央区本町9丁目25番8号,大阪市中央区,大阪府,5410024,2024-04-02
1530,藤原さくら,藤原さくら1530@example.com,090-3414-6661,埼玉県さいたま市大宮区大宮5丁目21番9号,さいたま市大宮区,埼玉県,3300028,2024-04-01
1531,鈴木千佳,鈴木千佳1531@outlook.com,090-5388-2935,北海道札幌市北区北6条西1丁目12番7号,札幌市北区,北海道,0600012,2023-12-20
1532,鈴木拓也,鈴木拓也1532@icloud.com,090-4947-5771,兵庫県神戸市灘区灘南通8丁目23番5号,神戸市灘区,兵庫県,6570003,2024-06-28
1533,松本翔太,松本翔太1533@outlook.com,090-9840-2440,京都府京都市下京区四条通7丁目13番2号,京都市下京区,京都府,6000026,2024-11-22
1534,井上大輔,井上大輔1534@gmail.com,090-7512-4001,大阪府大阪市北区梅田4丁目29番6号,大阪市北区,大阪府,5300003,2023-09-16
1535,石川麻衣,石川麻衣1535@outlook.com,090-7246-5200,神奈川県横浜市中区本町7丁目27番4号,横浜市中区,神奈川県,2310021,2023-04-26
1536,前田次郎,前田次郎1536@yahoo.co.jp,090-4053-6936,京都府京都市中京区烏丸通1丁目10番6号,京都市中京区,京都府,6040024,2023-08-15
1537,小林誠,小林誠1537@outlook.com,090-8462-8847,大阪府大阪市中央区本町3丁目7番6号,大阪市中央区,大阪府,5410010,2023-09-27
1538,石川正,石川正1538@icloud.com,090-7538-1309,北海道札幌市中央区北1条西5丁目18番6号,札幌市中央区,北海道,0600030,2024-08-02
1539,森田さくら,森田さくら1539@example.com,090-4035-1271,東京都千代田区丸の内4丁目5番8号,千代田区,東京都,1000013,2024-05-06
1540,佐藤誠,佐藤誠1540@example.com,090-8541-7705,大阪府大阪市北区梅田4丁目17番7号,大阪市北区,大阪府,5300017,2024-09-13
1541,鈴木愛,鈴木愛1541@example.com,090-2184-3137,東京都渋谷区渋谷1丁目9番4号,渋谷区,東京都,1500007,2023-07-27
1542,橋本愛,橋本愛1542@outlook.com,090-7041-4162,東京都千代田区丸の内9丁目24番3号,千代田区,東京都,1000001,2023-08-20
1543,後藤真由美,後藤真由美1543@outlook.com,090-3502-2554,愛知県名古屋市中区錦5丁目29番2号,名古屋市中区,愛知県,4600008,2023-06-15
1544,中村亮,中村亮1544@example.com,090-1619-9077,埼玉県さいたま市浦和区高砂1丁目10番9号,さいたま市浦和区,埼玉県,3300031,2023-08-19
1545,井上優子,井上優子1545@gmail.com,090-2652-8555,福岡県福岡市博多区博多駅前4丁目14番6号,福岡市博多区,福岡県,8120018,2023-10-02
1546,井上恵子,井上恵子1546@yahoo.co.jp,090-3509-4028,東京都千代田区丸の内7丁目11番4号,千代田区,東京都,1000015,2023-11-01
1547,加藤香織,加藤香織1547@outlook.com,090-7951-7960,千葉県千葉市美浜区美浜4丁目16番5号,千葉市美浜区,千葉県,2610012,2023-08-08
1548,小林愛,小林愛1548@icloud.com,090-4855-4284,東京都千代田区丸の内7丁目10番4号,千代田区,東京都,1000014,2023-06-26
1549,高橋優子,高橋優子1549@icloud.com,090-8985-9994,京都府京都市中京区烏丸通4丁目3番6号,京都市中京区,京都府,6040007,2024-03-29
1550,松本さくら,松本さくら1550@example.com,090-1303-3724,埼玉県さいたま市大宮区大宮1丁目2番6号,さいたま市大宮区,埼玉県,3300037,2024-03-28
1551,渡辺次郎,渡辺次郎1551@outlook.com,090-6884-6532,愛知県名古屋市西区名駅1丁目30番5号,名古屋市西区,愛知県,4510028,2023-02-04
1552,吉田麻美,吉田麻美1552@icloud.com,090-3020-2164,大阪府大阪市中央区本町10丁目29番1号,大阪市中央区,大阪府,5410025,2024-06-30
1553,高橋美香,高橋美香1553@gmail.com,090-5238-2620,愛知県名古屋市中区錦7丁目4番1号,名古屋市中区,愛知県,4600004,2024-12-15
1554,前田美咲,前田美咲1554@yahoo.co.jp,090-6998-9213,福岡県福岡市中央区天神6丁目24番1号,福岡市中央区,福岡県,8100002,2024-05-03
1555,近藤三郎,近藤三郎1555@gmail.com,090-2473-3092,大阪府大阪市中央区本町5丁目9番2号,大阪市中央区,大阪府,5410027,2023-05-17
1556,石川一郎,石川一郎1556@example.com,090-3400-2484,大阪府大阪市中央区本町3丁目28番10号,大阪市中央区,大阪府,5410041,2023-03-11
1557,石川健一,石川健一1557@icloud.com,090-6837-4474,北海道札幌市北区北6条西8丁目8番10号,札幌市北区,北海道,0600027,2024-02-06
1558,渡辺愛,渡辺愛1558@gmail.com,090-8867-7190,千葉県千葉市中央区中央1丁目8番9号,千葉市中央区,千葉県,2600003,2023-07-17
1559,吉田太郎,吉田太郎1559@outlook.com,090-3042-7153,福岡県福岡市中央区天神4丁目7番6号,福岡市中央区,福岡県,8100017,2023-10-16
1560,青木恵子,青木恵子1560@outlook.com,090-4041-6699,東京都千代田区丸の内7丁目19番7号,千代田区,東京都,1000012,2024-09-11
1561,青木麻衣,青木麻衣1561@yahoo.co.jp,090-1373-7999,兵庫県神戸市灘区灘南通6丁目21番6号,神戸市灘区,兵庫県,6570013,2024-06-10
1562,斎藤美香,斎藤美香1562@gmail.com,090-7031-8333,北海道札幌市中央区北1条西7丁目14番9号,札幌市中央区,北海道,0600038,2024-07-01
1563,石川翔太,石川翔太1563@icloud.com,090-4331-1257,兵庫県神戸市中央区三宮町3丁目27番4号,神戸市中央区,兵庫県,6500010,2023-06-19
1564,橋本愛,橋本愛1564@outlook.com,090-6446-1145,埼玉県さいたま市浦和区高砂10丁目27番4号,さいたま市浦和区,埼玉県,3300032,2024-03-19
1565,中村健太,中村健太1565@example.com,090-3274-3238,愛知県名古屋市中区錦3丁目17番7号,名古屋市中区,愛知県,4600001,2023-07-28
1566,前田慎一,前田慎一1566@icloud.com,090-5225-5782,愛知県名古屋市西区名駅3丁目25番8号,名古屋市西区,愛知県,4510028,2024-08-17
1567,渡辺太郎,渡辺太郎1567@example.com,090-5142-6793,福岡県福岡市博多区博多駅前4丁目16番1号,福岡市博多区,福岡県,8120001,2024-02-04
1568,小林優子,小林優子1568@yahoo.co.jp,090-2730-3663,千葉県千葉市美浜区美浜1丁目6番8号,千葉市美浜区,千葉県,2610001,2024-06-21
1569,青木慎一,青木慎一1569@example.com,090-9399-1550,愛知県名古屋市中区錦7丁目14番2号,名古屋市中区,愛知県,4600008,2023-04-13
1570,岡田美香,岡田美香1570@yahoo.co.jp,090-6348-7870,東京都新宿区新宿4丁目19番5号,新宿区,東京都,1600021,2023-02-02
1571,渡辺次郎,渡辺次郎1571@example.com,090-5043-6741,東京都千代田区丸の内1丁目21番9号,千代田区,東京都,1000017,2023-06-13
1572,松本香織,松本香織1572@yahoo.co.jp,090-7905-6030,愛知県名古屋市中区錦5丁目27番2号,名古屋市中区,愛知県,4600002,2024-09-27
1573,森田和也,森田和也1573@yahoo.co.jp,090-6319-9459,兵庫県神戸市灘区灘南通6丁目27番10号,神戸市灘区,兵庫県,6570005,2024-11-22
1574,岡田さくら,岡田さくら1574@gmail.com,090-3441-4647,大阪府大阪市北区梅田8丁目2番5号,大阪市北区,大阪府,5300003,2023-10-11
1575,坂本大輔,坂本大輔1575@yahoo.co.jp,090-4236-9120,埼玉県さいたま市浦和区高砂9丁目20番6号,さいたま市浦和区,埼玉県,3300026,2023-10-02
1576,林健太,林健太1576@yahoo.co.jp,090-6480-2672,埼玉県さいたま市浦和区高砂4丁目15番7号,さいたま市浦和区,埼玉県,3300030,2024-11-17
1577,前田恵子,前田恵子1577@example.com,090-6406-6602,神奈川県横浜市中区本町6丁目11番8号,横浜市中区,神奈川県,2310033,2023-02-27
1578,池田麻美,池田麻美1578@outlook.com,090-3859-3133,千葉県千葉市中央区中央3丁目25番9号,千葉市中央区,千葉県,2600006,2023-03-17
1579,遠藤愛,遠藤愛1579@icloud.com,090-8180-6609,神奈川県横浜市中区本町6丁目12番1号,横浜市中区,神奈川県,2310005,2023-11-05
1580,小林誠,小林誠1580@icloud.com,090-2475-9965,福岡県福岡市博多区博多駅前7丁目25番7号,福岡市博多区,福岡県,8120014,2023-04-24
1581,加藤太郎,加藤太郎1581@icloud.com,090-6647-6666,東京都千代田区丸の内8丁目9番7号,千代田区,東京都,1000017,2024-03-13
1582,石川正,石川正1582@icloud.com,090-8762-7618,東京都渋谷区渋谷6丁目22番1号,渋谷区,東京都,1500004,2023-03-20
1583,木村由美,木村由美1583@icloud.com,090-7884-7653,神奈川県横浜市中区本町6丁目29番1号,横浜市中区,神奈川県,2310041,2024-12-10
1584,村上真由美,村上真由美1584@gmail.com,090-8945-3789,東京都渋谷区渋谷8丁目4番1号,渋谷区,東京都,1500003,2024-05-30
1585,藤原翔太,藤原翔太1585@example.com,090-2772-9454,東京都渋谷区渋谷4丁目6番9号,渋谷区,東京都,1500006,2024-11-17
1586,橋本花子,橋本花子1586@icloud.com,090-8726-5405,愛知県名古屋市中区錦7丁目2番7号,名古屋市中区,愛知県,4600005,2024-12-20
1587,後藤大輔,後藤大輔1587@gmail.com,090-6729-7369,大阪府大阪市中央区本町4丁目4番8号,大阪市中央区,大阪府,5410029,2024-09-26
1588,伊藤和也,伊藤和也1588@example.com,090-2015-3656,東京都渋谷区渋谷7丁目25番7号,渋谷区,東京都,1500009,2024-05-08
1589,吉田三郎,吉田三郎1589@yahoo.co.jp,090-5161-4749,愛知県名古屋市中区錦9丁目9番10号,名古屋市中区,愛知県,4600006,2024-10-02
1590,田中和也,田中和也1590@icloud.com,090-6198-2945,京都府京都市下京区四条通1丁目7番10号,京都市下京区,京都府,6000036,2023-01-29
1591,鈴木愛,鈴木愛1591@icloud.com,090-5209-1032,兵庫県神戸市灘区灘南通6丁目22番7号,神戸市灘区,兵庫県,6570008,2023-07-21
1592,高橋麻衣,高橋麻衣1592@icloud.com,090-9947-1674,埼玉県さいたま市浦和区高砂4丁目20番5号,さいたま市浦和区,埼玉県,3300007,2023-04-21
1593,後藤真由美,後藤真由美1593@yahoo.co.jp,090-1428-6701,大阪府大阪市北区梅田10丁目16番10号,大阪市北区,大阪府,5300019,2023-05-13
1594,村上健太,村上健太1594@outlook.com,090-2506-9078,神奈川県横浜市西区みなとみらい7丁目15番3号,横浜市西区,神奈川県,2200005,2023-03-11
1595,高橋一郎,高橋一郎1595@gmail.com,090-9182-5659,北海道札幌市中央区北1条西4丁目3番8号,札幌市中央区,北海道,0600041,2023-02-23
1596,斎藤花子,斎藤花子1596@example.com,090-8099-4939,京都府京都市中京区烏丸通6丁目4番4号,京都市中京区,京都府,6040006,2023-04-22
1597,小林健一,小林健一1597@example.com,090-7417-4789,大阪府大阪市中央区本町1丁目16番1号,大阪市中央区,大阪府,5410011,2024-05-31
1598,藤井剛,藤井剛1598@yahoo.co.jp,090-7444-2368,神奈川県横浜市西区みなとみらい4丁目23番6号,横浜市西区,神奈川県,2200041,2023-05-25
1599,坂本香織,坂本香織1599@outlook.com,090-7411-7758,東京都千代田区丸の内10丁目30番9号,千代田区,東京都,1000018,2023-11-01
1600,坂本花子,坂本花子1600@yahoo.co.jp,090-9298-7653,愛知県名古屋市西区名駅2丁目22番2号,名古屋市西区,愛知県,4510033,2023-12-03
1601,山田誠,山田誠1601@example.com,090-3283-7540,兵庫県神戸市中央区三宮町7丁目7番2号,神戸市中央区,兵庫県,6500028,2023-02-11
1602,長谷川由美子,長谷川由美子1602@outlook.com,090-9472-3650,愛知県名古屋市中区錦7丁目26番9号,名古屋市中区,愛知県,4600005,2023-10-28
1603,森田美穂,森田美穂1603@icloud.com,090-4915-1784,神奈川県横浜市西区みなとみらい10丁目20番6号,横浜市西区,神奈川県,2200027,2024-06-14
1604,田中達也,田中達也1604@gmail.com,090-6579-4532,大阪府大阪市中央区本町3丁目20番3号,大阪市中央区,大阪府,5410024,2023-03-04
1605,佐藤智子,佐藤智子1605@icloud.com,090-6157-4529,北海道札幌市中央区北1条西9丁目30番6号,札幌市中央区,北海道,0600029,2024-03-20
1606,加藤美咲,加藤美咲1606@icloud.com,090-4725-2943,福岡県福岡市博多区博多駅前9丁目23番8号,福岡市博多区,福岡県,8120019,2024-07-16
1607,遠藤美咲,遠藤美咲1607@yahoo.co.jp,090-9354-2294,京都府京都市下京区四条通10丁目21番1号,京都市下京区,京都府,6000016,2024-05-14
1608,小林健一,小林健一1608@icloud.com,090-1000-3789,福岡県福岡市中央区天神5丁目8番3号,福岡市中央区,福岡県,8100010,2024-06-11
1609,松本愛,松本愛1609@example.com,090-7061-4050,東京都渋谷区渋谷2丁目24番7号,渋谷区,東京都,1500021,2024-03-21
1610,村上由美,村上由美1610@gmail.com,090-3877-9850,千葉県千葉市中央区中央9丁目30番4号,千葉市中央区,千葉県,2600039,2024-10-17
1611,池田美香,池田美香1611@yahoo.co.jp,090-6432-9810,京都府京都市下京区四条通8丁目1番3号,京都市下京区,京都府,6000004,2023-11-21
1612,池田智子,池田智子1612@example.com,090-5424-2907,兵庫県神戸市灘区灘南通2丁目3番1号,神戸市灘区,兵庫県,6570017,2023-09-15
1613,吉田千佳,吉田千佳1613@yahoo.co.jp,090-9768-8036,東京都千代田区丸の内1丁目30番5号,千代田区,東京都,1000021,2024-06-09
1614,藤原三郎,藤原三郎1614@icloud.com,090-3591-7028,神奈川県横浜市中区本町3丁目2番6号,横浜市中区,神奈川県,2310022,2023-11-19
1615,井上大輔,井上大輔1615@yahoo.co.jp,090-6921-3262,福岡県福岡市博多区博多駅前10丁目30番4号,福岡市博多区,福岡県,8120006,2023-11-26
1616,石川翔太,石川翔太1616@example.com,090-5388-4902,東京都千代田区丸の内6丁目23番9号,千代田区,東京都,1000002,2023-06-17
1617,後藤大輔,後藤大輔1617@outlook.com,090-5837-3666,北海道札幌市北区北6条西6丁目12番8号,札幌市北区,北海道,0600010,2024-12-07
1618,藤井由美,藤井由美1618@outlook.com,090-5027-4318,北海道札幌市北区北6条西4丁目28番9号,札幌市北区,北海道,0600011,2024-06-16
1619,伊藤美穂,伊藤美穂1619@example.com,090-7603-2787,神奈川県横浜市中区本町2丁目23番6号,横浜市中区,神奈川県,2310024,2024-04-25
1620,田中拓也,田中拓也1620@outlook.com,090-5157-4784,千葉県千葉市美浜区美浜9丁目25番4号,千葉市美浜区,千葉県,2610007,2024-02-26
1621,伊藤直樹,伊藤直樹1621@gmail.com,090-8725-6791,兵庫県神戸市灘区灘南通10丁目4番2号,神戸市灘区,兵庫県,6570021,2023-01-16
1622,高橋健一,高橋健一1622@gmail.com,090-1262-9819,大阪府大阪市中央区本町5丁目8番8号,大阪市中央区,大阪府,5410023,2023-04-30
1623,遠藤剛,遠藤剛1623@outlook.com,090-3486-8969,愛知県名古屋市中区錦5丁目6番10号,名古屋市中区,愛知県,4600002,2023-10-14
1624,加藤亮,加藤亮1624@gmail.com,090-8577-5869,東京都新宿区新宿10丁目19番2号,新宿区,東京都,1600010,2024-07-14
1625,斎藤太郎,斎藤太郎1625@icloud.com,090-5900-4224,兵庫県神戸市中央区三宮町6丁目17番6号,神戸市中央区,兵庫県,6500033,2023-09-07
1626,橋本健一,橋本健一1626@example.com,090-6279-5983,埼玉県さいたま市大宮区大宮3丁目12番7号,さいたま市大宮区,埼玉県,3300014,2024-12-10
1627,橋本優子,橋本優子1627@yahoo.co.jp,090-3066-9345,北海道札幌市中央区北1条西6丁目1番9号,札幌市中央区,北海道,0600008,2024-04-26
1628,石川美香,石川美香1628@example.com,090-5300-6834,京都府京都市中京区烏丸通4丁目22番8号,京都市中京区,京都府,6040009,2023-08-13
1629,中村健一,中村健一1629@yahoo.co.jp,090-9712-8615,千葉県千葉市中央区中央2丁目28番4号,千葉市中央区,千葉県,2600017,2024-12-16
1630,遠藤次郎,遠藤次郎1630@yahoo.co.jp,090-1462-3200,愛知県名古屋市西区名駅7丁目15番10号,名古屋市西区,愛知県,4510019,2023-04-11
1631,田中健一,田中健一1631@example.com,090-6452-3470,京都府京都市中京区烏丸通7丁目10番10号,京都市中京区,京都府,6040034,2024-04-11
1632,田中誠,田中誠1632@yahoo.co.jp,090-7074-7706,北海道札幌市北区北6条西1丁目27番9号,札幌市北区,北海道,0600026,2023-04-02
1633,井上大輔,井上大輔1633@gmail.com,090-3891-8002,神奈川県横浜市中区本町8丁目10番7号,横浜市中区,神奈川県,2310022,2023-11-28
1634,長谷川慎一,長谷川慎一1634@example.com,090-9499-5931,神奈川県横浜市中区本町8丁目17番8号,横浜市中区,神奈川県,2310008,2024-10-19
1635,中村達也,中村達也1635@gmail.com,090-6101-6928,東京都新宿区新宿4丁目15番1号,新宿区,東京都,1600011,2024-10-22
1636,渡辺拓也,渡辺拓也1636@icloud.com,090-2142-8513,北海道札幌市北区北6条西5丁目14番10号,札幌市北区,北海道,0600025,2023-12-31
1637,加藤慎一,加藤慎一1637@gmail.com,090-2679-3109,京都府京都市下京区四条通9丁目18番6号,京都市下京区,京都府,6000007,2023-09-04
1638,橋本さくら,橋本さくら1638@yahoo.co.jp,090-2486-7945,埼玉県さいたま市浦和区高砂10丁目28番7号,さいたま市浦和区,埼玉県,3300022,2023-10-29
1639,青木達也,青木達也1639@outlook.com,090-9962-1337,千葉県千葉市美浜区美浜1丁目26番4号,千葉市美浜区,千葉県,2610015,2023-05-30
1640,渡辺花子,渡辺花子1640@outlook.com,090-3804-5261,福岡県福岡市博多区博多駅前7丁目3番4号,福岡市博多区,福岡県,8120011,2023-04-16
1641,藤原正,藤原正1641@example.com,090-9025-9401,東京都千代田区丸の内3丁目16番3号,千代田区,東京都,1000010,2024-01-15
1642,後藤亮,後藤亮1642@icloud.com,090-1292-8380,京都府京都市中京区烏丸通8丁目17番10号,京都市中京区,京都府,6040038,2024-05-31
1643,長谷川直樹,長谷川直樹1643@yahoo.co.jp,090-8111-1830,千葉県千葉市中央区中央8丁目21番1号,千葉市中央区,千葉県,2600039,2024-08-03
1644,橋本千佳,橋本千佳1644@gmail.com,090-2172-7407,京都府京都市中京区烏丸通5丁目28番3号,京都市中京区,京都府,6040004,2024-08-06
1645,遠藤花子,遠藤花子1645@gmail.com,090-1280-1403,愛知県名古屋市西区名駅5丁目6番9号,名古屋市西区,愛知県,4510018,2023-03-06
1646,山本正,山本正1646@outlook.com,090-5722-8096,千葉県千葉市美浜区美浜4丁目26番5号,千葉市美浜区,千葉県,2610018,2023-12-19
1647,近藤美穂,近藤美穂1647@icloud.com,090-8790-5338,大阪府大阪市中央区本町8丁目28番7号,大阪市中央区,大阪府,5410023,2024-10-01
1648,遠藤千佳,遠藤千佳1648@outlook.com,090-7899-2160,神奈川県横浜市中区本町1丁目15番4号,横浜市中区,神奈川県,2310001,2024-03-21
1649,山田慎一,山田慎一1649@icloud.com,090-9731-2925,東京都渋谷区渋谷10丁目1番5号,渋谷区,東京都,1500037,2023-02-09
1650,村上智子,村上智子1650@yahoo.co.jp,090-9865-1214,愛知県名古屋市中区錦10丁目7番8号,名古屋市中区,愛知県,4600002,2023-05-10
1651,坂本次郎,坂本次郎1651@outlook.com,090-7198-6935,千葉県千葉市美浜区美浜5丁目1番4号,千葉市美浜区,千葉県,2610010,2024-01-18
1652,山田翔太,山田翔太1652@gmail.com,090-5673-3657,千葉県千葉市美浜区美浜10丁目24番3号,千葉市美浜区,千葉県,2610016,2023-05-23
1653,石川亮,石川亮1653@outlook.com,090-8845-3990,北海道札幌市北区北6条西7丁目12番7号,札幌市北区,北海道,0600027,2023-07-08
1654,田中次郎,田中次郎1654@example.com,090-2078-3952,福岡県福岡市中央区天神4丁目13番4号,福岡市中央区,福岡県,8100027,2024-05-09
1655,斎藤花子,斎藤花子1655@gmail.com,090-5052-5935,福岡県福岡市博多区博多駅前8丁目9番3号,福岡市博多区,福岡県,8120006,2024-04-27
1656,中村真由美,中村真由美1656@outlook.com,090-1484-3702,大阪府大阪市中央区本町3丁目5番7号,大阪市中央区,大阪府,5410034,2023-05-08
1657,藤井正,藤井正1657@example.com,090-9574-4899,京都府京都市下京区四条通7丁目25番1号,京都市下京区,京都府,6000016,2024-12-17
1658,青木剛,青木剛1658@gmail.com,090-9688-8132,兵庫県神戸市中央区三宮町9丁目6番1号,神戸市中央区,兵庫県,6500033,2024-10-20
1659,遠藤誠,遠藤誠1659@outlook.com,090-7712-3895,京都府京都市中京区烏丸通6丁目9番9号,京都市中京区,京都府,6040009,2024-01-19
1660,遠藤健一,遠藤健一1660@outlook.com,090-4117-5671,兵庫県神戸市中央区三宮町1丁目2番6号,神戸市中央区,兵庫県,6500007,2024-10-31
1661,小林由美,小林由美1661@gmail.com,090-3506-8912,東京都千代田区丸の内9丁目8番10号,千代田区,東京都,1000013,2023-10-31
1662,坂本美咲,坂本美咲1662@example.com,090-2590-9573,兵庫県神戸市灘区灘南通10丁目22番6号,神戸市灘区,兵庫県,6570031,2023-06-20
1663,池田健一,池田健一1663@outlook.com,090-7922-8109,東京都新宿区新宿1丁目26番4号,新宿区,東京都,1600002,2023-05-04
1664,小林三郎,小林三郎1664@outlook.com,090-6929-6555,愛知県名古屋市中区錦4丁目6番2号,名古屋市中区,愛知県,4600006,2024-03-01
1665,長谷川翔太,長谷川翔太1665@gmail.com,090-9407-4637,北海道札幌市中央区北1条西5丁目5番7号,札幌市中央区,北海道,0600036,2023-09-11
1666,遠藤次郎,遠藤次郎1666@gmail.com,090-5444-1416,京都府京都市下京区四条通2丁目25番7号,京都市下京区,京都府,6000002,2023-04-10
1667,林花子,林花子1667@example.com,090-6908-5457,東京都千代田区丸の内6丁目4番9号,千代田区,東京都,1000010,2023-11-10
1668,藤井翔太,藤井翔太1668@icloud.com,090-9467-5252,兵庫県神戸市灘区灘南通6丁目2番9号,神戸市灘区,兵庫県,6570006,2023-05-08
1669,中村真由美,中村真由美1669@gmail.com,090-7842-5229,兵庫県神戸市灘区灘南通3丁目9番4号,神戸市灘区,兵庫県,6570030,2024-12-04
1670,林大輔,林大輔1670@yahoo.co.jp,090-3786-8341,東京都渋谷区渋谷7丁目22番3号,渋谷区,東京都,1500005,2024-02-16
1671,近藤達也,近藤達也1671@example.com,090-7499-3327,東京都千代田区丸の内5丁目26番8号,千代田区,東京都,1000007,2024-03-05
1672,池田健一,池田健一1672@example.com,090-8633-7604,千葉県千葉市中央区中央1丁目28番6号,千葉市中央区,千葉県,2600033,2024-12-18
1673,池田拓也,池田拓也1673@example.com,090-9709-1532,東京都千代田区丸の内2丁目11番2号,千代田区,東京都,1000017,2024-09-20
1674,前田美咲,前田美咲1674@outlook.com,090-3116-7452,大阪府大阪市中央区本町8丁目28番7号,大阪市中央区,大阪府,5410009,2024-06-04
1675,石川さくら,石川さくら1675@yahoo.co.jp,090-7116-3865,大阪府大阪市中央区本町7丁目4番1号,大阪市中央区,大阪府,5410031,2023-11-14
1676,山本香織,山本香織1676@gmail.com,090-5068-1011,愛知県名古屋市西区名駅3丁目21番9号,名古屋市西区,愛知県,4510023,2024-12-12
1677,佐藤次郎,佐藤次郎1677@yahoo.co.jp,090-5288-6577,埼玉県さいたま市大宮区大宮9丁目29番10号,さいたま市大宮区,埼玉県,3300028,2023-03-01
1678,藤原翔太,藤原翔太1678@gmail.com,090-4586-5441,北海道札幌市北区北6条西1丁目28番10号,札幌市北区,北海道,0600004,2024-04-03
1679,山本誠,山本誠1679@gmail.com,090-5555-6317,東京都渋谷区渋谷6丁目12番6号,渋谷区,東京都,1500002,2023-10-15
1680,伊藤真由美,伊藤真由美1680@outlook.com,090-7253-2904,福岡県福岡市博多区博多駅前5丁目10番1号,福岡市博多区,福岡県,8120009,2024-08-18
1681,池田直樹,池田直樹1681@outlook.com,090-9999-7132,東京都渋谷区渋谷10丁目26番9号,渋谷区,東京都,1500023,2023-01-27
1682,森田次郎,森田次郎1682@yahoo.co.jp,090-2842-3252,福岡県福岡市中央区天神10丁目13番7号,福岡市中央区,福岡県,8100011,2024-10-19
1683,石川智子,石川智子1683@yahoo.co.jp,090-6622-9949,神奈川県横浜市西区みなとみらい5丁目27番10号,横浜市西区,神奈川県,2200034,2023-07-13
1684,佐藤花子,佐藤花子1684@yahoo.co.jp,090-4159-4066,大阪府大阪市北区梅田3丁目19番6号,大阪市北区,大阪府,5300021,2024-08-19
1685,坂本太郎,坂本太郎1685@example.com,090-5279-6067,埼玉県さいたま市浦和区高砂10丁目17番10号,さいたま市浦和区,埼玉県,3300029,2024-08-16
1686,吉田恵子,吉田恵子1686@example.com,090-7284-2095,兵庫県神戸市中央区三宮町3丁目13番3号,神戸市中央区,兵庫県,6500018,2023-03-13
1687,木村三郎,木村三郎1687@gmail.com,090-9074-5352,埼玉県さいたま市大宮区大宮9丁目25番4号,さいたま市大宮区,埼玉県,3300037,2023-09-11
1688,近藤三郎,近藤三郎1688@yahoo.co.jp,090-7271-3456,神奈川県横浜市中区本町4丁目14番2号,横浜市中区,神奈川県,2310036,2023-03-20
1689,前田麻衣,前田麻衣1689@example.com,090-9885-8715,東京都新宿区新宿3丁目22番10号,新宿区,東京都,1600002,2024-05-30
1690,橋本正,橋本正1690@outlook.com,090-7415-8591,兵庫県神戸市灘区灘南通4丁目14番3号,神戸市灘区,兵庫県,6570017,2023-12-27
1691,渡辺正,渡辺正1691@icloud.com,090-1011-8976,京都府京都市中京区烏丸通8丁目8番4号,京都市中京区,京都府,6040035,2023-06-21
1692,山本剛,山本剛1692@example.com,090-7332-7434,神奈川県横浜市西区みなとみらい5丁目12番3号,横浜市西区,神奈川県,2200017,2024-04-29
1693,高橋拓也,高橋拓也1693@outlook.com,090-8561-9526,東京都千代田区丸の内6丁目2番4号,千代田区,東京都,1000019,2024-03-11
1694,吉田優子,吉田優子1694@example.com,090-4165-9241,京都府京都市下京区四条通7丁目15番5号,京都市下京区,京都府,6000036,2024-06-27
1695,鈴木大輔,鈴木大輔1695@yahoo.co.jp,090-6887-3791,大阪府大阪市北区梅田6丁目14番6号,大阪市北区,大阪府,5300007,2024-06-09
1696,伊藤由美子,伊藤由美子1696@example.com,090-2274-1926,東京都新宿区新宿5丁目30番8号,新宿区,東京都,1600010,2024-05-05
1697,佐藤真由美,佐藤真由美1697@icloud.com,090-4295-1112,兵庫県神戸市灘区灘南通4丁目26番8号,神戸市灘区,兵庫県,6570035,2024-01-21
1698,後藤慎一,後藤慎一1698@gmail.com,090-4125-2053,東京都新宿区新宿3丁目5番6号,新宿区,東京都,1600003,2024-06-19
1699,近藤優子,近藤優子1699@yahoo.co.jp,090-2084-7720,大阪府大阪市北区梅田5丁目3番1号,大阪市北区,大阪府,5300018,2024-02-07
1700,前田美香,前田美香1700@yahoo.co.jp,090-7824-5231,大阪府大阪市北区梅田10丁目19番9号,大阪市北区,大阪府,5300021,2024-02-04
1701,村上麻衣,村上麻衣1701@icloud.com,090-7334-3262,東京都千代田区丸の内7丁目17番7号,千代田区,東京都,1000005,2024-12-07
1702,藤井亮,藤井亮1702@icloud.com,090-8812-2729,福岡県福岡市博多区博多駅前1丁目8番9号,福岡市博多区,福岡県,8120006,2023-06-15
1703,近藤真由美,近藤真由美1703@outlook.com,090-3847-3109,東京都新宿区新宿6丁目1番10号,新宿区,東京都,1600013,2024-12-11
1704,長谷川亮,長谷川亮1704@yahoo.co.jp,090-4792-1204,神奈川県横浜市中区本町5丁目2番5号,横浜市中区,神奈川県,2310016,2024-06-10
1705,林健太,林健太1705@example.com,090-7743-3165,愛知県名古屋市中区錦2丁目30番9号,名古屋市中区,愛知県,4600004,2024-08-13
1706,中村次郎,中村次郎1706@icloud.com,090-9518-2332,東京都千代田区丸の内9丁目18番10号,千代田区,東京都,1000014,2023-04-09
1707,遠藤慎一,遠藤慎一1707@gmail.com,090-5886-6276,埼玉県さいたま市大宮区大宮7丁目29番7号,さいたま市大宮区,埼玉県,3300029,2024-07-24
1708,松本さくら,松本さくら1708@gmail.com,090-9502-2316,大阪府大阪市中央区本町10丁目5番3号,大阪市中央区,大阪府,5410010,2023-12-04
1709,橋本さくら,橋本さくら1709@icloud.com,090-1246-6075,東京都新宿区新宿4丁目10番8号,新宿区,東京都,1600019,2024-11-20
1710,田中千佳,田中千佳1710@gmail.com,090-1769-3325,千葉県千葉市美浜区美浜3丁目26番1号,千葉市美浜区,千葉県,2610038,2023-06-14
1711,岡田次郎,岡田次郎1711@example.com,090-3132-9983,京都府京都市下京区四条通9丁目5番9号,京都市下京区,京都府,6000027,2024-11-21
1712,藤井美穂,藤井美穂1712@example.com,090-2220-4635,兵庫県神戸市灘区灘南通9丁目12番7号,神戸市灘区,兵庫県,6570019,2024-06-17
1713,藤井和也,藤井和也1713@yahoo.co.jp,090-9193-1856,愛知県名古屋市西区名駅5丁目11番9号,名古屋市西区,愛知県,4510006,2023-06-11
1714,後藤拓也,後藤拓也1714@yahoo.co.jp,090-1877-7928,福岡県福岡市中央区天神6丁目10番10号,福岡市中央区,福岡県,8100010,2024-05-08
1715,近藤花子,近藤花子1715@example.com,090-5384-6697,北海道札幌市北区北6条西2丁目12番3号,札幌市北区,北海道,0600029,2023-05-05
1716,斎藤次郎,斎藤次郎1716@gmail.com,090-4825-8070,福岡県福岡市博多区博多駅前2丁目26番8号,福岡市博多区,福岡県,8120021,2024-05-15
1717,山田健太,山田健太1717@yahoo.co.jp,090-8546-7222,大阪府大阪市北区梅田6丁目26番7号,大阪市北区,大阪府,5300007,2024-04-26
1718,松本直樹,松本直樹1718@yahoo.co.jp,090-2910-1751,兵庫県神戸市中央区三宮町10丁目5番9号,神戸市中央区,兵庫県,6500015,2023-10-16
1719,近藤和也,近藤和也1719@gmail.com,090-5714-4079,福岡県福岡市中央区天神7丁目22番4号,福岡市中央区,福岡県,8100037,2023-03-02
1720,長谷川花子,長谷川花子1720@example.com,090-6877-4780,千葉県千葉市美浜区美浜9丁目4番10号,千葉市美浜区,千葉県,2610004,2024-09-16
1721,前田千佳,前田千佳1721@example.com,090-6495-8186,大阪府大阪市中央区本町6丁目3番5号,大阪市中央区,大阪府,5410018,2023-11-19
1722,加藤美香,加藤美香1722@icloud.com,090-3484-4558,神奈川県横浜市中区本町2丁目13番7号,横浜市中区,神奈川県,2310001,2024-02-09
1723,坂本美香,坂本美香1723@example.com,090-5995-5790,愛知県名古屋市西区名駅7丁目14番4号,名古屋市西区,愛知県,4510037,2024-12-21
1724,森田拓也,森田拓也1724@yahoo.co.jp,090-2429-6878,北海道札幌市中央区北1条西6丁目8番7号,札幌市中央区,北海道,0600003,2024-12-14
1725,伊藤千佳,伊藤千佳1725@icloud.com,090-1258-4930,福岡県福岡市博多区博多駅前1丁目11番8号,福岡市博多区,福岡県,8120017,2023-01-21
1726,池田健太,池田健太1726@gmail.com,090-1094-1953,東京都渋谷区渋谷1丁目11番5号,渋谷区,東京都,1500015,2023-01-29
1727,高橋恵子,高橋恵子1727@icloud.com,090-5564-8180,神奈川県横浜市西区みなとみらい4丁目28番7号,横浜市西区,神奈川県,2200015,2024-04-25
1728,渡辺麻衣,渡辺麻衣1728@outlook.com,090-8045-4792,神奈川県横浜市中区本町1丁目28番6号,横浜市中区,神奈川県,2310039,2023-12-22
1729,岡田次郎,岡田次郎1729@icloud.com,090-9878-6920,東京都千代田区丸の内8丁目9番2号,千代田区,東京都,1000010,2023-09-13
1730,鈴木達也,鈴木達也1730@example.com,090-8499-3779,東京都新宿区新宿5丁目17番6号,新宿区,東京都,1600006,2023-10-21
1731,井上雄一,井上雄一1731@yahoo.co.jp,090-9322-7555,京都府京都市下京区四条通2丁目23番9号,京都市下京区,京都府,6000007,2023-06-17
1732,坂本さくら,坂本さくら1732@icloud.com,090-1992-2848,愛知県名古屋市西区名駅7丁目26番4号,名古屋市西区,愛知県,4510039,2024-07-30
1733,斎藤さくら,斎藤さくら1733@example.com,090-6043-6383,神奈川県横浜市西区みなとみらい10丁目5番8号,横浜市西区,神奈川県,2200030,2024-09-24
1734,加藤麻美,加藤麻美1734@example.com,090-1305-1825,東京都新宿区新宿10丁目10番3号,新宿区,東京都,1600006,2023-04-23
1735,小林亮,小林亮1735@outlook.com,090-3859-7534,北海道札幌市中央区北1条西5丁目26番3号,札幌市中央区,北海道,0600039,2023-04-30
1736,村上美香,村上美香1736@icloud.com,090-2894-1935,福岡県福岡市中央区天神8丁目14番8号,福岡市中央区,福岡県,8100004,2024-01-15
1737,佐藤智子,佐藤智子1737@yahoo.co.jp,090-3885-1311,千葉県千葉市美浜区美浜8丁目27番3号,千葉市美浜区,千葉県,2610007,2024-11-04
1738,高橋慎一,高橋慎一1738@gmail.com,090-7858-6103,埼玉県さいたま市浦和区高砂1丁目26番10号,さいたま市浦和区,埼玉県,3300041,2024-10-20
1739,小林達也,小林達也1739@yahoo.co.jp,090-6182-3185,京都府京都市下京区四条通2丁目6番3号,京都市下京区,京都府,6000025,2024-06-04
1740,斎藤智子,斎藤智子1740@icloud.com,090-3504-4133,京都府京都市中京区烏丸通8丁目9番7号,京都市中京区,京都府,6040041,2023-09-26
1741,斎藤和也,斎藤和也1741@gmail.com,090-1969-9273,千葉県千葉市美浜区美浜2丁目26番9号,千葉市美浜区,千葉県,2610019,2023-04-16
1742,松本麻衣,松本麻衣1742@example.com,090-5494-9010,大阪府大阪市中央区本町2丁目17番2号,大阪市中央区,大阪府,5410014,2023-05-27
1743,鈴木慎一,鈴木慎一1743@outlook.com,090-6020-6695,大阪府大阪市北区梅田3丁目19番3号,大阪市北区,大阪府,5300017,2023-03-01
1744,高橋健太,高橋健太1744@gmail.com,090-9111-2925,福岡県福岡市博多区博多駅前9丁目19番9号,福岡市博多区,福岡県,8120001,2024-07-29
1745,前田剛,前田剛1745@example.com,090-4471-9664,愛知県名古屋市西区名駅5丁目10番4号,名古屋市西区,愛知県,4510037,2024-10-22
1746,前田愛,前田愛1746@outlook.com,090-5068-7847,埼玉県さいたま市浦和区高砂10丁目9番7号,さいたま市浦和区,埼玉県,3300025,2024-12-31
1747,林拓也,林拓也1747@icloud.com,090-4202-7368,福岡県福岡市博多区博多駅前10丁目24番4号,福岡市博多区,福岡県,8120008,2024-04-20
1748,青木愛,青木愛1748@icloud.com,090-3389-6775,京都府京都市下京区四条通4丁目10番8号,京都市下京区,京都府,6000010,2023-07-15
1749,岡田由美子,岡田由美子1749@gmail.com,090-2927-4922,東京都渋谷区渋谷7丁目23番4号,渋谷区,東京都,1500019,2024-08-07
1750,斎藤麻美,斎藤麻美1750@icloud.com,090-7251-1588,福岡県福岡市中央区天神5丁目16番6号,福岡市中央区,福岡県,8100021,2024-12-09
1751,後藤美穂,後藤美穂1751@gmail.com,090-5456-9901,愛知県名古屋市西区名駅4丁目13番1号,名古屋市西区,愛知県,4510033,2024-03-28
1752,山田誠,山田誠1752@yahoo.co.jp,090-3349-7509,愛知県名古屋市中区錦6丁目23番3号,名古屋市中区,愛知県,4600005,2023-09-15
1753,木村一郎,木村一郎1753@gmail.com,090-5236-3123,千葉県千葉市美浜区美浜10丁目3番3号,千葉市美浜区,千葉県,2610036,2023-01-27
1754,田中麻美,田中麻美1754@yahoo.co.jp,090-8528-5117,愛知県名古屋市中区錦4丁目23番6号,名古屋市中区,愛知県,4600006,2024-07-12
1755,井上麻衣,井上麻衣1755@icloud.com,090-9094-1404,北海道札幌市中央区北1条西8丁目11番9号,札幌市中央区,北海道,0600033,2024-10-27
1756,後藤千佳,後藤千佳1756@icloud.com,090-2271-4422,愛知県名古屋市西区名駅4丁目3番8号,名古屋市西区,愛知県,4510024,2023-03-13
1757,池田由美子,池田由美子1757@outlook.com,090-7576-9155,京都府京都市下京区四条通8丁目13番6号,京都市下京区,京都府,6000037,2024-08-25
1758,近藤美香,近藤美香1758@gmail.com,090-5950-3054,兵庫県神戸市灘区灘南通9丁目19番8号,神戸市灘区,兵庫県,6570005,2023-07-11
1759,吉田智子,吉田智子1759@icloud.com,090-9502-8297,京都府京都市下京区四条通9丁目10番1号,京都市下京区,京都府,6000025,2024-03-28
1760,遠藤和也,遠藤和也1760@example.com,090-7803-1824,東京都千代田区丸の内10丁目30番5号,千代田区,東京都,1000017,2023-07-09
1761,松本花子,松本花子1761@icloud.com,090-4781-3219,埼玉県さいたま市浦和区高砂8丁目14番7号,さいたま市浦和区,埼玉県,3300006,2023-10-10
1762,伊藤香織,伊藤香織1762@example.com,090-7012-2308,北海道札幌市北区北6条西5丁目20番10号,札幌市北区,北海道,0600001,2023-07-20
1763,山本大輔,山本大輔1763@yahoo.co.jp,090-1037-1633,東京都渋谷区渋谷1丁目13番5号,渋谷区,東京都,1500018,2023-07-04
1764,藤原健一,藤原健一1764@yahoo.co.jp,090-4120-9177,大阪府大阪市中央区本町3丁目4番3号,大阪市中央区,大阪府,5410035,2024-12-18
1765,井上美咲,井上美咲1765@outlook.com,090-7213-8660,大阪府大阪市中央区本町5丁目6番1号,大阪市中央区,大阪府,5410013,2024-12-30
1766,木村由美,木村由美1766@yahoo.co.jp,090-9034-6914,愛知県名古屋市西区名駅2丁目7番9号,名古屋市西区,愛知県,4510037,2024-06-19
1767,井上美穂,井上美穂1767@icloud.com,090-7553-6053,大阪府大阪市北区梅田10丁目5番9号,大阪市北区,大阪府,5300021,2023-11-15
1768,藤井翔太,藤井翔太1768@outlook.com,090-5538-9957,兵庫県神戸市中央区三宮町8丁目4番6号,神戸市中央区,兵庫県,6500023,2023-11-06
1769,渡辺亮,渡辺亮1769@outlook.com,090-9453-3723,東京都渋谷区渋谷10丁目13番8号,渋谷区,東京都,1500018,2024-09-28
1770,佐藤剛,佐藤剛1770@example.com,090-2893-4530,京都府京都市下京区四条通10丁目12番9号,京都市下京区,京都府,6000032,2024-03-02
1771,藤原香織,藤原香織1771@example.com,090-3622-8128,兵庫県神戸市中央区三宮町4丁目21番6号,神戸市中央区,兵庫県,6500011,2023-01-14
1772,高橋美咲,高橋美咲1772@outlook.com,090-4488-6215,北海道札幌市北区北6条西6丁目21番1号,札幌市北区,北海道,0600001,2023-03-10
1773,井上亮,井上亮1773@example.com,090-4273-1686,神奈川県横浜市西区みなとみらい5丁目22番6号,横浜市西区,神奈川県,2200041,2023-06-11
1774,近藤拓也,近藤拓也1774@outlook.com,090-8389-1807,大阪府大阪市北区梅田5丁目27番7号,大阪市北区,大阪府,5300012,2024-02-25
1775,藤原達也,藤原達也1775@yahoo.co.jp,090-9549-7685,愛知県名古屋市西区名駅10丁目22番10号,名古屋市西区,愛知県,4510039,2024-07-14
1776,岡田健太,岡田健太1776@gmail.com,090-7224-8294,神奈川県横浜市中区本町3丁目30番2号,横浜市中区,神奈川県,2310039,2024-06-25
1777,中村誠,中村誠1777@yahoo.co.jp,090-7860-8621,大阪府大阪市中央区本町9丁目23番5号,大阪市中央区,大阪府,5410024,2023-08-16
1778,後藤由美,後藤由美1778@gmail.com,090-2778-5019,東京都新宿区新宿9丁目9番9号,新宿区,東京都,1600015,2023-03-12
1779,田中大輔,田中大輔1779@yahoo.co.jp,090-1077-4136,愛知県名古屋市西区名駅6丁目8番10号,名古屋市西区,愛知県,4510011,2024-03-01
1780,森田次郎,森田次郎1780@example.com,090-8947-2911,北海道札幌市北区北6条西4丁目12番8号,札幌市北区,北海道,0600020,2024-04-11
1781,山田雄一,山田雄一1781@icloud.com,090-7722-7202,愛知県名古屋市中区錦9丁目4番5号,名古屋市中区,愛知県,4600003,2023-11-08
1782,伊藤千佳,伊藤千佳1782@outlook.com,090-4968-4268,大阪府大阪市中央区本町1丁目21番9号,大阪市中央区,大阪府,5410011,2023-07-06
1783,藤井さくら,藤井さくら1783@gmail.com,090-9689-7828,埼玉県さいたま市浦和区高砂5丁目6番6号,さいたま市浦和区,埼玉県,3300005,2023-04-04
1784,藤井亮,藤井亮1784@example.com,090-4482-2361,千葉県千葉市美浜区美浜9丁目6番8号,千葉市美浜区,千葉県,2610003,2023-02-18
1785,田中一郎,田中一郎1785@icloud.com,090-9789-6934,東京都千代田区丸の内10丁目17番5号,千代田区,東京都,1000001,2024-09-09
1786,松本和也,松本和也1786@gmail.com,090-6650-4174,北海道札幌市北区北6条西10丁目10番7号,札幌市北区,北海道,0600007,2023-02-13
1787,吉田一郎,吉田一郎1787@icloud.com,090-6421-5100,京都府京都市下京区四条通10丁目27番5号,京都市下京区,京都府,6000010,2024-04-13
1788,高橋翔太,高橋翔太1788@gmail.com,090-4809-6665,北海道札幌市中央区北1条西6丁目28番5号,札幌市中央区,北海道,0600039,2023-05-02
1789,斎藤亮,斎藤亮1789@gmail.com,090-2124-3675,愛知県名古屋市中区錦5丁目7番10号,名古屋市中区,愛知県,4600004,2024-05-20
1790,鈴木由美子,鈴木由美子1790@gmail.com,090-8397-1546,大阪府大阪市北区梅田8丁目4番3号,大阪市北区,大阪府,5300021,2024-10-12
1791,高橋美穂,高橋美穂1791@outlook.com,090-2724-9617,埼玉県さいたま市浦和区高砂2丁目24番8号,さいたま市浦和区,埼玉県,3300036,2023-03-21
1792,石川麻美,石川麻美1792@yahoo.co.jp,090-3497-3676,東京都新宿区新宿9丁目4番4号,新宿区,東京都,1600010,2024-09-09
1793,青木美香,青木美香1793@outlook.com,090-8598-7024,大阪府大阪市中央区本町8丁目24番7号,大阪市中央区,大阪府,5410036,2024-11-19
1794,佐藤正,佐藤正1794@yahoo.co.jp,090-1895-1162,福岡県福岡市中央区天神2丁目11番10号,福岡市中央区,福岡県,8100014,2023-02-22
1795,橋本美香,橋本美香1795@yahoo.co.jp,090-1701-5199,京都府京都市下京区四条通1丁目25番5号,京都市下京区,京都府,6000032,2024-12-12
1796,中村健太,中村健太1796@gmail.com,090-8463-2291,大阪府大阪市中央区本町10丁目8番3号,大阪市中央区,大阪府,5410011,2024-09-10
1797,坂本花子,坂本花子1797@icloud.com,090-8998-2813,福岡県福岡市中央区天神6丁目2番8号,福岡市中央区,福岡県,8100014,2023-12-13
1798,池田雄一,池田雄一1798@gmail.com,090-3898-1423,京都府京都市中京区烏丸通10丁目5番4号,京都市中京区,京都府,6040025,2023-01-14
1799,坂本太郎,坂本太郎1799@gmail.com,090-3520-5868,東京都渋谷区渋谷3丁目22番9号,渋谷区,東京都,1500030,2024-05-03
1800,斎藤麻衣,斎藤麻衣1800@gmail.com,090-6569-8985,大阪府大阪市中央区本町9丁目21番5号,大阪市中央区,大阪府,5410023,2023-02-06
1801,後藤次郎,後藤次郎1801@yahoo.co.jp,090-6382-6866,京都府京都市中京区烏丸通8丁目8番3号,京都市中京区,京都府,6040019,2024-11-07
1802,中村智子,中村智子1802@gmail.com,090-5728-7503,東京都渋谷区渋谷9丁目20番6号,渋谷区,東京都,1500041,2023-07-26
1803,岡田亮,岡田亮1803@example.com,090-8195-5594,京都府京都市中京区烏丸通4丁目19番7号,京都市中京区,京都府,6040034,2023-05-21
1804,前田亮,前田亮1804@gmail.com,090-3433-1095,埼玉県さいたま市大宮区大宮3丁目8番2号,さいたま市大宮区,埼玉県,3300002,2023-08-16
1805,前田誠,前田誠1805@yahoo.co.jp,090-4777-5368,千葉県千葉市中央区中央4丁目27番2号,千葉市中央区,千葉県,2600003,2023-09-24
1806,藤原直樹,藤原直樹1806@example.com,090-8514-8501,千葉県千葉市美浜区美浜10丁目24番3号,千葉市美浜区,千葉県,2610041,2023-05-17
1807,渡辺正,渡辺正1807@outlook.com,090-5383-4992,京都府京都市下京区四条通9丁目24番2号,京都市下京区,京都府,6000022,2024-08-18
1808,高橋和也,高橋和也1808@gmail.com,090-4479-8419,東京都渋谷区渋谷10丁目7番7号,渋谷区,東京都,1500005,2023-04-30
1809,山田次郎,山田次郎1809@yahoo.co.jp,090-6146-6967,埼玉県さいたま市大宮区大宮10丁目26番7号,さいたま市大宮区,埼玉県,3300023,2024-04-12
1810,池田さくら,池田さくら1810@yahoo.co.jp,090-6310-4060,兵庫県神戸市中央区三宮町9丁目27番10号,神戸市中央区,兵庫県,6500021,2023-12-30
1811,渡辺太郎,渡辺太郎1811@yahoo.co.jp,090-3397-4868,大阪府大阪市中央区本町6丁目12番9号,大阪市中央区,大阪府,5410041,2023-11-12
1812,橋本麻美,橋本麻美1812@example.com,090-2157-3962,大阪府大阪市中央区本町1丁目19番2号,大阪市中央区,大阪府,5410031,2023-12-26
1813,石川美香,石川美香1813@outlook.com,090-9182-5429,千葉県千葉市美浜区美浜6丁目12番9号,千葉市美浜区,千葉県,2610010,2023-06-18
1814,坂本美香,坂本美香1814@yahoo.co.jp,090-4558-9261,愛知県名古屋市西区名駅3丁目30番6号,名古屋市西区,愛知県,4510019,2023-11-07
1815,林愛,林愛1815@icloud.com,090-4829-6418,東京都千代田区丸の内2丁目30番10号,千代田区,東京都,1000004,2024-07-22
1816,田中大輔,田中大輔1816@example.com,090-3649-8661,兵庫県神戸市灘区灘南通2丁目10番9号,神戸市灘区,兵庫県,6570018,2024-03-09
1817,池田麻衣,池田麻衣1817@example.com,090-5104-1371,東京都新宿区新宿6丁目2番2号,新宿区,東京都,1600020,2023-10-20
1818,坂本誠,坂本誠1818@gmail.com,090-9159-5783,京都府京都市中京区烏丸通6丁目23番3号,京都市中京区,京都府,6040007,2024-01-24
1819,高橋恵子,高橋恵子1819@example.com,090-9889-4321,大阪府大阪市中央区本町3丁目25番9号,大阪市中央区,大阪府,5410015,2024-07-30
1820,遠藤真由美,遠藤真由美1820@outlook.com,090-8579-9765,神奈川県横浜市西区みなとみらい2丁目26番10号,横浜市西区,神奈川県,2200026,2024-02-19
1821,吉田直樹,吉田直樹1821@icloud.com,090-7130-4140,埼玉県さいたま市浦和区高砂4丁目24番3号,さいたま市浦和区,埼玉県,3300027,2023-12-23
1822,石川麻美,石川麻美1822@outlook.com,090-3996-9524,埼玉県さいたま市浦和区高砂10丁目24番3号,さいたま市浦和区,埼玉県,3300027,2024-10-08
1823,後藤由美,後藤由美1823@gmail.com,090-9590-4322,神奈川県横浜市中区本町5丁目1番4号,横浜市中区,神奈川県,2310022,2023-07-17
1824,森田恵子,森田恵子1824@gmail.com,090-4234-6670,東京都渋谷区渋谷4丁目5番3号,渋谷区,東京都,1500038,2024-07-09
1825,林花子,林花子1825@icloud.com,090-9224-1514,東京都新宿区新宿9丁目11番9号,新宿区,東京都,1600017,2023-03-11
1826,佐藤翔太,佐藤翔太1826@yahoo.co.jp,090-2036-2292,埼玉県さいたま市浦和区高砂5丁目1番1号,さいたま市浦和区,埼玉県,3300035,2023-06-10
1827,吉田慎一,吉田慎一1827@example.com,090-8955-5623,兵庫県神戸市中央区三宮町9丁目1番2号,神戸市中央区,兵庫県,6500032,2023-06-19
1828,森田拓也,森田拓也1828@example.com,090-5882-6164,大阪府大阪市中央区本町8丁目23番7号,大阪市中央区,大阪府,5410002,2024-09-17
1829,田中麻美,田中麻美1829@gmail.com,090-9926-9259,神奈川県横浜市西区みなとみらい10丁目17番7号,横浜市西区,神奈川県,2200027,2024-07-11
1830,石川優子,石川優子1830@yahoo.co.jp,090-5174-6755,愛知県名古屋市中区錦2丁目14番8号,名古屋市中区,愛知県,4600006,2024-07-08
1831,藤井亮,藤井亮1831@icloud.com,090-6125-5218,埼玉県さいたま市浦和区高砂2丁目2番9号,さいたま市浦和区,埼玉県,3300021,2024-08-07
1832,田中さくら,田中さくら1832@example.com,090-6155-1496,愛知県名古屋市中区錦5丁目3番1号,名古屋市中区,愛知県,4600004,2024-10-11
1833,藤井大輔,藤井大輔1833@outlook.com,090-5281-3560,福岡県福岡市博多区博多駅前3丁目19番1号,福岡市博多区,福岡県,8120018,2024-05-29
1834,山本美穂,山本美穂1834@yahoo.co.jp,090-7656-7519,兵庫県神戸市中央区三宮町1丁目17番1号,神戸市中央区,兵庫県,6500030,2024-05-27
1835,岡田美穂,岡田美穂1835@outlook.com,090-9683-3906,大阪府大阪市中央区本町4丁目22番8号,大阪市中央区,大阪府,5410025,2024-11-02
1836,中村健一,中村健一1836@yahoo.co.jp,090-7445-2064,愛知県名古屋市西区名駅5丁目19番7号,名古屋市西区,愛知県,4510033,2024-09-16
1837,木村和也,木村和也1837@outlook.com,090-8364-1399,神奈川県横浜市西区みなとみらい10丁目22番7号,横浜市西区,神奈川県,2200016,2024-09-17
1838,山田三郎,山田三郎1838@example.com,090-5803-5217,愛知県名古屋市西区名駅9丁目30番8号,名古屋市西区,愛知県,4510039,2024-02-01
1839,高橋千佳,高橋千佳1839@gmail.com,090-7039-2583,東京都千代田区丸の内3丁目5番2号,千代田区,東京都,1000004,2023-06-08
1840,田中三郎,田中三郎1840@example.com,090-2152-2720,神奈川県横浜市西区みなとみらい1丁目1番1号,横浜市西区,神奈川県,2200017,2024-07-06
1841,青木次郎,青木次郎1841@icloud.com,090-4351-2290,兵庫県神戸市灘区灘南通9丁目17番4号,神戸市灘区,兵庫県,6570034,2024-11-09
1842,高橋直樹,高橋直樹1842@yahoo.co.jp,090-4709-3777,福岡県福岡市中央区天神9丁目14番1号,福岡市中央区,福岡県,8100027,2023-04-25
1843,高橋大輔,高橋大輔1843@example.com,090-3171-9160,埼玉県さいたま市浦和区高砂6丁目29番4号,さいたま市浦和区,埼玉県,3300004,2023-02-05
1844,長谷川直樹,長谷川直樹1844@yahoo.co.jp,090-9745-5448,北海道札幌市中央区北1条西5丁目22番1号,札幌市中央区,北海道,0600007,2023-10-10
1845,小林亮,小林亮1845@icloud.com,090-9186-9752,埼玉県さいたま市大宮区大宮7丁目9番1号,さいたま市大宮区,埼玉県,3300012,2023-08-17
1846,伊藤美香,伊藤美香1846@icloud.com,090-4091-4327,東京都渋谷区渋谷6丁目29番2号,渋谷区,東京都,1500037,2023-11-06
1847,藤井達也,藤井達也1847@icloud.com,090-9583-6947,大阪府大阪市中央区本町7丁目4番9号,大阪市中央区,大阪府,5410035,2023-09-22
1848,田中慎一,田中慎一1848@yahoo.co.jp,090-4853-4660,千葉県千葉市中央区中央8丁目18番6号,千葉市中央区,千葉県,2600040,2024-07-10
1849,坂本一郎,坂本一郎1849@icloud.com,090-7187-7854,東京都渋谷区渋谷10丁目27番5号,渋谷区,東京都,1500008,2023-09-29
1850,池田三郎,池田三郎1850@icloud.com,090-1319-7218,大阪府大阪市北区梅田9丁目21番1号,大阪市北区,大阪府,5300003,2023-07-13
1851,佐藤真由美,佐藤真由美1851@example.com,090-7093-1120,北海道札幌市北区北6条西1丁目22番5号,札幌市北区,北海道,0600016,2023-11-30
1852,長谷川さくら,長谷川さくら1852@gmail.com,090-3251-7776,京都府京都市下京区四条通4丁目15番5号,京都市下京区,京都府,6000004,2023-12-16
1853,渡辺一郎,渡辺一郎1853@outlook.com,090-5545-6664,兵庫県神戸市灘区灘南通6丁目10番5号,神戸市灘区,兵庫県,6570012,2023-04-24
1854,斎藤達也,斎藤達也1854@outlook.com,090-1289-6032,福岡県福岡市中央区天神3丁目4番5号,福岡市中央区,福岡県,8100040,2024-07-02
1855,藤原和也,藤原和也1855@example.com,090-4615-8938,兵庫県神戸市中央区三宮町10丁目26番3号,神戸市中央区,兵庫県,6500021,2023-04-30
1856,池田美香,池田美香1856@example.com,090-1868-8311,京都府京都市中京区烏丸通7丁目4番5号,京都市中京区,京都府,6040026,2024-03-05
1857,藤井智子,藤井智子1857@yahoo.co.jp,090-4817-7940,埼玉県さいたま市浦和区高砂6丁目1番8号,さいたま市浦和区,埼玉県,3300028,2023-03-29
1858,井上雄一,井上雄一1858@yahoo.co.jp,090-3905-4880,兵庫県神戸市灘区灘南通2丁目6番7号,神戸市灘区,兵庫県,6570018,2023-12-05
1859,遠藤美香,遠藤美香1859@icloud.com,090-2456-3470,東京都千代田区丸の内5丁目19番1号,千代田区,東京都,1000001,2024-11-06
1860,後藤千佳,後藤千佳1860@outlook.com,090-4710-3485,京都府京都市下京区四条通1丁目27番9号,京都市下京区,京都府,6000013,2023-12-12
1861,石川麻美,石川麻美1861@icloud.com,090-8452-1099,埼玉県さいたま市大宮区大宮7丁目4番2号,さいたま市大宮区,埼玉県,3300018,2024-12-19
1862,藤井正,藤井正1862@outlook.com,090-2615-8529,神奈川県横浜市西区みなとみらい10丁目4番4号,横浜市西区,神奈川県,2200001,2023-07-07
1863,森田剛,森田剛1863@example.com,090-8404-6056,大阪府大阪市中央区本町2丁目21番10号,大阪市中央区,大阪府,5410036,2024-02-28
1864,岡田優子,岡田優子1864@example.com,090-4863-4048,福岡県福岡市中央区天神5丁目3番10号,福岡市中央区,福岡県,8100019,2023-12-26
1865,渡辺翔太,渡辺翔太1865@gmail.com,090-5940-9237,兵庫県神戸市中央区三宮町2丁目10番5号,神戸市中央区,兵庫県,6500039,2024-11-17
1866,高橋達也,高橋達也1866@gmail.com,090-6558-1681,愛知県名古屋市西区名駅5丁目3番9号,名古屋市西区,愛知県,4510002,2024-03-04
1867,坂本太郎,坂本太郎1867@outlook.com,090-7866-4107,北海道札幌市北区北6条西8丁目5番3号,札幌市北区,北海道,0600021,2023-07-18
1868,斎藤達也,斎藤達也1868@gmail.com,090-4884-1135,東京都千代田区丸の内1丁目18番5号,千代田区,東京都,1000008,2024-09-03
1869,青木由美子,青木由美子1869@yahoo.co.jp,090-7264-5207,大阪府大阪市北区梅田4丁目10番9号,大阪市北区,大阪府,5300010,2023-06-10
1870,林慎一,林慎一1870@example.com,090-7044-4979,兵庫県神戸市中央区三宮町7丁目18番7号,神戸市中央区,兵庫県,6500021,2023-10-03
1871,藤原さくら,藤原さくら1871@yahoo.co.jp,090-5460-4310,埼玉県さいたま市大宮区大宮2丁目3番3号,さいたま市大宮区,埼玉県,3300039,2024-06-06
1872,坂本三郎,坂本三郎1872@gmail.com,090-9298-3267,京都府京都市中京区烏丸通7丁目22番7号,京都市中京区,京都府,6040001,2023-01-29
1873,森田美穂,森田美穂1873@outlook.com,090-8808-5895,兵庫県神戸市中央区三宮町1丁目4番9号,神戸市中央区,兵庫県,6500022,2024-12-21
1874,山田次郎,山田次郎1874@gmail.com,090-8589-7778,京都府京都市下京区四条通4丁目11番8号,京都市下京区,京都府,6000040,2024-07-06
1875,後藤三郎,後藤三郎1875@outlook.com,090-3096-4344,大阪府大阪市中央区本町2丁目16番4号,大阪市中央区,大阪府,5410032,2024-03-24
1876,斎藤翔太,斎藤翔太1876@outlook.com,090-6828-4744,大阪府大阪市北区梅田7丁目28番4号,大阪市北区,大阪府,5300018,2024-11-18
1877,岡田美咲,岡田美咲1877@outlook.com,090-4405-3804,大阪府大阪市北区梅田8丁目25番2号,大阪市北区,大阪府,5300009,2024-04-23
1878,吉田恵子,吉田恵子1878@outlook.com,090-3597-7017,兵庫県神戸市中央区三宮町5丁目27番4号,神戸市中央区,兵庫県,6500012,2024-05-28
1879,前田健太,前田健太1879@icloud.com,090-6624-5860,神奈川県横浜市西区みなとみらい4丁目13番9号,横浜市西区,神奈川県,2200024,2023-10-13
1880,林一郎,林一郎1880@example.com,090-1549-6623,京都府京都市中京区烏丸通7丁目30番5号,京都市中京区,京都府,6040007,2023-12-28
1881,佐藤麻衣,佐藤麻衣1881@yahoo.co.jp,090-6728-7815,千葉県千葉市美浜区美浜4丁目4番8号,千葉市美浜区,千葉県,2610032,2024-06-11
1882,前田愛,前田愛1882@icloud.com,090-9190-9770,福岡県福岡市博多区博多駅前6丁目4番1号,福岡市博多区,福岡県,8120007,2023-09-03
1883,遠藤一郎,遠藤一郎1883@icloud.com,090-2577-9994,東京都新宿区新宿3丁目20番4号,新宿区,東京都,1600005,2023-11-29
1884,岡田真由美,岡田真由美1884@example.com,090-6208-9453,千葉県千葉市美浜区美浜2丁目25番2号,千葉市美浜区,千葉県,2610021,2023-06-30
1885,小林美香,小林美香1885@outlook.com,090-1302-4599,京都府京都市下京区四条通6丁目8番8号,京都市下京区,京都府,6000017,2024-01-07
1886,長谷川さくら,長谷川さくら1886@gmail.com,090-6673-6038,兵庫県神戸市中央区三宮町8丁目4番8号,神戸市中央区,兵庫県,6500004,2023-10-07
1887,鈴木正,鈴木正1887@outlook.com,090-4278-2643,北海道札幌市北区北6条西5丁目9番9号,札幌市北区,北海道,0600030,2024-12-09
1888,石川慎一,石川慎一1888@example.com,090-6085-9274,千葉県千葉市中央区中央7丁目19番1号,千葉市中央区,千葉県,2600014,2023-01-08
1889,藤井太郎,藤井太郎1889@yahoo.co.jp,090-6898-5043,大阪府大阪市中央区本町7丁目8番8号,大阪市中央区,大阪府,5410035,2024-08-27
1890,前田真由美,前田真由美1890@gmail.com,090-2061-7861,北海道札幌市北区北6条西7丁目8番1号,札幌市北区,北海道,0600002,2023-04-21
1891,岡田麻美,岡田麻美1891@yahoo.co.jp,090-6136-4907,福岡県福岡市中央区天神8丁目14番3号,福岡市中央区,福岡県,8100007,2024-03-27
1892,佐藤太郎,佐藤太郎1892@example.com,090-3461-9467,千葉県千葉市中央区中央10丁目20番7号,千葉市中央区,千葉県,2600020,2023-04-22
1893,前田三郎,前田三郎1893@icloud.com,090-8788-5334,千葉県千葉市中央区中央1丁目26番5号,千葉市中央区,千葉県,2600039,2023-05-30
1894,長谷川拓也,長谷川拓也1894@outlook.com,090-2477-4742,千葉県千葉市美浜区美浜8丁目11番4号,千葉市美浜区,千葉県,2610028,2024-09-12
1895,田中美香,田中美香1895@yahoo.co.jp,090-4686-3902,北海道札幌市中央区北1条西8丁目23番2号,札幌市中央区,北海道,0600001,2023-02-11
1896,前田慎一,前田慎一1896@icloud.com,090-7026-1820,北海道札幌市北区北6条西8丁目12番6号,札幌市北区,北海道,0600001,2024-07-09
1897,中村真由美,中村真由美1897@outlook.com,090-3919-8469,福岡県福岡市中央区天神1丁目30番1号,福岡市中央区,福岡県,8100026,2023-02-20
1898,藤井雄一,藤井雄一1898@yahoo.co.jp,090-9067-2852,千葉県千葉市美浜区美浜10丁目10番3号,千葉市美浜区,千葉県,2610031,2024-01-15
1899,前田香織,前田香織1899@outlook.com,090-2351-2900,北海道札幌市中央区北1条西4丁目15番4号,札幌市中央区,北海道,0600007,2024-12-07
1900,吉田一郎,吉田一郎1900@yahoo.co.jp,090-5621-2210,愛知県名古屋市西区名駅3丁目3番8号,名古屋市西区,愛知県,4510034,2024-05-09
1901,鈴木愛,鈴木愛1901@yahoo.co.jp,090-4411-4521,大阪府大阪市北区梅田9丁目28番8号,大阪市北区,大阪府,5300016,2024-08-13
1902,中村雄一,中村雄一1902@icloud.com,090-9312-7113,京都府京都市下京区四条通2丁目10番1号,京都市下京区,京都府,6000037,2023-09-22
1903,佐藤次郎,佐藤次郎1903@icloud.com,090-9391-8891,愛知県名古屋市西区名駅2丁目30番9号,名古屋市西区,愛知県,4510032,2024-07-08
1904,松本翔太,松本翔太1904@yahoo.co.jp,090-1496-8399,東京都千代田区丸の内8丁目18番1号,千代田区,東京都,1000016,2023-10-12
1905,坂本香織,坂本香織1905@yahoo.co.jp,090-3675-5985,大阪府大阪市中央区本町10丁目23番10号,大阪市中央区,大阪府,5410003,2024-10-10
1906,中村太郎,中村太郎1906@gmail.com,090-4486-1691,埼玉県さいたま市大宮区大宮2丁目26番9号,さいたま市大宮区,埼玉県,3300034,2023-12-05
1907,木村達也,木村達也1907@yahoo.co.jp,090-6334-3013,北海道札幌市中央区北1条西10丁目20番9号,札幌市中央区,北海道,0600019,2023-10-17
1908,斎藤和也,斎藤和也1908@example.com,090-8503-9272,埼玉県さいたま市浦和区高砂5丁目10番3号,さいたま市浦和区,埼玉県,3300024,2024-01-08
1909,木村慎一,木村慎一1909@example.com,090-3767-4504,福岡県福岡市博多区博多駅前9丁目23番1号,福岡市博多区,福岡県,8120013,2024-09-03
1910,森田大輔,森田大輔1910@yahoo.co.jp,090-3890-9601,北海道札幌市中央区北1条西10丁目10番7号,札幌市中央区,北海道,0600011,2024-08-08
1911,田中由美子,田中由美子1911@yahoo.co.jp,090-4441-9342,東京都千代田区丸の内9丁目27番10号,千代田区,東京都,1000008,2023-01-31
1912,石川正,石川正1912@gmail.com,090-5138-4074,京都府京都市中京区烏丸通2丁目8番2号,京都市中京区,京都府,6040026,2023-06-14
1913,田中翔太,田中翔太1913@example.com,090-2023-4521,大阪府大阪市中央区本町6丁目16番2号,大阪市中央区,大阪府,5410039,2024-07-23
1914,近藤優子,近藤優子1914@yahoo.co.jp,090-5862-7041,兵庫県神戸市中央区三宮町8丁目27番6号,神戸市中央区,兵庫県,6500010,2024-01-05
1915,山田由美,山田由美1915@outlook.com,090-9403-4709,京都府京都市中京区烏丸通8丁目17番1号,京都市中京区,京都府,6040017,2024-07-21
1916,田中雄一,田中雄一1916@gmail.com,090-7474-5982,兵庫県神戸市灘区灘南通6丁目25番3号,神戸市灘区,兵庫県,6570039,2023-02-24
1917,鈴木太郎,鈴木太郎1917@gmail.com,090-2516-4058,愛知県名古屋市中区錦2丁目10番2号,名古屋市中区,愛知県,4600003,2023-05-10
1918,林三郎,林三郎1918@yahoo.co.jp,090-3676-1258,千葉県千葉市美浜区美浜2丁目4番8号,千葉市美浜区,千葉県,2610010,2024-06-17
1919,渡辺真由美,渡辺真由美1919@example.com,090-5542-4343,北海道札幌市北区北6条西6丁目26番6号,札幌市北区,北海道,0600011,2023-09-17
1920,藤原健太,藤原健太1920@icloud.com,090-2547-9042,愛知県名古屋市中区錦5丁目16番10号,名古屋市中区,愛知県,4600003,2023-05-09
1921,藤井由美,藤井由美1921@outlook.com,090-5969-6908,千葉県千葉市美浜区美浜4丁目25番7号,千葉市美浜区,千葉県,2610034,2023-04-27
1922,山田千佳,山田千佳1922@yahoo.co.jp,090-8363-1053,愛知県名古屋市中区錦1丁目21番4号,名古屋市中区,愛知県,4600008,2023-02-27
1923,鈴木美咲,鈴木美咲1923@gmail.com,090-4947-6753,兵庫県神戸市中央区三宮町2丁目30番4号,神戸市中央区,兵庫県,6500015,2024-09-15
1924,藤井達也,藤井達也1924@outlook.com,090-9494-9207,兵庫県神戸市中央区三宮町1丁目23番8号,神戸市中央区,兵庫県,6500002,2024-10-05
1925,池田恵子,池田恵子1925@gmail.com,090-9955-7320,愛知県名古屋市西区名駅1丁目6番2号,名古屋市西区,愛知県,4510036,2024-03-27
1926,吉田優子,吉田優子1926@gmail.com,090-2153-7806,埼玉県さいたま市浦和区高砂9丁目25番7号,さいたま市浦和区,埼玉県,3300005,2024-08-05
1927,前田亮,前田亮1927@outlook.com,090-7592-3945,東京都千代田区丸の内7丁目2番7号,千代田区,東京都,1000001,2024-03-28
1928,前田剛,前田剛1928@icloud.com,090-2043-2940,京都府京都市下京区四条通3丁目18番6号,京都市下京区,京都府,6000036,2023-12-29
1929,加藤真由美,加藤真由美1929@icloud.com,090-3043-5429,東京都千代田区丸の内3丁目28番10号,千代田区,東京都,1000012,2023-03-13
1930,佐藤恵子,佐藤恵子1930@example.com,090-7575-2184,福岡県福岡市博多区博多駅前1丁目14番8号,福岡市博多区,福岡県,8120017,2023-09-16
1931,斎藤美香,斎藤美香1931@yahoo.co.jp,090-1297-7891,京都府京都市下京区四条通7丁目25番9号,京都市下京区,京都府,6000008,2023-10-14
1932,坂本太郎,坂本太郎1932@yahoo.co.jp,090-2567-3643,兵庫県神戸市灘区灘南通6丁目18番3号,神戸市灘区,兵庫県,6570005,2024-02-26
1933,藤原一郎,藤原一郎1933@example.com,090-7658-9704,愛知県名古屋市中区錦5丁目10番6号,名古屋市中区,愛知県,4600005,2024-02-05
1934,橋本健一,橋本健一1934@outlook.com,090-6192-1654,千葉県千葉市美浜区美浜2丁目23番4号,千葉市美浜区,千葉県,2610024,2024-08-09
1935,森田大輔,森田大輔1935@icloud.com,090-1743-5229,神奈川県横浜市中区本町9丁目18番4号,横浜市中区,神奈川県,2310003,2024-02-23
1936,吉田正,吉田正1936@gmail.com,090-6297-7531,京都府京都市中京区烏丸通4丁目26番3号,京都市中京区,京都府,6040026,2024-06-04
1937,後藤麻美,後藤麻美1937@example.com,090-4641-6747,東京都千代田区丸の内2丁目24番2号,千代田区,東京都,1000021,2024-05-28
1938,吉田達也,吉田達也1938@example.com,090-7248-2691,東京都新宿区新宿8丁目18番4号,新宿区,東京都,1600012,2024-08-09
1939,池田三郎,池田三郎1939@outlook.com,090-7845-9160,大阪府大阪市中央区本町1丁目5番9号,大阪市中央区,大阪府,5410036,2023-11-27
1940,斎藤智子,斎藤智子1940@outlook.com,090-9934-1424,大阪府大阪市北区梅田4丁目27番5号,大阪市北区,大阪府,5300006,2023-06-29
1941,池田真由美,池田真由美1941@gmail.com,090-6024-7964,神奈川県横浜市西区みなとみらい10丁目20番1号,横浜市西区,神奈川県,2200002,2024-07-10
1942,藤井智子,藤井智子1942@gmail.com,090-8277-3744,大阪府大阪市北区梅田8丁目3番8号,大阪市北区,大阪府,5300008,2024-01-21
1943,池田太郎,池田太郎1943@icloud.com,090-2237-3351,京都府京都市下京区四条通9丁目24番4号,京都市下京区,京都府,6000002,2024-11-18
1944,田中亮,田中亮1944@icloud.com,090-4912-6741,京都府京都市中京区烏丸通6丁目14番4号,京都市中京区,京都府,6040014,2023-11-14
1945,田中剛,田中剛1945@outlook.com,090-4641-6733,大阪府大阪市中央区本町4丁目4番10号,大阪市中央区,大阪府,5410010,2023-07-25
1946,近藤美穂,近藤美穂1946@yahoo.co.jp,090-5881-5638,神奈川県横浜市中区本町2丁目7番4号,横浜市中区,神奈川県,2310025,2024-05-05
1947,木村健太,木村健太1947@yahoo.co.jp,090-9630-9655,京都府京都市中京区烏丸通1丁目15番8号,京都市中京区,京都府,6040040,2024-02-23
1948,渡辺誠,渡辺誠1948@icloud.com,090-6902-6765,東京都千代田区丸の内3丁目18番10号,千代田区,東京都,1000021,2024-01-23
1949,近藤拓也,近藤拓也1949@outlook.com,090-1928-7768,北海道札幌市北区北6条西4丁目1番2号,札幌市北区,北海道,0600011,2024-01-31
1950,渡辺健一,渡辺健一1950@outlook.com,090-2562-6246,兵庫県神戸市中央区三宮町7丁目17番8号,神戸市中央区,兵庫県,6500005,2023-07-12
1951,斎藤真由美,斎藤真由美1951@gmail.com,090-5958-8147,兵庫県神戸市灘区灘南通6丁目12番2号,神戸市灘区,兵庫県,6570034,2024-05-12
1952,加藤慎一,加藤慎一1952@example.com,090-6717-7976,兵庫県神戸市灘区灘南通2丁目28番2号,神戸市灘区,兵庫県,6570020,2023-05-08
1953,石川誠,石川誠1953@example.com,090-7485-1179,埼玉県さいたま市浦和区高砂1丁目30番10号,さいたま市浦和区,埼玉県,3300019,2023-12-22
1954,森田香織,森田香織1954@example.com,090-2161-9564,埼玉県さいたま市浦和区高砂5丁目12番10号,さいたま市浦和区,埼玉県,3300037,2023-11-05
1955,青木美穂,青木美穂1955@example.com,090-8491-8573,千葉県千葉市美浜区美浜7丁目8番2号,千葉市美浜区,千葉県,2610015,2023-06-08
1956,高橋麻衣,高橋麻衣1956@example.com,090-7444-6357,東京都渋谷区渋谷6丁目11番6号,渋谷区,東京都,1500010,2023-06-05
1957,石川三郎,石川三郎1957@icloud.com,090-8060-2274,大阪府大阪市北区梅田10丁目10番6号,大阪市北区,大阪府,5300017,2023-02-27
1958,藤井由美,藤井由美1958@example.com,090-6154-9573,東京都千代田区丸の内4丁目10番4号,千代田区,東京都,1000011,2024-09-06
1959,斎藤拓也,斎藤拓也1959@icloud.com,090-8512-9370,北海道札幌市中央区北1条西10丁目9番3号,札幌市中央区,北海道,0600011,2024-06-30
1960,山田一郎,山田一郎1960@example.com,090-1303-5584,京都府京都市中京区烏丸通9丁目9番7号,京都市中京区,京都府,6040020,2023-07-05
1961,森田亮,森田亮1961@outlook.com,090-6563-8432,神奈川県横浜市西区みなとみらい10丁目17番7号,横浜市西区,神奈川県,2200032,2024-02-21
1962,田中和也,田中和也1962@outlook.com,090-3553-1351,東京都千代田区丸の内6丁目16番10号,千代田区,東京都,1000013,2024-04-04
1963,松本健太,松本健太1963@outlook.com,090-7044-5918,東京都渋谷区渋谷3丁目9番3号,渋谷区,東京都,1500007,2024-12-02
1964,松本翔太,松本翔太1964@example.com,090-4310-7308,東京都渋谷区渋谷6丁目4番8号,渋谷区,東京都,1500001,2023-05-15
1965,井上和也,井上和也1965@yahoo.co.jp,090-1485-8274,大阪府大阪市北区梅田1丁目10番6号,大阪市北区,大阪府,5300005,2024-11-07
1966,藤原誠,藤原誠1966@example.com,090-9867-3898,兵庫県神戸市灘区灘南通9丁目12番3号,神戸市灘区,兵庫県,6570005,2024-03-24
1967,鈴木慎一,鈴木慎一1967@example.com,090-1655-4368,東京都千代田区丸の内6丁目14番3号,千代田区,東京都,1000020,2023-04-12
1968,橋本太郎,橋本太郎1968@yahoo.co.jp,090-6779-4971,大阪府大阪市北区梅田2丁目24番4号,大阪市北区,大阪府,5300013,2024-06-06
1969,吉田次郎,吉田次郎1969@example.com,090-7747-3043,愛知県名古屋市西区名駅5丁目11番10号,名古屋市西区,愛知県,4510010,2023-03-27
1970,長谷川優子,長谷川優子1970@yahoo.co.jp,090-1579-7136,福岡県福岡市博多区博多駅前2丁目4番6号,福岡市博多区,福岡県,8120003,2024-05-05
1971,加藤拓也,加藤拓也1971@outlook.com,090-2811-5033,千葉県千葉市美浜区美浜2丁目27番9号,千葉市美浜区,千葉県,2610003,2024-10-17
1972,井上三郎,井上三郎1972@example.com,090-6364-2077,大阪府大阪市北区梅田8丁目30番10号,大阪市北区,大阪府,5300019,2024-04-28
1973,木村翔太,木村翔太1973@gmail.com,090-1265-6193,兵庫県神戸市灘区灘南通7丁目14番5号,神戸市灘区,兵庫県,6570025,2023-04-03
1974,松本恵子,松本恵子1974@gmail.com,090-2305-7016,京都府京都市下京区四条通8丁目10番7号,京都市下京区,京都府,6000035,2024-01-22
1975,山田優子,山田優子1975@icloud.com,090-3490-2704,京都府京都市中京区烏丸通4丁目19番3号,京都市中京区,京都府,6040021,2023-07-12
1976,松本一郎,松本一郎1976@icloud.com,090-2461-4902,東京都新宿区新宿4丁目24番7号,新宿区,東京都,1600007,2023-10-25
1977,山田次郎,山田次郎1977@yahoo.co.jp,090-8608-7089,埼玉県さいたま市浦和区高砂4丁目19番8号,さいたま市浦和区,埼玉県,3300019,2024-07-02
1978,青木由美,青木由美1978@example.com,090-8233-8767,兵庫県神戸市中央区三宮町5丁目29番6号,神戸市中央区,兵庫県,6500009,2023-02-25
1979,渡辺亮,渡辺亮1979@outlook.com,090-1366-6870,京都府京都市下京区四条通7丁目23番1号,京都市下京区,京都府,6000015,2024-01-19
1980,伊藤麻美,伊藤麻美1980@yahoo.co.jp,090-1307-2497,神奈川県横浜市中区本町9丁目17番1号,横浜市中区,神奈川県,2310004,2023-10-09
1981,山田亮,山田亮1981@example.com,090-8150-2115,大阪府大阪市中央区本町9丁目4番9号,大阪市中央区,大阪府,5410027,2024-06-29
1982,松本健太,松本健太1982@example.com,090-3238-3317,神奈川県横浜市中区本町5丁目27番7号,横浜市中区,神奈川県,2310009,2023-07-14
1983,伊藤太郎,伊藤太郎1983@example.com,090-5119-1855,兵庫県神戸市灘区灘南通7丁目9番8号,神戸市灘区,兵庫県,6570030,2024-06-05
1984,小林花子,小林花子1984@yahoo.co.jp,090-8585-6549,京都府京都市中京区烏丸通9丁目21番2号,京都市中京区,京都府,6040023,2024-01-07
1985,後藤由美子,後藤由美子1985@outlook.com,090-6014-4546,京都府京都市下京区四条通2丁目8番5号,京都市下京区,京都府,6000025,2023-02-21
1986,長谷川愛,長谷川愛1986@outlook.com,090-9410-1475,神奈川県横浜市西区みなとみらい5丁目15番8号,横浜市西区,神奈川県,2200039,2024-10-04
1987,山本健太,山本健太1987@icloud.com,090-8780-2162,神奈川県横浜市西区みなとみらい6丁目27番2号,横浜市西区,神奈川県,2200009,2023-03-17
1988,坂本麻衣,坂本麻衣1988@example.com,090-5203-8285,東京都新宿区新宿2丁目15番6号,新宿区,東京都,1600020,2024-09-08
1989,小林麻衣,小林麻衣1989@gmail.com,090-4047-9143,埼玉県さいたま市大宮区大宮9丁目9番5号,さいたま市大宮区,埼玉県,3300041,2023-02-20
1990,高橋健一,高橋健一1990@gmail.com,090-8118-5718,千葉県千葉市美浜区美浜2丁目10番2号,千葉市美浜区,千葉県,2610017,2024-11-21
1991,山田恵子,山田恵子1991@gmail.com,090-3149-1751,東京都千代田区丸の内9丁目3番1号,千代田区,東京都,1000005,2024-09-30
1992,村上愛,村上愛1992@yahoo.co.jp,090-9253-9117,東京都千代田区丸の内8丁目24番6号,千代田区,東京都,1000001,2024-03-01
1993,藤原雄一,藤原雄一1993@icloud.com,090-7933-2035,京都府京都市下京区四条通8丁目10番3号,京都市下京区,京都府,6000031,2024-01-25
1994,坂本健一,坂本健一1994@icloud.com,090-1601-2914,愛知県名古屋市中区錦6丁目5番7号,名古屋市中区,愛知県,4600006,2024-08-14
1995,坂本剛,坂本剛1995@outlook.com,090-7970-7112,京都府京都市中京区烏丸通1丁目11番5号,京都市中京区,京都府,6040011,2023-09-19
1996,青木和也,青木和也1996@gmail.com,090-8429-8350,京都府京都市中京区烏丸通5丁目12番3号,京都市中京区,京都府,6040023,2023-05-29
1997,青木達也,青木達也1997@example.com,090-5956-4637,兵庫県神戸市中央区三宮町1丁目21番5号,神戸市中央区,兵庫県,6500025,2023-10-18
1998,斎藤三郎,斎藤三郎1998@yahoo.co.jp,090-3071-4628,神奈川県横浜市西区みなとみらい8丁目21番4号,横浜市西区,神奈川県,2200022,2023-08-23
1999,井上大輔,井上大輔1999@outlook.com,090-3771-2639,北海道札幌市中央区北1条西4丁目14番7号,札幌市中央区,北海道,0600020,2024-02-18
2000,小林誠,小林誠2000@yahoo.co.jp,090-9155-5182,京都府京都市中京区烏丸通4丁目6番10号,京都市中京区,京都府,6040037,2023-07-31
2001,遠藤次郎,遠藤次郎2001@icloud.com,090-5162-3960,兵庫県神戸市灘区灘南通3丁目25番7号,神戸市灘区,兵庫県,6570041,2023-07-12
2002,佐藤愛,佐藤愛2002@gmail.com,090-2421-1702,兵庫県神戸市灘区灘南通3丁目20番1号,神戸市灘区,兵庫県,6570041,2023-09-17
2003,山田正,山田正2003@outlook.com,090-2857-5113,北海道札幌市中央区北1条西1丁目4番5号,札幌市中央区,北海道,0600039,2024-06-08
2004,小林直樹,小林直樹2004@outlook.com,090-6027-7539,大阪府大阪市北区梅田6丁目10番2号,大阪市北区,大阪府,5300006,2023-12-06
2005,山田拓也,山田拓也2005@outlook.com,090-2710-9621,京都府京都市中京区烏丸通8丁目6番3号,京都市中京区,京都府,6040010,2024-06-15
2006,遠藤太郎,遠藤太郎2006@gmail.com,090-8973-4431,埼玉県さいたま市大宮区大宮2丁目8番8号,さいたま市大宮区,埼玉県,3300028,2023-12-12
2007,長谷川三郎,長谷川三郎2007@gmail.com,090-6293-2124,京都府京都市下京区四条通4丁目15番5号,京都市下京区,京都府,6000016,2023-07-15
2008,井上三郎,井上三郎2008@icloud.com,090-6749-3719,兵庫県神戸市中央区三宮町2丁目2番8号,神戸市中央区,兵庫県,6500012,2024-03-09
2009,吉田亮,吉田亮2009@gmail.com,090-1828-7513,神奈川県横浜市西区みなとみらい3丁目11番8号,横浜市西区,神奈川県,2200024,2023-08-28
2010,森田優子,森田優子2010@icloud.com,090-1908-6594,愛知県名古屋市中区錦10丁目4番3号,名古屋市中区,愛知県,4600005,2023-08-22
2011,加藤由美子,加藤由美子2011@icloud.com,090-4745-9956,埼玉県さいたま市大宮区大宮5丁目29番4号,さいたま市大宮区,埼玉県,3300029,2023-07-15
2012,斎藤美穂,斎藤美穂2012@yahoo.co.jp,090-5852-1919,京都府京都市下京区四条通1丁目10番4号,京都市下京区,京都府,6000024,2023-08-16
2013,中村慎一,中村慎一2013@outlook.com,090-4199-6380,兵庫県神戸市灘区灘南通9丁目27番10号,神戸市灘区,兵庫県,6570001,2023-11-14
2014,村上次郎,村上次郎2014@icloud.com,090-6560-7368,兵庫県神戸市灘区灘南通8丁目14番9号,神戸市灘区,兵庫県,6570033,2024-08-01
2015,橋本美香,橋本美香2015@yahoo.co.jp,090-6493-4377,埼玉県さいたま市浦和区高砂8丁目1番10号,さいたま市浦和区,埼玉県,3300028,2024-02-15
2016,渡辺一郎,渡辺一郎2016@yahoo.co.jp,090-2464-9386,埼玉県さいたま市浦和区高砂10丁目14番6号,さいたま市浦和区,埼玉県,3300009,2023-02-02
2017,遠藤健一,遠藤健一2017@gmail.com,090-5861-3084,東京都渋谷区渋谷8丁目4番5号,渋谷区,東京都,1500032,2023-05-18
2018,井上剛,井上剛2018@outlook.com,090-6262-9368,愛知県名古屋市西区名駅9丁目15番9号,名古屋市西区,愛知県,4510005,2023-04-28
2019,加藤花子,加藤花子2019@icloud.com,090-9309-5883,大阪府大阪市北区梅田9丁目18番4号,大阪市北区,大阪府,5300014,2023-08-30
2020,吉田由美,吉田由美2020@icloud.com,090-3631-5016,京都府京都市下京区四条通6丁目30番10号,京都市下京区,京都府,6000016,2024-10-18
2021,松本千佳,松本千佳2021@icloud.com,090-8768-7039,埼玉県さいたま市浦和区高砂3丁目20番2号,さいたま市浦和区,埼玉県,3300035,2024-04-13
2022,長谷川智子,長谷川智子2022@yahoo.co.jp,090-1567-8265,千葉県千葉市中央区中央2丁目11番5号,千葉市中央区,千葉県,2600037,2023-10-31
2023,池田剛,池田剛2023@example.com,090-6079-1995,千葉県千葉市美浜区美浜6丁目26番1号,千葉市美浜区,千葉県,2610027,2024-03-17
2024,岡田剛,岡田剛2024@icloud.com,090-6247-6525,京都府京都市下京区四条通2丁目21番5号,京都市下京区,京都府,6000007,2024-12-14
2025,坂本和也,坂本和也2025@example.com,090-5976-4280,埼玉県さいたま市浦和区高砂9丁目8番8号,さいたま市浦和区,埼玉県,3300017,2023-12-29
2026,伊藤慎一,伊藤慎一2026@yahoo.co.jp,090-9671-1007,神奈川県横浜市中区本町10丁目8番2号,横浜市中区,神奈川県,2310025,2024-01-27
2027,小林雄一,小林雄一2027@example.com,090-9385-2681,福岡県福岡市博多区博多駅前10丁目18番7号,福岡市博多区,福岡県,8120020,2024-08-09
2028,中村千佳,中村千佳2028@gmail.com,090-1222-6283,神奈川県横浜市西区みなとみらい3丁目13番3号,横浜市西区,神奈川県,2200041,2023-12-23
2029,石川和也,石川和也2029@gmail.com,090-7099-6935,福岡県福岡市中央区天神1丁目7番5号,福岡市中央区,福岡県,8100011,2024-09-29
2030,藤井慎一,藤井慎一2030@yahoo.co.jp,090-3820-7697,千葉県千葉市美浜区美浜3丁目10番6号,千葉市美浜区,千葉県,2610034,2024-06-27
2031,池田亮,池田亮2031@outlook.com,090-9206-1024,千葉県千葉市中央区中央7丁目13番3号,千葉市中央区,千葉県,2600030,2024-09-15
2032,松本恵子,松本恵子2032@outlook.com,090-5517-8532,埼玉県さいたま市大宮区大宮4丁目8番8号,さいたま市大宮区,埼玉県,3300038,2023-10-19
2033,鈴木千佳,鈴木千佳2033@gmail.com,090-8587-4731,愛知県名古屋市中区錦10丁目19番6号,名古屋市中区,愛知県,4600003,2023-02-11
2034,近藤大輔,近藤大輔2034@gmail.com,090-7426-4078,埼玉県さいたま市浦和区高砂7丁目8番7号,さいたま市浦和区,埼玉県,3300024,2024-07-22
2035,渡辺愛,渡辺愛2035@outlook.com,090-9468-1813,兵庫県神戸市中央区三宮町5丁目1番4号,神戸市中央区,兵庫県,6500008,2024-09-17
2036,前田優子,前田優子2036@gmail.com,090-1552-9159,北海道札幌市中央区北1条西10丁目4番6号,札幌市中央区,北海道,0600040,2023-04-01
2037,田中達也,田中達也2037@gmail.com,090-3204-1307,神奈川県横浜市西区みなとみらい2丁目19番1号,横浜市西区,神奈川県,2200025,2024-10-17
2038,山本次郎,山本次郎2038@outlook.com,090-8465-3159,東京都新宿区新宿2丁目29番5号,新宿区,東京都,1600013,2023-10-01
2039,伊藤慎一,伊藤慎一2039@gmail.com,090-2788-9729,兵庫県神戸市中央区三宮町1丁目29番4号,神戸市中央区,兵庫県,6500039,2023-06-21
2040,長谷川太郎,長谷川太郎2040@example.com,090-5215-5707,京都府京都市中京区烏丸通10丁目24番1号,京都市中京区,京都府,6040021,2024-04-24
2041,岡田恵子,岡田恵子2041@example.com,090-9129-8936,埼玉県さいたま市浦和区高砂6丁目6番3号,さいたま市浦和区,埼玉県,3300033,2023-02-13
2042,鈴木剛,鈴木剛2042@example.com,090-6075-3122,埼玉県さいたま市大宮区大宮2丁目18番3号,さいたま市大宮区,埼玉県,3300016,2023-09-14
2043,藤原直樹,藤原直樹2043@example.com,090-3470-6039,大阪府大阪市北区梅田1丁目29番2号,大阪市北区,大阪府,5300014,2023-09-11
2044,坂本由美,坂本由美2044@example.com,090-7880-3170,京都府京都市下京区四条通5丁目30番9号,京都市下京区,京都府,6000030,2023-05-27
2045,小林雄一,小林雄一2045@gmail.com,090-9527-5269,千葉県千葉市中央区中央1丁目4番7号,千葉市中央区,千葉県,2600034,2023-03-07
2046,加藤達也,加藤達也2046@gmail.com,090-4846-2594,北海道札幌市中央区北1条西3丁目23番4号,札幌市中央区,北海道,0600026,2024-11-11
2047,長谷川恵子,長谷川恵子2047@icloud.com,090-5960-4243,大阪府大阪市北区梅田3丁目9番8号,大阪市北区,大阪府,5300016,2023-11-30
2048,林慎一,林慎一2048@yahoo.co.jp,090-7824-1836,神奈川県横浜市西区みなとみらい1丁目4番5号,横浜市西区,神奈川県,2200029,2023-06-13
2049,池田由美子,池田由美子2049@example.com,090-7257-9466,京都府京都市下京区四条通4丁目11番1号,京都市下京区,京都府,6000023,2023-04-26
2050,山本健太,山本健太2050@example.com,090-7753-8095,京都府京都市中京区烏丸通2丁目14番6号,京都市中京区,京都府,6040001,2024-07-11
2051,藤原拓也,藤原拓也2051@icloud.com,090-5374-6795,埼玉県さいたま市浦和区高砂10丁目27番10号,さいたま市浦和区,埼玉県,3300023,2024-01-18
2052,木村香織,木村香織2052@example.com,090-8473-6557,東京都渋谷区渋谷3丁目18番7号,渋谷区,東京都,1500008,2023-06-03
2053,藤原正,藤原正2053@icloud.com,090-9778-1323,福岡県福岡市博多区博多駅前7丁目19番2号,福岡市博多区,福岡県,8120003,2024-08-07
2054,池田健一,池田健一2054@gmail.com,090-3213-4256,千葉県千葉市中央区中央2丁目9番8号,千葉市中央区,千葉県,2600035,2024-07-11
2055,木村さくら,木村さくら2055@outlook.com,090-5875-4825,愛知県名古屋市西区名駅3丁目17番4号,名古屋市西区,愛知県,4510024,2023-12-30
2056,高橋智子,高橋智子2056@yahoo.co.jp,090-8189-2740,東京都渋谷区渋谷3丁目26番3号,渋谷区,東京都,1500038,2023-12-03
2057,山本正,山本正2057@icloud.com,090-4300-3725,大阪府大阪市北区梅田7丁目22番4号,大阪市北区,大阪府,5300001,2023-04-05
2058,青木智子,青木智子2058@example.com,090-2007-3546,兵庫県神戸市中央区三宮町10丁目13番3号,神戸市中央区,兵庫県,6500007,2023-01-21
2059,吉田次郎,吉田次郎2059@gmail.com,090-7680-4539,北海道札幌市北区北6条西4丁目19番8号,札幌市北区,北海道,0600009,2023-09-30
2060,近藤美咲,近藤美咲2060@icloud.com,090-7901-5275,兵庫県神戸市灘区灘南通4丁目5番8号,神戸市灘区,兵庫県,6570029,2024-04-29
2061,池田愛,池田愛2061@gmail.com,090-8772-1102,兵庫県神戸市中央区三宮町1丁目22番7号,神戸市中央区,兵庫県,6500002,2024-07-20
2062,後藤翔太,後藤翔太2062@icloud.com,090-2850-6312,東京都渋谷区渋谷10丁目24番7号,渋谷区,東京都,1500040,2023-05-01
2063,藤原剛,藤原剛2063@example.com,090-3627-9636,埼玉県さいたま市大宮区大宮9丁目24番9号,さいたま市大宮区,埼玉県,3300002,2023-12-14
2064,吉田和也,吉田和也2064@example.com,090-7121-2765,福岡県福岡市博多区博多駅前4丁目16番6号,福岡市博多区,福岡県,8120003,2024-11-23
2065,前田美咲,前田美咲2065@icloud.com,090-8897-6274,埼玉県さいたま市大宮区大宮1丁目26番4号,さいたま市大宮区,埼玉県,3300030,2023-10-31
2066,山本美咲,山本美咲2066@yahoo.co.jp,090-4011-2334,福岡県福岡市博多区博多駅前7丁目6番5号,福岡市博多区,福岡県,8120002,2024-09-05
2067,小林翔太,小林翔太2067@yahoo.co.jp,090-7214-1798,埼玉県さいたま市浦和区高砂6丁目19番1号,さいたま市浦和区,埼玉県,3300029,2024-06-27
2068,伊藤正,伊藤正2068@yahoo.co.jp,090-1594-8824,兵庫県神戸市中央区三宮町9丁目15番3号,神戸市中央区,兵庫県,6500016,2024-12-02
2069,渡辺慎一,渡辺慎一2069@icloud.com,090-2874-8589,神奈川県横浜市西区みなとみらい2丁目24番10号,横浜市西区,神奈川県,2200004,2023-08-30
2070,後藤健一,後藤健一2070@example.com,090-5861-5452,東京都渋谷区渋谷4丁目11番9号,渋谷区,東京都,1500038,2023-09-03
2071,岡田健太,岡田健太2071@gmail.com,090-2345-6185,千葉県千葉市美浜区美浜2丁目17番2号,千葉市美浜区,千葉県,2610041,2023-06-19
2072,山田麻衣,山田麻衣2072@example.com,090-4662-3037,東京都渋谷区渋谷8丁目22番6号,渋谷区,東京都,1500033,2024-10-15
2073,石川直樹,石川直樹2073@icloud.com,090-9602-8147,福岡県福岡市中央区天神8丁目21番7号,福岡市中央区,福岡県,8100037,2024-04-25
2074,井上正,井上正2074@gmail.com,090-1414-2378,愛知県名古屋市西区名駅5丁目14番6号,名古屋市西区,愛知県,4510007,2023-06-10
2075,森田由美,森田由美2075@example.com,090-4618-1736,京都府京都市下京区四条通6丁目30番1号,京都市下京区,京都府,6000038,2023-05-10
2076,橋本美香,橋本美香2076@icloud.com,090-4820-8218,東京都渋谷区渋谷9丁目25番2号,渋谷区,東京都,1500006,2023-02-22
2077,井上麻美,井上麻美2077@gmail.com,090-5159-6326,千葉県千葉市美浜区美浜9丁目25番3号,千葉市美浜区,千葉県,2610035,2024-04-28
2078,石川翔太,石川翔太2078@gmail.com,090-1021-5677,京都府京都市下京区四条通7丁目13番10号,京都市下京区,京都府,6000003,2023-03-31
2079,鈴木真由美,鈴木真由美2079@gmail.com,090-8835-6746,神奈川県横浜市中区本町6丁目25番2号,横浜市中区,神奈川県,2310037,2024-08-03
2080,青木真由美,青木真由美2080@yahoo.co.jp,090-3914-7535,福岡県福岡市博多区博多駅前9丁目21番4号,福岡市博多区,福岡県,8120020,2023-01-11
2081,鈴木美香,鈴木美香2081@icloud.com,090-8883-6135,愛知県名古屋市中区錦10丁目20番8号,名古屋市中区,愛知県,4600007,2024-11-19
2082,坂本真由美,坂本真由美2082@gmail.com,090-8319-2130,兵庫県神戸市中央区三宮町7丁目6番7号,神戸市中央区,兵庫県,6500037,2023-07-22
2083,小林三郎,小林三郎2083@icloud.com,090-1343-3640,京都府京都市下京区四条通5丁目7番3号,京都市下京区,京都府,6000022,2024-06-14
2084,佐藤さくら,佐藤さくら2084@gmail.com,090-5486-5419,京都府京都市下京区四条通1丁目23番3号,京都市下京区,京都府,6000017,2023-12-01
2085,村上智子,村上智子2085@example.com,090-6296-6307,神奈川県横浜市西区みなとみらい8丁目13番1号,横浜市西区,神奈川県,2200014,2023-04-22
2086,伊藤優子,伊藤優子2086@yahoo.co.jp,090-4255-1681,東京都新宿区新宿10丁目22番3号,新宿区,東京都,1600002,2023-06-26
2087,森田拓也,森田拓也2087@example.com,090-8325-9192,東京都渋谷区渋谷2丁目3番6号,渋谷区,東京都,1500012,2024-05-31
2088,加藤由美,加藤由美2088@yahoo.co.jp,090-8555-6870,兵庫県神戸市中央区三宮町4丁目18番2号,神戸市中央区,兵庫県,6500006,2024-11-29
2089,藤井拓也,藤井拓也2089@icloud.com,090-4217-2710,神奈川県横浜市西区みなとみらい4丁目28番1号,横浜市西区,神奈川県,2200035,2024-07-20
2090,岡田さくら,岡田さくら2090@example.com,090-3867-2986,兵庫県神戸市灘区灘南通6丁目4番2号,神戸市灘区,兵庫県,6570035,2023-10-14
2091,斎藤愛,斎藤愛2091@icloud.com,090-9959-1239,大阪府大阪市中央区本町2丁目7番4号,大阪市中央区,大阪府,5410025,2024-05-25
2092,池田亮,池田亮2092@gmail.com,090-3346-2434,神奈川県横浜市中区本町3丁目5番5号,横浜市中区,神奈川県,2310031,2024-07-07
2093,村上亮,村上亮2093@yahoo.co.jp,090-6886-9247,北海道札幌市北区北6条西7丁目4番7号,札幌市北区,北海道,0600014,2024-05-30
2094,村上誠,村上誠2094@gmail.com,090-3520-7565,愛知県名古屋市西区名駅3丁目27番7号,名古屋市西区,愛知県,4510022,2023-05-21
2095,田中美穂,田中美穂2095@gmail.com,090-7480-3999,兵庫県神戸市灘区灘南通10丁目3番6号,神戸市灘区,兵庫県,6570024,2023-11-03
2096,森田由美子,森田由美子2096@yahoo.co.jp,090-4511-3025,神奈川県横浜市中区本町6丁目19番5号,横浜市中区,神奈川県,2310036,2024-05-02
2097,佐藤健太,佐藤健太2097@outlook.com,090-6109-9752,埼玉県さいたま市浦和区高砂4丁目8番6号,さいたま市浦和区,埼玉県,3300033,2024-12-11
2098,伊藤亮,伊藤亮2098@gmail.com,090-5396-4594,神奈川県横浜市中区本町3丁目16番2号,横浜市中区,神奈川県,2310014,2024-08-02
2099,斎藤さくら,斎藤さくら2099@gmail.com,090-5035-7280,兵庫県神戸市中央区三宮町6丁目2番10号,神戸市中央区,兵庫県,6500014,2023-04-26
2100,村上真由美,村上真由美2100@icloud.com,090-5533-2964,東京都新宿区新宿4丁目13番9号,新宿区,東京都,1600001,2023-08-09
2101,池田慎一,池田慎一2101@gmail.com,090-8560-2471,兵庫県神戸市中央区三宮町6丁目23番1号,神戸市中央区,兵庫県,6500027,2023-03-10
2102,後藤和也,後藤和也2102@gmail.com,090-5522-3247,京都府京都市下京区四条通3丁目19番3号,京都市下京区,京都府,6000037,2024-06-28
2103,前田正,前田正2103@gmail.com,090-8664-6038,兵庫県神戸市灘区灘南通8丁目14番2号,神戸市灘区,兵庫県,6570034,2023-06-18
2104,伊藤正,伊藤正2104@outlook.com,090-2001-7768,東京都新宿区新宿5丁目26番7号,新宿区,東京都,1600020,2024-09-04
2105,松本麻美,松本麻美2105@yahoo.co.jp,090-8954-7606,京都府京都市下京区四条通9丁目18番3号,京都市下京区,京都府,6000023,2024-03-16
2106,吉田香織,吉田香織2106@gmail.com,090-8083-8289,東京都渋谷区渋谷8丁目26番1号,渋谷区,東京都,1500005,2024-08-19
2107,岡田拓也,岡田拓也2107@outlook.com,090-1427-9479,愛知県名古屋市西区名駅5丁目23番3号,名古屋市西区,愛知県,4510008,2023-03-11
2108,鈴木真由美,鈴木真由美2108@example.com,090-5371-7263,京都府京都市下京区四条通9丁目17番2号,京都市下京区,京都府,6000033,2023-01-28
2109,山本和也,山本和也2109@outlook.com,090-3163-4796,福岡県福岡市中央区天神7丁目30番10号,福岡市中央区,福岡県,8100019,2023-07-21
2110,長谷川香織,長谷川香織2110@outlook.com,090-1698-6297,千葉県千葉市中央区中央4丁目9番7号,千葉市中央区,千葉県,2600007,2023-12-25
2111,小林直樹,小林直樹2111@icloud.com,090-9009-3720,埼玉県さいたま市浦和区高砂1丁目20番2号,さいたま市浦和区,埼玉県,3300011,2024-01-19
2112,石川由美子,石川由美子2112@outlook.com,090-8471-2907,埼玉県さいたま市大宮区大宮8丁目27番1号,さいたま市大宮区,埼玉県,3300015,2023-12-06
2113,中村由美子,中村由美子2113@outlook.com,090-5488-1865,大阪府大阪市北区梅田8丁目11番4号,大阪市北区,大阪府,5300016,2023-02-03
2114,山田健一,山田健一2114@outlook.com,090-3968-6188,兵庫県神戸市中央区三宮町2丁目10番3号,神戸市中央区,兵庫県,6500035,2024-07-11
2115,斎藤拓也,斎藤拓也2115@icloud.com,090-4952-9356,千葉県千葉市中央区中央1丁目7番4号,千葉市中央区,千葉県,2600018,2024-06-29
2116,石川誠,石川誠2116@icloud.com,090-4665-4414,兵庫県神戸市灘区灘南通6丁目6番1号,神戸市灘区,兵庫県,6570022,2023-10-23
2117,吉田優子,吉田優子2117@outlook.com,090-3888-7723,千葉県千葉市中央区中央3丁目6番5号,千葉市中央区,千葉県,2600012,2024-06-12
2118,井上慎一,井上慎一2118@icloud.com,090-3411-6867,大阪府大阪市中央区本町3丁目9番9号,大阪市中央区,大阪府,5410027,2024-03-04
2119,村上香織,村上香織2119@yahoo.co.jp,090-1127-9344,埼玉県さいたま市大宮区大宮1丁目2番1号,さいたま市大宮区,埼玉県,3300015,2023-07-17
2120,松本智子,松本智子2120@example.com,090-1054-9386,千葉県千葉市中央区中央1丁目2番7号,千葉市中央区,千葉県,2600014,2024-03-29
2121,遠藤直樹,遠藤直樹2121@gmail.com,090-7896-3456,神奈川県横浜市西区みなとみらい5丁目30番5号,横浜市西区,神奈川県,2200025,2023-11-23
2122,松本一郎,松本一郎2122@outlook.com,090-7714-1412,神奈川県横浜市中区本町8丁目23番2号,横浜市中区,神奈川県,2310016,2023-01-24
2123,長谷川剛,長谷川剛2123@yahoo.co.jp,090-2351-5951,兵庫県神戸市中央区三宮町10丁目4番5号,神戸市中央区,兵庫県,6500028,2024-01-04
2124,近藤次郎,近藤次郎2124@icloud.com,090-4681-5113,東京都千代田区丸の内3丁目2番8号,千代田区,東京都,1000003,2024-10-05
2125,山田次郎,山田次郎2125@yahoo.co.jp,090-6576-4917,神奈川県横浜市西区みなとみらい7丁目17番6号,横浜市西区,神奈川県,2200006,2023-05-25
2126,橋本次郎,橋本次郎2126@icloud.com,090-4744-4365,京都府京都市中京区烏丸通9丁目2番3号,京都市中京区,京都府,6040012,2023-11-19
2127,斎藤健太,斎藤健太2127@example.com,090-5422-7179,千葉県千葉市美浜区美浜2丁目9番8号,千葉市美浜区,千葉県,2610039,2023-06-11
2128,小林恵子,小林恵子2128@yahoo.co.jp,090-9396-9342,京都府京都市中京区烏丸通2丁目15番4号,京都市中京区,京都府,6040034,2023-08-22
2129,小林拓也,小林拓也2129@icloud.com,090-4657-6286,東京都渋谷区渋谷8丁目25番9号,渋谷区,東京都,1500005,2023-05-12
2130,吉田慎一,吉田慎一2130@outlook.com,090-5805-3212,京都府京都市下京区四条通2丁目19番7号,京都市下京区,京都府,6000002,2023-08-26
2131,林翔太,林翔太2131@gmail.com,090-8026-8429,京都府京都市下京区四条通1丁目10番6号,京都市下京区,京都府,6000023,2024-09-30
2132,長谷川誠,長谷川誠2132@yahoo.co.jp,090-4011-7323,埼玉県さいたま市浦和区高砂7丁目11番10号,さいたま市浦和区,埼玉県,3300022,2024-06-15
2133,遠藤さくら,遠藤さくら2133@yahoo.co.jp,090-8304-9844,東京都渋谷区渋谷3丁目27番10号,渋谷区,東京都,1500017,2024-11-26
2134,鈴木雄一,鈴木雄一2134@outlook.com,090-9692-4783,東京都渋谷区渋谷2丁目2番2号,渋谷区,東京都,1500030,2024-03-22
2135,青木雄一,青木雄一2135@example.com,090-7833-6018,大阪府大阪市中央区本町6丁目29番3号,大阪市中央区,大阪府,5410033,2024-10-14
2136,山田優子,山田優子2136@example.com,090-3624-5371,神奈川県横浜市中区本町5丁目22番3号,横浜市中区,神奈川県,2310032,2023-08-22
2137,高橋花子,高橋花子2137@example.com,090-8547-4931,福岡県福岡市博多区博多駅前1丁目19番5号,福岡市博多区,福岡県,8120021,2023-04-28
2138,池田誠,池田誠2138@example.com,090-6091-1155,福岡県福岡市博多区博多駅前7丁目11番7号,福岡市博多区,福岡県,8120019,2023-06-21
2139,石川雄一,石川雄一2139@outlook.com,090-9790-3399,大阪府大阪市北区梅田5丁目14番4号,大阪市北区,大阪府,5300007,2024-03-08
2140,斎藤一郎,斎藤一郎2140@icloud.com,090-4925-5630,愛知県名古屋市西区名駅10丁目27番1号,名古屋市西区,愛知県,4510020,2023-05-13
2141,後藤誠,後藤誠2141@outlook.com,090-5195-1073,埼玉県さいたま市浦和区高砂1丁目3番3号,さいたま市浦和区,埼玉県,3300018,2023-08-09
2142,岡田由美,岡田由美2142@icloud.com,090-8338-5918,福岡県福岡市博多区博多駅前8丁目2番2号,福岡市博多区,福岡県,8120019,2023-05-30
2143,松本健太,松本健太2143@gmail.com,090-2064-4560,愛知県名古屋市中区錦9丁目29番5号,名古屋市中区,愛知県,4600001,2024-11-17
2144,木村太郎,木村太郎2144@outlook.com,090-8584-8272,大阪府大阪市中央区本町9丁目3番9号,大阪市中央区,大阪府,5410016,2024-08-21
2145,近藤誠,近藤誠2145@yahoo.co.jp,090-8722-8609,大阪府大阪市中央区本町4丁目5番2号,大阪市中央区,大阪府,5410027,2024-04-08
2146,岡田麻美,岡田麻美2146@gmail.com,090-8111-9655,北海道札幌市北区北6条西5丁目5番5号,札幌市北区,北海道,0600020,2024-03-13
2147,松本恵子,松本恵子2147@icloud.com,090-5728-1821,福岡県福岡市中央区天神3丁目14番9号,福岡市中央区,福岡県,8100001,2024-03-24
2148,高橋愛,高橋愛2148@icloud.com,090-6991-9118,東京都新宿区新宿1丁目15番6号,新宿区,東京都,1600014,2023-07-18
2149,岡田美咲,岡田美咲2149@example.com,090-5373-1356,愛知県名古屋市中区錦5丁目17番10号,名古屋市中区,愛知県,4600006,2024-05-28
2150,山田智子,山田智子2150@example.com,090-3661-4003,京都府京都市中京区烏丸通5丁目23番5号,京都市中京区,京都府,6040002,2023-10-01
2151,岡田雄一,岡田雄一2151@outlook.com,090-1075-6620,神奈川県横浜市西区みなとみらい5丁目13番2号,横浜市西区,神奈川県,2200027,2023-04-09
2152,池田千佳,池田千佳2152@example.com,090-2853-4544,兵庫県神戸市灘区灘南通3丁目5番2号,神戸市灘区,兵庫県,6570028,2023-11-29
2153,藤井直樹,藤井直樹2153@outlook.com,090-3911-5648,千葉県千葉市美浜区美浜8丁目1番8号,千葉市美浜区,千葉県,2610028,2023-09-28
2154,中村太郎,中村太郎2154@yahoo.co.jp,090-4839-5416,福岡県福岡市中央区天神4丁目9番4号,福岡市中央区,福岡県,8100032,2024-08-19
2155,青木慎一,青木慎一2155@yahoo.co.jp,090-1808-7952,兵庫県神戸市灘区灘南通9丁目18番2号,神戸市灘区,兵庫県,6570030,2024-07-13
2156,佐藤由美,佐藤由美2156@icloud.com,090-4713-8544,愛知県名古屋市中区錦9丁目23番9号,名古屋市中区,愛知県,4600004,2023-01-15
2157,村上拓也,村上拓也2157@icloud.com,090-9292-2712,福岡県福岡市博多区博多駅前8丁目15番4号,福岡市博多区,福岡県,8120001,2024-11-26
2158,後藤亮,後藤亮2158@outlook.com,090-2809-9535,京都府京都市中京区烏丸通7丁目8番6号,京都市中京区,京都府,6040011,2023-08-31
2159,遠藤健一,遠藤健一2159@outlook.com,090-8777-3504,兵庫県神戸市中央区三宮町7丁目26番8号,神戸市中央区,兵庫県,6500040,2024-09-19
2160,橋本一郎,橋本一郎2160@example.com,090-5616-3717,大阪府大阪市北区梅田1丁目1番10号,大阪市北区,大阪府,5300015,2023-12-06
2161,池田達也,池田達也2161@icloud.com,090-9111-3406,京都府京都市下京区四条通8丁目6番1号,京都市下京区,京都府,6000019,2024-07-25
2162,中村智子,中村智子2162@example.com,090-7942-3354,北海道札幌市北区北6条西10丁目9番9号,札幌市北区,北海道,0600029,2024-06-23
2163,村上亮,村上亮2163@outlook.com,090-4136-7747,北海道札幌市北区北6条西4丁目24番10号,札幌市北区,北海道,0600011,2023-12-04
2164,遠藤美穂,遠藤美穂2164@icloud.com,090-4032-4166,京都府京都市下京区四条通7丁目28番6号,京都市下京区,京都府,6000041,2024-10-15
2165,前田麻衣,前田麻衣2165@yahoo.co.jp,090-1355-4501,千葉県千葉市美浜区美浜9丁目6番8号,千葉市美浜区,千葉県,2610013,2023-06-16
2166,藤井剛,藤井剛2166@example.com,090-3990-5586,兵庫県神戸市灘区灘南通1丁目22番1号,神戸市灘区,兵庫県,6570011,2023-01-11
2167,加藤さくら,加藤さくら2167@example.com,090-3752-9901,神奈川県横浜市中区本町8丁目21番4号,横浜市中区,神奈川県,2310025,2023-05-11
2168,小林達也,小林達也2168@example.com,090-1202-2883,兵庫県神戸市灘区灘南通9丁目19番3号,神戸市灘区,兵庫県,6570031,2024-01-06
2169,中村健太,中村健太2169@outlook.com,090-2307-5882,北海道札幌市北区北6条西6丁目17番7号,札幌市北区,北海道,0600012,2024-02-25
2170,藤原大輔,藤原大輔2170@yahoo.co.jp,090-4378-1218,兵庫県神戸市灘区灘南通8丁目15番8号,神戸市灘区,兵庫県,6570017,2023-11-29
2171,村上翔太,村上翔太2171@gmail.com,090-8424-2723,北海道札幌市中央区北1条西10丁目26番5号,札幌市中央区,北海道,0600003,2023-01-24
2172,斎藤亮,斎藤亮2172@example.com,090-7280-5859,愛知県名古屋市西区名駅2丁目25番9号,名古屋市西区,愛知県,4510008,2024-08-18
2173,高橋智子,高橋智子2173@gmail.com,090-7294-7418,東京都新宿区新宿8丁目11番8号,新宿区,東京都,1600009,2023-02-04
2174,林香織,林香織2174@icloud.com,090-8765-8142,東京都新宿区新宿2丁目19番1号,新宿区,東京都,1600003,2024-08-01
2175,田中花子,田中花子2175@yahoo.co.jp,090-9188-5589,愛知県名古屋市西区名駅2丁目20番3号,名古屋市西区,愛知県,4510019,2023-02-26
2176,後藤和也,後藤和也2176@icloud.com,090-5911-2196,東京都新宿区新宿6丁目5番9号,新宿区,東京都,1600008,2023-04-19
2177,高橋美咲,高橋美咲2177@gmail.com,090-6390-9375,千葉県千葉市中央区中央6丁目29番6号,千葉市中央区,千葉県,2600040,2023-09-14
2178,田中美穂,田中美穂2178@icloud.com,090-4812-1066,愛知県名古屋市中区錦3丁目24番5号,名古屋市中区,愛知県,4600007,2023-07-01
2179,田中剛,田中剛2179@icloud.com,090-7429-4389,北海道札幌市北区北6条西5丁目29番5号,札幌市北区,北海道,0600017,2024-07-28
2180,石川慎一,石川慎一2180@outlook.com,090-5609-9347,福岡県福岡市博多区博多駅前2丁目21番10号,福岡市博多区,福岡県,8120019,2023-03-07
2181,高橋一郎,高橋一郎2181@icloud.com,090-8771-6500,京都府京都市下京区四条通2丁目1番2号,京都市下京区,京都府,6000022,2024-11-13
2182,吉田慎一,吉田慎一2182@example.com,090-1448-2138,神奈川県横浜市中区本町8丁目1番5号,横浜市中区,神奈川県,2310010,2024-06-23
2183,森田正,森田正2183@outlook.com,090-8344-7847,東京都新宿区新宿7丁目19番9号,新宿区,東京都,1600009,2023-08-31
2184,坂本健太,坂本健太2184@yahoo.co.jp,090-1626-5239,東京都千代田区丸の内10丁目1番10号,千代田区,東京都,1000001,2023-10-15
2185,鈴木真由美,鈴木真由美2185@gmail.com,090-8407-2427,千葉県千葉市美浜区美浜5丁目8番5号,千葉市美浜区,千葉県,2610001,2024-04-15
2186,森田健太,森田健太2186@gmail.com,090-7204-3937,福岡県福岡市博多区博多駅前10丁目19番1号,福岡市博多区,福岡県,8120016,2024-07-26
2187,中村美穂,中村美穂2187@yahoo.co.jp,090-7288-5267,京都府京都市中京区烏丸通1丁目16番6号,京都市中京区,京都府,6040016,2023-09-03
2188,小林愛,小林愛2188@gmail.com,090-3291-6002,京都府京都市中京区烏丸通5丁目2番3号,京都市中京区,京都府,6040011,2023-08-15
2189,池田麻美,池田麻美2189@outlook.com,090-4816-2705,京都府京都市中京区烏丸通7丁目6番1号,京都市中京区,京都府,6040032,2023-06-22
2190,渡辺由美子,渡辺由美子2190@yahoo.co.jp,090-9994-5794,北海道札幌市中央区北1条西9丁目23番7号,札幌市中央区,北海道,0600030,2023-07-25
2191,後藤一郎,後藤一郎2191@yahoo.co.jp,090-9457-9728,東京都新宿区新宿7丁目14番8号,新宿区,東京都,1600014,2023-06-05
2192,高橋愛,高橋愛2192@yahoo.co.jp,090-6333-2697,愛知県名古屋市西区名駅8丁目18番8号,名古屋市西区,愛知県,4510018,2024-01-31
2193,後藤真由美,後藤真由美2193@gmail.com,090-8209-5994,京都府京都市下京区四条通8丁目20番5号,京都市下京区,京都府,6000028,2024-11-01
2194,渡辺美香,渡辺美香2194@outlook.com,090-3840-1435,東京都渋谷区渋谷3丁目3番3号,渋谷区,東京都,1500021,2024-10-13
2195,岡田大輔,岡田大輔2195@outlook.com,090-1304-3899,兵庫県神戸市灘区灘南通4丁目27番1号,神戸市灘区,兵庫県,6570023,2024-05-27
2196,斎藤さくら,斎藤さくら2196@icloud.com,090-3496-6547,大阪府大阪市中央区本町6丁目23番5号,大阪市中央区,大阪府,5410029,2023-10-10
2197,中村正,中村正2197@outlook.com,090-1618-3581,埼玉県さいたま市大宮区大宮1丁目13番9号,さいたま市大宮区,埼玉県,3300014,2024-12-04
2198,伊藤花子,伊藤花子2198@outlook.com,090-6862-3203,神奈川県横浜市中区本町5丁目8番1号,横浜市中区,神奈川県,2310020,2023-11-15
2199,佐藤三郎,佐藤三郎2199@gmail.com,090-3474-3999,東京都渋谷区渋谷6丁目25番3号,渋谷区,東京都,1500010,2024-06-17
2200,小林三郎,小林三郎2200@yahoo.co.jp,090-6968-2734,愛知県名古屋市西区名駅5丁目22番2号,名古屋市西区,愛知県,4510015,2023-01-18
2201,藤原さくら,藤原さくら2201@icloud.com,090-9772-9213,千葉県千葉市中央区中央4丁目3番6号,千葉市中央区,千葉県,2600016,2024-03-23
2202,高橋達也,高橋達也2202@yahoo.co.jp,090-4056-8108,東京都新宿区新宿9丁目16番5号,新宿区,東京都,1600004,2024-03-19
2203,佐藤美咲,佐藤美咲2203@example.com,090-3421-3125,東京都渋谷区渋谷9丁目24番5号,渋谷区,東京都,1500009,2024-07-27
2204,池田美香,池田美香2204@gmail.com,090-2008-3545,大阪府大阪市北区梅田10丁目17番4号,大阪市北区,大阪府,5300013,2024-06-02
2205,田中三郎,田中三郎2205@outlook.com,090-4079-6427,東京都渋谷区渋谷7丁目12番8号,渋谷区,東京都,1500009,2023-02-21
2206,小林正,小林正2206@outlook.com,090-3165-8551,愛知県名古屋市西区名駅2丁目21番6号,名古屋市西区,愛知県,4510025,2024-02-13
2207,遠藤達也,遠藤達也2207@yahoo.co.jp,090-7337-4962,千葉県千葉市美浜区美浜8丁目27番4号,千葉市美浜区,千葉県,2610035,2024-09-03
2208,森田恵子,森田恵子2208@example.com,090-4791-9772,神奈川県横浜市西区みなとみらい2丁目1番9号,横浜市西区,神奈川県,2200010,2024-03-19
2209,小林拓也,小林拓也2209@gmail.com,090-4519-8449,東京都新宿区新宿4丁目23番2号,新宿区,東京都,1600006,2023-05-01
2210,渡辺千佳,渡辺千佳2210@icloud.com,090-4756-3306,東京都新宿区新宿4丁目9番6号,新宿区,東京都,1600012,2024-04-03
2211,中村誠,中村誠2211@icloud.com,090-5910-7039,大阪府大阪市北区梅田3丁目15番9号,大阪市北区,大阪府,5300012,2024-07-31
2212,佐藤愛,佐藤愛2212@yahoo.co.jp,090-8671-6669,北海道札幌市北区北6条西8丁目5番8号,札幌市北区,北海道,0600011,2023-05-13
2213,井上真由美,井上真由美2213@icloud.com,090-6842-2210,京都府京都市下京区四条通5丁目14番9号,京都市下京区,京都府,6000028,2023-02-05
2214,前田麻美,前田麻美2214@icloud.com,090-4009-9627,埼玉県さいたま市浦和区高砂3丁目28番8号,さいたま市浦和区,埼玉県,3300041,2024-01-06
2215,森田千佳,森田千佳2215@gmail.com,090-8273-3076,大阪府大阪市中央区本町7丁目23番2号,大阪市中央区,大阪府,5410016,2024-01-16
2216,林真由美,林真由美2216@icloud.com,090-7939-8329,東京都渋谷区渋谷6丁目13番8号,渋谷区,東京都,1500023,2023-02-18
2217,藤原和也,藤原和也2217@icloud.com,090-4012-9224,大阪府大阪市中央区本町8丁目18番6号,大阪市中央区,大阪府,5410036,2023-09-14
2218,松本健一,松本健一2218@gmail.com,090-4075-2389,兵庫県神戸市灘区灘南通6丁目12番4号,神戸市灘区,兵庫県,6570027,2023-05-11
2219,伊藤智子,伊藤智子2219@example.com,090-9400-7063,神奈川県横浜市中区本町10丁目25番9号,横浜市中区,神奈川県,2310009,2023-05-20
2220,渡辺直樹,渡辺直樹2220@yahoo.co.jp,090-5779-1962,東京都千代田区丸の内7丁目5番1号,千代田区,東京都,1000001,2023-12-29
2221,坂本拓也,坂本拓也2221@example.com,090-6451-3679,福岡県福岡市中央区天神2丁目25番5号,福岡市中央区,福岡県,8100022,2023-04-24
2222,藤井次郎,藤井次郎2222@outlook.com,090-5787-6366,東京都新宿区新宿2丁目3番8号,新宿区,東京都,1600011,2023-05-13
2223,木村智子,木村智子2223@gmail.com,090-3152-5225,東京都千代田区丸の内2丁目3番6号,千代田区,東京都,1000008,2024-02-24
2224,森田花子,森田花子2224@icloud.com,090-4667-5392,神奈川県横浜市西区みなとみらい5丁目21番7号,横浜市西区,神奈川県,2200008,2023-03-20
2225,松本次郎,松本次郎2225@example.com,090-7519-1178,愛知県名古屋市西区名駅1丁目29番1号,名古屋市西区,愛知県,4510034,2024-08-31
2226,松本雄一,松本雄一2226@gmail.com,090-5464-7339,大阪府大阪市中央区本町6丁目1番7号,大阪市中央区,大阪府,5410004,2024-11-07
2227,伊藤麻美,伊藤麻美2227@gmail.com,090-6775-5565,北海道札幌市北区北6条西4丁目12番7号,札幌市北区,北海道,0600018,2023-08-19
2228,森田愛,森田愛2228@outlook.com,090-1435-5125,大阪府大阪市中央区本町2丁目22番5号,大阪市中央区,大阪府,5410020,2023-07-04
2229,池田智子,池田智子2229@outlook.com,090-1474-8559,神奈川県横浜市中区本町9丁目8番3号,横浜市中区,神奈川県,2310034,2023-11-19
2230,遠藤麻美,遠藤麻美2230@yahoo.co.jp,090-1521-7926,福岡県福岡市博多区博多駅前1丁目22番9号,福岡市博多区,福岡県,8120011,2024-05-28
2231,高橋愛,高橋愛2231@yahoo.co.jp,090-8864-4138,愛知県名古屋市中区錦6丁目20番6号,名古屋市中区,愛知県,4600006,2023-12-12
2232,佐藤直樹,佐藤直樹2232@yahoo.co.jp,090-2195-6312,神奈川県横浜市西区みなとみらい2丁目7番9号,横浜市西区,神奈川県,2200027,2024-03-24
2233,鈴木誠,鈴木誠2233@example.com,090-5574-6586,埼玉県さいたま市大宮区大宮8丁目23番8号,さいたま市大宮区,埼玉県,3300027,2023-09-29
2234,伊藤健太,伊藤健太2234@yahoo.co.jp,090-8488-4643,福岡県福岡市中央区天神3丁目10番4号,福岡市中央区,福岡県,8100025,2023-05-21
2235,伊藤健太,伊藤健太2235@icloud.com,090-9284-9571,京都府京都市中京区烏丸通1丁目12番7号,京都市中京区,京都府,6040039,2024-06-17
2236,山本美穂,山本美穂2236@yahoo.co.jp,090-4158-5206,大阪府大阪市北区梅田1丁目11番3号,大阪市北区,大阪府,5300005,2023-02-08
2237,松本正,松本正2237@yahoo.co.jp,090-5617-3348,東京都渋谷区渋谷1丁目19番4号,渋谷区,東京都,1500030,2023-07-29
2238,田中美咲,田中美咲2238@outlook.com,090-2841-6383,兵庫県神戸市中央区三宮町9丁目30番9号,神戸市中央区,兵庫県,6500013,2024-05-19
2239,井上健太,井上健太2239@yahoo.co.jp,090-4617-7860,神奈川県横浜市中区本町5丁目24番6号,横浜市中区,神奈川県,2310033,2023-09-27
2240,山本健太,山本健太2240@yahoo.co.jp,090-1639-6247,兵庫県神戸市灘区灘南通7丁目21番8号,神戸市灘区,兵庫県,6570027,2024-07-22
2241,池田誠,池田誠2241@example.com,090-6972-7361,埼玉県さいたま市浦和区高砂2丁目19番3号,さいたま市浦和区,埼玉県,3300005,2023-01-25
2242,藤井麻美,藤井麻美2242@example.com,090-8807-6883,愛知県名古屋市西区名駅2丁目9番5号,名古屋市西区,愛知県,4510010,2023-02-21
2243,前田香織,前田香織2243@outlook.com,090-4904-5341,京都府京都市下京区四条通5丁目26番2号,京都市下京区,京都府,6000027,2024-09-15
2244,遠藤一郎,遠藤一郎2244@icloud.com,090-7255-7673,埼玉県さいたま市浦和区高砂8丁目5番5号,さいたま市浦和区,埼玉県,3300012,2023-03-21
2245,伊藤大輔,伊藤大輔2245@outlook.com,090-2094-7988,京都府京都市下京区四条通8丁目21番1号,京都市下京区,京都府,6000027,2024-05-31
2246,加藤達也,加藤達也2246@yahoo.co.jp,090-1261-1977,大阪府大阪市中央区本町5丁目17番7号,大阪市中央区,大阪府,5410015,2024-12-11
2247,鈴木健一,鈴木健一2247@icloud.com,090-8721-2315,東京都渋谷区渋谷1丁目3番9号,渋谷区,東京都,1500014,2024-08-22
2248,山田真由美,山田真由美2248@example.com,090-6173-6473,神奈川県横浜市中区本町3丁目10番5号,横浜市中区,神奈川県,2310040,2023-01-26
2249,池田太郎,池田太郎2249@gmail.com,090-9184-5789,神奈川県横浜市西区みなとみらい9丁目21番10号,横浜市西区,神奈川県,2200013,2023-07-19
2250,橋本麻衣,橋本麻衣2250@icloud.com,090-3490-5993,東京都新宿区新宿10丁目23番5号,新宿区,東京都,1600015,2023-02-18
2251,坂本千佳,坂本千佳2251@icloud.com,090-5373-6118,千葉県千葉市中央区中央10丁目5番6号,千葉市中央区,千葉県,2600010,2024-04-08
2252,鈴木美咲,鈴木美咲2252@outlook.com,090-8428-4249,京都府京都市下京区四条通3丁目8番8号,京都市下京区,京都府,6000019,2024-06-04
2253,吉田恵子,吉田恵子2253@yahoo.co.jp,090-5742-5843,東京都渋谷区渋谷2丁目11番4号,渋谷区,東京都,1500023,2023-03-10
2254,青木由美子,青木由美子2254@icloud.com,090-1658-8131,大阪府大阪市中央区本町5丁目9番8号,大阪市中央区,大阪府,5410001,2023-05-23
2255,松本麻美,松本麻美2255@gmail.com,090-1660-3327,愛知県名古屋市西区名駅8丁目4番9号,名古屋市西区,愛知県,4510018,2024-10-23
2256,山田大輔,山田大輔2256@icloud.com,090-6340-2588,京都府京都市下京区四条通9丁目14番10号,京都市下京区,京都府,6000026,2023-01-05
2257,小林智子,小林智子2257@yahoo.co.jp,090-4637-4067,神奈川県横浜市中区本町9丁目28番3号,横浜市中区,神奈川県,2310003,2023-05-18
2258,鈴木さくら,鈴木さくら2258@example.com,090-9376-4917,京都府京都市下京区四条通5丁目26番1号,京都市下京区,京都府,6000013,2024-08-30
2259,渡辺達也,渡辺達也2259@outlook.com,090-9440-8944,東京都渋谷区渋谷8丁目27番4号,渋谷区,東京都,1500040,2024-05-05
2260,中村智子,中村智子2260@example.com,090-4498-7531,北海道札幌市中央区北1条西6丁目24番4号,札幌市中央区,北海道,0600034,2023-08-26
2261,山本三郎,山本三郎2261@gmail.com,090-6325-3064,埼玉県さいたま市浦和区高砂7丁目3番8号,さいたま市浦和区,埼玉県,3300017,2024-06-07
2262,前田真由美,前田真由美2262@gmail.com,090-8090-2154,大阪府大阪市中央区本町9丁目27番3号,大阪市中央区,大阪府,5410006,2023-10-19
2263,木村健一,木村健一2263@icloud.com,090-5150-8209,愛知県名古屋市西区名駅10丁目14番6号,名古屋市西区,愛知県,4510017,2024-12-19
2264,田中千佳,田中千佳2264@outlook.com,090-1578-1611,東京都千代田区丸の内6丁目9番8号,千代田区,東京都,1000006,2024-12-30
2265,鈴木太郎,鈴木太郎2265@gmail.com,090-6296-4493,埼玉県さいたま市浦和区高砂10丁目12番4号,さいたま市浦和区,埼玉県,3300004,2023-01-31
2266,田中達也,田中達也2266@outlook.com,090-5198-5694,神奈川県横浜市西区みなとみらい9丁目2番10号,横浜市西区,神奈川県,2200023,2024-05-03
2267,鈴木健一,鈴木健一2267@yahoo.co.jp,090-2054-1091,京都府京都市中京区烏丸通10丁目28番7号,京都市中京区,京都府,6040036,2023-08-14
2268,井上美穂,井上美穂2268@gmail.com,090-1086-3365,大阪府大阪市北区梅田9丁目6番3号,大阪市北区,大阪府,5300017,2023-10-17
2269,高橋智子,高橋智子2269@example.com,090-7222-5223,福岡県福岡市中央区天神8丁目22番9号,福岡市中央区,福岡県,8100025,2023-10-08
2270,池田千佳,池田千佳2270@example.com,090-1446-3571,神奈川県横浜市西区みなとみらい9丁目19番6号,横浜市西区,神奈川県,2200012,2024-04-30
2271,森田愛,森田愛2271@yahoo.co.jp,090-7688-9546,千葉県千葉市美浜区美浜5丁目13番3号,千葉市美浜区,千葉県,2610025,2024-09-15
2272,村上愛,村上愛2272@outlook.com,090-2102-7728,北海道札幌市中央区北1条西8丁目15番9号,札幌市中央区,北海道,0600041,2023-03-14
2273,森田優子,森田優子2273@outlook.com,090-1912-2072,埼玉県さいたま市浦和区高砂2丁目16番5号,さいたま市浦和区,埼玉県,3300031,2024-06-15
2274,小林美咲,小林美咲2274@icloud.com,090-5004-3715,東京都千代田区丸の内5丁目26番1号,千代田区,東京都,1000003,2024-09-24
2275,山田剛,山田剛2275@example.com,090-2372-3583,福岡県福岡市博多区博多駅前9丁目24番10号,福岡市博多区,福岡県,8120005,2023-11-26
2276,後藤由美子,後藤由美子2276@icloud.com,090-4845-5564,京都府京都市下京区四条通7丁目23番4号,京都市下京区,京都府,6000009,2024-12-09
2277,長谷川優子,長谷川優子2277@yahoo.co.jp,090-8472-5229,東京都渋谷区渋谷9丁目13番4号,渋谷区,東京都,1500033,2023-09-26
2278,石川麻美,石川麻美2278@gmail.com,090-7840-3037,東京都渋谷区渋谷3丁目4番2号,渋谷区,東京都,1500033,2024-09-05
2279,吉田花子,吉田花子2279@yahoo.co.jp,090-1949-4633,福岡県福岡市中央区天神5丁目16番10号,福岡市中央区,福岡県,8100010,2023-12-13
2280,遠藤正,遠藤正2280@icloud.com,090-7559-4970,京都府京都市中京区烏丸通6丁目3番5号,京都市中京区,京都府,6040027,2024-03-16
2281,後藤真由美,後藤真由美2281@gmail.com,090-2965-6101,兵庫県神戸市中央区三宮町8丁目9番6号,神戸市中央区,兵庫県,6500039,2023-04-26
2282,橋本さくら,橋本さくら2282@example.com,090-8971-1850,大阪府大阪市北区梅田1丁目18番3号,大阪市北区,大阪府,5300004,2024-03-24
2283,高橋次郎,高橋次郎2283@example.com,090-7666-2839,千葉県千葉市中央区中央1丁目13番5号,千葉市中央区,千葉県,2600005,2023-01-25
2284,渡辺千佳,渡辺千佳2284@outlook.com,090-2829-6242,福岡県福岡市博多区博多駅前10丁目18番10号,福岡市博多区,福岡県,8120020,2023-01-14
2285,石川恵子,石川恵子2285@icloud.com,090-7914-4528,東京都千代田区丸の内2丁目2番1号,千代田区,東京都,1000004,2023-08-03
2286,前田美咲,前田美咲2286@example.com,090-5963-9618,北海道札幌市北区北6条西9丁目29番4号,札幌市北区,北海道,0600021,2023-12-13
2287,岡田麻衣,岡田麻衣2287@outlook.com,090-6892-6392,埼玉県さいたま市浦和区高砂8丁目3番7号,さいたま市浦和区,埼玉県,3300002,2024-05-23
2288,吉田優子,吉田優子2288@icloud.com,090-6680-1504,千葉県千葉市美浜区美浜6丁目24番8号,千葉市美浜区,千葉県,2610028,2024-10-06
2289,石川三郎,石川三郎2289@yahoo.co.jp,090-6015-8209,北海道札幌市北区北6条西5丁目12番1号,札幌市北区,北海道,0600002,2024-10-01
2290,村上真由美,村上真由美2290@icloud.com,090-5357-3021,東京都渋谷区渋谷9丁目29番6号,渋谷区,東京都,1500031,2024-09-02
2291,林麻衣,林麻衣2291@gmail.com,090-1709-3602,福岡県福岡市中央区天神2丁目14番6号,福岡市中央区,福岡県,8100002,2024-08-28
2292,渡辺健太,渡辺健太2292@icloud.com,090-1852-8565,京都府京都市下京区四条通1丁目14番1号,京都市下京区,京都府,6000039,2024-04-22
2293,前田麻美,前田麻美2293@yahoo.co.jp,090-1114-9464,福岡県福岡市中央区天神5丁目8番3号,福岡市中央区,福岡県,8100024,2023-10-06
2294,青木亮,青木亮2294@yahoo.co.jp,090-7547-2985,兵庫県神戸市灘区灘南通6丁目12番3号,神戸市灘区,兵庫県,6570028,2024-08-14
2295,斎藤慎一,斎藤慎一2295@icloud.com,090-3643-5956,京都府京都市中京区烏丸通8丁目7番8号,京都市中京区,京都府,6040039,2024-12-15
2296,森田亮,森田亮2296@example.com,090-2149-3392,大阪府大阪市北区梅田2丁目7番10号,大阪市北区,大阪府,5300005,2024-03-29
2297,藤井太郎,藤井太郎2297@yahoo.co.jp,090-3294-4771,埼玉県さいたま市浦和区高砂9丁目23番8号,さいたま市浦和区,埼玉県,3300033,2024-02-08
2298,青木由美,青木由美2298@gmail.com,090-4937-5171,神奈川県横浜市中区本町8丁目26番1号,横浜市中区,神奈川県,2310022,2024-08-09
2299,池田達也,池田達也2299@yahoo.co.jp,090-7680-4570,大阪府大阪市中央区本町6丁目27番2号,大阪市中央区,大阪府,5410017,2024-10-26
2300,吉田剛,吉田剛2300@yahoo.co.jp,090-5035-1329,福岡県福岡市中央区天神4丁目10番10号,福岡市中央区,福岡県,8100008,2024-03-11
2301,坂本香織,坂本香織2301@outlook.com,090-6138-2277,京都府京都市下京区四条通3丁目4番4号,京都市下京区,京都府,6000013,2023-06-11
2302,前田直樹,前田直樹2302@icloud.com,090-4381-4277,千葉県千葉市美浜区美浜9丁目4番1号,千葉市美浜区,千葉県,2610028,2024-07-03
2303,渡辺次郎,渡辺次郎2303@outlook.com,090-5684-7199,福岡県福岡市博多区博多駅前8丁目11番3号,福岡市博多区,福岡県,8120004,2024-08-01
2304,小林次郎,小林次郎2304@outlook.com,090-2467-7537,北海道札幌市中央区北1条西3丁目22番10号,札幌市中央区,北海道,0600037,2023-07-29
2305,橋本千佳,橋本千佳2305@icloud.com,090-1916-3907,京都府京都市中京区烏丸通7丁目23番4号,京都市中京区,京都府,6040005,2023-11-21
2306,松本亮,松本亮2306@outlook.com,090-8274-1776,東京都渋谷区渋谷2丁目19番9号,渋谷区,東京都,1500035,2024-10-09
2307,坂本健太,坂本健太2307@gmail.com,090-5742-5226,東京都渋谷区渋谷2丁目3番8号,渋谷区,東京都,1500028,2023-06-23
2308,池田慎一,池田慎一2308@outlook.com,090-7725-5989,千葉県千葉市美浜区美浜7丁目11番1号,千葉市美浜区,千葉県,2610036,2024-08-07
2309,遠藤一郎,遠藤一郎2309@gmail.com,090-5827-3879,北海道札幌市北区北6条西6丁目23番3号,札幌市北区,北海道,0600016,2024-12-14
2310,森田愛,森田愛2310@outlook.com,090-9514-3949,福岡県福岡市博多区博多駅前7丁目25番7号,福岡市博多区,福岡県,8120018,2023-10-06
2311,前田正,前田正2311@example.com,090-7863-7163,大阪府大阪市中央区本町9丁目19番1号,大阪市中央区,大阪府,5410002,2023-12-17
2312,吉田美香,吉田美香2312@outlook.com,090-9904-6196,東京都千代田区丸の内3丁目11番2号,千代田区,東京都,1000006,2023-04-02
2313,坂本太郎,坂本太郎2313@example.com,090-5575-2624,北海道札幌市北区北6条西3丁目26番9号,札幌市北区,北海道,0600026,2024-01-12
2314,遠藤由美子,遠藤由美子2314@gmail.com,090-7981-6028,大阪府大阪市北区梅田8丁目20番2号,大阪市北区,大阪府,5300008,2024-05-09
2315,井上太郎,井上太郎2315@icloud.com,090-9053-7481,愛知県名古屋市西区名駅10丁目4番1号,名古屋市西区,愛知県,4510007,2024-07-23
2316,森田拓也,森田拓也2316@gmail.com,090-9098-8073,東京都新宿区新宿10丁目30番8号,新宿区,東京都,1600018,2023-05-14
2317,青木千佳,青木千佳2317@outlook.com,090-3436-3048,千葉県千葉市中央区中央2丁目27番4号,千葉市中央区,千葉県,2600002,2024-06-29
2318,岡田健太,岡田健太2318@yahoo.co.jp,090-6624-9922,北海道札幌市北区北6条西9丁目16番3号,札幌市北区,北海道,0600017,2024-05-24
2319,中村美穂,中村美穂2319@gmail.com,090-2574-6871,東京都新宿区新宿3丁目23番7号,新宿区,東京都,1600006,2024-02-15
2320,小林健太,小林健太2320@gmail.com,090-7315-5208,埼玉県さいたま市浦和区高砂6丁目20番4号,さいたま市浦和区,埼玉県,3300001,2024-12-10
2321,藤井達也,藤井達也2321@outlook.com,090-7911-2038,兵庫県神戸市中央区三宮町4丁目17番4号,神戸市中央区,兵庫県,6500012,2023-01-31
2322,石川智子,石川智子2322@gmail.com,090-7322-9003,千葉県千葉市中央区中央10丁目4番1号,千葉市中央区,千葉県,2600025,2023-07-08
2323,伊藤達也,伊藤達也2323@icloud.com,090-8031-2394,東京都千代田区丸の内1丁目13番7号,千代田区,東京都,1000008,2023-12-11
2324,長谷川次郎,長谷川次郎2324@gmail.com,090-6096-6037,東京都千代田区丸の内4丁目12番10号,千代田区,東京都,1000021,2024-08-31
2325,長谷川恵子,長谷川恵子2325@gmail.com,090-5414-6009,神奈川県横浜市西区みなとみらい7丁目10番4号,横浜市西区,神奈川県,2200037,2024-10-10
2326,青木美香,青木美香2326@yahoo.co.jp,090-9980-5265,埼玉県さいたま市浦和区高砂2丁目15番3号,さいたま市浦和区,埼玉県,3300011,2023-10-08
2327,近藤正,近藤正2327@icloud.com,090-1745-9599,神奈川県横浜市西区みなとみらい2丁目26番4号,横浜市西区,神奈川県,2200013,2023-11-02
2328,井上美咲,井上美咲2328@outlook.com,090-3372-3829,大阪府大阪市北区梅田4丁目10番2号,大阪市北区,大阪府,5300017,2023-07-09
2329,木村亮,木村亮2329@outlook.com,090-4415-9007,千葉県千葉市中央区中央10丁目3番8号,千葉市中央区,千葉県,2600021,2023-03-31
2330,井上由美子,井上由美子2330@gmail.com,090-4921-7593,福岡県福岡市博多区博多駅前6丁目2番2号,福岡市博多区,福岡県,8120003,2024-07-05
2331,森田太郎,森田太郎2331@yahoo.co.jp,090-8306-1859,大阪府大阪市北区梅田8丁目2番9号,大阪市北区,大阪府,5300021,2023-09-15
2332,森田亮,森田亮2332@gmail.com,090-3949-6148,京都府京都市中京区烏丸通4丁目17番8号,京都市中京区,京都府,6040041,2024-11-01
2333,高橋剛,高橋剛2333@example.com,090-5723-4449,埼玉県さいたま市浦和区高砂10丁目8番9号,さいたま市浦和区,埼玉県,3300017,2023-07-29
2334,鈴木健一,鈴木健一2334@example.com,090-3057-5826,福岡県福岡市中央区天神4丁目17番6号,福岡市中央区,福岡県,8100031,2023-03-16
2335,橋本亮,橋本亮2335@example.com,090-7378-6731,京都府京都市中京区烏丸通1丁目20番8号,京都市中京区,京都府,6040008,2024-07-12
2336,藤原太郎,藤原太郎2336@outlook.com,090-5704-7996,大阪府大阪市北区梅田9丁目28番8号,大阪市北区,大阪府,5300001,2024-05-01
2337,青木千佳,青木千佳2337@example.com,090-9408-7235,兵庫県神戸市中央区三宮町6丁目21番5号,神戸市中央区,兵庫県,6500039,2023-02-18
2338,山本達也,山本達也2338@outlook.com,090-3981-7044,千葉県千葉市中央区中央6丁目30番2号,千葉市中央区,千葉県,2600022,2024-07-18
2339,長谷川雄一,長谷川雄一2339@yahoo.co.jp,090-2061-5298,兵庫県神戸市灘区灘南通9丁目24番4号,神戸市灘区,兵庫県,6570013,2023-06-17
2340,伊藤健一,伊藤健一2340@gmail.com,090-1784-7506,神奈川県横浜市中区本町6丁目27番7号,横浜市中区,神奈川県,2310041,2024-01-16
2341,高橋翔太,高橋翔太2341@yahoo.co.jp,090-2847-6623,大阪府大阪市中央区本町6丁目30番5号,大阪市中央区,大阪府,5410020,2024-06-15
2342,村上雄一,村上雄一2342@example.com,090-3906-2823,東京都渋谷区渋谷3丁目15番3号,渋谷区,東京都,1500015,2024-02-06
2343,木村麻衣,木村麻衣2343@outlook.com,090-3529-8423,大阪府大阪市北区梅田6丁目7番7号,大阪市北区,大阪府,5300011,2024-10-17
2344,田中麻美,田中麻美2344@yahoo.co.jp,090-4009-7617,東京都渋谷区渋谷10丁目3番6号,渋谷区,東京都,1500018,2024-10-01
2345,岡田智子,岡田智子2345@outlook.com,090-3158-6171,神奈川県横浜市中区本町4丁目26番6号,横浜市中区,神奈川県,2310003,2024-12-18
2346,藤井拓也,藤井拓也2346@gmail.com,090-5905-2730,神奈川県横浜市西区みなとみらい5丁目14番7号,横浜市西区,神奈川県,2200024,2024-09-11
2347,岡田愛,岡田愛2347@yahoo.co.jp,090-7222-2217,大阪府大阪市北区梅田3丁目8番4号,大阪市北区,大阪府,5300018,2023-03-11
2348,木村美穂,木村美穂2348@gmail.com,090-4874-6283,兵庫県神戸市中央区三宮町1丁目11番6号,神戸市中央区,兵庫県,6500032,2024-11-07
2349,高橋由美,高橋由美2349@yahoo.co.jp,090-2725-2731,愛知県名古屋市西区名駅1丁目30番5号,名古屋市西区,愛知県,4510034,2023-12-17
2350,石川正,石川正2350@example.com,090-4086-8149,兵庫県神戸市灘区灘南通9丁目2番3号,神戸市灘区,兵庫県,6570004,2023-09-07
2351,斎藤達也,斎藤達也2351@example.com,090-3526-6167,北海道札幌市北区北6条西4丁目3番8号,札幌市北区,北海道,0600004,2024-11-02
2352,坂本直樹,坂本直樹2352@icloud.com,090-4216-7678,東京都渋谷区渋谷2丁目3番10号,渋谷区,東京都,1500009,2024-06-19
2353,近藤翔太,近藤翔太2353@icloud.com,090-9032-1611,埼玉県さいたま市大宮区大宮4丁目9番3号,さいたま市大宮区,埼玉県,3300007,2023-12-13
2354,斎藤三郎,斎藤三郎2354@gmail.com,090-1573-2007,埼玉県さいたま市大宮区大宮5丁目9番10号,さいたま市大宮区,埼玉県,3300035,2024-03-03
2355,長谷川直樹,長谷川直樹2355@example.com,090-6548-3735,神奈川県横浜市中区本町8丁目29番3号,横浜市中区,神奈川県,2310037,2024-07-26
2356,池田花子,池田花子2356@outlook.com,090-9771-1606,兵庫県神戸市灘区灘南通8丁目14番10号,神戸市灘区,兵庫県,6570005,2023-08-03
2357,岡田香織,岡田香織2357@yahoo.co.jp,090-5990-4921,大阪府大阪市中央区本町8丁目16番7号,大阪市中央区,大阪府,5410008,2023-07-12
2358,藤原拓也,藤原拓也2358@yahoo.co.jp,090-6584-3654,福岡県福岡市中央区天神1丁目25番6号,福岡市中央区,福岡県,8100018,2023-05-17
2359,青木智子,青木智子2359@gmail.com,090-5337-6197,神奈川県横浜市中区本町8丁目24番9号,横浜市中区,神奈川県,2310015,2024-02-03
2360,伊藤次郎,伊藤次郎2360@yahoo.co.jp,090-9657-5192,埼玉県さいたま市浦和区高砂10丁目23番9号,さいたま市浦和区,埼玉県,3300016,2023-03-01
2361,青木真由美,青木真由美2361@icloud.com,090-5608-9357,東京都新宿区新宿1丁目6番5号,新宿区,東京都,1600005,2023-11-17
2362,森田一郎,森田一郎2362@icloud.com,090-1725-2742,千葉県千葉市美浜区美浜1丁目18番6号,千葉市美浜区,千葉県,2610031,2023-06-11
2363,長谷川一郎,長谷川一郎2363@yahoo.co.jp,090-1492-4777,福岡県福岡市中央区天神2丁目6番6号,福岡市中央区,福岡県,8100033,2024-04-26
2364,松本直樹,松本直樹2364@outlook.com,090-3642-8172,京都府京都市中京区烏丸通4丁目25番1号,京都市中京区,京都府,6040014,2023-07-14
2365,池田愛,池田愛2365@outlook.com,090-8067-1211,兵庫県神戸市中央区三宮町10丁目29番6号,神戸市中央区,兵庫県,6500015,2023-01-16
2366,伊藤次郎,伊藤次郎2366@icloud.com,090-6244-3232,神奈川県横浜市中区本町8丁目21番4号,横浜市中区,神奈川県,2310030,2024-10-27
2367,後藤達也,後藤達也2367@gmail.com,090-7694-1353,東京都千代田区丸の内8丁目27番3号,千代田区,東京都,1000005,2023-03-09
2368,岡田智子,岡田智子2368@yahoo.co.jp,090-3525-7832,埼玉県さいたま市浦和区高砂3丁目10番5号,さいたま市浦和区,埼玉県,3300039,2023-09-01
2369,石川美穂,石川美穂2369@outlook.com,090-5574-6932,東京都千代田区丸の内3丁目24番4号,千代田区,東京都,1000015,2024-05-13
2370,岡田美咲,岡田美咲2370@gmail.com,090-7831-6594,大阪府大阪市中央区本町8丁目28番4号,大阪市中央区,大阪府,5410028,2023-01-08
2371,岡田麻衣,岡田麻衣2371@gmail.com,090-1096-5061,埼玉県さいたま市大宮区大宮3丁目8番5号,さいたま市大宮区,埼玉県,3300015,2023-11-11
2372,佐藤優子,佐藤優子2372@icloud.com,090-2398-4671,福岡県福岡市博多区博多駅前10丁目18番7号,福岡市博多区,福岡県,8120013,2024-11-03
2373,村上麻美,村上麻美2373@icloud.com,090-4454-2150,愛知県名古屋市中区錦6丁目8番7号,名古屋市中区,愛知県,4600008,2024-07-23
2374,長谷川三郎,長谷川三郎2374@example.com,090-7144-2247,京都府京都市下京区四条通4丁目28番10号,京都市下京区,京都府,6000039,2024-02-26
2375,藤原由美子,藤原由美子2375@yahoo.co.jp,090-8644-5916,神奈川県横浜市西区みなとみらい6丁目26番9号,横浜市西区,神奈川県,2200004,2024-11-19
2376,山本麻美,山本麻美2376@yahoo.co.jp,090-7791-7538,兵庫県神戸市中央区三宮町4丁目26番4号,神戸市中央区,兵庫県,6500034,2024-12-05
2377,後藤翔太,後藤翔太2377@icloud.com,090-3153-5786,神奈川県横浜市西区みなとみらい8丁目6番3号,横浜市西区,神奈川県,2200008,2024-10-06
2378,青木恵子,青木恵子2378@outlook.com,090-2413-9573,千葉県千葉市美浜区美浜3丁目23番2号,千葉市美浜区,千葉県,2610037,2023-12-07
2379,小林雄一,小林雄一2379@icloud.com,090-2709-8921,千葉県千葉市中央区中央9丁目15番10号,千葉市中央区,千葉県,2600011,2024-05-17
2380,井上優子,井上優子2380@outlook.com,090-1322-7176,愛知県名古屋市西区名駅3丁目25番3号,名古屋市西区,愛知県,4510012,2024-04-28
2381,近藤真由美,近藤真由美2381@yahoo.co.jp,090-2410-9726,神奈川県横浜市西区みなとみらい1丁目5番10号,横浜市西区,神奈川県,2200011,2024-06-08
2382,木村さくら,木村さくら2382@outlook.com,090-8604-1491,千葉県千葉市美浜区美浜6丁目27番1号,千葉市美浜区,千葉県,2610006,2023-04-18
2383,藤井正,藤井正2383@outlook.com,090-4427-9255,京都府京都市中京区烏丸通5丁目10番8号,京都市中京区,京都府,6040023,2023-03-10
2384,近藤優子,近藤優子2384@gmail.com,090-8349-3024,千葉県千葉市美浜区美浜5丁目9番6号,千葉市美浜区,千葉県,2610016,2023-11-04
2385,岡田真由美,岡田真由美2385@yahoo.co.jp,090-2608-5540,北海道札幌市中央区北1条西3丁目1番4号,札幌市中央区,北海道,0600018,2024-08-27
2386,坂本太郎,坂本太郎2386@example.com,090-8410-6478,福岡県福岡市中央区天神4丁目12番5号,福岡市中央区,福岡県,8100034,2024-07-27
2387,近藤雄一,近藤雄一2387@yahoo.co.jp,090-9724-1942,愛知県名古屋市西区名駅9丁目8番8号,名古屋市西区,愛知県,4510027,2024-12-28
2388,山田健太,山田健太2388@yahoo.co.jp,090-4673-3437,愛知県名古屋市西区名駅2丁目6番9号,名古屋市西区,愛知県,4510010,2023-03-07
2389,高橋亮,高橋亮2389@example.com,090-6895-5308,北海道札幌市北区北6条西7丁目16番9号,札幌市北区,北海道,0600027,2024-11-09
2390,木村花子,木村花子2390@outlook.com,090-4820-8689,北海道札幌市中央区北1条西8丁目23番4号,札幌市中央区,北海道,0600037,2023-05-04
2391,藤井愛,藤井愛2391@gmail.com,090-4741-2056,北海道札幌市北区北6条西3丁目7番2号,札幌市北区,北海道,0600007,2024-04-19
2392,林さくら,林さくら2392@outlook.com,090-7203-7362,神奈川県横浜市西区みなとみらい8丁目17番9号,横浜市西区,神奈川県,2200038,2024-06-26
2393,池田剛,池田剛2393@icloud.com,090-8996-5513,神奈川県横浜市西区みなとみらい6丁目21番9号,横浜市西区,神奈川県,2200016,2024-02-27
2394,鈴木真由美,鈴木真由美2394@outlook.com,090-5260-7632,東京都千代田区丸の内5丁目19番1号,千代田区,東京都,1000008,2024-11-01
2395,遠藤恵子,遠藤恵子2395@icloud.com,090-4437-8622,東京都渋谷区渋谷4丁目27番8号,渋谷区,東京都,1500025,2023-08-19
2396,森田恵子,森田恵子2396@outlook.com,090-2440-5521,福岡県福岡市博多区博多駅前1丁目20番8号,福岡市博多区,福岡県,8120010,2024-04-20
2397,吉田拓也,吉田拓也2397@icloud.com,090-3201-4213,千葉県千葉市美浜区美浜6丁目12番2号,千葉市美浜区,千葉県,2610041,2023-02-28
2398,渡辺慎一,渡辺慎一2398@example.com,090-2066-8344,大阪府大阪市北区梅田1丁目27番9号,大阪市北区,大阪府,5300019,2023-07-05
2399,池田由美,池田由美2399@example.com,090-3172-8700,埼玉県さいたま市浦和区高砂2丁目23番9号,さいたま市浦和区,埼玉県,3300013,2023-09-29
2400,橋本恵子,橋本恵子2400@yahoo.co.jp,090-9167-8401,埼玉県さいたま市浦和区高砂10丁目11番9号,さいたま市浦和区,埼玉県,3300024,2023-11-03
2401,渡辺美咲,渡辺美咲2401@icloud.com,090-1263-1739,福岡県福岡市中央区天神3丁目24番2号,福岡市中央区,福岡県,8100035,2024-10-04
2402,田中拓也,田中拓也2402@yahoo.co.jp,090-7819-7951,千葉県千葉市中央区中央5丁目5番7号,千葉市中央区,千葉県,2600019,2023-05-02
2403,渡辺智子,渡辺智子2403@icloud.com,090-6543-6027,千葉県千葉市中央区中央5丁目16番6号,千葉市中央区,千葉県,2600039,2023-11-06
2404,伊藤由美子,伊藤由美子2404@gmail.com,090-3393-2727,愛知県名古屋市西区名駅3丁目3番5号,名古屋市西区,愛知県,4510015,2023-07-13
2405,村上美咲,村上美咲2405@example.com,090-1185-1084,東京都新宿区新宿6丁目26番9号,新宿区,東京都,1600011,2024-12-22
2406,斎藤慎一,斎藤慎一2406@icloud.com,090-8267-4693,千葉県千葉市美浜区美浜3丁目25番6号,千葉市美浜区,千葉県,2610040,2024-02-29
2407,近藤雄一,近藤雄一2407@outlook.com,090-9764-8011,東京都渋谷区渋谷7丁目21番8号,渋谷区,東京都,1500031,2024-12-22
2408,岡田達也,岡田達也2408@outlook.com,090-6005-6978,大阪府大阪市中央区本町7丁目21番3号,大阪市中央区,大阪府,5410024,2023-07-28
2409,岡田太郎,岡田太郎2409@outlook.com,090-8308-2780,愛知県名古屋市中区錦2丁目11番1号,名古屋市中区,愛知県,4600001,2023-08-28
2410,長谷川美穂,長谷川美穂2410@outlook.com,090-6133-3159,福岡県福岡市博多区博多駅前8丁目14番3号,福岡市博多区,福岡県,8120008,2024-01-19
2411,中村麻衣,中村麻衣2411@example.com,090-5532-6505,兵庫県神戸市中央区三宮町6丁目13番2号,神戸市中央区,兵庫県,6500023,2023-05-25
2412,中村正,中村正2412@yahoo.co.jp,090-9421-1213,大阪府大阪市中央区本町7丁目30番2号,大阪市中央区,大阪府,5410039,2023-11-13
2413,藤原慎一,藤原慎一2413@gmail.com,090-4682-7285,埼玉県さいたま市大宮区大宮3丁目25番1号,さいたま市大宮区,埼玉県,3300021,2024-03-23
2414,村上優子,村上優子2414@icloud.com,090-1276-4515,埼玉県さいたま市大宮区大宮9丁目9番2号,さいたま市大宮区,埼玉県,3300008,2024-10-23
2415,高橋由美子,高橋由美子2415@gmail.com,090-7657-1860,北海道札幌市中央区北1条西4丁目27番9号,札幌市中央区,北海道,0600038,2024-05-11
2416,林直樹,林直樹2416@yahoo.co.jp,090-9001-9917,兵庫県神戸市中央区三宮町2丁目5番5号,神戸市中央区,兵庫県,6500037,2024-05-15
2417,橋本千佳,橋本千佳2417@yahoo.co.jp,090-5655-4563,東京都渋谷区渋谷5丁目17番3号,渋谷区,東京都,1500030,2024-07-02
2418,佐藤翔太,佐藤翔太2418@icloud.com,090-4296-8139,京都府京都市下京区四条通8丁目14番10号,京都市下京区,京都府,6000014,2024-10-01
2419,林千佳,林千佳2419@outlook.com,090-8809-7575,北海道札幌市中央区北1条西2丁目24番9号,札幌市中央区,北海道,0600026,2024-12-28
2420,鈴木和也,鈴木和也2420@example.com,090-1022-6511,北海道札幌市北区北6条西4丁目14番1号,札幌市北区,北海道,0600018,2024-05-15
2421,藤原直樹,藤原直樹2421@outlook.com,090-8305-1784,愛知県名古屋市西区名駅4丁目11番2号,名古屋市西区,愛知県,4510005,2024-04-22
2422,佐藤健太,佐藤健太2422@yahoo.co.jp,090-2833-5119,大阪府大阪市中央区本町10丁目20番10号,大阪市中央区,大阪府,5410016,2023-03-01
2423,藤井花子,藤井花子2423@outlook.com,090-7467-5027,千葉県千葉市中央区中央5丁目20番9号,千葉市中央区,千葉県,2600018,2023-02-14
2424,林次郎,林次郎2424@example.com,090-3842-5977,千葉県千葉市中央区中央5丁目26番4号,千葉市中央区,千葉県,2600021,2023-04-17
2425,池田正,池田正2425@gmail.com,090-7576-1327,東京都渋谷区渋谷3丁目16番10号,渋谷区,東京都,1500030,2024-04-06
2426,森田美穂,森田美穂2426@gmail.com,090-3731-6519,埼玉県さいたま市大宮区大宮7丁目20番8号,さいたま市大宮区,埼玉県,3300017,2023-09-17
2427,藤井花子,藤井花子2427@yahoo.co.jp,090-8404-2163,千葉県千葉市中央区中央1丁目12番8号,千葉市中央区,千葉県,2600033,2024-01-16
2428,近藤直樹,近藤直樹2428@yahoo.co.jp,090-4671-4848,埼玉県さいたま市浦和区高砂3丁目24番9号,さいたま市浦和区,埼玉県,3300005,2024-11-15
2429,橋本さくら,橋本さくら2429@yahoo.co.jp,090-1556-6085,東京都新宿区新宿8丁目11番10号,新宿区,東京都,1600001,2023-05-13
2430,石川三郎,石川三郎2430@icloud.com,090-7376-1567,福岡県福岡市博多区博多駅前4丁目16番3号,福岡市博多区,福岡県,8120001,2024-02-14
2431,小林大輔,小林大輔2431@yahoo.co.jp,090-5562-5160,福岡県福岡市博多区博多駅前6丁目6番2号,福岡市博多区,福岡県,8120002,2024-03-26
2432,岡田恵子,岡田恵子2432@example.com,090-6913-8303,北海道札幌市北区北6条西2丁目21番3号,札幌市北区,北海道,0600027,2023-07-24
2433,藤原由美子,藤原由美子2433@gmail.com,090-6907-2768,神奈川県横浜市中区本町6丁目3番5号,横浜市中区,神奈川県,2310035,2023-10-19
2434,前田達也,前田達也2434@yahoo.co.jp,090-9162-5537,千葉県千葉市中央区中央7丁目12番7号,千葉市中央区,千葉県,2600021,2023-11-10
2435,岡田慎一,岡田慎一2435@icloud.com,090-4211-6113,東京都千代田区丸の内8丁目18番6号,千代田区,東京都,1000009,2024-05-28
2436,斎藤愛,斎藤愛2436@outlook.com,090-6114-8384,愛知県名古屋市中区錦5丁目29番9号,名古屋市中区,愛知県,4600002,2023-04-04
2437,渡辺達也,渡辺達也2437@icloud.com,090-9432-5165,愛知県名古屋市西区名駅2丁目2番9号,名古屋市西区,愛知県,4510025,2023-11-17
2438,藤原慎一,藤原慎一2438@outlook.com,090-6038-6091,北海道札幌市中央区北1条西6丁目24番6号,札幌市中央区,北海道,0600007,2023-10-06
2439,青木拓也,青木拓也2439@yahoo.co.jp,090-8672-3515,東京都新宿区新宿9丁目7番6号,新宿区,東京都,1600013,2024-01-05
2440,佐藤一郎,佐藤一郎2440@yahoo.co.jp,090-6876-6880,東京都渋谷区渋谷4丁目27番7号,渋谷区,東京都,1500026,2024-08-08
2441,藤井剛,藤井剛2441@example.com,090-9981-3465,千葉県千葉市中央区中央10丁目24番5号,千葉市中央区,千葉県,2600021,2023-10-01
2442,岡田健一,岡田健一2442@outlook.com,090-7941-5451,千葉県千葉市中央区中央3丁目2番4号,千葉市中央区,千葉県,2600029,2024-03-29
2443,藤原さくら,藤原さくら2443@icloud.com,090-3295-1205,北海道札幌市中央区北1条西2丁目2番8号,札幌市中央区,北海道,0600019,2023-08-10
2444,村上麻美,村上麻美2444@gmail.com,090-6771-9198,愛知県名古屋市中区錦1丁目13番8号,名古屋市中区,愛知県,4600008,2024-07-15
2445,青木翔太,青木翔太2445@example.com,090-7768-7454,東京都渋谷区渋谷5丁目16番9号,渋谷区,東京都,1500028,2024-09-03
2446,青木達也,青木達也2446@example.com,090-1157-4682,北海道札幌市北区北6条西6丁目24番9号,札幌市北区,北海道,0600033,2024-12-28
2447,後藤健一,後藤健一2447@example.com,090-1895-2148,神奈川県横浜市西区みなとみらい1丁目11番3号,横浜市西区,神奈川県,2200019,2023-04-16
2448,村上愛,村上愛2448@icloud.com,090-1111-9727,福岡県福岡市中央区天神5丁目21番2号,福岡市中央区,福岡県,8100033,2024-11-08
2449,坂本和也,坂本和也2449@gmail.com,090-3109-6376,大阪府大阪市北区梅田8丁目1番4号,大阪市北区,大阪府,5300015,2024-11-10
2450,伊藤恵子,伊藤恵子2450@example.com,090-4537-8529,大阪府大阪市北区梅田3丁目20番9号,大阪市北区,大阪府,5300006,2023-09-22
2451,藤井優子,藤井優子2451@gmail.com,090-2558-9715,北海道札幌市中央区北1条西1丁目20番3号,札幌市中央区,北海道,0600039,2023-02-24
2452,斎藤慎一,斎藤慎一2452@example.com,090-7842-9453,大阪府大阪市北区梅田5丁目20番1号,大阪市北区,大阪府,5300008,2023-03-11
2453,井上一郎,井上一郎2453@outlook.com,090-1644-4939,兵庫県神戸市中央区三宮町9丁目14番6号,神戸市中央区,兵庫県,6500024,2023-10-08
2454,坂本優子,坂本優子2454@icloud.com,090-2007-1474,京都府京都市中京区烏丸通7丁目26番6号,京都市中京区,京都府,6040029,2024-09-15
2455,木村由美,木村由美2455@example.com,090-3033-6121,東京都渋谷区渋谷6丁目17番7号,渋谷区,東京都,1500033,2023-07-07
2456,坂本麻衣,坂本麻衣2456@example.com,090-4834-2854,東京都千代田区丸の内9丁目29番2号,千代田区,東京都,1000019,2023-12-06
2457,田中誠,田中誠2457@outlook.com,090-7659-5750,福岡県福岡市博多区博多駅前4丁目21番8号,福岡市博多区,福岡県,8120016,2023-02-03
2458,鈴木次郎,鈴木次郎2458@example.com,090-5395-6249,東京都千代田区丸の内3丁目15番4号,千代田区,東京都,1000016,2023-10-10
2459,松本美咲,松本美咲2459@icloud.com,090-1455-8866,東京都千代田区丸の内7丁目29番3号,千代田区,東京都,1000011,2023-11-08
2460,石川和也,石川和也2460@yahoo.co.jp,090-6926-4767,大阪府大阪市北区梅田9丁目13番8号,大阪市北区,大阪府,5300005,2023-07-20
2461,渡辺美香,渡辺美香2461@yahoo.co.jp,090-9873-1182,京都府京都市中京区烏丸通1丁目25番3号,京都市中京区,京都府,6040018,2024-10-01
2462,鈴木雄一,鈴木雄一2462@yahoo.co.jp,090-2844-3221,東京都渋谷区渋谷3丁目28番4号,渋谷区,東京都,1500011,2023-10-20
2463,加藤次郎,加藤次郎2463@outlook.com,090-7868-8321,千葉県千葉市美浜区美浜10丁目20番9号,千葉市美浜区,千葉県,2610035,2024-04-02
2464,小林雄一,小林雄一2464@yahoo.co.jp,090-2863-2998,埼玉県さいたま市大宮区大宮5丁目20番1号,さいたま市大宮区,埼玉県,3300015,2024-10-05
2465,藤井亮,藤井亮2465@gmail.com,090-9683-4352,福岡県福岡市中央区天神5丁目17番9号,福岡市中央区,福岡県,8100027,2024-05-11
2466,青木健太,青木健太2466@example.com,090-3452-8780,愛知県名古屋市西区名駅3丁目29番9号,名古屋市西区,愛知県,4510018,2024-09-28
2467,藤原誠,藤原誠2467@outlook.com,090-2227-4247,北海道札幌市北区北6条西9丁目27番7号,札幌市北区,北海道,0600024,2023-08-01
2468,井上美咲,井上美咲2468@gmail.com,090-7529-9297,神奈川県横浜市西区みなとみらい8丁目14番1号,横浜市西区,神奈川県,2200009,2024-07-27
2469,森田慎一,森田慎一2469@outlook.com,090-3477-3650,愛知県名古屋市西区名駅3丁目3番5号,名古屋市西区,愛知県,4510028,2023-05-21
2470,山本由美,山本由美2470@gmail.com,090-6637-5818,愛知県名古屋市西区名駅8丁目9番7号,名古屋市西区,愛知県,4510028,2024-03-24
2471,山本和也,山本和也2471@example.com,090-3062-7955,北海道札幌市北区北6条西7丁目8番1号,札幌市北区,北海道,0600001,2023-07-17
2472,近藤大輔,近藤大輔2472@icloud.com,090-4583-4847,北海道札幌市中央区北1条西9丁目21番9号,札幌市中央区,北海道,0600028,2024-09-30
2473,長谷川一郎,長谷川一郎2473@gmail.com,090-9139-2114,兵庫県神戸市灘区灘南通9丁目27番1号,神戸市灘区,兵庫県,6570005,2023-07-21
2474,後藤直樹,後藤直樹2474@outlook.com,090-2419-2669,千葉県千葉市美浜区美浜6丁目22番5号,千葉市美浜区,千葉県,2610036,2024-11-13
2475,村上美香,村上美香2475@icloud.com,090-4080-9786,北海道札幌市中央区北1条西4丁目27番10号,札幌市中央区,北海道,0600037,2023-12-07
2476,鈴木拓也,鈴木拓也2476@outlook.com,090-6496-1780,京都府京都市下京区四条通8丁目9番8号,京都市下京区,京都府,6000028,2024-06-16
2477,井上直樹,井上直樹2477@example.com,090-9870-6928,神奈川県横浜市西区みなとみらい9丁目7番4号,横浜市西区,神奈川県,2200019,2023-12-30
2478,林香織,林香織2478@icloud.com,090-8216-6336,埼玉県さいたま市浦和区高砂1丁目5番3号,さいたま市浦和区,埼玉県,3300004,2024-07-14
2479,井上誠,井上誠2479@icloud.com,090-7271-3294,京都府京都市中京区烏丸通9丁目6番4号,京都市中京区,京都府,6040039,2024-04-22
2480,長谷川由美,長谷川由美2480@yahoo.co.jp,090-1347-2588,埼玉県さいたま市浦和区高砂2丁目21番7号,さいたま市浦和区,埼玉県,3300031,2023-07-24
2481,伊藤次郎,伊藤次郎2481@example.com,090-6224-4246,東京都千代田区丸の内7丁目30番4号,千代田区,東京都,1000021,2024-12-27
2482,小林一郎,小林一郎2482@gmail.com,090-9070-1985,福岡県福岡市中央区天神3丁目2番4号,福岡市中央区,福岡県,8100036,2024-11-10
2483,井上千佳,井上千佳2483@example.com,090-2133-8019,神奈川県横浜市中区本町3丁目11番5号,横浜市中区,神奈川県,2310006,2024-01-03
2484,吉田正,吉田正2484@icloud.com,090-2374-2558,埼玉県さいたま市大宮区大宮9丁目5番3号,さいたま市大宮区,埼玉県,3300039,2023-11-18
2485,斎藤翔太,斎藤翔太2485@yahoo.co.jp,090-2335-5080,兵庫県神戸市灘区灘南通10丁目17番5号,神戸市灘区,兵庫県,6570032,2023-10-03
2486,山田大輔,山田大輔2486@icloud.com,090-7083-9295,愛知県名古屋市西区名駅7丁目17番8号,名古屋市西区,愛知県,4510006,2023-02-27
2487,松本雄一,松本雄一2487@gmail.com,090-9897-3251,大阪府大阪市中央区本町4丁目4番9号,大阪市中央区,大阪府,5410011,2023-02-10
2488,山本由美子,山本由美子2488@yahoo.co.jp,090-1272-8718,埼玉県さいたま市大宮区大宮3丁目14番10号,さいたま市大宮区,埼玉県,3300029,2024-06-02
2489,石川直樹,石川直樹2489@outlook.com,090-3378-5931,福岡県福岡市博多区博多駅前1丁目29番6号,福岡市博多区,福岡県,8120012,2024-11-19
2490,高橋美咲,高橋美咲2490@yahoo.co.jp,090-6069-6784,北海道札幌市北区北6条西4丁目12番8号,札幌市北区,北海道,0600014,2024-01-01
2491,池田正,池田正2491@gmail.com,090-1906-5768,千葉県千葉市美浜区美浜2丁目1番1号,千葉市美浜区,千葉県,2610027,2023-02-15
2492,松本麻衣,松本麻衣2492@icloud.com,090-9008-1746,京都府京都市下京区四条通9丁目13番3号,京都市下京区,京都府,6000026,2024-02-19
2493,遠藤さくら,遠藤さくら2493@example.com,090-1734-2421,福岡県福岡市博多区博多駅前7丁目2番2号,福岡市博多区,福岡県,8120012,2024-03-30
2494,高橋三郎,高橋三郎2494@outlook.com,090-3941-9363,千葉県千葉市美浜区美浜10丁目14番5号,千葉市美浜区,千葉県,2610032,2023-12-27
2495,松本真由美,松本真由美2495@gmail.com,090-4247-7071,東京都新宿区新宿6丁目12番2号,新宿区,東京都,1600011,2024-10-11
2496,伊藤健太,伊藤健太2496@icloud.com,090-6636-3510,兵庫県神戸市灘区灘南通4丁目7番2号,神戸市灘区,兵庫県,6570039,2023-01-02
2497,中村誠,中村誠2497@outlook.com,090-6042-9857,兵庫県神戸市中央区三宮町10丁目15番8号,神戸市中央区,兵庫県,6500004,2024-05-30
2498,遠藤大輔,遠藤大輔2498@outlook.com,090-8756-9765,京都府京都市中京区烏丸通1丁目8番5号,京都市中京区,京都府,6040041,2023-01-18
2499,松本さくら,松本さくら2499@outlook.com,090-3026-2501,京都府京都市下京区四条通3丁目16番8号,京都市下京区,京都府,6000006,2024-11-06
2500,山本麻衣,山本麻衣2500@gmail.com,090-4907-9011,東京都千代田区丸の内6丁目5番8号,千代田区,東京都,1000004,2024-12-03
2501,山田由美,山田由美2501@example.com,090-9923-9138,北海道札幌市北区北6条西1丁目3番6号,札幌市北区,北海道,0600013,2023-07-29
2502,松本雄一,松本雄一2502@gmail.com,090-1373-1943,大阪府大阪市北区梅田4丁目7番9号,大阪市北区,大阪府,5300008,2024-08-02
2503,吉田美咲,吉田美咲2503@outlook.com,090-6918-2142,埼玉県さいたま市大宮区大宮4丁目9番5号,さいたま市大宮区,埼玉県,3300036,2023-10-18
2504,橋本麻美,橋本麻美2504@icloud.com,090-4064-4336,愛知県名古屋市西区名駅1丁目15番2号,名古屋市西区,愛知県,4510032,2024-11-25
2505,小林健太,小林健太2505@yahoo.co.jp,090-3969-2408,大阪府大阪市北区梅田2丁目20番6号,大阪市北区,大阪府,5300017,2023-01-19
2506,前田由美子,前田由美子2506@example.com,090-9359-1547,千葉県千葉市美浜区美浜3丁目5番5号,千葉市美浜区,千葉県,2610002,2023-08-28
2507,遠藤誠,遠藤誠2507@yahoo.co.jp,090-8040-1214,愛知県名古屋市中区錦8丁目9番6号,名古屋市中区,愛知県,4600001,2023-01-03
2508,小林美香,小林美香2508@outlook.com,090-9095-7299,兵庫県神戸市中央区三宮町5丁目17番4号,神戸市中央区,兵庫県,6500024,2023-12-14
2509,吉田太郎,吉田太郎2509@yahoo.co.jp,090-7500-4340,京都府京都市中京区烏丸通1丁目30番2号,京都市中京区,京都府,6040012,2024-06-20
2510,藤井太郎,藤井太郎2510@gmail.com,090-9394-1832,東京都千代田区丸の内1丁目6番4号,千代田区,東京都,1000004,2023-11-03
2511,前田麻美,前田麻美2511@example.com,090-7623-4319,東京都渋谷区渋谷3丁目13番5号,渋谷区,東京都,1500038,2024-10-09
2512,長谷川真由美,長谷川真由美2512@example.com,090-3167-2784,福岡県福岡市博多区博多駅前2丁目26番8号,福岡市博多区,福岡県,8120017,2023-03-30
2513,小林愛,小林愛2513@icloud.com,090-5585-1553,福岡県福岡市博多区博多駅前2丁目15番10号,福岡市博多区,福岡県,8120021,2024-09-08
2514,後藤由美,後藤由美2514@icloud.com,090-5501-8249,埼玉県さいたま市大宮区大宮2丁目3番10号,さいたま市大宮区,埼玉県,3300036,2023-07-12
2515,中村健太,中村健太2515@outlook.com,090-5564-8425,北海道札幌市中央区北1条西4丁目8番7号,札幌市中央区,北海道,0600031,2023-09-29
2516,木村花子,木村花子2516@example.com,090-6697-9094,愛知県名古屋市中区錦5丁目21番5号,名古屋市中区,愛知県,4600008,2023-06-28
2517,橋本智子,橋本智子2517@example.com,090-7064-4201,大阪府大阪市北区梅田1丁目13番10号,大阪市北区,大阪府,5300017,2023-03-11
2518,木村翔太,木村翔太2518@icloud.com,090-5946-2548,京都府京都市中京区烏丸通4丁目8番8号,京都市中京区,京都府,6040023,2024-12-27
2519,近藤花子,近藤花子2519@icloud.com,090-7836-5661,京都府京都市下京区四条通1丁目20番9号,京都市下京区,京都府,6000031,2024-04-15
2520,佐藤香織,佐藤香織2520@outlook.com,090-6287-7065,神奈川県横浜市西区みなとみらい7丁目22番5号,横浜市西区,神奈川県,2200015,2023-09-17
2521,村上美咲,村上美咲2521@yahoo.co.jp,090-9936-6355,京都府京都市下京区四条通6丁目16番10号,京都市下京区,京都府,6000014,2023-07-24
2522,山本由美,山本由美2522@gmail.com,090-8261-2205,大阪府大阪市北区梅田4丁目19番9号,大阪市北区,大阪府,5300016,2024-07-10
2523,藤原花子,藤原花子2523@icloud.com,090-4486-2534,大阪府大阪市北区梅田5丁目28番8号,大阪市北区,大阪府,5300016,2024-04-17
2524,中村翔太,中村翔太2524@example.com,090-6998-1609,京都府京都市中京区烏丸通2丁目25番2号,京都市中京区,京都府,6040023,2024-08-02
2525,渡辺美咲,渡辺美咲2525@yahoo.co.jp,090-4040-7390,大阪府大阪市中央区本町1丁目21番2号,大阪市中央区,大阪府,5410019,2024-11-09
2526,池田優子,池田優子2526@icloud.com,090-3767-9951,東京都新宿区新宿9丁目2番8号,新宿区,東京都,1600008,2024-12-20
2527,林美香,林美香2527@icloud.com,090-2250-4554,大阪府大阪市北区梅田2丁目13番7号,大阪市北区,大阪府,5300016,2024-06-01
2528,加藤愛,加藤愛2528@outlook.com,090-3884-9319,大阪府大阪市北区梅田10丁目30番8号,大阪市北区,大阪府,5300007,2024-03-28
2529,森田雄一,森田雄一2529@yahoo.co.jp,090-8237-1854,千葉県千葉市中央区中央10丁目11番7号,千葉市中央区,千葉県,2600001,2024-06-09
2530,森田和也,森田和也2530@example.com,090-5227-3423,兵庫県神戸市灘区灘南通6丁目6番9号,神戸市灘区,兵庫県,6570023,2024-03-05
2531,高橋翔太,高橋翔太2531@outlook.com,090-6257-6985,京都府京都市中京区烏丸通8丁目13番10号,京都市中京区,京都府,6040038,2024-09-16
2532,遠藤太郎,遠藤太郎2532@example.com,090-9055-4329,東京都千代田区丸の内3丁目22番1号,千代田区,東京都,1000021,2023-09-20
2533,斎藤剛,斎藤剛2533@gmail.com,090-4572-4042,埼玉県さいたま市浦和区高砂9丁目1番10号,さいたま市浦和区,埼玉県,3300017,2023-07-07
2534,田中剛,田中剛2534@gmail.com,090-4753-1582,埼玉県さいたま市浦和区高砂4丁目23番9号,さいたま市浦和区,埼玉県,3300012,2024-11-17
2535,池田千佳,池田千佳2535@yahoo.co.jp,090-1105-6187,福岡県福岡市博多区博多駅前2丁目2番2号,福岡市博多区,福岡県,8120008,2024-12-02
2536,鈴木優子,鈴木優子2536@icloud.com,090-8652-2238,神奈川県横浜市西区みなとみらい4丁目3番2号,横浜市西区,神奈川県,2200020,2024-04-21
2537,近藤千佳,近藤千佳2537@icloud.com,090-2167-2813,兵庫県神戸市中央区三宮町3丁目25番6号,神戸市中央区,兵庫県,6500002,2024-11-29
2538,鈴木大輔,鈴木大輔2538@example.com,090-4946-5334,愛知県名古屋市西区名駅2丁目22番1号,名古屋市西区,愛知県,4510012,2023-11-17
2539,坂本翔太,坂本翔太2539@example.com,090-8297-6827,大阪府大阪市中央区本町3丁目6番8号,大阪市中央区,大阪府,5410013,2024-01-18
2540,近藤太郎,近藤太郎2540@yahoo.co.jp,090-6629-2201,東京都新宿区新宿7丁目19番8号,新宿区,東京都,1600014,2023-07-13
2541,鈴木亮,鈴木亮2541@yahoo.co.jp,090-2885-2754,大阪府大阪市中央区本町2丁目7番5号,大阪市中央区,大阪府,5410011,2023-08-03
2542,藤井麻美,藤井麻美2542@outlook.com,090-9233-8048,福岡県福岡市博多区博多駅前3丁目8番9号,福岡市博多区,福岡県,8120002,2023-07-21
2543,渡辺三郎,渡辺三郎2543@yahoo.co.jp,090-9417-1311,埼玉県さいたま市浦和区高砂6丁目17番1号,さいたま市浦和区,埼玉県,3300012,2023-03-11
2544,山田美咲,山田美咲2544@outlook.com,090-1640-9932,千葉県千葉市中央区中央7丁目15番2号,千葉市中央区,千葉県,2600011,2023-06-25
2545,長谷川誠,長谷川誠2545@outlook.com,090-3897-2350,愛知県名古屋市中区錦10丁目27番4号,名古屋市中区,愛知県,4600002,2023-03-08
2546,青木由美子,青木由美子2546@example.com,090-5937-7287,神奈川県横浜市中区本町5丁目15番2号,横浜市中区,神奈川県,2310005,2023-01-31
2547,藤原一郎,藤原一郎2547@icloud.com,090-2356-5489,埼玉県さいたま市浦和区高砂5丁目30番4号,さいたま市浦和区,埼玉県,3300030,2024-01-05
2548,橋本恵子,橋本恵子2548@example.com,090-1399-5424,大阪府大阪市中央区本町1丁目28番9号,大阪市中央区,大阪府,5410032,2024-10-21
2549,森田さくら,森田さくら2549@icloud.com,090-6118-1964,大阪府大阪市中央区本町3丁目23番2号,大阪市中央区,大阪府,5410015,2024-05-14
2550,松本さくら,松本さくら2550@gmail.com,090-2343-7175,京都府京都市下京区四条通7丁目19番9号,京都市下京区,京都府,6000022,2023-05-03
2551,松本亮,松本亮2551@yahoo.co.jp,090-9481-6765,埼玉県さいたま市大宮区大宮10丁目21番4号,さいたま市大宮区,埼玉県,3300033,2023-05-22
2552,高橋一郎,高橋一郎2552@outlook.com,090-3255-5954,千葉県千葉市美浜区美浜5丁目3番7号,千葉市美浜区,千葉県,2610028,2023-03-31
2553,田中愛,田中愛2553@example.com,090-6429-4550,東京都千代田区丸の内3丁目25番5号,千代田区,東京都,1000013,2023-05-13
2554,加藤直樹,加藤直樹2554@yahoo.co.jp,090-2555-2771,愛知県名古屋市西区名駅4丁目17番8号,名古屋市西区,愛知県,4510024,2024-07-23
2555,橋本優子,橋本優子2555@outlook.com,090-3663-9681,東京都新宿区新宿1丁目13番9号,新宿区,東京都,1600014,2023-05-18
2556,前田一郎,前田一郎2556@icloud.com,090-2643-5559,福岡県福岡市中央区天神5丁目17番3号,福岡市中央区,福岡県,8100041,2023-01-07
2557,中村翔太,中村翔太2557@gmail.com,090-5439-6007,大阪府大阪市北区梅田2丁目2番9号,大阪市北区,大阪府,5300011,2023-06-28
2558,山田翔太,山田翔太2558@example.com,090-9902-1811,福岡県福岡市中央区天神3丁目29番6号,福岡市中央区,福岡県,8100012,2023-06-07
2559,藤原花子,藤原花子2559@outlook.com,090-6905-8548,埼玉県さいたま市浦和区高砂9丁目4番4号,さいたま市浦和区,埼玉県,3300001,2023-08-08
2560,前田亮,前田亮2560@icloud.com,090-4035-1386,東京都渋谷区渋谷3丁目19番5号,渋谷区,東京都,1500014,2023-04-24
2561,遠藤健一,遠藤健一2561@yahoo.co.jp,090-7790-6244,福岡県福岡市博多区博多駅前9丁目4番9号,福岡市博多区,福岡県,8120006,2024-11-20
2562,吉田真由美,吉田真由美2562@icloud.com,090-7811-4270,千葉県千葉市中央区中央6丁目28番2号,千葉市中央区,千葉県,2600039,2024-03-24
2563,前田剛,前田剛2563@example.com,090-6327-2398,兵庫県神戸市灘区灘南通9丁目11番8号,神戸市灘区,兵庫県,6570013,2023-07-16
2564,小林達也,小林達也2564@yahoo.co.jp,090-3407-6576,埼玉県さいたま市大宮区大宮1丁目27番4号,さいたま市大宮区,埼玉県,3300021,2023-09-24
2565,中村拓也,中村拓也2565@example.com,090-3228-9404,兵庫県神戸市中央区三宮町6丁目6番3号,神戸市中央区,兵庫県,6500024,2023-10-03
2566,中村雄一,中村雄一2566@icloud.com,090-8633-6517,埼玉県さいたま市大宮区大宮1丁目20番5号,さいたま市大宮区,埼玉県,3300018,2024-07-18
2567,中村慎一,中村慎一2567@yahoo.co.jp,090-6619-8809,福岡県福岡市中央区天神1丁目16番2号,福岡市中央区,福岡県,8100022,2024-07-20
2568,石川雄一,石川雄一2568@outlook.com,090-1411-8544,大阪府大阪市中央区本町10丁目27番2号,大阪市中央区,大阪府,5410030,2024-07-01
2569,藤井健太,藤井健太2569@outlook.com,090-5516-2859,東京都渋谷区渋谷2丁目27番3号,渋谷区,東京都,1500031,2024-01-14
2570,後藤健太,後藤健太2570@example.com,090-6600-2182,東京都千代田区丸の内6丁目17番7号,千代田区,東京都,1000006,2024-10-03
2571,佐藤一郎,佐藤一郎2571@example.com,090-7476-3201,兵庫県神戸市灘区灘南通9丁目7番6号,神戸市灘区,兵庫県,6570011,2024-09-15
2572,吉田誠,吉田誠2572@gmail.com,090-9719-2615,兵庫県神戸市灘区灘南通5丁目22番4号,神戸市灘区,兵庫県,6570025,2024-08-09
2573,田中達也,田中達也2573@example.com,090-3480-3701,愛知県名古屋市中区錦5丁目11番2号,名古屋市中区,愛知県,4600006,2024-04-28
2574,小林麻衣,小林麻衣2574@icloud.com,090-4036-5061,愛知県名古屋市西区名駅2丁目3番8号,名古屋市西区,愛知県,4510011,2024-01-07
2575,鈴木拓也,鈴木拓也2575@gmail.com,090-1735-8406,東京都渋谷区渋谷3丁目12番1号,渋谷区,東京都,1500037,2024-01-24
2576,前田美咲,前田美咲2576@yahoo.co.jp,090-1790-7343,大阪府大阪市北区梅田9丁目18番10号,大阪市北区,大阪府,5300004,2024-02-15
2577,岡田恵子,岡田恵子2577@gmail.com,090-2634-8091,神奈川県横浜市西区みなとみらい9丁目18番4号,横浜市西区,神奈川県,2200004,2024-09-30
2578,後藤千佳,後藤千佳2578@gmail.com,090-4279-2297,大阪府大阪市北区梅田6丁目29番1号,大阪市北区,大阪府,5300020,2023-07-25
2579,遠藤和也,遠藤和也2579@example.com,090-3196-2847,東京都千代田区丸の内8丁目28番7号,千代田区,東京都,1000019,2023-01-03
2580,後藤智子,後藤智子2580@example.com,090-5377-4852,福岡県福岡市博多区博多駅前3丁目25番5号,福岡市博多区,福岡県,8120021,2024-07-03
2581,中村真由美,中村真由美2581@outlook.com,090-3035-1003,兵庫県神戸市灘区灘南通6丁目4番8号,神戸市灘区,兵庫県,6570034,2023-10-25
2582,加藤誠,加藤誠2582@yahoo.co.jp,090-8321-4990,千葉県千葉市美浜区美浜3丁目21番9号,千葉市美浜区,千葉県,2610025,2024-08-26
2583,加藤達也,加藤達也2583@gmail.com,090-7108-2514,北海道札幌市北区北6条西10丁目25番7号,札幌市北区,北海道,0600005,2023-02-22
2584,藤原剛,藤原剛2584@outlook.com,090-8824-8125,千葉県千葉市中央区中央4丁目18番7号,千葉市中央区,千葉県,2600039,2024-05-26
2585,前田香織,前田香織2585@gmail.com,090-6681-6512,兵庫県神戸市灘区灘南通5丁目12番3号,神戸市灘区,兵庫県,6570036,2023-03-06
2586,中村健太,中村健太2586@yahoo.co.jp,090-6166-2058,神奈川県横浜市西区みなとみらい8丁目26番10号,横浜市西区,神奈川県,2200027,2023-07-02
2587,池田由美子,池田由美子2587@yahoo.co.jp,090-2191-5242,神奈川県横浜市西区みなとみらい5丁目5番10号,横浜市西区,神奈川県,2200019,2024-11-17
2588,山本達也,山本達也2588@yahoo.co.jp,090-4660-8242,北海道札幌市北区北6条西1丁目6番7号,札幌市北区,北海道,0600027,2024-12-17
2589,加藤麻衣,加藤麻衣2589@example.com,090-2079-9207,大阪府大阪市中央区本町9丁目17番8号,大阪市中央区,大阪府,5410003,2023-08-09
2590,中村智子,中村智子2590@gmail.com,090-9069-7861,大阪府大阪市中央区本町10丁目7番3号,大阪市中央区,大阪府,5410040,2023-05-17
2591,小林香織,小林香織2591@icloud.com,090-3925-5403,神奈川県横浜市中区本町2丁目17番4号,横浜市中区,神奈川県,2310015,2023-06-13
2592,石川愛,石川愛2592@outlook.com,090-3933-1223,東京都新宿区新宿8丁目3番8号,新宿区,東京都,1600016,2024-08-06
2593,藤原直樹,藤原直樹2593@gmail.com,090-3294-2002,京都府京都市下京区四条通8丁目7番1号,京都市下京区,京都府,6000039,2024-07-10
2594,青木次郎,青木次郎2594@icloud.com,090-7716-6661,千葉県千葉市美浜区美浜4丁目22番2号,千葉市美浜区,千葉県,2610005,2023-04-19
2595,橋本剛,橋本剛2595@icloud.com,090-5413-8495,兵庫県神戸市灘区灘南通1丁目13番7号,神戸市灘区,兵庫県,6570014,2023-07-01
2596,斎藤恵子,斎藤恵子2596@icloud.com,090-2747-4119,大阪府大阪市北区梅田5丁目30番1号,大阪市北区,大阪府,5300012,2024-06-16
2597,吉田愛,吉田愛2597@gmail.com,090-6091-8312,埼玉県さいたま市大宮区大宮1丁目28番7号,さいたま市大宮区,埼玉県,3300009,2023-09-01
2598,田中由美子,田中由美子2598@yahoo.co.jp,090-6497-9781,京都府京都市中京区烏丸通2丁目13番1号,京都市中京区,京都府,6040001,2023-03-12
2599,長谷川健一,長谷川健一2599@example.com,090-8970-5096,愛知県名古屋市中区錦7丁目17番3号,名古屋市中区,愛知県,4600003,2024-01-28
2600,渡辺恵子,渡辺恵子2600@yahoo.co.jp,090-4288-7450,神奈川県横浜市中区本町10丁目12番5号,横浜市中区,神奈川県,2310036,2024-04-20
2601,藤井美咲,藤井美咲2601@icloud.com,090-3296-1582,東京都渋谷区渋谷4丁目12番9号,渋谷区,東京都,1500011,2024-08-21
2602,山田愛,山田愛2602@example.com,090-8081-3684,京都府京都市中京区烏丸通4丁目12番2号,京都市中京区,京都府,6040026,2024-06-11
2603,伊藤美穂,伊藤美穂2603@icloud.com,090-9126-2360,福岡県福岡市中央区天神10丁目3番6号,福岡市中央区,福岡県,8100018,2023-07-31
2604,前田智子,前田智子2604@example.com,090-8239-1703,埼玉県さいたま市浦和区高砂2丁目27番4号,さいたま市浦和区,埼玉県,3300016,2024-09-21
2605,山田健一,山田健一2605@gmail.com,090-6369-9314,大阪府大阪市中央区本町7丁目4番10号,大阪市中央区,大阪府,5410003,2024-07-29
2606,山田誠,山田誠2606@icloud.com,090-1245-2327,京都府京都市中京区烏丸通7丁目12番7号,京都市中京区,京都府,6040005,2023-10-03
2607,近藤花子,近藤花子2607@icloud.com,090-7094-4774,福岡県福岡市博多区博多駅前4丁目27番10号,福岡市博多区,福岡県,8120021,2023-04-03
2608,井上花子,井上花子2608@yahoo.co.jp,090-9178-9022,埼玉県さいたま市大宮区大宮8丁目8番6号,さいたま市大宮区,埼玉県,3300007,2024-07-13
2609,山本真由美,山本真由美2609@icloud.com,090-9729-8060,東京都新宿区新宿8丁目12番2号,新宿区,東京都,1600011,2024-08-20
2610,鈴木慎一,鈴木慎一2610@example.com,090-8323-8918,京都府京都市中京区烏丸通1丁目21番1号,京都市中京区,京都府,6040009,2023-08-05
2611,藤井亮,藤井亮2611@gmail.com,090-7903-2647,千葉県千葉市美浜区美浜1丁目26番3号,千葉市美浜区,千葉県,2610024,2023-03-07
2612,近藤翔太,近藤翔太2612@example.com,090-1248-6940,京都府京都市中京区烏丸通9丁目17番2号,京都市中京区,京都府,6040001,2023-11-05
2613,松本香織,松本香織2613@gmail.com,090-4615-3110,大阪府大阪市北区梅田7丁目11番4号,大阪市北区,大阪府,5300016,2024-09-29
2614,森田亮,森田亮2614@yahoo.co.jp,090-6416-1243,北海道札幌市北区北6条西5丁目12番2号,札幌市北区,北海道,0600036,2024-04-25
2615,加藤剛,加藤剛2615@yahoo.co.jp,090-1004-7800,福岡県福岡市博多区博多駅前5丁目11番6号,福岡市博多区,福岡県,8120001,2023-12-18
2616,前田美香,前田美香2616@gmail.com,090-9275-8883,兵庫県神戸市灘区灘南通1丁目28番1号,神戸市灘区,兵庫県,6570024,2023-07-24
2617,青木花子,青木花子2617@outlook.com,090-8690-8840,京都府京都市中京区烏丸通3丁目13番5号,京都市中京区,京都府,6040028,2024-02-27
2618,渡辺真由美,渡辺真由美2618@yahoo.co.jp,090-7849-8567,北海道札幌市中央区北1条西7丁目24番7号,札幌市中央区,北海道,0600034,2024-05-28
2619,坂本由美,坂本由美2619@outlook.com,090-8264-5241,東京都新宿区新宿5丁目15番9号,新宿区,東京都,1600013,2023-02-04
2620,坂本香織,坂本香織2620@outlook.com,090-4307-9023,大阪府大阪市中央区本町2丁目23番10号,大阪市中央区,大阪府,5410032,2024-10-17
2621,藤井さくら,藤井さくら2621@outlook.com,090-2505-5021,東京都渋谷区渋谷7丁目15番5号,渋谷区,東京都,1500033,2024-10-08
2622,長谷川雄一,長谷川雄一2622@yahoo.co.jp,090-2569-7328,埼玉県さいたま市浦和区高砂7丁目26番2号,さいたま市浦和区,埼玉県,3300031,2023-01-26
2623,山本愛,山本愛2623@gmail.com,090-7161-4662,愛知県名古屋市中区錦6丁目19番5号,名古屋市中区,愛知県,4600005,2023-11-05
2624,佐藤由美,佐藤由美2624@icloud.com,090-9661-5652,福岡県福岡市中央区天神9丁目18番10号,福岡市中央区,福岡県,8100017,2023-07-25
2625,小林三郎,小林三郎2625@example.com,090-7146-2835,大阪府大阪市北区梅田8丁目6番8号,大阪市北区,大阪府,5300002,2023-01-01
2626,伊藤由美,伊藤由美2626@gmail.com,090-1977-1097,兵庫県神戸市中央区三宮町4丁目5番4号,神戸市中央区,兵庫県,6500025,2023-12-21
2627,池田恵子,池田恵子2627@outlook.com,090-7049-6689,埼玉県さいたま市大宮区大宮6丁目21番4号,さいたま市大宮区,埼玉県,3300001,2024-11-29
2628,青木直樹,青木直樹2628@yahoo.co.jp,090-9081-2427,北海道札幌市北区北6条西4丁目4番1号,札幌市北区,北海道,0600005,2023-09-19
2629,池田健太,池田健太2629@outlook.com,090-3642-1476,北海道札幌市北区北6条西1丁目10番4号,札幌市北区,北海道,0600007,2024-02-29
2630,岡田正,岡田正2630@example.com,090-7607-1038,福岡県福岡市博多区博多駅前8丁目11番2号,福岡市博多区,福岡県,8120012,2024-03-23
2631,林香織,林香織2631@gmail.com,090-1637-1112,大阪府大阪市中央区本町1丁目18番9号,大阪市中央区,大阪府,5410007,2024-12-16
2632,山本剛,山本剛2632@gmail.com,090-6443-2388,兵庫県神戸市灘区灘南通9丁目7番9号,神戸市灘区,兵庫県,6570017,2023-10-02
2633,斎藤花子,斎藤花子2633@icloud.com,090-9290-4749,大阪府大阪市北区梅田4丁目24番9号,大阪市北区,大阪府,5300006,2024-08-24
2634,前田太郎,前田太郎2634@yahoo.co.jp,090-4571-9205,北海道札幌市中央区北1条西7丁目28番6号,札幌市中央区,北海道,0600011,2023-05-05
2635,長谷川花子,長谷川花子2635@example.com,090-6119-1663,北海道札幌市中央区北1条西4丁目7番6号,札幌市中央区,北海道,0600039,2023-05-15
2636,木村達也,木村達也2636@gmail.com,090-4467-2969,北海道札幌市中央区北1条西3丁目30番1号,札幌市中央区,北海道,0600021,2023-12-24
2637,村上和也,村上和也2637@icloud.com,090-3058-6508,神奈川県横浜市中区本町2丁目25番7号,横浜市中区,神奈川県,2310018,2024-02-01
2638,山本剛,山本剛2638@icloud.com,090-4265-7203,神奈川県横浜市西区みなとみらい4丁目12番10号,横浜市西区,神奈川県,2200031,2023-12-02
2639,池田千佳,池田千佳2639@gmail.com,090-2943-9779,東京都新宿区新宿8丁目2番9号,新宿区,東京都,1600011,2023-10-05
2640,森田健一,森田健一2640@yahoo.co.jp,090-6405-8606,東京都渋谷区渋谷5丁目6番4号,渋谷区,東京都,1500031,2023-04-25
2641,遠藤花子,遠藤花子2641@icloud.com,090-2254-9657,兵庫県神戸市中央区三宮町6丁目19番6号,神戸市中央区,兵庫県,6500019,2024-09-26
2642,木村正,木村正2642@gmail.com,090-1003-1815,兵庫県神戸市灘区灘南通3丁目5番8号,神戸市灘区,兵庫県,6570037,2023-09-26
2643,松本翔太,松本翔太2643@icloud.com,090-2504-2486,大阪府大阪市中央区本町7丁目28番9号,大阪市中央区,大阪府,5410038,2024-10-18
2644,井上健太,井上健太2644@outlook.com,090-5645-3095,兵庫県神戸市灘区灘南通3丁目30番10号,神戸市灘区,兵庫県,6570019,2024-08-01
2645,佐藤剛,佐藤剛2645@yahoo.co.jp,090-4501-5186,福岡県福岡市博多区博多駅前5丁目2番9号,福岡市博多区,福岡県,8120003,2024-12-16
2646,井上美穂,井上美穂2646@icloud.com,090-1553-6382,福岡県福岡市中央区天神10丁目10番4号,福岡市中央区,福岡県,8100020,2024-07-14
2647,佐藤麻美,佐藤麻美2647@gmail.com,090-6626-4028,大阪府大阪市北区梅田9丁目28番2号,大阪市北区,大阪府,5300010,2023-09-23
2648,石川拓也,石川拓也2648@gmail.com,090-4706-3645,京都府京都市中京区烏丸通1丁目16番10号,京都市中京区,京都府,6040002,2023-08-04
2649,後藤千佳,後藤千佳2649@yahoo.co.jp,090-1352-8366,神奈川県横浜市中区本町4丁目21番7号,横浜市中区,神奈川県,2310033,2024-07-11
2650,加藤翔太,加藤翔太2650@outlook.com,090-9445-5144,愛知県名古屋市西区名駅10丁目15番7号,名古屋市西区,愛知県,4510039,2024-02-27
2651,山本真由美,山本真由美2651@yahoo.co.jp,090-4331-9594,東京都千代田区丸の内4丁目16番1号,千代田区,東京都,1000005,2023-03-27
2652,坂本大輔,坂本大輔2652@gmail.com,090-8432-9926,福岡県福岡市中央区天神6丁目17番10号,福岡市中央区,福岡県,8100021,2023-07-11
2653,渡辺千佳,渡辺千佳2653@icloud.com,090-4301-7810,京都府京都市中京区烏丸通5丁目1番10号,京都市中京区,京都府,6040018,2024-08-24
2654,佐藤香織,佐藤香織2654@gmail.com,090-4298-9613,北海道札幌市北区北6条西7丁目27番8号,札幌市北区,北海道,0600029,2023-12-29
2655,村上さくら,村上さくら2655@example.com,090-1202-6532,愛知県名古屋市中区錦3丁目16番2号,名古屋市中区,愛知県,4600005,2023-01-01
2656,加藤翔太,加藤翔太2656@yahoo.co.jp,090-8815-3258,北海道札幌市中央区北1条西4丁目29番1号,札幌市中央区,北海道,0600029,2024-12-31
2657,加藤恵子,加藤恵子2657@yahoo.co.jp,090-3321-5914,埼玉県さいたま市大宮区大宮8丁目24番5号,さいたま市大宮区,埼玉県,3300005,2023-03-06
2658,田中雄一,田中雄一2658@outlook.com,090-4042-9766,愛知県名古屋市西区名駅2丁目24番5号,名古屋市西区,愛知県,4510028,2024-06-02
2659,鈴木由美子,鈴木由美子2659@example.com,090-3862-6303,京都府京都市下京区四条通5丁目11番6号,京都市下京区,京都府,6000036,2024-02-23
2660,渡辺美咲,渡辺美咲2660@gmail.com,090-5063-7884,北海道札幌市中央区北1条西6丁目20番4号,札幌市中央区,北海道,0600041,2024-04-14
2661,中村健太,中村健太2661@icloud.com,090-2611-8620,愛知県名古屋市西区名駅7丁目30番1号,名古屋市西区,愛知県,4510041,2023-09-15
2662,藤原拓也,藤原拓也2662@example.com,090-6206-8943,北海道札幌市北区北6条西4丁目17番6号,札幌市北区,北海道,0600028,2023-01-22
2663,小林健太,小林健太2663@outlook.com,090-8322-9029,千葉県千葉市中央区中央7丁目23番9号,千葉市中央区,千葉県,2600005,2023-02-24
2664,藤原大輔,藤原大輔2664@yahoo.co.jp,090-9624-6865,東京都渋谷区渋谷4丁目25番2号,渋谷区,東京都,1500028,2023-01-12
2665,岡田美香,岡田美香2665@example.com,090-1206-3392,埼玉県さいたま市浦和区高砂1丁目25番1号,さいたま市浦和区,埼玉県,3300022,2024-07-03
2666,近藤優子,近藤優子2666@example.com,090-2320-7889,東京都渋谷区渋谷6丁目28番1号,渋谷区,東京都,1500019,2023-04-29
2667,池田千佳,池田千佳2667@yahoo.co.jp,090-6200-4868,神奈川県横浜市中区本町6丁目29番6号,横浜市中区,神奈川県,2310027,2023-12-31
2668,小林花子,小林花子2668@gmail.com,090-8462-2018,京都府京都市下京区四条通2丁目19番1号,京都市下京区,京都府,6000033,2024-02-01
2669,前田大輔,前田大輔2669@example.com,090-3959-1714,埼玉県さいたま市浦和区高砂8丁目16番5号,さいたま市浦和区,埼玉県,3300037,2024-09-27
2670,森田愛,森田愛2670@icloud.com,090-2417-6161,愛知県名古屋市中区錦1丁目29番2号,名古屋市中区,愛知県,4600003,2024-05-15
2671,藤原慎一,藤原慎一2671@icloud.com,090-8894-7600,神奈川県横浜市西区みなとみらい9丁目16番1号,横浜市西区,神奈川県,2200001,2024-04-15
2672,小林亮,小林亮2672@outlook.com,090-4558-2177,兵庫県神戸市中央区三宮町2丁目2番3号,神戸市中央区,兵庫県,6500006,2024-10-11
2673,石川達也,石川達也2673@yahoo.co.jp,090-5385-6675,京都府京都市中京区烏丸通10丁目9番5号,京都市中京区,京都府,6040011,2024-12-04
2674,木村千佳,木村千佳2674@gmail.com,090-1161-5228,北海道札幌市中央区北1条西10丁目26番3号,札幌市中央区,北海道,0600031,2024-09-24
2675,鈴木翔太,鈴木翔太2675@example.com,090-6145-9211,兵庫県神戸市中央区三宮町10丁目13番7号,神戸市中央区,兵庫県,6500027,2024-07-14
2676,佐藤由美子,佐藤由美子2676@icloud.com,090-3291-1959,愛知県名古屋市中区錦10丁目12番8号,名古屋市中区,愛知県,4600003,2023-10-20
2677,山本慎一,山本慎一2677@icloud.com,090-8968-4021,愛知県名古屋市中区錦10丁目17番4号,名古屋市中区,愛知県,4600008,2024-10-26
2678,斎藤直樹,斎藤直樹2678@gmail.com,090-9836-5892,兵庫県神戸市灘区灘南通9丁目29番1号,神戸市灘区,兵庫県,6570009,2024-09-25
2679,小林直樹,小林直樹2679@gmail.com,090-6974-3295,京都府京都市中京区烏丸通5丁目20番5号,京都市中京区,京都府,6040021,2023-04-20
2680,後藤翔太,後藤翔太2680@yahoo.co.jp,090-8986-3378,千葉県千葉市中央区中央2丁目29番2号,千葉市中央区,千葉県,2600005,2023-12-05
2681,遠藤愛,遠藤愛2681@example.com,090-7748-8695,福岡県福岡市中央区天神5丁目14番5号,福岡市中央区,福岡県,8100040,2024-03-25
2682,田中三郎,田中三郎2682@icloud.com,090-2844-9945,東京都千代田区丸の内5丁目26番8号,千代田区,東京都,1000006,2024-07-28
2683,田中愛,田中愛2683@icloud.com,090-2684-8687,京都府京都市下京区四条通10丁目15番3号,京都市下京区,京都府,6000020,2023-04-07
2684,遠藤和也,遠藤和也2684@yahoo.co.jp,090-3800-9859,北海道札幌市中央区北1条西8丁目17番10号,札幌市中央区,北海道,0600005,2023-08-07
2685,橋本正,橋本正2685@example.com,090-4030-8560,北海道札幌市北区北6条西5丁目28番10号,札幌市北区,北海道,0600041,2023-04-17
2686,林千佳,林千佳2686@yahoo.co.jp,090-2758-2917,福岡県福岡市中央区天神3丁目15番6号,福岡市中央区,福岡県,8100021,2023-10-04
2687,林麻美,林麻美2687@outlook.com,090-6767-4978,兵庫県神戸市灘区灘南通1丁目4番5号,神戸市灘区,兵庫県,6570014,2024-06-24
2688,青木愛,青木愛2688@outlook.com,090-5989-8212,東京都渋谷区渋谷6丁目19番3号,渋谷区,東京都,1500010,2024-09-19
2689,加藤由美,加藤由美2689@example.com,090-9552-9998,大阪府大阪市北区梅田10丁目30番1号,大阪市北区,大阪府,5300017,2023-03-08
2690,鈴木さくら,鈴木さくら2690@gmail.com,090-2492-1950,京都府京都市中京区烏丸通6丁目27番3号,京都市中京区,京都府,6040039,2023-08-25
2691,藤原三郎,藤原三郎2691@gmail.com,090-7729-7835,愛知県名古屋市西区名駅6丁目14番10号,名古屋市西区,愛知県,4510030,2024-02-09
2692,石川麻衣,石川麻衣2692@outlook.com,090-9778-8193,神奈川県横浜市西区みなとみらい6丁目28番6号,横浜市西区,神奈川県,2200018,2024-08-22
2693,山本亮,山本亮2693@icloud.com,090-3430-9583,北海道札幌市北区北6条西10丁目6番9号,札幌市北区,北海道,0600019,2024-10-16
2694,井上愛,井上愛2694@outlook.com,090-5945-7730,大阪府大阪市北区梅田10丁目27番1号,大阪市北区,大阪府,5300020,2024-10-19
2695,前田健一,前田健一2695@yahoo.co.jp,090-8300-7179,愛知県名古屋市中区錦1丁目19番3号,名古屋市中区,愛知県,4600005,2024-05-03
2696,岡田翔太,岡田翔太2696@yahoo.co.jp,090-2197-6699,神奈川県横浜市西区みなとみらい6丁目14番10号,横浜市西区,神奈川県,2200034,2023-09-24
2697,坂本大輔,坂本大輔2697@gmail.com,090-3488-2371,埼玉県さいたま市浦和区高砂10丁目25番6号,さいたま市浦和区,埼玉県,3300007,2024-06-01
2698,藤原翔太,藤原翔太2698@gmail.com,090-3065-7195,北海道札幌市中央区北1条西8丁目18番5号,札幌市中央区,北海道,0600010,2024-07-14
2699,林一郎,林一郎2699@yahoo.co.jp,090-4903-6472,愛知県名古屋市中区錦6丁目2番7号,名古屋市中区,愛知県,4600008,2023-07-12
2700,近藤由美,近藤由美2700@example.com,090-1097-1303,兵庫県神戸市中央区三宮町8丁目14番1号,神戸市中央区,兵庫県,6500033,2023-03-29
2701,斎藤剛,斎藤剛2701@yahoo.co.jp,090-1241-6665,東京都新宿区新宿2丁目25番7号,新宿区,東京都,1600007,2023-09-01
2702,藤井拓也,藤井拓也2702@icloud.com,090-7224-5858,東京都新宿区新宿2丁目23番4号,新宿区,東京都,1600010,2023-12-17
2703,高橋達也,高橋達也2703@icloud.com,090-6872-9067,大阪府大阪市北区梅田2丁目14番5号,大阪市北区,大阪府,5300016,2024-03-28
2704,近藤亮,近藤亮2704@icloud.com,090-4110-1853,千葉県千葉市中央区中央3丁目24番3号,千葉市中央区,千葉県,2600036,2024-09-25
2705,小林恵子,小林恵子2705@example.com,090-7753-2276,北海道札幌市北区北6条西4丁目5番6号,札幌市北区,北海道,0600030,2023-11-02
2706,松本千佳,松本千佳2706@yahoo.co.jp,090-5177-7269,京都府京都市下京区四条通1丁目19番9号,京都市下京区,京都府,6000009,2023-06-10
2707,林愛,林愛2707@gmail.com,090-1022-2414,愛知県名古屋市中区錦4丁目23番9号,名古屋市中区,愛知県,4600002,2023-06-29
2708,石川拓也,石川拓也2708@yahoo.co.jp,090-4245-8195,千葉県千葉市美浜区美浜7丁目4番4号,千葉市美浜区,千葉県,2610038,2023-11-24
2709,井上太郎,井上太郎2709@outlook.com,090-6287-9622,東京都新宿区新宿8丁目23番3号,新宿区,東京都,1600020,2024-03-20
2710,松本愛,松本愛2710@gmail.com,090-2347-5382,愛知県名古屋市中区錦4丁目2番8号,名古屋市中区,愛知県,4600006,2024-07-24
2711,斎藤慎一,斎藤慎一2711@outlook.com,090-5177-8642,京都府京都市中京区烏丸通6丁目21番9号,京都市中京区,京都府,6040040,2024-09-16
2712,山本雄一,山本雄一2712@outlook.com,090-3777-8547,福岡県福岡市中央区天神4丁目6番10号,福岡市中央区,福岡県,8100035,2024-01-17
2713,森田智子,森田智子2713@outlook.com,090-3384-2078,神奈川県横浜市西区みなとみらい10丁目7番8号,横浜市西区,神奈川県,2200030,2024-10-01
2714,坂本拓也,坂本拓也2714@example.com,090-5764-4121,神奈川県横浜市中区本町2丁目4番8号,横浜市中区,神奈川県,2310014,2023-08-08
2715,遠藤一郎,遠藤一郎2715@example.com,090-7259-4210,埼玉県さいたま市浦和区高砂3丁目7番1号,さいたま市浦和区,埼玉県,3300034,2024-01-25
2716,近藤真由美,近藤真由美2716@gmail.com,090-4527-1161,京都府京都市中京区烏丸通4丁目21番8号,京都市中京区,京都府,6040029,2024-11-18
2717,山田由美子,山田由美子2717@gmail.com,090-9317-9204,千葉県千葉市中央区中央2丁目5番7号,千葉市中央区,千葉県,2600002,2024-04-08
2718,斎藤大輔,斎藤大輔2718@example.com,090-2353-5757,埼玉県さいたま市大宮区大宮8丁目9番4号,さいたま市大宮区,埼玉県,3300036,2023-06-20
2719,木村太郎,木村太郎2719@outlook.com,090-5403-4428,愛知県名古屋市西区名駅6丁目4番4号,名古屋市西区,愛知県,4510001,2023-01-04
2720,木村健太,木村健太2720@outlook.com,090-8002-3296,北海道札幌市中央区北1条西1丁目15番7号,札幌市中央区,北海道,0600030,2023-07-08
2721,井上優子,井上優子2721@example.com,090-7045-4459,福岡県福岡市博多区博多駅前4丁目16番6号,福岡市博多区,福岡県,8120014,2024-04-25
2722,坂本真由美,坂本真由美2722@outlook.com,090-4913-1829,福岡県福岡市博多区博多駅前6丁目30番10号,福岡市博多区,福岡県,8120016,2023-02-17
2723,前田恵子,前田恵子2723@yahoo.co.jp,090-4143-5116,千葉県千葉市中央区中央2丁目9番6号,千葉市中央区,千葉県,2600039,2023-05-03
2724,小林健一,小林健一2724@outlook.com,090-8221-2147,千葉県千葉市美浜区美浜10丁目22番3号,千葉市美浜区,千葉県,2610023,2024-02-02
2725,長谷川麻美,長谷川麻美2725@icloud.com,090-3233-2739,神奈川県横浜市西区みなとみらい6丁目17番10号,横浜市西区,神奈川県,2200033,2023-11-28
2726,青木美香,青木美香2726@example.com,090-1373-7178,北海道札幌市北区北6条西5丁目27番6号,札幌市北区,北海道,0600002,2023-08-09
2727,高橋花子,高橋花子2727@outlook.com,090-3642-2682,埼玉県さいたま市大宮区大宮1丁目25番2号,さいたま市大宮区,埼玉県,3300025,2024-11-08
2728,池田剛,池田剛2728@icloud.com,090-1932-1655,東京都渋谷区渋谷1丁目1番8号,渋谷区,東京都,1500026,2023-12-10
2729,鈴木麻美,鈴木麻美2729@outlook.com,090-8828-2149,北海道札幌市中央区北1条西6丁目30番2号,札幌市中央区,北海道,0600038,2024-03-03
2730,加藤優子,加藤優子2730@gmail.com,090-9684-7980,千葉県千葉市中央区中央10丁目12番5号,千葉市中央区,千葉県,2600005,2023-05-13
2731,佐藤達也,佐藤達也2731@yahoo.co.jp,090-3120-6982,千葉県千葉市美浜区美浜2丁目13番6号,千葉市美浜区,千葉県,2610019,2024-04-09
2732,伊藤亮,伊藤亮2732@outlook.com,090-9628-4522,千葉県千葉市美浜区美浜10丁目19番1号,千葉市美浜区,千葉県,2610035,2023-10-25
2733,藤原拓也,藤原拓也2733@outlook.com,090-2811-2527,大阪府大阪市中央区本町5丁目13番2号,大阪市中央区,大阪府,5410019,2023-12-30
2734,伊藤誠,伊藤誠2734@yahoo.co.jp,090-1754-5994,大阪府大阪市中央区本町1丁目20番7号,大阪市中央区,大阪府,5410030,2024-03-14
2735,山田和也,山田和也2735@icloud.com,090-6886-6651,埼玉県さいたま市浦和区高砂3丁目17番10号,さいたま市浦和区,埼玉県,3300006,2023-05-25
2736,山本次郎,山本次郎2736@yahoo.co.jp,090-7101-8235,大阪府大阪市北区梅田3丁目28番10号,大阪市北区,大阪府,5300019,2023-06-28
2737,田中香織,田中香織2737@outlook.com,090-9262-6651,北海道札幌市中央区北1条西10丁目11番5号,札幌市中央区,北海道,0600020,2024-03-26
2738,石川美咲,石川美咲2738@gmail.com,090-8724-8984,東京都新宿区新宿3丁目1番9号,新宿区,東京都,1600004,2024-12-29
2739,長谷川香織,長谷川香織2739@icloud.com,090-1509-3995,千葉県千葉市美浜区美浜3丁目22番10号,千葉市美浜区,千葉県,2610015,2023-06-11
2740,長谷川香織,長谷川香織2740@outlook.com,090-2887-6858,兵庫県神戸市灘区灘南通8丁目21番7号,神戸市灘区,兵庫県,6570007,2024-01-31
2741,青木一郎,青木一郎2741@icloud.com,090-3321-8121,大阪府大阪市北区梅田6丁目14番9号,大阪市北区,大阪府,5300001,2024-11-09
2742,遠藤美咲,遠藤美咲2742@gmail.com,090-2006-2061,神奈川県横浜市中区本町6丁目19番7号,横浜市中区,神奈川県,2310038,2023-05-14
2743,岡田大輔,岡田大輔2743@outlook.com,090-6975-8467,愛知県名古屋市西区名駅9丁目21番5号,名古屋市西区,愛知県,4510024,2023-09-13
2744,井上健一,井上健一2744@gmail.com,090-1872-7396,千葉県千葉市美浜区美浜8丁目18番7号,千葉市美浜区,千葉県,2610028,2024-10-02
2745,藤原正,藤原正2745@yahoo.co.jp,090-9753-5511,千葉県千葉市中央区中央10丁目24番1号,千葉市中央区,千葉県,2600002,2024-01-24
2746,坂本雄一,坂本雄一2746@yahoo.co.jp,090-2296-5542,北海道札幌市中央区北1条西6丁目22番7号,札幌市中央区,北海道,0600019,2023-05-07
2747,加藤美穂,加藤美穂2747@icloud.com,090-6995-9909,福岡県福岡市博多区博多駅前8丁目12番9号,福岡市博多区,福岡県,8120003,2023-01-11
2748,斎藤和也,斎藤和也2748@outlook.com,090-7232-2180,福岡県福岡市中央区天神1丁目10番1号,福岡市中央区,福岡県,8100017,2024-10-03
2749,池田太郎,池田太郎2749@outlook.com,090-3539-2446,京都府京都市下京区四条通2丁目29番5号,京都市下京区,京都府,6000026,2024-07-11
2750,加藤香織,加藤香織2750@icloud.com,090-1824-2529,埼玉県さいたま市浦和区高砂2丁目4番7号,さいたま市浦和区,埼玉県,3300023,2023-05-28
2751,吉田麻美,吉田麻美2751@outlook.com,090-2678-1235,東京都新宿区新宿5丁目3番4号,新宿区,東京都,1600002,2024-09-24
2752,小林太郎,小林太郎2752@example.com,090-3718-7747,兵庫県神戸市中央区三宮町6丁目1番10号,神戸市中央区,兵庫県,6500008,2024-07-06
2753,中村拓也,中村拓也2753@yahoo.co.jp,090-1130-2580,京都府京都市下京区四条通6丁目25番1号,京都市下京区,京都府,6000030,2023-09-10
2754,木村恵子,木村恵子2754@outlook.com,090-2484-4879,愛知県名古屋市西区名駅7丁目10番5号,名古屋市西区,愛知県,4510006,2023-06-25
2755,藤原千佳,藤原千佳2755@gmail.com,090-4148-3190,大阪府大阪市中央区本町7丁目23番5号,大阪市中央区,大阪府,5410010,2024-06-05
2756,青木麻美,青木麻美2756@example.com,090-7134-5609,埼玉県さいたま市浦和区高砂1丁目12番6号,さいたま市浦和区,埼玉県,3300033,2024-02-25
2757,藤井次郎,藤井次郎2757@example.com,090-6677-8309,埼玉県さいたま市大宮区大宮5丁目9番9号,さいたま市大宮区,埼玉県,3300022,2023-07-22
2758,石川愛,石川愛2758@outlook.com,090-8327-3323,福岡県福岡市博多区博多駅前2丁目14番10号,福岡市博多区,福岡県,8120007,2024-07-07
2759,前田千佳,前田千佳2759@example.com,090-3105-7411,大阪府大阪市北区梅田9丁目7番5号,大阪市北区,大阪府,5300011,2024-04-22
2760,井上直樹,井上直樹2760@outlook.com,090-5066-5961,神奈川県横浜市中区本町6丁目24番5号,横浜市中区,神奈川県,2310007,2023-06-17
2761,林千佳,林千佳2761@icloud.com,090-7155-4536,東京都新宿区新宿6丁目22番6号,新宿区,東京都,1600021,2024-03-27
2762,高橋愛,高橋愛2762@outlook.com,090-4051-6880,京都府京都市中京区烏丸通4丁目1番1号,京都市中京区,京都府,6040017,2023-10-28
2763,高橋慎一,高橋慎一2763@example.com,090-4367-5330,愛知県名古屋市中区錦4丁目12番7号,名古屋市中区,愛知県,4600008,2023-05-07
2764,石川美穂,石川美穂2764@outlook.com,090-7254-2539,東京都渋谷区渋谷10丁目30番4号,渋谷区,東京都,1500039,2024-11-26
2765,坂本智子,坂本智子2765@icloud.com,090-6423-1767,北海道札幌市中央区北1条西3丁目24番8号,札幌市中央区,北海道,0600014,2024-06-15
2766,渡辺和也,渡辺和也2766@icloud.com,090-4984-8879,埼玉県さいたま市大宮区大宮8丁目1番7号,さいたま市大宮区,埼玉県,3300008,2024-03-22
2767,藤井次郎,藤井次郎2767@icloud.com,090-8006-7872,大阪府大阪市中央区本町5丁目29番3号,大阪市中央区,大阪府,5410014,2023-06-12
2768,藤井健一,藤井健一2768@yahoo.co.jp,090-1070-3337,神奈川県横浜市西区みなとみらい1丁目7番6号,横浜市西区,神奈川県,2200006,2024-04-26
2769,佐藤美穂,佐藤美穂2769@yahoo.co.jp,090-1321-9897,神奈川県横浜市中区本町10丁目13番2号,横浜市中区,神奈川県,2310016,2024-02-26
2770,高橋美咲,高橋美咲2770@gmail.com,090-8138-7479,千葉県千葉市中央区中央6丁目4番8号,千葉市中央区,千葉県,2600016,2023-04-17
2771,小林千佳,小林千佳2771@gmail.com,090-5024-4757,千葉県千葉市美浜区美浜5丁目5番6号,千葉市美浜区,千葉県,2610024,2023-11-09
2772,木村直樹,木村直樹2772@example.com,090-9505-1998,神奈川県横浜市西区みなとみらい8丁目1番1号,横浜市西区,神奈川県,2200007,2023-11-09
2773,遠藤雄一,遠藤雄一2773@outlook.com,090-5021-6094,福岡県福岡市博多区博多駅前2丁目1番4号,福岡市博多区,福岡県,8120005,2023-02-18
2774,松本翔太,松本翔太2774@outlook.com,090-5424-1909,埼玉県さいたま市大宮区大宮4丁目17番2号,さいたま市大宮区,埼玉県,3300041,2023-04-03
2775,坂本次郎,坂本次郎2775@icloud.com,090-3317-1332,神奈川県横浜市西区みなとみらい3丁目25番9号,横浜市西区,神奈川県,2200040,2023-05-04
2776,遠藤麻美,遠藤麻美2776@yahoo.co.jp,090-5824-6499,京都府京都市下京区四条通8丁目21番6号,京都市下京区,京都府,6000009,2023-02-04
2777,石川拓也,石川拓也2777@icloud.com,090-2462-5288,兵庫県神戸市灘区灘南通9丁目13番1号,神戸市灘区,兵庫県,6570005,2023-04-29
2778,前田剛,前田剛2778@example.com,090-7050-8721,埼玉県さいたま市浦和区高砂6丁目19番4号,さいたま市浦和区,埼玉県,3300041,2023-07-09
2779,前田由美,前田由美2779@icloud.com,090-7298-2787,京都府京都市中京区烏丸通5丁目16番10号,京都市中京区,京都府,6040016,2023-11-01
2780,木村由美子,木村由美子2780@icloud.com,090-5770-1858,埼玉県さいたま市大宮区大宮5丁目7番5号,さいたま市大宮区,埼玉県,3300026,2023-11-26
2781,前田美穂,前田美穂2781@example.com,090-3053-8668,千葉県千葉市中央区中央8丁目24番8号,千葉市中央区,千葉県,2600040,2024-09-13
2782,森田翔太,森田翔太2782@icloud.com,090-6502-5437,千葉県千葉市美浜区美浜5丁目21番8号,千葉市美浜区,千葉県,2610038,2023-12-08
2783,藤原三郎,藤原三郎2783@example.com,090-8281-1426,埼玉県さいたま市大宮区大宮6丁目18番5号,さいたま市大宮区,埼玉県,3300022,2023-05-31
2784,石川太郎,石川太郎2784@example.com,090-5731-4104,兵庫県神戸市灘区灘南通1丁目1番6号,神戸市灘区,兵庫県,6570034,2023-07-01
2785,小林次郎,小林次郎2785@gmail.com,090-4383-1645,兵庫県神戸市灘区灘南通10丁目28番9号,神戸市灘区,兵庫県,6570009,2024-10-18
2786,藤原誠,藤原誠2786@example.com,090-3641-9794,千葉県千葉市美浜区美浜6丁目24番2号,千葉市美浜区,千葉県,2610040,2024-05-16
2787,村上香織,村上香織2787@outlook.com,090-8963-9883,東京都新宿区新宿4丁目13番7号,新宿区,東京都,1600015,2023-12-10
2788,池田拓也,池田拓也2788@icloud.com,090-9680-1189,東京都渋谷区渋谷3丁目21番5号,渋谷区,東京都,1500038,2023-10-21
2789,後藤由美,後藤由美2789@gmail.com,090-7671-8932,大阪府大阪市北区梅田1丁目23番6号,大阪市北区,大阪府,5300020,2024-03-28
2790,渡辺優子,渡辺優子2790@yahoo.co.jp,090-6330-2951,東京都渋谷区渋谷7丁目18番3号,渋谷区,東京都,1500029,2024-01-15
2791,渡辺花子,渡辺花子2791@example.com,090-8666-9669,東京都渋谷区渋谷9丁目25番3号,渋谷区,東京都,1500029,2023-03-19
2792,前田健一,前田健一2792@example.com,090-8220-5600,大阪府大阪市中央区本町4丁目16番7号,大阪市中央区,大阪府,5410003,2024-04-20
2793,加藤智子,加藤智子2793@icloud.com,090-4642-9327,大阪府大阪市中央区本町3丁目27番9号,大阪市中央区,大阪府,5410035,2023-08-18
2794,田中花子,田中花子2794@icloud.com,090-1685-6633,兵庫県神戸市中央区三宮町8丁目24番10号,神戸市中央区,兵庫県,6500011,2023-03-29
2795,鈴木大輔,鈴木大輔2795@icloud.com,090-4364-4622,神奈川県横浜市西区みなとみらい5丁目10番8号,横浜市西区,神奈川県,2200023,2024-05-22
2796,岡田亮,岡田亮2796@example.com,090-5539-4003,東京都千代田区丸の内10丁目12番2号,千代田区,東京都,1000011,2024-02-07
2797,斎藤大輔,斎藤大輔2797@outlook.com,090-7377-5690,大阪府大阪市中央区本町3丁目29番2号,大阪市中央区,大阪府,5410002,2023-10-25
2798,佐藤雄一,佐藤雄一2798@outlook.com,090-7364-8446,京都府京都市中京区烏丸通7丁目14番3号,京都市中京区,京都府,6040012,2023-03-21
2799,井上拓也,井上拓也2799@outlook.com,090-6358-8874,千葉県千葉市美浜区美浜6丁目6番2号,千葉市美浜区,千葉県,2610040,2023-08-05
2800,井上健一,井上健一2800@icloud.com,090-4423-8274,北海道札幌市北区北6条西10丁目15番2号,札幌市北区,北海道,0600024,2023-12-27
2801,前田達也,前田達也2801@example.com,090-5161-6248,京都府京都市下京区四条通5丁目21番4号,京都市下京区,京都府,6000016,2023-01-10
2802,青木一郎,青木一郎2802@outlook.com,090-7302-7635,千葉県千葉市中央区中央5丁目30番1号,千葉市中央区,千葉県,2600037,2023-09-08
2803,橋本翔太,橋本翔太2803@yahoo.co.jp,090-1525-5648,神奈川県横浜市中区本町8丁目13番4号,横浜市中区,神奈川県,2310025,2023-12-11
2804,前田三郎,前田三郎2804@yahoo.co.jp,090-1895-4682,北海道札幌市中央区北1条西5丁目21番2号,札幌市中央区,北海道,0600002,2023-02-15
2805,池田大輔,池田大輔2805@gmail.com,090-4836-1144,愛知県名古屋市西区名駅4丁目1番5号,名古屋市西区,愛知県,4510029,2023-03-18
2806,加藤愛,加藤愛2806@icloud.com,090-7353-5362,京都府京都市下京区四条通10丁目2番2号,京都市下京区,京都府,6000012,2024-11-05
2807,鈴木花子,鈴木花子2807@outlook.com,090-9978-1275,愛知県名古屋市中区錦9丁目4番9号,名古屋市中区,愛知県,4600001,2023-06-08
2808,佐藤誠,佐藤誠2808@gmail.com,090-5586-1143,東京都新宿区新宿5丁目13番9号,新宿区,東京都,1600013,2024-04-23
2809,吉田太郎,吉田太郎2809@gmail.com,090-2172-1060,神奈川県横浜市中区本町7丁目5番1号,横浜市中区,神奈川県,2310038,2024-08-02
2810,小林智子,小林智子2810@icloud.com,090-3307-5644,大阪府大阪市中央区本町2丁目2番5号,大阪市中央区,大阪府,5410005,2024-11-10
2811,岡田麻衣,岡田麻衣2811@gmail.com,090-9590-8318,神奈川県横浜市西区みなとみらい10丁目19番2号,横浜市西区,神奈川県,2200014,2023-10-06
2812,佐藤愛,佐藤愛2812@yahoo.co.jp,090-4100-1644,神奈川県横浜市西区みなとみらい8丁目30番2号,横浜市西区,神奈川県,2200038,2024-08-13
2813,小林健太,小林健太2813@icloud.com,090-8667-7479,東京都新宿区新宿7丁目3番6号,新宿区,東京都,1600015,2023-06-06
2814,渡辺健太,渡辺健太2814@icloud.com,090-9749-4829,千葉県千葉市美浜区美浜8丁目21番2号,千葉市美浜区,千葉県,2610028,2023-02-09
2815,遠藤誠,遠藤誠2815@gmail.com,090-3707-8287,京都府京都市下京区四条通10丁目13番8号,京都市下京区,京都府,6000036,2024-03-20
2816,長谷川正,長谷川正2816@example.com,090-9363-1457,大阪府大阪市北区梅田7丁目2番10号,大阪市北区,大阪府,5300010,2024-10-28
2817,遠藤拓也,遠藤拓也2817@outlook.com,090-5542-3589,神奈川県横浜市西区みなとみらい9丁目23番8号,横浜市西区,神奈川県,2200028,2024-06-22
2818,後藤翔太,後藤翔太2818@example.com,090-4373-2885,北海道札幌市北区北6条西9丁目12番3号,札幌市北区,北海道,0600021,2024-07-31
2819,渡辺さくら,渡辺さくら2819@icloud.com,090-1475-3824,東京都千代田区丸の内7丁目3番9号,千代田区,東京都,1000008,2024-05-13
2820,斎藤健一,斎藤健一2820@outlook.com,090-8274-3760,東京都新宿区新宿6丁目9番10号,新宿区,東京都,1600017,2024-10-25
2821,高橋達也,高橋達也2821@gmail.com,090-4152-5084,埼玉県さいたま市大宮区大宮2丁目13番8号,さいたま市大宮区,埼玉県,3300026,2024-01-05
2822,近藤大輔,近藤大輔2822@icloud.com,090-8401-2098,福岡県福岡市博多区博多駅前3丁目17番7号,福岡市博多区,福岡県,8120016,2023-04-11
2823,長谷川正,長谷川正2823@example.com,090-1383-6851,埼玉県さいたま市浦和区高砂10丁目3番9号,さいたま市浦和区,埼玉県,3300007,2024-04-18
2824,池田美咲,池田美咲2824@icloud.com,090-4587-5451,埼玉県さいたま市大宮区大宮8丁目3番4号,さいたま市大宮区,埼玉県,3300026,2023-11-19
2825,井上剛,井上剛2825@yahoo.co.jp,090-1336-4927,千葉県千葉市中央区中央8丁目10番7号,千葉市中央区,千葉県,2600012,2024-02-25
2826,松本麻衣,松本麻衣2826@outlook.com,090-5317-3422,神奈川県横浜市西区みなとみらい10丁目7番6号,横浜市西区,神奈川県,2200033,2023-10-12
2827,松本由美子,松本由美子2827@icloud.com,090-7712-8130,福岡県福岡市中央区天神4丁目10番5号,福岡市中央区,福岡県,8100030,2024-01-08
2828,小林亮,小林亮2828@yahoo.co.jp,090-4886-2686,京都府京都市中京区烏丸通8丁目1番4号,京都市中京区,京都府,6040005,2023-02-19
2829,村上慎一,村上慎一2829@gmail.com,090-6574-6313,福岡県福岡市中央区天神5丁目27番3号,福岡市中央区,福岡県,8100007,2023-12-06
2830,山本三郎,山本三郎2830@gmail.com,090-1811-5219,京都府京都市中京区烏丸通5丁目17番2号,京都市中京区,京都府,6040026,2024-09-15
2831,村上智子,村上智子2831@example.com,090-1388-4913,東京都千代田区丸の内10丁目22番4号,千代田区,東京都,1000002,2023-07-24
2832,藤井花子,藤井花子2832@outlook.com,090-4622-3155,東京都新宿区新宿4丁目3番2号,新宿区,東京都,1600001,2023-08-19
2833,田中恵子,田中恵子2833@outlook.com,090-9710-9345,北海道札幌市北区北6条西8丁目28番4号,札幌市北区,北海道,0600034,2023-03-18
2834,伊藤智子,伊藤智子2834@gmail.com,090-2044-2549,埼玉県さいたま市浦和区高砂2丁目10番8号,さいたま市浦和区,埼玉県,3300035,2023-02-09
2835,坂本恵子,坂本恵子2835@gmail.com,090-4710-4695,京都府京都市下京区四条通5丁目14番6号,京都市下京区,京都府,6000022,2024-05-22
2836,木村智子,木村智子2836@gmail.com,090-8159-5379,北海道札幌市中央区北1条西2丁目3番6号,札幌市中央区,北海道,0600025,2024-05-31
2837,加藤翔太,加藤翔太2837@outlook.com,090-3453-9545,福岡県福岡市博多区博多駅前2丁目5番5号,福岡市博多区,福岡県,8120010,2024-01-10
2838,前田さくら,前田さくら2838@outlook.com,090-5500-8598,埼玉県さいたま市大宮区大宮3丁目26番3号,さいたま市大宮区,埼玉県,3300030,2023-03-28
2839,遠藤一郎,遠藤一郎2839@gmail.com,090-8331-9155,京都府京都市中京区烏丸通8丁目21番10号,京都市中京区,京都府,6040009,2024-07-05
2840,近藤香織,近藤香織2840@outlook.com,090-3991-2965,北海道札幌市中央区北1条西10丁目23番9号,札幌市中央区,北海道,0600029,2023-02-16
2841,石川和也,石川和也2841@example.com,090-7924-9626,千葉県千葉市美浜区美浜6丁目30番2号,千葉市美浜区,千葉県,2610021,2023-11-20
2842,石川智子,石川智子2842@example.com,090-2408-9059,福岡県福岡市博多区博多駅前7丁目15番8号,福岡市博多区,福岡県,8120004,2024-02-04
2843,山田雄一,山田雄一2843@outlook.com,090-5451-9181,千葉県千葉市美浜区美浜1丁目16番3号,千葉市美浜区,千葉県,2610018,2024-12-13
2844,鈴木太郎,鈴木太郎2844@yahoo.co.jp,090-6399-4073,東京都千代田区丸の内6丁目9番2号,千代田区,東京都,1000001,2023-05-22
2845,遠藤健太,遠藤健太2845@yahoo.co.jp,090-4364-6628,埼玉県さいたま市浦和区高砂1丁目11番7号,さいたま市浦和区,埼玉県,3300002,2024-01-19
2846,井上誠,井上誠2846@yahoo.co.jp,090-9060-1474,大阪府大阪市中央区本町9丁目11番6号,大阪市中央区,大阪府,5410014,2024-05-24
2847,後藤慎一,後藤慎一2847@icloud.com,090-4213-6078,愛知県名古屋市西区名駅2丁目12番2号,名古屋市西区,愛知県,4510007,2024-06-02
2848,山田雄一,山田雄一2848@yahoo.co.jp,090-6363-9802,北海道札幌市北区北6条西10丁目16番9号,札幌市北区,北海道,0600021,2024-11-23
2849,吉田健太,吉田健太2849@outlook.com,090-8200-4108,大阪府大阪市北区梅田7丁目12番2号,大阪市北区,大阪府,5300018,2023-01-24
2850,遠藤千佳,遠藤千佳2850@gmail.com,090-2110-8267,福岡県福岡市博多区博多駅前9丁目2番6号,福岡市博多区,福岡県,8120007,2023-05-16
2851,佐藤麻美,佐藤麻美2851@outlook.com,090-2566-1352,北海道札幌市中央区北1条西8丁目23番10号,札幌市中央区,北海道,0600016,2023-10-02
2852,橋本優子,橋本優子2852@gmail.com,090-7738-1009,京都府京都市中京区烏丸通2丁目6番9号,京都市中京区,京都府,6040015,2023-04-12
2853,田中太郎,田中太郎2853@example.com,090-5033-1057,兵庫県神戸市灘区灘南通1丁目7番1号,神戸市灘区,兵庫県,6570002,2024-05-28
2854,高橋一郎,高橋一郎2854@icloud.com,090-2044-8851,京都府京都市中京区烏丸通9丁目30番9号,京都市中京区,京都府,6040030,2024-12-23
2855,伊藤慎一,伊藤慎一2855@example.com,090-8649-9628,東京都渋谷区渋谷8丁目24番10号,渋谷区,東京都,1500008,2023-02-06
2856,池田恵子,池田恵子2856@icloud.com,090-8827-8271,千葉県千葉市美浜区美浜10丁目8番5号,千葉市美浜区,千葉県,2610031,2024-11-05
2857,渡辺健太,渡辺健太2857@gmail.com,090-7888-3818,東京都渋谷区渋谷8丁目20番1号,渋谷区,東京都,1500010,2023-03-01
2858,中村恵子,中村恵子2858@outlook.com,090-2175-1428,大阪府大阪市北区梅田5丁目15番6号,大阪市北区,大阪府,5300014,2023-07-04
2859,林和也,林和也2859@outlook.com,090-1209-5728,大阪府大阪市中央区本町4丁目28番9号,大阪市中央区,大阪府,5410024,2023-05-07
2860,藤井達也,藤井達也2860@gmail.com,090-7485-9988,大阪府大阪市北区梅田9丁目4番2号,大阪市北区,大阪府,5300016,2024-07-28
2861,中村太郎,中村太郎2861@gmail.com,090-1311-1362,神奈川県横浜市中区本町10丁目1番4号,横浜市中区,神奈川県,2310023,2024-11-16
2862,橋本大輔,橋本大輔2862@icloud.com,090-8538-6497,大阪府大阪市中央区本町7丁目4番9号,大阪市中央区,大阪府,5410008,2023-07-23
2863,木村達也,木村達也2863@outlook.com,090-3791-6761,兵庫県神戸市中央区三宮町6丁目26番4号,神戸市中央区,兵庫県,6500012,2023-12-13
2864,鈴木三郎,鈴木三郎2864@icloud.com,090-4747-7810,福岡県福岡市中央区天神5丁目18番8号,福岡市中央区,福岡県,8100025,2023-07-13
2865,山本慎一,山本慎一2865@yahoo.co.jp,090-1085-3971,東京都新宿区新宿2丁目3番3号,新宿区,東京都,1600021,2024-12-04
2866,加藤優子,加藤優子2866@gmail.com,090-6454-3587,東京都新宿区新宿10丁目1番1号,新宿区,東京都,1600011,2024-01-18
2867,坂本愛,坂本愛2867@outlook.com,090-7394-5912,北海道札幌市北区北6条西7丁目27番2号,札幌市北区,北海道,0600025,2023-09-12
2868,鈴木真由美,鈴木真由美2868@yahoo.co.jp,090-6175-9660,北海道札幌市北区北6条西1丁目13番4号,札幌市北区,北海道,0600041,2024-04-09
2869,坂本美咲,坂本美咲2869@yahoo.co.jp,090-6491-3593,東京都千代田区丸の内8丁目11番5号,千代田区,東京都,1000017,2024-05-13
2870,藤井優子,藤井優子2870@example.com,090-9910-5008,東京都渋谷区渋谷3丁目15番10号,渋谷区,東京都,1500011,2024-12-27
2871,近藤由美,近藤由美2871@icloud.com,090-8133-4816,北海道札幌市北区北6条西3丁目6番6号,札幌市北区,北海道,0600010,2024-08-13
2872,田中さくら,田中さくら2872@icloud.com,090-8145-2123,東京都渋谷区渋谷1丁目12番8号,渋谷区,東京都,1500004,2023-12-22
2873,山田大輔,山田大輔2873@example.com,090-8140-7916,福岡県福岡市中央区天神1丁目2番6号,福岡市中央区,福岡県,8100035,2023-03-03
2874,前田剛,前田剛2874@gmail.com,090-8274-6064,大阪府大阪市中央区本町2丁目3番1号,大阪市中央区,大阪府,5410033,2024-11-26
2875,松本愛,松本愛2875@outlook.com,090-4414-4342,兵庫県神戸市灘区灘南通5丁目11番3号,神戸市灘区,兵庫県,6570014,2024-09-18
2876,松本健太,松本健太2876@yahoo.co.jp,090-8129-5452,神奈川県横浜市中区本町10丁目7番3号,横浜市中区,神奈川県,2310036,2024-07-10
2877,岡田次郎,岡田次郎2877@outlook.com,090-6619-9784,東京都千代田区丸の内6丁目10番2号,千代田区,東京都,1000010,2023-07-17
2878,岡田優子,岡田優子2878@gmail.com,090-3948-2007,東京都千代田区丸の内1丁目25番3号,千代田区,東京都,1000005,2024-05-14
2879,吉田誠,吉田誠2879@icloud.com,090-5087-9573,福岡県福岡市中央区天神1丁目6番9号,福岡市中央区,福岡県,8100011,2024-05-14
2880,佐藤恵子,佐藤恵子2880@gmail.com,090-1123-6257,大阪府大阪市中央区本町2丁目16番8号,大阪市中央区,大阪府,5410038,2023-07-25
2881,藤井直樹,藤井直樹2881@icloud.com,090-9644-9035,東京都新宿区新宿10丁目27番1号,新宿区,東京都,1600021,2023-06-01
2882,佐藤翔太,佐藤翔太2882@outlook.com,090-9453-5925,兵庫県神戸市灘区灘南通7丁目7番3号,神戸市灘区,兵庫県,6570027,2023-12-20
2883,吉田花子,吉田花子2883@icloud.com,090-5563-6148,福岡県福岡市博多区博多駅前8丁目25番1号,福岡市博多区,福岡県,8120020,2024-07-12
2884,斎藤美咲,斎藤美咲2884@outlook.com,090-4808-5736,愛知県名古屋市中区錦8丁目18番4号,名古屋市中区,愛知県,4600002,2023-06-26
2885,加藤智子,加藤智子2885@example.com,090-5650-7112,埼玉県さいたま市浦和区高砂3丁目11番3号,さいたま市浦和区,埼玉県,3300036,2023-12-16
2886,田中真由美,田中真由美2886@outlook.com,090-4183-2956,愛知県名古屋市西区名駅9丁目16番8号,名古屋市西区,愛知県,4510039,2024-04-06
2887,森田剛,森田剛2887@yahoo.co.jp,090-8531-3862,大阪府大阪市中央区本町3丁目2番1号,大阪市中央区,大阪府,5410030,2023-07-05
2888,中村拓也,中村拓也2888@yahoo.co.jp,090-5119-2746,東京都千代田区丸の内8丁目27番6号,千代田区,東京都,1000014,2024-07-24
2889,池田健一,池田健一2889@example.com,090-6436-2439,埼玉県さいたま市大宮区大宮4丁目6番8号,さいたま市大宮区,埼玉県,3300033,2023-03-24
2890,山本さくら,山本さくら2890@example.com,090-6668-6763,東京都渋谷区渋谷7丁目1番6号,渋谷区,東京都,1500016,2023-12-27
2891,山本麻衣,山本麻衣2891@gmail.com,090-2647-1885,北海道札幌市中央区北1条西2丁目1番10号,札幌市中央区,北海道,0600037,2024-12-17
2892,後藤太郎,後藤太郎2892@icloud.com,090-4199-6089,東京都渋谷区渋谷1丁目25番5号,渋谷区,東京都,1500029,2023-09-14
2893,近藤三郎,近藤三郎2893@outlook.com,090-4817-5380,兵庫県神戸市灘区灘南通9丁目7番4号,神戸市灘区,兵庫県,6570036,2023-02-14
2894,林拓也,林拓也2894@icloud.com,090-5992-4714,神奈川県横浜市中区本町9丁目19番8号,横浜市中区,神奈川県,2310034,2023-05-01
2895,松本美香,松本美香2895@icloud.com,090-4379-5890,埼玉県さいたま市浦和区高砂4丁目6番1号,さいたま市浦和区,埼玉県,3300031,2024-08-18
2896,中村美香,中村美香2896@outlook.com,090-9319-1572,兵庫県神戸市中央区三宮町8丁目6番7号,神戸市中央区,兵庫県,6500039,2024-10-14
2897,近藤雄一,近藤雄一2897@yahoo.co.jp,090-3391-3159,福岡県福岡市博多区博多駅前2丁目27番2号,福岡市博多区,福岡県,8120019,2024-09-05
2898,林健一,林健一2898@yahoo.co.jp,090-2859-2897,京都府京都市中京区烏丸通7丁目18番4号,京都市中京区,京都府,6040008,2024-08-16
2899,高橋和也,高橋和也2899@outlook.com,090-3667-2426,千葉県千葉市中央区中央10丁目13番7号,千葉市中央区,千葉県,2600010,2024-06-25
2900,森田恵子,森田恵子2900@example.com,090-7474-7783,京都府京都市下京区四条通3丁目10番5号,京都市下京区,京都府,6000032,2024-08-19
2901,池田三郎,池田三郎2901@example.com,090-9032-7635,東京都千代田区丸の内6丁目6番5号,千代田区,東京都,1000014,2023-03-18
2902,中村雄一,中村雄一2902@yahoo.co.jp,090-2068-6895,京都府京都市中京区烏丸通10丁目24番8号,京都市中京区,京都府,6040015,2023-11-05
2903,林拓也,林拓也2903@outlook.com,090-7860-5968,兵庫県神戸市中央区三宮町8丁目18番9号,神戸市中央区,兵庫県,6500009,2023-07-09
2904,中村正,中村正2904@gmail.com,090-6928-1038,北海道札幌市北区北6条西5丁目24番7号,札幌市北区,北海道,0600019,2023-11-15
2905,後藤翔太,後藤翔太2905@gmail.com,090-6001-6246,千葉県千葉市中央区中央5丁目27番8号,千葉市中央区,千葉県,2600038,2024-02-18
2906,高橋三郎,高橋三郎2906@yahoo.co.jp,090-6840-7698,大阪府大阪市中央区本町9丁目9番9号,大阪市中央区,大阪府,5410031,2023-07-24
2907,小林翔太,小林翔太2907@example.com,090-7094-7060,大阪府大阪市中央区本町4丁目10番2号,大阪市中央区,大阪府,5410002,2023-11-19
2908,斎藤次郎,斎藤次郎2908@yahoo.co.jp,090-3508-6853,埼玉県さいたま市大宮区大宮6丁目4番3号,さいたま市大宮区,埼玉県,3300010,2024-10-14
2909,岡田愛,岡田愛2909@gmail.com,090-9782-1083,埼玉県さいたま市浦和区高砂3丁目2番6号,さいたま市浦和区,埼玉県,3300012,2024-03-13
2910,林達也,林達也2910@example.com,090-5049-2621,千葉県千葉市中央区中央10丁目8番6号,千葉市中央区,千葉県,2600028,2023-02-20
2911,佐藤翔太,佐藤翔太2911@yahoo.co.jp,090-1090-3275,神奈川県横浜市中区本町3丁目15番5号,横浜市中区,神奈川県,2310007,2024-09-16
2912,坂本達也,坂本達也2912@outlook.com,090-2144-2125,千葉県千葉市中央区中央6丁目5番6号,千葉市中央区,千葉県,2600040,2023-01-03
2913,鈴木優子,鈴木優子2913@icloud.com,090-5454-9895,京都府京都市中京区烏丸通8丁目18番5号,京都市中京区,京都府,6040002,2023-04-19
2914,池田健太,池田健太2914@yahoo.co.jp,090-3219-4450,神奈川県横浜市西区みなとみらい4丁目1番10号,横浜市西区,神奈川県,2200033,2023-07-15
2915,小林三郎,小林三郎2915@icloud.com,090-7630-8527,東京都新宿区新宿10丁目23番5号,新宿区,東京都,1600012,2024-05-06
2916,長谷川美香,長谷川美香2916@gmail.com,090-7950-7034,兵庫県神戸市中央区三宮町9丁目22番8号,神戸市中央区,兵庫県,6500012,2023-08-10
2917,藤井直樹,藤井直樹2917@gmail.com,090-4255-7920,東京都千代田区丸の内5丁目2番2号,千代田区,東京都,1000007,2023-06-18
2918,伊藤慎一,伊藤慎一2918@gmail.com,090-6700-1999,福岡県福岡市博多区博多駅前5丁目7番2号,福岡市博多区,福岡県,8120005,2023-02-19
2919,田中三郎,田中三郎2919@outlook.com,090-3670-3659,兵庫県神戸市灘区灘南通8丁目15番3号,神戸市灘区,兵庫県,6570001,2024-01-01
2920,小林さくら,小林さくら2920@icloud.com,090-2989-3080,北海道札幌市中央区北1条西6丁目7番8号,札幌市中央区,北海道,0600041,2023-05-06
2921,遠藤花子,遠藤花子2921@outlook.com,090-4508-7938,愛知県名古屋市西区名駅7丁目29番7号,名古屋市西区,愛知県,4510022,2023-09-05
2922,渡辺由美子,渡辺由美子2922@example.com,090-4720-8689,東京都新宿区新宿10丁目14番1号,新宿区,東京都,1600017,2023-05-06
2923,山田正,山田正2923@gmail.com,090-6650-9498,埼玉県さいたま市浦和区高砂3丁目28番3号,さいたま市浦和区,埼玉県,3300009,2024-07-21
2924,山田亮,山田亮2924@outlook.com,090-1210-2675,北海道札幌市北区北6条西6丁目15番4号,札幌市北区,北海道,0600033,2023-08-25
2925,長谷川達也,長谷川達也2925@gmail.com,090-3566-6692,北海道札幌市北区北6条西7丁目7番10号,札幌市北区,北海道,0600032,2023-10-13
2926,山本剛,山本剛2926@example.com,090-6243-1742,埼玉県さいたま市浦和区高砂10丁目18番2号,さいたま市浦和区,埼玉県,3300008,2023-09-06
2927,村上健一,村上健一2927@gmail.com,090-5852-8751,京都府京都市中京区烏丸通7丁目29番7号,京都市中京区,京都府,6040031,2023-06-21
2928,鈴木拓也,鈴木拓也2928@gmail.com,090-6434-1232,福岡県福岡市博多区博多駅前1丁目17番4号,福岡市博多区,福岡県,8120012,2024-11-12
2929,石川麻衣,石川麻衣2929@example.com,090-1578-5664,東京都新宿区新宿5丁目28番7号,新宿区,東京都,1600012,2023-03-03
2930,森田花子,森田花子2930@outlook.com,090-4798-2343,愛知県名古屋市西区名駅2丁目20番3号,名古屋市西区,愛知県,4510025,2023-02-12
2931,坂本亮,坂本亮2931@example.com,090-1850-7389,大阪府大阪市北区梅田9丁目29番9号,大阪市北区,大阪府,5300016,2023-11-25
2932,藤原麻美,藤原麻美2932@icloud.com,090-3338-9621,埼玉県さいたま市浦和区高砂4丁目6番2号,さいたま市浦和区,埼玉県,3300016,2023-02-08
2933,石川花子,石川花子2933@outlook.com,090-1402-2713,千葉県千葉市美浜区美浜7丁目28番10号,千葉市美浜区,千葉県,2610004,2024-10-26
2934,池田健太,池田健太2934@gmail.com,090-3961-9462,東京都渋谷区渋谷1丁目25番5号,渋谷区,東京都,1500033,2023-09-27
2935,岡田誠,岡田誠2935@gmail.com,090-2178-9314,千葉県千葉市美浜区美浜7丁目30番7号,千葉市美浜区,千葉県,2610032,2023-11-29
2936,井上千佳,井上千佳2936@icloud.com,090-8363-8672,千葉県千葉市中央区中央4丁目4番9号,千葉市中央区,千葉県,2600027,2024-05-25
2937,木村達也,木村達也2937@icloud.com,090-5358-7944,福岡県福岡市博多区博多駅前7丁目25番10号,福岡市博多区,福岡県,8120001,2023-11-28
2938,近藤愛,近藤愛2938@outlook.com,090-3456-3518,埼玉県さいたま市大宮区大宮7丁目4番9号,さいたま市大宮区,埼玉県,3300023,2024-09-19
2939,伊藤健一,伊藤健一2939@icloud.com,090-1017-4318,大阪府大阪市中央区本町6丁目5番6号,大阪市中央区,大阪府,5410025,2023-02-28
2940,藤井剛,藤井剛2940@example.com,090-1261-8735,福岡県福岡市博多区博多駅前7丁目21番10号,福岡市博多区,福岡県,8120012,2023-06-16
2941,岡田一郎,岡田一郎2941@example.com,090-9807-5954,愛知県名古屋市中区錦2丁目21番5号,名古屋市中区,愛知県,4600008,2023-08-03
2942,遠藤由美子,遠藤由美子2942@icloud.com,090-7907-9830,東京都渋谷区渋谷1丁目18番3号,渋谷区,東京都,1500033,2024-03-02
2943,長谷川恵子,長谷川恵子2943@example.com,090-3593-1030,福岡県福岡市博多区博多駅前9丁目23番5号,福岡市博多区,福岡県,8120011,2023-12-05
2944,山田真由美,山田真由美2944@gmail.com,090-2195-1393,北海道札幌市北区北6条西3丁目29番8号,札幌市北区,北海道,0600036,2024-11-07
2945,佐藤次郎,佐藤次郎2945@yahoo.co.jp,090-8971-2625,大阪府大阪市中央区本町1丁目16番4号,大阪市中央区,大阪府,5410016,2024-03-04
2946,前田真由美,前田真由美2946@gmail.com,090-7815-5228,福岡県福岡市博多区博多駅前3丁目11番4号,福岡市博多区,福岡県,8120016,2023-05-29
2947,石川健一,石川健一2947@example.com,090-2727-6960,兵庫県神戸市灘区灘南通3丁目25番2号,神戸市灘区,兵庫県,6570012,2024-11-05
2948,斎藤千佳,斎藤千佳2948@outlook.com,090-8492-4437,神奈川県横浜市中区本町10丁目10番8号,横浜市中区,神奈川県,2310029,2024-01-30
2949,森田智子,森田智子2949@example.com,090-6676-6730,千葉県千葉市中央区中央5丁目3番2号,千葉市中央区,千葉県,2600020,2024-05-28
2950,遠藤愛,遠藤愛2950@icloud.com,090-8818-1004,京都府京都市下京区四条通6丁目30番1号,京都市下京区,京都府,6000014,2024-07-03
2951,橋本美香,橋本美香2951@outlook.com,090-4767-2251,東京都千代田区丸の内6丁目2番2号,千代田区,東京都,1000013,2024-09-18
2952,斎藤剛,斎藤剛2952@gmail.com,090-7379-3257,京都府京都市中京区烏丸通6丁目14番7号,京都市中京区,京都府,6040015,2023-09-24
2953,小林次郎,小林次郎2953@gmail.com,090-7818-6607,埼玉県さいたま市大宮区大宮8丁目10番4号,さいたま市大宮区,埼玉県,3300006,2024-06-30
2954,岡田三郎,岡田三郎2954@outlook.com,090-5968-9502,神奈川県横浜市中区本町9丁目19番6号,横浜市中区,神奈川県,2310021,2023-10-30
2955,伊藤誠,伊藤誠2955@yahoo.co.jp,090-5800-3084,埼玉県さいたま市浦和区高砂6丁目4番3号,さいたま市浦和区,埼玉県,3300005,2024-01-11
2956,鈴木智子,鈴木智子2956@example.com,090-6940-9847,福岡県福岡市博多区博多駅前6丁目7番7号,福岡市博多区,福岡県,8120017,2023-10-26
2957,鈴木由美,鈴木由美2957@gmail.com,090-4538-6536,千葉県千葉市美浜区美浜9丁目4番7号,千葉市美浜区,千葉県,2610010,2023-03-21
2958,佐藤誠,佐藤誠2958@yahoo.co.jp,090-2266-9955,北海道札幌市北区北6条西5丁目25番6号,札幌市北区,北海道,0600009,2023-03-24
2959,後藤健太,後藤健太2959@icloud.com,090-4913-8263,東京都渋谷区渋谷5丁目2番9号,渋谷区,東京都,1500021,2024-02-10
2960,橋本太郎,橋本太郎2960@gmail.com,090-6927-1538,埼玉県さいたま市浦和区高砂1丁目27番2号,さいたま市浦和区,埼玉県,3300023,2024-07-17
2961,渡辺由美子,渡辺由美子2961@icloud.com,090-2453-8922,愛知県名古屋市中区錦2丁目29番8号,名古屋市中区,愛知県,4600007,2023-01-06
2962,橋本三郎,橋本三郎2962@outlook.com,090-5836-3234,千葉県千葉市中央区中央6丁目24番4号,千葉市中央区,千葉県,2600003,2023-07-15
2963,吉田和也,吉田和也2963@icloud.com,090-1191-8898,北海道札幌市北区北6条西9丁目15番7号,札幌市北区,北海道,0600006,2023-03-13
2964,佐藤三郎,佐藤三郎2964@yahoo.co.jp,090-8785-7444,埼玉県さいたま市大宮区大宮4丁目20番8号,さいたま市大宮区,埼玉県,3300015,2024-02-17
2965,鈴木さくら,鈴木さくら2965@gmail.com,090-6858-4212,神奈川県横浜市西区みなとみらい1丁目3番8号,横浜市西区,神奈川県,2200027,2024-10-26
2966,木村拓也,木村拓也2966@gmail.com,090-2335-6667,愛知県名古屋市中区錦5丁目5番5号,名古屋市中区,愛知県,4600001,2023-01-25
2967,遠藤太郎,遠藤太郎2967@gmail.com,090-1525-8929,埼玉県さいたま市浦和区高砂5丁目6番5号,さいたま市浦和区,埼玉県,3300013,2023-07-28
2968,中村和也,中村和也2968@example.com,090-7527-7630,京都府京都市下京区四条通9丁目18番7号,京都市下京区,京都府,6000012,2024-10-14
2969,田中千佳,田中千佳2969@gmail.com,090-9917-5204,神奈川県横浜市西区みなとみらい6丁目11番7号,横浜市西区,神奈川県,2200028,2023-10-29
2970,斎藤花子,斎藤花子2970@yahoo.co.jp,090-4604-5381,大阪府大阪市中央区本町9丁目7番4号,大阪市中央区,大阪府,5410010,2024-05-20
2971,岡田麻衣,岡田麻衣2971@icloud.com,090-4213-8330,兵庫県神戸市中央区三宮町2丁目8番7号,神戸市中央区,兵庫県,6500009,2023-12-02
2972,田中三郎,田中三郎2972@gmail.com,090-2132-7857,千葉県千葉市中央区中央9丁目12番9号,千葉市中央区,千葉県,2600013,2023-04-20
2973,伊藤健太,伊藤健太2973@icloud.com,090-5966-9764,大阪府大阪市北区梅田5丁目16番10号,大阪市北区,大阪府,5300007,2023-07-14
2974,村上達也,村上達也2974@example.com,090-5182-3895,東京都千代田区丸の内1丁目5番7号,千代田区,東京都,1000005,2024-01-09
2975,鈴木真由美,鈴木真由美2975@icloud.com,090-1207-2872,兵庫県神戸市中央区三宮町1丁目9番7号,神戸市中央区,兵庫県,6500011,2023-03-26
2976,長谷川大輔,長谷川大輔2976@gmail.com,090-1672-9294,東京都渋谷区渋谷7丁目24番5号,渋谷区,東京都,1500024,2024-06-08
2977,前田美穂,前田美穂2977@icloud.com,090-2511-6354,千葉県千葉市中央区中央8丁目22番9号,千葉市中央区,千葉県,2600034,2024-05-12
2978,遠藤麻衣,遠藤麻衣2978@outlook.com,090-2917-3227,東京都渋谷区渋谷2丁目25番5号,渋谷区,東京都,1500031,2023-05-03
2979,吉田恵子,吉田恵子2979@outlook.com,090-1943-8552,神奈川県横浜市中区本町5丁目25番3号,横浜市中区,神奈川県,2310013,2023-12-30
2980,吉田亮,吉田亮2980@icloud.com,090-7075-9121,兵庫県神戸市中央区三宮町8丁目20番8号,神戸市中央区,兵庫県,6500011,2023-05-05
2981,加藤真由美,加藤真由美2981@gmail.com,090-3257-1671,東京都渋谷区渋谷9丁目4番9号,渋谷区,東京都,1500024,2024-09-24
2982,吉田美咲,吉田美咲2982@yahoo.co.jp,090-1202-3516,東京都渋谷区渋谷6丁目21番10号,渋谷区,東京都,1500020,2024-08-28
2983,橋本優子,橋本優子2983@gmail.com,090-7544-9896,千葉県千葉市中央区中央5丁目17番6号,千葉市中央区,千葉県,2600016,2024-04-29
2984,石川愛,石川愛2984@example.com,090-5768-7291,埼玉県さいたま市大宮区大宮5丁目3番3号,さいたま市大宮区,埼玉県,3300018,2024-11-28
2985,中村麻美,中村麻美2985@gmail.com,090-4536-6685,大阪府大阪市北区梅田9丁目4番3号,大阪市北区,大阪府,5300021,2023-02-23
2986,石川慎一,石川慎一2986@yahoo.co.jp,090-5382-1526,愛知県名古屋市中区錦8丁目28番1号,名古屋市中区,愛知県,4600006,2023-09-09
2987,中村達也,中村達也2987@outlook.com,090-3146-5866,福岡県福岡市博多区博多駅前2丁目27番6号,福岡市博多区,福岡県,8120012,2023-07-22
2988,佐藤由美子,佐藤由美子2988@example.com,090-6638-7070,北海道札幌市北区北6条西6丁目6番2号,札幌市北区,北海道,0600001,2023-12-30
2989,渡辺さくら,渡辺さくら2989@example.com,090-8361-2579,大阪府大阪市北区梅田8丁目26番10号,大阪市北区,大阪府,5300007,2023-01-19
2990,橋本大輔,橋本大輔2990@yahoo.co.jp,090-2860-3483,大阪府大阪市中央区本町8丁目15番10号,大阪市中央区,大阪府,5410029,2023-08-23
2991,渡辺由美子,渡辺由美子2991@yahoo.co.jp,090-3411-3217,神奈川県横浜市中区本町8丁目27番7号,横浜市中区,神奈川県,2310014,2023-06-09
2992,村上太郎,村上太郎2992@example.com,090-9754-1934,兵庫県神戸市中央区三宮町10丁目21番1号,神戸市中央区,兵庫県,6500033,2024-10-04
2993,山田正,山田正2993@gmail.com,090-2410-6069,兵庫県神戸市中央区三宮町2丁目16番1号,神戸市中央区,兵庫県,6500017,2024-02-21
2994,藤井美香,藤井美香2994@example.com,090-7077-1734,京都府京都市中京区烏丸通1丁目25番4号,京都市中京区,京都府,6040028,2024-02-27
2995,近藤雄一,近藤雄一2995@icloud.com,090-6551-4149,埼玉県さいたま市大宮区大宮5丁目16番8号,さいたま市大宮区,埼玉県,3300038,2023-03-06
2996,石川大輔,石川大輔2996@outlook.com,090-7915-5333,北海道札幌市北区北6条西7丁目16番1号,札幌市北区,北海道,0600010,2023-01-10
2997,井上三郎,井上三郎2997@outlook.com,090-7341-3105,千葉県千葉市中央区中央3丁目6番3号,千葉市中央区,千葉県,2600008,2024-12-07
2998,田中直樹,田中直樹2998@gmail.com,090-6673-9967,千葉県千葉市中央区中央9丁目24番10号,千葉市中央区,千葉県,2600017,2024-06-12
2999,長谷川三郎,長谷川三郎2999@yahoo.co.jp,090-3344-5814,東京都渋谷区渋谷7丁目7番5号,渋谷区,東京都,1500027,2024-05-24
3000,森田雄一,森田雄一3000@example.com,090-1897-5383,愛知県名古屋市西区名駅1丁目26番3号,名古屋市西区,愛知県,4510037,2023-07-11
3001,加藤美穂,加藤美穂3001@gmail.com,090-5597-6036,大阪府大阪市中央区本町8丁目10番4号,大阪市中央区,大阪府,5410039,2023-07-08
3002,池田剛,池田剛3002@yahoo.co.jp,090-6763-4978,北海道札幌市中央区北1条西6丁目16番5号,札幌市中央区,北海道,0600023,2024-01-29
3003,井上美香,井上美香3003@gmail.com,090-2020-7324,兵庫県神戸市灘区灘南通1丁目25番1号,神戸市灘区,兵庫県,6570030,2023-06-15
3004,青木由美,青木由美3004@outlook.com,090-1976-1891,神奈川県横浜市中区本町1丁目2番4号,横浜市中区,神奈川県,2310023,2024-12-01
3005,藤井慎一,藤井慎一3005@yahoo.co.jp,090-2320-1481,東京都渋谷区渋谷10丁目12番1号,渋谷区,東京都,1500003,2024-11-09
3006,田中美香,田中美香3006@outlook.com,090-9115-4553,東京都渋谷区渋谷1丁目23番9号,渋谷区,東京都,1500014,2023-12-26
3007,小林翔太,小林翔太3007@example.com,090-6331-4653,兵庫県神戸市灘区灘南通6丁目16番2号,神戸市灘区,兵庫県,6570033,2023-11-30
3008,石川亮,石川亮3008@example.com,090-8939-8124,愛知県名古屋市西区名駅6丁目15番8号,名古屋市西区,愛知県,4510006,2023-11-08
3009,山本由美子,山本由美子3009@gmail.com,090-3605-7850,東京都渋谷区渋谷10丁目24番6号,渋谷区,東京都,1500005,2023-03-25
3010,青木恵子,青木恵子3010@gmail.com,090-7639-5681,埼玉県さいたま市大宮区大宮5丁目5番5号,さいたま市大宮区,埼玉県,3300004,2023-01-25
3011,後藤愛,後藤愛3011@example.com,090-1873-3307,埼玉県さいたま市浦和区高砂7丁目27番7号,さいたま市浦和区,埼玉県,3300028,2024-11-22
3012,斎藤麻美,斎藤麻美3012@yahoo.co.jp,090-3280-2100,福岡県福岡市中央区天神9丁目10番2号,福岡市中央区,福岡県,8100025,2024-12-23
3013,森田真由美,森田真由美3013@icloud.com,090-4205-5454,大阪府大阪市北区梅田5丁目24番4号,大阪市北区,大阪府,5300010,2023-05-06
3014,藤井一郎,藤井一郎3014@gmail.com,090-3076-3184,大阪府大阪市中央区本町10丁目18番3号,大阪市中央区,大阪府,5410009,2024-07-10
3015,小林直樹,小林直樹3015@gmail.com,090-6594-7606,千葉県千葉市中央区中央6丁目14番3号,千葉市中央区,千葉県,2600001,2023-10-28
3016,前田一郎,前田一郎3016@gmail.com,090-8484-7361,千葉県千葉市中央区中央8丁目16番10号,千葉市中央区,千葉県,2600033,2023-12-12
3017,前田一郎,前田一郎3017@icloud.com,090-2333-5009,京都府京都市中京区烏丸通5丁目15番10号,京都市中京区,京都府,6040026,2023-12-10
3018,村上次郎,村上次郎3018@example.com,090-9869-1297,神奈川県横浜市中区本町8丁目12番6号,横浜市中区,神奈川県,2310034,2024-01-17
3019,村上和也,村上和也3019@outlook.com,090-1041-3145,大阪府大阪市中央区本町1丁目6番1号,大阪市中央区,大阪府,5410006,2024-01-15
3020,石川亮,石川亮3020@yahoo.co.jp,090-9451-2221,埼玉県さいたま市大宮区大宮6丁目2番10号,さいたま市大宮区,埼玉県,3300006,2024-12-18
3021,村上千佳,村上千佳3021@outlook.com,090-4387-7662,京都府京都市下京区四条通8丁目4番1号,京都市下京区,京都府,6000016,2023-12-27
3022,小林花子,小林花子3022@gmail.com,090-5325-5167,東京都千代田区丸の内6丁目16番4号,千代田区,東京都,1000009,2023-02-16
3023,遠藤麻衣,遠藤麻衣3023@yahoo.co.jp,090-7723-5787,愛知県名古屋市中区錦7丁目14番2号,名古屋市中区,愛知県,4600004,2024-05-27
3024,近藤慎一,近藤慎一3024@gmail.com,090-7900-4417,福岡県福岡市中央区天神6丁目11番8号,福岡市中央区,福岡県,8100015,2023-06-21
3025,吉田健太,吉田健太3025@outlook.com,090-8906-4455,千葉県千葉市美浜区美浜8丁目8番1号,千葉市美浜区,千葉県,2610031,2024-07-24
3026,田中美穂,田中美穂3026@yahoo.co.jp,090-9861-8818,神奈川県横浜市西区みなとみらい9丁目21番6号,横浜市西区,神奈川県,2200020,2023-02-28
3027,高橋美香,高橋美香3027@yahoo.co.jp,090-6212-2510,愛知県名古屋市中区錦4丁目11番1号,名古屋市中区,愛知県,4600001,2024-10-26
3028,松本香織,松本香織3028@gmail.com,090-2938-3990,千葉県千葉市中央区中央7丁目27番2号,千葉市中央区,千葉県,2600029,2024-02-17
3029,井上真由美,井上真由美3029@icloud.com,090-7164-6525,兵庫県神戸市灘区灘南通5丁目18番5号,神戸市灘区,兵庫県,6570021,2024-07-12
3030,松本大輔,松本大輔3030@outlook.com,090-3555-9336,千葉県千葉市中央区中央7丁目12番5号,千葉市中央区,千葉県,2600008,2023-05-14
3031,林美穂,林美穂3031@example.com,090-2371-1429,北海道札幌市北区北6条西6丁目28番8号,札幌市北区,北海道,0600030,2023-11-12
3032,村上美香,村上美香3032@yahoo.co.jp,090-1059-5428,神奈川県横浜市西区みなとみらい2丁目17番2号,横浜市西区,神奈川県,2200014,2023-02-25
3033,松本大輔,松本大輔3033@outlook.com,090-2184-5590,東京都千代田区丸の内5丁目25番5号,千代田区,東京都,1000007,2024-12-14
3034,近藤さくら,近藤さくら3034@gmail.com,090-8138-6616,北海道札幌市中央区北1条西4丁目9番7号,札幌市中央区,北海道,0600003,2023-03-20
3035,藤原翔太,藤原翔太3035@gmail.com,090-6580-6282,愛知県名古屋市中区錦3丁目19番2号,名古屋市中区,愛知県,4600001,2024-02-08
3036,藤原翔太,藤原翔太3036@gmail.com,090-8167-7795,東京都千代田区丸の内8丁目12番9号,千代田区,東京都,1000006,2024-09-24
3037,池田健太,池田健太3037@gmail.com,090-9249-3879,愛知県名古屋市中区錦1丁目7番9号,名古屋市中区,愛知県,4600003,2024-05-27
3038,長谷川美咲,長谷川美咲3038@gmail.com,090-4314-5629,愛知県名古屋市西区名駅1丁目1番6号,名古屋市西区,愛知県,4510013,2024-01-18
3039,吉田美咲,吉田美咲3039@example.com,090-1733-6301,兵庫県神戸市中央区三宮町5丁目10番9号,神戸市中央区,兵庫県,6500009,2024-01-05
3040,鈴木直樹,鈴木直樹3040@example.com,090-6522-4184,兵庫県神戸市中央区三宮町8丁目1番4号,神戸市中央区,兵庫県,6500022,2023-08-05
3041,林一郎,林一郎3041@yahoo.co.jp,090-5423-2883,東京都渋谷区渋谷1丁目20番1号,渋谷区,東京都,1500001,2024-07-16
3042,鈴木一郎,鈴木一郎3042@icloud.com,090-2454-2094,大阪府大阪市北区梅田10丁目8番1号,大阪市北区,大阪府,5300015,2023-09-09
3043,坂本直樹,坂本直樹3043@icloud.com,090-6679-9234,埼玉県さいたま市大宮区大宮9丁目26番8号,さいたま市大宮区,埼玉県,3300036,2023-01-17
3044,長谷川誠,長谷川誠3044@example.com,090-5089-8007,神奈川県横浜市西区みなとみらい4丁目4番7号,横浜市西区,神奈川県,2200037,2024-12-09
3045,村上直樹,村上直樹3045@icloud.com,090-7329-9080,大阪府大阪市北区梅田4丁目18番5号,大阪市北区,大阪府,5300001,2023-07-31
3046,山本和也,山本和也3046@example.com,090-4677-8906,京都府京都市下京区四条通5丁目27番4号,京都市下京区,京都府,6000020,2024-06-25
3047,佐藤愛,佐藤愛3047@gmail.com,090-3441-3361,兵庫県神戸市中央区三宮町3丁目17番10号,神戸市中央区,兵庫県,6500014,2024-01-06
3048,石川達也,石川達也3048@outlook.com,090-9651-2859,大阪府大阪市北区梅田4丁目26番5号,大阪市北区,大阪府,5300020,2023-08-24
3049,高橋直樹,高橋直樹3049@icloud.com,090-3306-7317,愛知県名古屋市西区名駅5丁目3番5号,名古屋市西区,愛知県,4510038,2023-06-08
3050,青木麻美,青木麻美3050@example.com,090-6626-4628,兵庫県神戸市灘区灘南通10丁目19番4号,神戸市灘区,兵庫県,6570023,2023-06-26
3051,前田美香,前田美香3051@example.com,090-5027-2361,北海道札幌市北区北6条西10丁目6番10号,札幌市北区,北海道,0600040,2024-02-23
3052,中村太郎,中村太郎3052@yahoo.co.jp,090-9221-8004,東京都新宿区新宿1丁目26番5号,新宿区,東京都,1600003,2024-09-11
3053,伊藤直樹,伊藤直樹3053@yahoo.co.jp,090-1446-7187,東京都渋谷区渋谷9丁目19番10号,渋谷区,東京都,1500024,2023-12-27
3054,青木優子,青木優子3054@icloud.com,090-1046-1409,愛知県名古屋市西区名駅3丁目13番7号,名古屋市西区,愛知県,4510040,2024-12-05
3055,小林美穂,小林美穂3055@outlook.com,090-3801-1409,埼玉県さいたま市浦和区高砂1丁目16番7号,さいたま市浦和区,埼玉県,3300019,2023-10-30
3056,高橋拓也,高橋拓也3056@icloud.com,090-1418-5771,東京都千代田区丸の内7丁目21番7号,千代田区,東京都,1000005,2023-02-01
3057,藤原三郎,藤原三郎3057@gmail.com,090-8006-8157,北海道札幌市中央区北1条西8丁目5番9号,札幌市中央区,北海道,0600004,2023-05-14
3058,青木達也,青木達也3058@yahoo.co.jp,090-5400-4605,大阪府大阪市中央区本町1丁目9番8号,大阪市中央区,大阪府,5410032,2024-09-18
3059,村上慎一,村上慎一3059@outlook.com,090-5603-3129,北海道札幌市中央区北1条西4丁目21番9号,札幌市中央区,北海道,0600006,2024-06-20
3060,田中翔太,田中翔太3060@outlook.com,090-6454-1967,愛知県名古屋市西区名駅10丁目29番4号,名古屋市西区,愛知県,4510037,2023-10-03
3061,井上麻衣,井上麻衣3061@example.com,090-2006-7185,愛知県名古屋市西区名駅7丁目17番1号,名古屋市西区,愛知県,4510035,2024-04-22
3062,井上健太,井上健太3062@example.com,090-8615-6502,北海道札幌市北区北6条西1丁目14番8号,札幌市北区,北海道,0600023,2023-08-12
3063,長谷川健一,長谷川健一3063@yahoo.co.jp,090-9663-1196,東京都渋谷区渋谷7丁目27番7号,渋谷区,東京都,1500007,2024-03-09
3064,森田和也,森田和也3064@outlook.com,090-5095-1519,愛知県名古屋市西区名駅6丁目3番5号,名古屋市西区,愛知県,4510039,2024-06-07
3065,林真由美,林真由美3065@yahoo.co.jp,090-3952-9781,兵庫県神戸市中央区三宮町10丁目3番2号,神戸市中央区,兵庫県,6500018,2024-02-01
3066,渡辺優子,渡辺優子3066@yahoo.co.jp,090-9524-8402,京都府京都市中京区烏丸通2丁目29番7号,京都市中京区,京都府,6040032,2023-03-29
3067,林亮,林亮3067@gmail.com,090-6903-9074,北海道札幌市中央区北1条西8丁目7番10号,札幌市中央区,北海道,0600027,2024-03-03
3068,吉田恵子,吉田恵子3068@gmail.com,090-8194-2213,千葉県千葉市美浜区美浜3丁目28番7号,千葉市美浜区,千葉県,2610010,2024-11-25
3069,石川美香,石川美香3069@gmail.com,090-9074-5581,北海道札幌市中央区北1条西8丁目14番2号,札幌市中央区,北海道,0600039,2023-09-28
3070,松本麻衣,松本麻衣3070@icloud.com,090-4147-1274,埼玉県さいたま市浦和区高砂6丁目13番6号,さいたま市浦和区,埼玉県,3300006,2023-08-12
3071,橋本健太,橋本健太3071@gmail.com,090-7364-9168,大阪府大阪市中央区本町6丁目16番6号,大阪市中央区,大阪府,5410035,2023-07-12
3072,山田剛,山田剛3072@example.com,090-4303-4687,埼玉県さいたま市浦和区高砂2丁目1番2号,さいたま市浦和区,埼玉県,3300014,2023-09-20
3073,吉田さくら,吉田さくら3073@icloud.com,090-8074-4015,埼玉県さいたま市大宮区大宮3丁目16番8号,さいたま市大宮区,埼玉県,3300006,2023-11-17
3074,松本和也,松本和也3074@example.com,090-3474-7049,京都府京都市中京区烏丸通7丁目9番1号,京都市中京区,京都府,6040028,2024-04-27
3075,池田拓也,池田拓也3075@gmail.com,090-5976-1439,神奈川県横浜市西区みなとみらい1丁目18番1号,横浜市西区,神奈川県,2200005,2024-02-13
3076,後藤麻美,後藤麻美3076@example.com,090-7074-2769,東京都千代田区丸の内5丁目3番10号,千代田区,東京都,1000001,2023-09-10
3077,藤原美咲,藤原美咲3077@yahoo.co.jp,090-3116-9352,愛知県名古屋市中区錦8丁目5番2号,名古屋市中区,愛知県,4600003,2023-01-17
3078,橋本亮,橋本亮3078@outlook.com,090-3328-3107,神奈川県横浜市西区みなとみらい1丁目2番1号,横浜市西区,神奈川県,2200028,2024-08-15
3079,中村美香,中村美香3079@outlook.com,090-7933-1702,神奈川県横浜市西区みなとみらい7丁目1番2号,横浜市西区,神奈川県,2200013,2024-11-23
3080,藤原智子,藤原智子3080@icloud.com,090-1050-1817,京都府京都市中京区烏丸通6丁目23番7号,京都市中京区,京都府,6040039,2024-11-02
3081,藤井健太,藤井健太3081@outlook.com,090-5620-6737,北海道札幌市北区北6条西9丁目7番7号,札幌市北区,北海道,0600024,2023-03-04
3082,鈴木正,鈴木正3082@outlook.com,090-9327-7913,埼玉県さいたま市浦和区高砂4丁目29番1号,さいたま市浦和区,埼玉県,3300020,2024-08-11
3083,山田太郎,山田太郎3083@gmail.com,090-1236-1205,東京都千代田区丸の内5丁目2番6号,千代田区,東京都,1000020,2023-04-10
3084,長谷川麻美,長谷川麻美3084@icloud.com,090-5290-3029,北海道札幌市北区北6条西9丁目29番1号,札幌市北区,北海道,0600038,2024-01-19
3085,加藤優子,加藤優子3085@gmail.com,090-4979-7823,千葉県千葉市美浜区美浜6丁目26番2号,千葉市美浜区,千葉県,2610033,2024-06-03
3086,山田美咲,山田美咲3086@yahoo.co.jp,090-1510-2632,兵庫県神戸市灘区灘南通2丁目3番1号,神戸市灘区,兵庫県,6570007,2023-07-01
3087,松本健太,松本健太3087@outlook.com,090-9792-3899,千葉県千葉市美浜区美浜9丁目5番3号,千葉市美浜区,千葉県,2610040,2023-05-21
3088,鈴木大輔,鈴木大輔3088@yahoo.co.jp,090-7268-9642,東京都渋谷区渋谷4丁目2番4号,渋谷区,東京都,1500015,2023-05-23
3089,藤井智子,藤井智子3089@gmail.com,090-9861-7542,兵庫県神戸市灘区灘南通5丁目21番7号,神戸市灘区,兵庫県,6570011,2023-12-29
3090,高橋慎一,高橋慎一3090@yahoo.co.jp,090-2979-1940,福岡県福岡市博多区博多駅前8丁目20番9号,福岡市博多区,福岡県,8120020,2023-09-25
3091,近藤麻衣,近藤麻衣3091@icloud.com,090-9760-3265,神奈川県横浜市西区みなとみらい4丁目11番2号,横浜市西区,神奈川県,2200003,2023-06-22
3092,加藤太郎,加藤太郎3092@icloud.com,090-6034-7947,千葉県千葉市中央区中央1丁目17番4号,千葉市中央区,千葉県,2600005,2024-08-07
3093,田中大輔,田中大輔3093@yahoo.co.jp,090-7497-8866,兵庫県神戸市灘区灘南通1丁目2番3号,神戸市灘区,兵庫県,6570008,2023-10-21
3094,近藤太郎,近藤太郎3094@yahoo.co.jp,090-8521-4695,愛知県名古屋市中区錦7丁目10番6号,名古屋市中区,愛知県,4600004,2023-11-08
3095,長谷川美香,長谷川美香3095@icloud.com,090-9706-9842,東京都新宿区新宿9丁目10番7号,新宿区,東京都,1600015,2023-11-09
3096,山本さくら,山本さくら3096@example.com,090-5318-7228,大阪府大阪市北区梅田4丁目21番9号,大阪市北区,大阪府,5300003,2024-05-06
3097,鈴木香織,鈴木香織3097@yahoo.co.jp,090-9089-9642,大阪府大阪市北区梅田7丁目12番9号,大阪市北区,大阪府,5300018,2023-04-26
3098,岡田正,岡田正3098@yahoo.co.jp,090-8102-8899,千葉県千葉市美浜区美浜10丁目5番6号,千葉市美浜区,千葉県,2610023,2023-06-23
3099,近藤健太,近藤健太3099@example.com,090-3267-1343,東京都新宿区新宿5丁目26番8号,新宿区,東京都,1600021,2024-06-03
3100,中村亮,中村亮3100@icloud.com,090-7237-2770,北海道札幌市北区北6条西10丁目2番2号,札幌市北区,北海道,0600016,2024-12-31
3101,藤井由美,藤井由美3101@yahoo.co.jp,090-9187-3347,京都府京都市下京区四条通5丁目20番1号,京都市下京区,京都府,6000037,2024-06-14
3102,近藤一郎,近藤一郎3102@example.com,090-6947-3485,福岡県福岡市中央区天神4丁目19番4号,福岡市中央区,福岡県,8100024,2024-01-05
3103,遠藤雄一,遠藤雄一3103@yahoo.co.jp,090-1062-2582,神奈川県横浜市中区本町3丁目16番3号,横浜市中区,神奈川県,2310003,2024-08-06
3104,村上愛,村上愛3104@gmail.com,090-9882-2093,神奈川県横浜市中区本町8丁目16番6号,横浜市中区,神奈川県,2310040,2023-10-07
3105,小林由美子,小林由美子3105@outlook.com,090-7301-2789,北海道札幌市中央区北1条西9丁目24番5号,札幌市中央区,北海道,0600040,2023-12-18
3106,坂本美穂,坂本美穂3106@yahoo.co.jp,090-8280-1829,東京都渋谷区渋谷10丁目12番6号,渋谷区,東京都,1500015,2024-09-04
3107,山田次郎,山田次郎3107@example.com,090-7552-2819,愛知県名古屋市西区名駅1丁目28番4号,名古屋市西区,愛知県,4510034,2023-05-28
3108,木村優子,木村優子3108@icloud.com,090-3324-5168,千葉県千葉市中央区中央6丁目25番2号,千葉市中央区,千葉県,2600019,2023-03-25
3109,岡田美穂,岡田美穂3109@icloud.com,090-4967-5565,千葉県千葉市中央区中央9丁目24番8号,千葉市中央区,千葉県,2600037,2024-11-17
3110,吉田直樹,吉田直樹3110@icloud.com,090-7276-7184,兵庫県神戸市灘区灘南通1丁目12番9号,神戸市灘区,兵庫県,6570032,2023-08-18
3111,坂本美咲,坂本美咲3111@icloud.com,090-4332-5257,愛知県名古屋市西区名駅10丁目24番3号,名古屋市西区,愛知県,4510031,2024-04-18
3112,岡田花子,岡田花子3112@icloud.com,090-1915-6858,大阪府大阪市北区梅田10丁目16番7号,大阪市北区,大阪府,5300013,2023-04-17
3113,鈴木千佳,鈴木千佳3113@icloud.com,090-7702-8882,千葉県千葉市美浜区美浜10丁目8番1号,千葉市美浜区,千葉県,2610032,2024-07-14
3114,鈴木香織,鈴木香織3114@outlook.com,090-8849-4670,福岡県福岡市博多区博多駅前8丁目22番6号,福岡市博多区,福岡県,8120016,2023-08-03
3115,斎藤智子,斎藤智子3115@example.com,090-7797-9151,京都府京都市下京区四条通7丁目11番3号,京都市下京区,京都府,6000020,2024-03-24
3116,近藤美咲,近藤美咲3116@icloud.com,090-2363-8861,東京都渋谷区渋谷4丁目14番8号,渋谷区,東京都,1500028,2024-01-09
3117,遠藤愛,遠藤愛3117@outlook.com,090-7670-4642,京都府京都市下京区四条通3丁目16番10号,京都市下京区,京都府,6000028,2023-12-01
3118,遠藤健太,遠藤健太3118@icloud.com,090-7976-6729,兵庫県神戸市灘区灘南通7丁目9番5号,神戸市灘区,兵庫県,6570007,2023-08-18
3119,斎藤麻衣,斎藤麻衣3119@yahoo.co.jp,090-5258-8062,神奈川県横浜市中区本町1丁目19番7号,横浜市中区,神奈川県,2310037,2023-12-14
3120,中村健太,中村健太3120@outlook.com,090-4263-6693,大阪府大阪市北区梅田3丁目24番4号,大阪市北区,大阪府,5300012,2023-07-18
3121,藤原香織,藤原香織3121@outlook.com,090-8156-8534,東京都渋谷区渋谷1丁目29番5号,渋谷区,東京都,1500022,2023-03-12
3122,石川愛,石川愛3122@yahoo.co.jp,090-7505-7987,神奈川県横浜市西区みなとみらい5丁目23番8号,横浜市西区,神奈川県,2200024,2024-12-04
3123,藤井優子,藤井優子3123@yahoo.co.jp,090-1108-7854,埼玉県さいたま市大宮区大宮2丁目29番9号,さいたま市大宮区,埼玉県,3300004,2023-08-30
3124,遠藤慎一,遠藤慎一3124@yahoo.co.jp,090-5454-2589,埼玉県さいたま市大宮区大宮8丁目16番7号,さいたま市大宮区,埼玉県,3300001,2024-12-01
3125,高橋大輔,高橋大輔3125@outlook.com,090-8334-5825,京都府京都市下京区四条通3丁目4番4号,京都市下京区,京都府,6000011,2024-03-20
3126,小林香織,小林香織3126@example.com,090-6366-8224,神奈川県横浜市中区本町8丁目24番8号,横浜市中区,神奈川県,2310035,2023-03-09
3127,渡辺さくら,渡辺さくら3127@gmail.com,090-3986-6974,埼玉県さいたま市大宮区大宮5丁目9番1号,さいたま市大宮区,埼玉県,3300011,2024-01-30
3128,佐藤翔太,佐藤翔太3128@outlook.com,090-2000-4076,愛知県名古屋市中区錦4丁目22番5号,名古屋市中区,愛知県,4600003,2023-12-04
3129,佐藤さくら,佐藤さくら3129@example.com,090-5936-8736,兵庫県神戸市中央区三宮町5丁目18番4号,神戸市中央区,兵庫県,6500041,2024-10-19
3130,鈴木太郎,鈴木太郎3130@yahoo.co.jp,090-2471-6196,京都府京都市下京区四条通3丁目1番10号,京都市下京区,京都府,6000007,2023-08-18
3131,近藤拓也,近藤拓也3131@icloud.com,090-8613-3841,京都府京都市中京区烏丸通10丁目25番7号,京都市中京区,京都府,6040036,2023-03-30
3132,山田剛,山田剛3132@yahoo.co.jp,090-1503-2280,大阪府大阪市北区梅田4丁目19番1号,大阪市北区,大阪府,5300006,2023-06-26
3133,長谷川真由美,長谷川真由美3133@yahoo.co.jp,090-6242-9053,福岡県福岡市博多区博多駅前4丁目13番1号,福岡市博多区,福岡県,8120012,2023-11-17
3134,佐藤愛,佐藤愛3134@outlook.com,090-3973-7883,北海道札幌市中央区北1条西10丁目15番4号,札幌市中央区,北海道,0600011,2023-11-09
3135,中村一郎,中村一郎3135@example.com,090-6901-4145,神奈川県横浜市西区みなとみらい2丁目2番5号,横浜市西区,神奈川県,2200035,2024-02-23
3136,近藤千佳,近藤千佳3136@example.com,090-7508-9201,神奈川県横浜市西区みなとみらい10丁目30番1号,横浜市西区,神奈川県,2200021,2023-12-02
3137,中村香織,中村香織3137@icloud.com,090-9463-3167,北海道札幌市中央区北1条西2丁目26番5号,札幌市中央区,北海道,0600013,2024-11-05
3138,松本由美,松本由美3138@outlook.com,090-4859-9891,北海道札幌市北区北6条西7丁目14番4号,札幌市北区,北海道,0600011,2024-04-26
3139,吉田正,吉田正3139@icloud.com,090-5107-7001,埼玉県さいたま市大宮区大宮10丁目9番7号,さいたま市大宮区,埼玉県,3300017,2023-10-12
3140,村上三郎,村上三郎3140@gmail.com,090-7534-7997,東京都新宿区新宿8丁目20番4号,新宿区,東京都,1600001,2024-12-04
3141,鈴木美咲,鈴木美咲3141@gmail.com,090-9014-7293,兵庫県神戸市灘区灘南通8丁目25番4号,神戸市灘区,兵庫県,6570006,2024-02-29
3142,後藤恵子,後藤恵子3142@yahoo.co.jp,090-8460-1369,東京都渋谷区渋谷6丁目11番7号,渋谷区,東京都,1500023,2023-04-20
3143,後藤達也,後藤達也3143@icloud.com,090-2800-2000,東京都渋谷区渋谷4丁目12番1号,渋谷区,東京都,1500032,2023-12-06
3144,井上誠,井上誠3144@yahoo.co.jp,090-5798-6791,東京都渋谷区渋谷8丁目18番10号,渋谷区,東京都,1500040,2023-03-06
3145,坂本麻衣,坂本麻衣3145@gmail.com,090-8251-3677,千葉県千葉市美浜区美浜3丁目15番10号,千葉市美浜区,千葉県,2610006,2024-10-15
3146,林智子,林智子3146@icloud.com,090-6154-6983,愛知県名古屋市中区錦3丁目6番4号,名古屋市中区,愛知県,4600003,2023-04-01
3147,伊藤香織,伊藤香織3147@example.com,090-6579-9238,大阪府大阪市中央区本町5丁目11番1号,大阪市中央区,大阪府,5410007,2023-08-14
3148,松本真由美,松本真由美3148@icloud.com,090-1596-5705,京都府京都市下京区四条通6丁目11番1号,京都市下京区,京都府,6000041,2023-06-24
3149,井上麻美,井上麻美3149@example.com,090-1929-2059,東京都新宿区新宿2丁目10番2号,新宿区,東京都,1600011,2023-12-24
3150,橋本智子,橋本智子3150@outlook.com,090-9592-6238,東京都渋谷区渋谷4丁目6番2号,渋谷区,東京都,1500008,2023-04-28
3151,木村剛,木村剛3151@gmail.com,090-9789-9772,神奈川県横浜市中区本町3丁目17番1号,横浜市中区,神奈川県,2310031,2023-01-12
3152,鈴木美咲,鈴木美咲3152@icloud.com,090-4652-2040,埼玉県さいたま市大宮区大宮8丁目4番1号,さいたま市大宮区,埼玉県,3300017,2023-08-15
3153,松本健一,松本健一3153@outlook.com,090-9108-8076,兵庫県神戸市灘区灘南通7丁目10番10号,神戸市灘区,兵庫県,6570036,2023-04-24
3154,鈴木和也,鈴木和也3154@example.com,090-9914-7012,大阪府大阪市中央区本町3丁目15番9号,大阪市中央区,大阪府,5410023,2023-04-14
3155,木村健太,木村健太3155@yahoo.co.jp,090-4975-2311,神奈川県横浜市中区本町8丁目8番4号,横浜市中区,神奈川県,2310028,2024-11-18
3156,佐藤さくら,佐藤さくら3156@icloud.com,090-8782-8007,北海道札幌市中央区北1条西1丁目20番6号,札幌市中央区,北海道,0600013,2024-05-31
3157,高橋美穂,高橋美穂3157@yahoo.co.jp,090-6111-5818,東京都渋谷区渋谷2丁目6番1号,渋谷区,東京都,1500015,2023-07-30
3158,山本真由美,山本真由美3158@example.com,090-9919-3713,神奈川県横浜市中区本町8丁目20番5号,横浜市中区,神奈川県,2310014,2024-05-04
3159,坂本翔太,坂本翔太3159@icloud.com,090-1331-9230,東京都新宿区新宿4丁目7番2号,新宿区,東京都,1600021,2023-05-06
3160,岡田愛,岡田愛3160@outlook.com,090-6211-2363,千葉県千葉市美浜区美浜5丁目28番4号,千葉市美浜区,千葉県,2610027,2023-01-28
3161,林一郎,林一郎3161@gmail.com,090-2603-4261,京都府京都市中京区烏丸通9丁目23番9号,京都市中京区,京都府,6040011,2024-08-21
3162,山本翔太,山本翔太3162@outlook.com,090-2483-8174,埼玉県さいたま市浦和区高砂8丁目26番7号,さいたま市浦和区,埼玉県,3300008,2023-09-27
3163,木村花子,木村花子3163@icloud.com,090-6061-7382,東京都渋谷区渋谷4丁目17番1号,渋谷区,東京都,1500010,2024-12-24
3164,前田千佳,前田千佳3164@example.com,090-3855-8063,神奈川県横浜市西区みなとみらい9丁目14番9号,横浜市西区,神奈川県,2200004,2023-11-18
3165,村上花子,村上花子3165@gmail.com,090-1124-6062,愛知県名古屋市中区錦8丁目17番2号,名古屋市中区,愛知県,4600005,2024-01-13
3166,遠藤次郎,遠藤次郎3166@example.com,090-6688-5119,埼玉県さいたま市大宮区大宮9丁目30番9号,さいたま市大宮区,埼玉県,3300002,2024-03-27
3167,佐藤さくら,佐藤さくら3167@outlook.com,090-4886-3042,大阪府大阪市北区梅田7丁目16番8号,大阪市北区,大阪府,5300016,2024-06-01
3168,中村翔太,中村翔太3168@icloud.com,090-2639-2531,神奈川県横浜市中区本町9丁目13番7号,横浜市中区,神奈川県,2310031,2024-09-11
3169,村上美香,村上美香3169@example.com,090-1780-6949,兵庫県神戸市灘区灘南通7丁目13番10号,神戸市灘区,兵庫県,6570008,2023-08-18
3170,村上美咲,村上美咲3170@gmail.com,090-9850-1149,福岡県福岡市中央区天神4丁目11番6号,福岡市中央区,福岡県,8100032,2023-09-06
3171,近藤美穂,近藤美穂3171@example.com,090-6914-6924,東京都渋谷区渋谷4丁目18番1号,渋谷区,東京都,1500003,2024-07-21
3172,近藤次郎,近藤次郎3172@outlook.com,090-6048-9807,神奈川県横浜市西区みなとみらい9丁目16番6号,横浜市西区,神奈川県,2200039,2023-07-03
3173,山本さくら,山本さくら3173@icloud.com,090-7494-4469,京都府京都市下京区四条通1丁目23番7号,京都市下京区,京都府,6000027,2024-11-16
3174,松本翔太,松本翔太3174@gmail.com,090-2433-1974,千葉県千葉市美浜区美浜10丁目1番3号,千葉市美浜区,千葉県,2610009,2024-08-29
3175,田中優子,田中優子3175@outlook.com,090-4228-9057,大阪府大阪市中央区本町1丁目29番1号,大阪市中央区,大阪府,5410034,2024-07-02
3176,鈴木拓也,鈴木拓也3176@gmail.com,090-1439-9126,大阪府大阪市北区梅田2丁目20番5号,大阪市北区,大阪府,5300012,2023-04-14
3177,渡辺真由美,渡辺真由美3177@yahoo.co.jp,090-6049-7389,埼玉県さいたま市大宮区大宮10丁目12番6号,さいたま市大宮区,埼玉県,3300023,2023-11-30
3178,伊藤直樹,伊藤直樹3178@outlook.com,090-8296-5076,兵庫県神戸市中央区三宮町4丁目11番5号,神戸市中央区,兵庫県,6500037,2024-08-12
3179,岡田正,岡田正3179@yahoo.co.jp,090-4256-7789,神奈川県横浜市西区みなとみらい6丁目10番7号,横浜市西区,神奈川県,2200021,2023-12-10
3180,加藤美咲,加藤美咲3180@gmail.com,090-8290-7512,神奈川県横浜市中区本町5丁目1番5号,横浜市中区,神奈川県,2310020,2023-08-24
3181,村上香織,村上香織3181@gmail.com,090-1549-5439,東京都渋谷区渋谷6丁目2番5号,渋谷区,東京都,1500040,2023-09-07
3182,佐藤和也,佐藤和也3182@outlook.com,090-3262-4113,北海道札幌市北区北6条西8丁目15番2号,札幌市北区,北海道,0600025,2024-01-21
3183,森田和也,森田和也3183@example.com,090-6230-6351,兵庫県神戸市中央区三宮町5丁目13番5号,神戸市中央区,兵庫県,6500010,2024-09-03
3184,吉田由美,吉田由美3184@gmail.com,090-7705-9281,埼玉県さいたま市浦和区高砂8丁目16番8号,さいたま市浦和区,埼玉県,3300024,2024-10-01
3185,遠藤健一,遠藤健一3185@example.com,090-1296-2138,京都府京都市下京区四条通2丁目9番9号,京都市下京区,京都府,6000005,2023-09-11
3186,伊藤由美子,伊藤由美子3186@example.com,090-8100-1148,兵庫県神戸市灘区灘南通10丁目6番8号,神戸市灘区,兵庫県,6570034,2024-06-15
3187,遠藤麻衣,遠藤麻衣3187@example.com,090-7392-2239,愛知県名古屋市中区錦5丁目14番7号,名古屋市中区,愛知県,4600002,2024-02-23
3188,藤原一郎,藤原一郎3188@outlook.com,090-5303-8246,京都府京都市中京区烏丸通8丁目24番2号,京都市中京区,京都府,6040034,2024-07-10
3189,松本愛,松本愛3189@example.com,090-3333-7285,兵庫県神戸市灘区灘南通7丁目4番1号,神戸市灘区,兵庫県,6570005,2023-02-13
3190,伊藤さくら,伊藤さくら3190@icloud.com,090-9441-4308,京都府京都市下京区四条通6丁目11番10号,京都市下京区,京都府,6000026,2024-11-13
3191,松本太郎,松本太郎3191@icloud.com,090-1241-2747,福岡県福岡市中央区天神3丁目4番9号,福岡市中央区,福岡県,8100023,2023-06-28
3192,森田達也,森田達也3192@yahoo.co.jp,090-2981-2547,京都府京都市下京区四条通8丁目24番10号,京都市下京区,京都府,6000031,2024-11-16
3193,林健一,林健一3193@example.com,090-9154-1317,愛知県名古屋市西区名駅3丁目3番4号,名古屋市西区,愛知県,4510018,2024-06-19
3194,高橋恵子,高橋恵子3194@example.com,090-3839-1387,大阪府大阪市北区梅田8丁目16番2号,大阪市北区,大阪府,5300009,2024-09-07
3195,小林雄一,小林雄一3195@gmail.com,090-7889-8378,大阪府大阪市北区梅田7丁目15番3号,大阪市北区,大阪府,5300015,2023-12-06
3196,岡田雄一,岡田雄一3196@gmail.com,090-3409-2005,東京都千代田区丸の内5丁目12番3号,千代田区,東京都,1000007,2024-09-06
3197,加藤雄一,加藤雄一3197@outlook.com,090-4323-7847,福岡県福岡市博多区博多駅前8丁目4番4号,福岡市博多区,福岡県,8120021,2024-03-03
3198,高橋雄一,高橋雄一3198@example.com,090-4423-8914,兵庫県神戸市中央区三宮町3丁目25番9号,神戸市中央区,兵庫県,6500022,2023-09-19
3199,佐藤麻美,佐藤麻美3199@gmail.com,090-5047-9806,大阪府大阪市中央区本町1丁目29番10号,大阪市中央区,大阪府,5410018,2023-04-30
3200,林達也,林達也3200@gmail.com,090-7268-8765,福岡県福岡市中央区天神3丁目29番6号,福岡市中央区,福岡県,8100010,2024-02-27
3201,高橋由美子,高橋由美子3201@outlook.com,090-8027-4667,東京都千代田区丸の内4丁目18番3号,千代田区,東京都,1000017,2023-08-18
3202,山本翔太,山本翔太3202@icloud.com,090-9595-4869,大阪府大阪市北区梅田1丁目17番1号,大阪市北区,大阪府,5300010,2024-08-24
3203,石川和也,石川和也3203@icloud.com,090-6574-7370,兵庫県神戸市灘区灘南通9丁目17番6号,神戸市灘区,兵庫県,6570003,2023-01-11
3204,木村麻美,木村麻美3204@gmail.com,090-6067-4853,京都府京都市下京区四条通8丁目17番9号,京都市下京区,京都府,6000008,2024-09-10
3205,小林一郎,小林一郎3205@icloud.com,090-5119-6616,東京都新宿区新宿6丁目13番1号,新宿区,東京都,1600010,2023-10-01
3206,長谷川智子,長谷川智子3206@outlook.com,090-7019-7457,千葉県千葉市中央区中央2丁目29番4号,千葉市中央区,千葉県,2600002,2023-02-12
3207,高橋さくら,高橋さくら3207@yahoo.co.jp,090-4148-2185,神奈川県横浜市西区みなとみらい10丁目19番3号,横浜市西区,神奈川県,2200033,2024-10-30
3208,木村麻美,木村麻美3208@outlook.com,090-7216-7017,福岡県福岡市中央区天神1丁目9番9号,福岡市中央区,福岡県,8100005,2024-08-31
3209,山田達也,山田達也3209@yahoo.co.jp,090-7530-4855,北海道札幌市北区北6条西6丁目22番10号,札幌市北区,北海道,0600034,2024-03-04
3210,吉田雄一,吉田雄一3210@yahoo.co.jp,090-7890-5304,埼玉県さいたま市大宮区大宮3丁目22番7号,さいたま市大宮区,埼玉県,3300027,2024-08-20
3211,井上誠,井上誠3211@outlook.com,090-1184-6011,京都府京都市下京区四条通9丁目26番8号,京都市下京区,京都府,6000017,2024-09-26
3212,佐藤太郎,佐藤太郎3212@gmail.com,090-3338-1913,愛知県名古屋市西区名駅1丁目25番5号,名古屋市西区,愛知県,4510019,2024-05-30
3213,池田麻衣,池田麻衣3213@yahoo.co.jp,090-6748-5840,東京都渋谷区渋谷6丁目16番1号,渋谷区,東京都,1500002,2023-10-03
3214,村上三郎,村上三郎3214@gmail.com,090-4579-7050,愛知県名古屋市西区名駅9丁目22番6号,名古屋市西区,愛知県,4510011,2023-07-16
3215,前田慎一,前田慎一3215@yahoo.co.jp,090-1160-3281,東京都新宿区新宿7丁目12番4号,新宿区,東京都,1600010,2024-12-07
3216,山田さくら,山田さくら3216@example.com,090-4188-8917,愛知県名古屋市西区名駅4丁目16番4号,名古屋市西区,愛知県,4510004,2023-02-14
3217,吉田優子,吉田優子3217@gmail.com,090-4693-8811,千葉県千葉市中央区中央10丁目19番7号,千葉市中央区,千葉県,2600012,2024-03-30
3218,加藤三郎,加藤三郎3218@yahoo.co.jp,090-7013-1736,東京都新宿区新宿1丁目12番8号,新宿区,東京都,1600010,2023-10-23
3219,吉田一郎,吉田一郎3219@gmail.com,090-6918-1812,神奈川県横浜市西区みなとみらい4丁目8番10号,横浜市西区,神奈川県,2200013,2023-11-23
3220,近藤健一,近藤健一3220@example.com,090-7564-1649,東京都千代田区丸の内10丁目18番1号,千代田区,東京都,1000003,2023-03-09
3221,木村美穂,木村美穂3221@yahoo.co.jp,090-3101-1030,兵庫県神戸市灘区灘南通10丁目6番7号,神戸市灘区,兵庫県,6570035,2023-07-17
3222,坂本三郎,坂本三郎3222@outlook.com,090-4489-1266,千葉県千葉市中央区中央2丁目16番8号,千葉市中央区,千葉県,2600007,2024-11-10
3223,岡田和也,岡田和也3223@outlook.com,090-9313-5998,東京都渋谷区渋谷2丁目23番6号,渋谷区,東京都,1500003,2023-04-03
3224,藤井美香,藤井美香3224@yahoo.co.jp,090-3459-4648,京都府京都市下京区四条通5丁目21番9号,京都市下京区,京都府,6000037,2023-09-13
3225,林太郎,林太郎3225@example.com,090-1468-3884,北海道札幌市北区北6条西2丁目8番3号,札幌市北区,北海道,0600024,2023-12-28
3226,山本健太,山本健太3226@icloud.com,090-2502-6558,京都府京都市下京区四条通2丁目11番8号,京都市下京区,京都府,6000027,2023-11-24
3227,石川愛,石川愛3227@gmail.com,090-7325-1707,東京都新宿区新宿3丁目24番2号,新宿区,東京都,1600017,2023-04-21
3228,橋本誠,橋本誠3228@gmail.com,090-5462-2400,東京都新宿区新宿9丁目19番1号,新宿区,東京都,1600005,2024-04-24
3229,林真由美,林真由美3229@example.com,090-8372-3066,千葉県千葉市中央区中央10丁目12番10号,千葉市中央区,千葉県,2600005,2023-07-09
3230,近藤亮,近藤亮3230@gmail.com,090-6347-6002,大阪府大阪市中央区本町1丁目2番2号,大阪市中央区,大阪府,5410018,2023-08-16
3231,青木麻美,青木麻美3231@gmail.com,090-8896-7897,千葉県千葉市美浜区美浜3丁目25番7号,千葉市美浜区,千葉県,2610008,2023-10-25
3232,坂本拓也,坂本拓也3232@gmail.com,090-1798-6348,大阪府大阪市中央区本町10丁目17番8号,大阪市中央区,大阪府,5410040,2023-07-31
3233,伊藤一郎,伊藤一郎3233@gmail.com,090-9351-7976,愛知県名古屋市中区錦5丁目19番3号,名古屋市中区,愛知県,4600003,2023-02-16
3234,田中大輔,田中大輔3234@icloud.com,090-1252-7848,大阪府大阪市中央区本町8丁目29番4号,大阪市中央区,大阪府,5410034,2024-09-12
3235,井上千佳,井上千佳3235@example.com,090-6050-1747,大阪府大阪市北区梅田7丁目4番7号,大阪市北区,大阪府,5300012,2024-12-02
3236,山本由美,山本由美3236@example.com,090-6869-6435,大阪府大阪市中央区本町9丁目28番7号,大阪市中央区,大阪府,5410010,2024-04-05
3237,中村美咲,中村美咲3237@icloud.com,090-1641-9107,福岡県福岡市博多区博多駅前9丁目12番4号,福岡市博多区,福岡県,8120021,2023-03-19
3238,木村健一,木村健一3238@yahoo.co.jp,090-5615-2904,福岡県福岡市中央区天神2丁目17番4号,福岡市中央区,福岡県,8100010,2023-09-15
3239,村上由美子,村上由美子3239@yahoo.co.jp,090-1115-5541,北海道札幌市北区北6条西4丁目19番3号,札幌市北区,北海道,0600035,2024-10-12
3240,長谷川さくら,長谷川さくら3240@example.com,090-1166-2336,兵庫県神戸市中央区三宮町4丁目15番2号,神戸市中央区,兵庫県,6500017,2023-08-23
3241,遠藤由美,遠藤由美3241@outlook.com,090-9610-7320,東京都新宿区新宿2丁目1番6号,新宿区,東京都,1600011,2024-06-05
3242,橋本恵子,橋本恵子3242@icloud.com,090-9179-2411,北海道札幌市北区北6条西1丁目19番8号,札幌市北区,北海道,0600018,2024-07-22
3243,鈴木美香,鈴木美香3243@icloud.com,090-2100-3871,埼玉県さいたま市浦和区高砂10丁目21番2号,さいたま市浦和区,埼玉県,3300004,2023-04-22
3244,前田優子,前田優子3244@yahoo.co.jp,090-5886-1065,兵庫県神戸市中央区三宮町3丁目25番2号,神戸市中央区,兵庫県,6500025,2024-01-31
3245,高橋直樹,高橋直樹3245@yahoo.co.jp,090-4562-3699,北海道札幌市北区北6条西6丁目27番2号,札幌市北区,北海道,0600005,2024-02-22
3246,遠藤さくら,遠藤さくら3246@gmail.com,090-1348-4356,東京都千代田区丸の内6丁目10番4号,千代田区,東京都,1000021,2024-12-05
3247,池田和也,池田和也3247@example.com,090-6863-2666,京都府京都市中京区烏丸通1丁目25番10号,京都市中京区,京都府,6040002,2023-06-19
3248,伊藤達也,伊藤達也3248@icloud.com,090-2520-1245,大阪府大阪市中央区本町7丁目19番5号,大阪市中央区,大阪府,5410015,2024-11-04
3249,村上健太,村上健太3249@outlook.com,090-1478-8515,兵庫県神戸市中央区三宮町9丁目6番2号,神戸市中央区,兵庫県,6500026,2024-10-21
3250,松本花子,松本花子3250@outlook.com,090-6808-2549,東京都千代田区丸の内2丁目12番6号,千代田区,東京都,1000011,2023-08-30
3251,高橋由美,高橋由美3251@gmail.com,090-8168-5099,埼玉県さいたま市大宮区大宮7丁目13番4号,さいたま市大宮区,埼玉県,3300024,2024-04-21
3252,岡田香織,岡田香織3252@icloud.com,090-1947-1031,東京都渋谷区渋谷9丁目17番1号,渋谷区,東京都,1500033,2024-11-22
3253,斎藤剛,斎藤剛3253@icloud.com,090-6608-7425,埼玉県さいたま市浦和区高砂1丁目21番5号,さいたま市浦和区,埼玉県,3300010,2023-11-29
3254,加藤香織,加藤香織3254@yahoo.co.jp,090-3838-7571,千葉県千葉市美浜区美浜9丁目14番8号,千葉市美浜区,千葉県,2610031,2024-05-08
3255,長谷川由美子,長谷川由美子3255@outlook.com,090-2011-2988,東京都新宿区新宿6丁目26番5号,新宿区,東京都,1600021,2023-06-01
3256,加藤さくら,加藤さくら3256@gmail.com,090-8200-7928,北海道札幌市北区北6条西5丁目12番10号,札幌市北区,北海道,0600008,2023-10-19
3257,遠藤美咲,遠藤美咲3257@icloud.com,090-7068-9788,福岡県福岡市中央区天神6丁目27番8号,福岡市中央区,福岡県,8100020,2023-09-22
3258,井上花子,井上花子3258@example.com,090-2167-1726,神奈川県横浜市西区みなとみらい6丁目16番4号,横浜市西区,神奈川県,2200040,2024-08-11
3259,松本花子,松本花子3259@outlook.com,090-5555-8950,京都府京都市下京区四条通9丁目21番4号,京都市下京区,京都府,6000015,2024-09-04
3260,村上一郎,村上一郎3260@example.com,090-9311-7176,大阪府大阪市北区梅田1丁目10番4号,大阪市北区,大阪府,5300001,2023-07-05
3261,藤井雄一,藤井雄一3261@yahoo.co.jp,090-8941-2325,千葉県千葉市美浜区美浜4丁目19番6号,千葉市美浜区,千葉県,2610029,2023-04-30
3262,遠藤正,遠藤正3262@example.com,090-5522-9456,埼玉県さいたま市大宮区大宮7丁目17番1号,さいたま市大宮区,埼玉県,3300037,2024-12-06
3263,村上由美,村上由美3263@yahoo.co.jp,090-1607-7166,埼玉県さいたま市浦和区高砂4丁目8番5号,さいたま市浦和区,埼玉県,3300017,2024-10-25
3264,後藤健一,後藤健一3264@yahoo.co.jp,090-8535-2641,北海道札幌市北区北6条西2丁目21番9号,札幌市北区,北海道,0600011,2023-08-17
3265,加藤和也,加藤和也3265@gmail.com,090-7359-9794,兵庫県神戸市中央区三宮町7丁目21番7号,神戸市中央区,兵庫県,6500029,2024-11-05
3266,藤井健太,藤井健太3266@gmail.com,090-3138-8013,京都府京都市下京区四条通6丁目2番10号,京都市下京区,京都府,6000024,2023-02-06
3267,岡田由美,岡田由美3267@gmail.com,090-9435-3400,兵庫県神戸市中央区三宮町7丁目20番7号,神戸市中央区,兵庫県,6500006,2023-07-22
3268,斎藤さくら,斎藤さくら3268@gmail.com,090-8071-6472,京都府京都市中京区烏丸通8丁目11番7号,京都市中京区,京都府,6040017,2024-11-18
3269,山本さくら,山本さくら3269@icloud.com,090-7993-4771,神奈川県横浜市中区本町3丁目26番9号,横浜市中区,神奈川県,2310002,2023-03-12
3270,山本花子,山本花子3270@gmail.com,090-7813-4348,東京都新宿区新宿6丁目22番7号,新宿区,東京都,1600018,2023-01-17
3271,藤原美穂,藤原美穂3271@example.com,090-4147-1651,京都府京都市中京区烏丸通6丁目2番10号,京都市中京区,京都府,6040012,2024-10-05
3272,坂本智子,坂本智子3272@yahoo.co.jp,090-8109-4586,京都府京都市下京区四条通9丁目14番4号,京都市下京区,京都府,6000037,2023-06-09
3273,長谷川麻美,長谷川麻美3273@yahoo.co.jp,090-4309-9031,北海道札幌市北区北6条西3丁目1番1号,札幌市北区,北海道,0600020,2024-07-04
3274,藤井恵子,藤井恵子3274@yahoo.co.jp,090-8473-9870,福岡県福岡市中央区天神2丁目17番4号,福岡市中央区,福岡県,8100030,2023-05-17
3275,山本大輔,山本大輔3275@yahoo.co.jp,090-1789-8596,兵庫県神戸市灘区灘南通9丁目7番6号,神戸市灘区,兵庫県,6570035,2023-04-30
3276,佐藤正,佐藤正3276@yahoo.co.jp,090-6874-7024,福岡県福岡市博多区博多駅前3丁目18番2号,福岡市博多区,福岡県,8120015,2023-03-24
3277,藤井由美子,藤井由美子3277@outlook.com,090-9501-2311,大阪府大阪市中央区本町10丁目23番2号,大阪市中央区,大阪府,5410006,2024-12-11
3278,加藤大輔,加藤大輔3278@gmail.com,090-8802-8197,大阪府大阪市中央区本町4丁目1番10号,大阪市中央区,大阪府,5410013,2023-04-03
3279,斎藤麻衣,斎藤麻衣3279@yahoo.co.jp,090-1381-6842,埼玉県さいたま市浦和区高砂6丁目5番8号,さいたま市浦和区,埼玉県,3300028,2024-07-14
3280,渡辺達也,渡辺達也3280@example.com,090-7620-2830,東京都新宿区新宿5丁目26番10号,新宿区,東京都,1600013,2024-06-26
3281,山田達也,山田達也3281@gmail.com,090-9894-5427,兵庫県神戸市中央区三宮町7丁目1番10号,神戸市中央区,兵庫県,6500017,2023-10-17
3282,遠藤智子,遠藤智子3282@yahoo.co.jp,090-3378-8979,埼玉県さいたま市大宮区大宮6丁目1番4号,さいたま市大宮区,埼玉県,3300015,2023-11-09
3283,岡田麻美,岡田麻美3283@icloud.com,090-9580-5388,北海道札幌市中央区北1条西10丁目30番2号,札幌市中央区,北海道,0600035,2023-01-15
3284,石川愛,石川愛3284@outlook.com,090-1744-5654,愛知県名古屋市西区名駅2丁目25番6号,名古屋市西区,愛知県,4510019,2023-01-11
3285,佐藤優子,佐藤優子3285@outlook.com,090-7570-3624,福岡県福岡市中央区天神10丁目2番3号,福岡市中央区,福岡県,8100028,2024-04-21
3286,中村美咲,中村美咲3286@icloud.com,090-8289-1162,東京都千代田区丸の内6丁目25番4号,千代田区,東京都,1000018,2023-08-06
3287,前田愛,前田愛3287@outlook.com,090-5993-2409,兵庫県神戸市灘区灘南通1丁目24番7号,神戸市灘区,兵庫県,6570029,2023-02-24
3288,長谷川次郎,長谷川次郎3288@example.com,090-1228-4515,愛知県名古屋市西区名駅9丁目2番3号,名古屋市西区,愛知県,4510002,2024-05-30
3289,岡田美穂,岡田美穂3289@yahoo.co.jp,090-8831-9768,神奈川県横浜市中区本町5丁目18番8号,横浜市中区,神奈川県,2310035,2024-12-27
3290,橋本達也,橋本達也3290@example.com,090-3706-2619,東京都渋谷区渋谷7丁目3番5号,渋谷区,東京都,1500004,2024-10-27
3291,坂本由美子,坂本由美子3291@yahoo.co.jp,090-1846-7772,北海道札幌市北区北6条西4丁目19番4号,札幌市北区,北海道,0600016,2024-10-11
3292,山田直樹,山田直樹3292@yahoo.co.jp,090-7223-3666,京都府京都市下京区四条通1丁目10番9号,京都市下京区,京都府,6000024,2024-11-27
3293,田中慎一,田中慎一3293@yahoo.co.jp,090-3614-1443,福岡県福岡市中央区天神1丁目7番1号,福岡市中央区,福岡県,8100007,2023-02-19
3294,藤原太郎,藤原太郎3294@outlook.com,090-9877-2061,埼玉県さいたま市浦和区高砂10丁目7番2号,さいたま市浦和区,埼玉県,3300001,2024-04-20
3295,渡辺誠,渡辺誠3295@example.com,090-4392-1439,福岡県福岡市博多区博多駅前7丁目10番8号,福岡市博多区,福岡県,8120018,2024-07-20
3296,藤井次郎,藤井次郎3296@example.com,090-7203-1262,北海道札幌市北区北6条西3丁目27番2号,札幌市北区,北海道,0600023,2023-10-18
3297,森田三郎,森田三郎3297@example.com,090-2194-1187,神奈川県横浜市中区本町6丁目1番7号,横浜市中区,神奈川県,2310020,2024-07-07
3298,長谷川麻衣,長谷川麻衣3298@example.com,090-3740-2584,兵庫県神戸市中央区三宮町5丁目16番10号,神戸市中央区,兵庫県,6500018,2023-06-15
3299,村上香織,村上香織3299@icloud.com,090-5883-9848,福岡県福岡市中央区天神1丁目9番6号,福岡市中央区,福岡県,8100027,2024-08-04
3300,田中花子,田中花子3300@outlook.com,090-3918-5858,神奈川県横浜市中区本町5丁目23番5号,横浜市中区,神奈川県,2310015,2024-07-11
3301,坂本真由美,坂本真由美3301@yahoo.co.jp,090-5727-6174,大阪府大阪市中央区本町6丁目7番1号,大阪市中央区,大阪府,5410021,2023-05-22
3302,木村真由美,木村真由美3302@yahoo.co.jp,090-3841-8460,東京都渋谷区渋谷8丁目14番10号,渋谷区,東京都,1500028,2023-03-06
3303,渡辺健太,渡辺健太3303@gmail.com,090-1791-1046,福岡県福岡市中央区天神4丁目4番8号,福岡市中央区,福岡県,8100011,2023-05-01
3304,木村恵子,木村恵子3304@yahoo.co.jp,090-1005-5827,福岡県福岡市中央区天神5丁目2番8号,福岡市中央区,福岡県,8100020,2024-01-13
3305,小林拓也,小林拓也3305@example.com,090-9084-4146,大阪府大阪市中央区本町3丁目30番8号,大阪市中央区,大阪府,5410008,2023-11-20
3306,加藤直樹,加藤直樹3306@outlook.com,090-7129-1972,千葉県千葉市美浜区美浜1丁目26番5号,千葉市美浜区,千葉県,2610013,2023-05-14
3307,村上誠,村上誠3307@gmail.com,090-2200-4676,愛知県名古屋市西区名駅2丁目12番9号,名古屋市西区,愛知県,4510036,2023-01-16
3308,村上美穂,村上美穂3308@icloud.com,090-8940-4046,兵庫県神戸市中央区三宮町1丁目11番2号,神戸市中央区,兵庫県,6500013,2024-09-24
3309,中村美香,中村美香3309@icloud.com,090-3312-1472,埼玉県さいたま市大宮区大宮9丁目6番10号,さいたま市大宮区,埼玉県,3300036,2024-08-01
3310,近藤さくら,近藤さくら3310@outlook.com,090-2821-5732,千葉県千葉市中央区中央10丁目27番6号,千葉市中央区,千葉県,2600017,2023-09-05
3311,石川大輔,石川大輔3311@icloud.com,090-6456-1889,福岡県福岡市博多区博多駅前6丁目5番3号,福岡市博多区,福岡県,8120020,2024-01-27
3312,斎藤さくら,斎藤さくら3312@example.com,090-1412-4468,兵庫県神戸市中央区三宮町2丁目6番5号,神戸市中央区,兵庫県,6500035,2024-09-19
3313,後藤恵子,後藤恵子3313@yahoo.co.jp,090-4918-2814,神奈川県横浜市西区みなとみらい7丁目6番3号,横浜市西区,神奈川県,2200002,2024-02-13
3314,鈴木大輔,鈴木大輔3314@example.com,090-3949-2371,東京都渋谷区渋谷5丁目26番5号,渋谷区,東京都,1500025,2024-12-07
3315,吉田三郎,吉田三郎3315@gmail.com,090-5376-6088,福岡県福岡市中央区天神3丁目10番6号,福岡市中央区,福岡県,8100003,2023-04-12
3316,林香織,林香織3316@outlook.com,090-3509-8875,京都府京都市中京区烏丸通10丁目21番9号,京都市中京区,京都府,6040008,2024-04-02
3317,伊藤拓也,伊藤拓也3317@icloud.com,090-2694-6275,東京都千代田区丸の内9丁目4番8号,千代田区,東京都,1000017,2024-01-13
3318,井上亮,井上亮3318@yahoo.co.jp,090-2522-5006,大阪府大阪市北区梅田9丁目12番8号,大阪市北区,大阪府,5300011,2023-11-15
3319,藤原健一,藤原健一3319@outlook.com,090-1961-2732,大阪府大阪市中央区本町2丁目6番10号,大阪市中央区,大阪府,5410019,2023-07-02
3320,斎藤恵子,斎藤恵子3320@gmail.com,090-9195-6860,大阪府大阪市中央区本町4丁目5番4号,大阪市中央区,大阪府,5410001,2023-01-08
3321,林さくら,林さくら3321@outlook.com,090-9045-5528,埼玉県さいたま市大宮区大宮3丁目23番2号,さいたま市大宮区,埼玉県,3300023,2024-02-25
3322,鈴木健太,鈴木健太3322@icloud.com,090-2889-4047,福岡県福岡市中央区天神8丁目17番9号,福岡市中央区,福岡県,8100020,2023-12-01
3323,井上一郎,井上一郎3323@icloud.com,090-8081-5484,京都府京都市中京区烏丸通4丁目30番6号,京都市中京区,京都府,6040022,2024-09-21
3324,鈴木拓也,鈴木拓也3324@gmail.com,090-3331-1921,京都府京都市中京区烏丸通1丁目16番5号,京都市中京区,京都府,6040010,2023-01-11
3325,村上亮,村上亮3325@example.com,090-5908-1300,京都府京都市中京区烏丸通9丁目28番9号,京都市中京区,京都府,6040017,2024-04-28
3326,鈴木大輔,鈴木大輔3326@gmail.com,090-5743-3164,北海道札幌市北区北6条西1丁目19番4号,札幌市北区,北海道,0600025,2024-12-11
3327,山本香織,山本香織3327@gmail.com,090-6922-6688,京都府京都市下京区四条通6丁目1番1号,京都市下京区,京都府,6000017,2024-02-12
3328,斎藤麻衣,斎藤麻衣3328@outlook.com,090-6740-9450,神奈川県横浜市中区本町9丁目24番10号,横浜市中区,神奈川県,2310010,2024-04-30
3329,林さくら,林さくら3329@icloud.com,090-5637-4315,京都府京都市下京区四条通4丁目13番4号,京都市下京区,京都府,6000035,2023-03-26
3330,橋本直樹,橋本直樹3330@yahoo.co.jp,090-6500-5686,千葉県千葉市中央区中央5丁目30番1号,千葉市中央区,千葉県,2600005,2023-10-23
3331,鈴木さくら,鈴木さくら3331@gmail.com,090-6906-1024,福岡県福岡市中央区天神7丁目7番10号,福岡市中央区,福岡県,8100030,2023-01-24
3332,木村麻衣,木村麻衣3332@outlook.com,090-6612-2527,北海道札幌市中央区北1条西2丁目26番1号,札幌市中央区,北海道,0600030,2024-10-19
3333,中村剛,中村剛3333@yahoo.co.jp,090-6997-5619,東京都千代田区丸の内10丁目9番1号,千代田区,東京都,1000013,2023-10-16
3334,加藤麻美,加藤麻美3334@example.com,090-3349-4878,兵庫県神戸市中央区三宮町8丁目26番9号,神戸市中央区,兵庫県,6500036,2023-02-26
3335,吉田由美子,吉田由美子3335@example.com,090-2669-2929,京都府京都市中京区烏丸通6丁目3番4号,京都市中京区,京都府,6040013,2023-06-15
3336,坂本花子,坂本花子3336@icloud.com,090-6745-2094,東京都渋谷区渋谷8丁目24番1号,渋谷区,東京都,1500002,2024-10-21
3337,林亮,林亮3337@outlook.com,090-8286-9936,北海道札幌市中央区北1条西3丁目27番4号,札幌市中央区,北海道,0600001,2024-06-05
3338,松本一郎,松本一郎3338@yahoo.co.jp,090-3311-7431,兵庫県神戸市中央区三宮町8丁目7番7号,神戸市中央区,兵庫県,6500037,2024-06-05
3339,池田麻美,池田麻美3339@icloud.com,090-1072-2405,神奈川県横浜市中区本町5丁目28番3号,横浜市中区,神奈川県,2310010,2024-06-13
3340,遠藤麻衣,遠藤麻衣3340@outlook.com,090-1721-3518,兵庫県神戸市灘区灘南通5丁目9番9号,神戸市灘区,兵庫県,6570017,2023-07-23
3341,藤井翔太,藤井翔太3341@yahoo.co.jp,090-8061-3615,大阪府大阪市中央区本町7丁目2番9号,大阪市中央区,大阪府,5410009,2024-04-10
3342,井上優子,井上優子3342@gmail.com,090-5366-9591,福岡県福岡市中央区天神7丁目27番2号,福岡市中央区,福岡県,8100040,2024-06-15
3343,山田千佳,山田千佳3343@outlook.com,090-3313-7818,東京都千代田区丸の内8丁目16番2号,千代田区,東京都,1000007,2024-11-17
3344,小林由美,小林由美3344@icloud.com,090-4960-1741,愛知県名古屋市西区名駅1丁目16番7号,名古屋市西区,愛知県,4510040,2023-05-29
3345,後藤麻美,後藤麻美3345@example.com,090-8313-1524,愛知県名古屋市西区名駅9丁目22番4号,名古屋市西区,愛知県,4510009,2024-03-03
3346,岡田雄一,岡田雄一3346@yahoo.co.jp,090-7630-3542,愛知県名古屋市西区名駅7丁目23番9号,名古屋市西区,愛知県,4510007,2023-06-05
3347,後藤三郎,後藤三郎3347@gmail.com,090-8054-2562,東京都新宿区新宿1丁目20番3号,新宿区,東京都,1600013,2024-01-24
3348,池田美穂,池田美穂3348@example.com,090-4206-9215,千葉県千葉市中央区中央5丁目21番3号,千葉市中央区,千葉県,2600020,2023-07-11
3349,木村直樹,木村直樹3349@yahoo.co.jp,090-7315-9854,千葉県千葉市中央区中央9丁目25番9号,千葉市中央区,千葉県,2600015,2023-03-10
3350,中村健太,中村健太3350@outlook.com,090-9834-5775,千葉県千葉市美浜区美浜4丁目24番5号,千葉市美浜区,千葉県,2610041,2023-08-07
3351,遠藤和也,遠藤和也3351@example.com,090-1595-3727,福岡県福岡市中央区天神5丁目3番6号,福岡市中央区,福岡県,8100005,2023-07-01
3352,遠藤千佳,遠藤千佳3352@example.com,090-2186-7042,愛知県名古屋市中区錦10丁目10番3号,名古屋市中区,愛知県,4600007,2024-06-28
3353,林千佳,林千佳3353@gmail.com,090-9389-1479,大阪府大阪市北区梅田2丁目6番9号,大阪市北区,大阪府,5300004,2024-05-05
3354,加藤麻美,加藤麻美3354@yahoo.co.jp,090-4744-6676,兵庫県神戸市灘区灘南通3丁目22番10号,神戸市灘区,兵庫県,6570013,2024-09-05
3355,小林さくら,小林さくら3355@yahoo.co.jp,090-2013-4205,京都府京都市中京区烏丸通6丁目14番5号,京都市中京区,京都府,6040025,2023-09-04
3356,橋本真由美,橋本真由美3356@yahoo.co.jp,090-2266-5316,京都府京都市下京区四条通4丁目3番3号,京都市下京区,京都府,6000012,2023-06-09
3357,青木誠,青木誠3357@gmail.com,090-4240-7728,愛知県名古屋市西区名駅7丁目18番9号,名古屋市西区,愛知県,4510009,2023-09-13
3358,村上美香,村上美香3358@example.com,090-1298-8259,京都府京都市中京区烏丸通10丁目12番10号,京都市中京区,京都府,6040003,2023-06-28
3359,岡田美香,岡田美香3359@outlook.com,090-6658-8969,福岡県福岡市博多区博多駅前3丁目28番9号,福岡市博多区,福岡県,8120011,2023-07-30
3360,藤原由美子,藤原由美子3360@outlook.com,090-9826-5800,神奈川県横浜市中区本町6丁目28番3号,横浜市中区,神奈川県,2310026,2023-04-28
3361,村上誠,村上誠3361@outlook.com,090-9628-2711,埼玉県さいたま市浦和区高砂8丁目5番7号,さいたま市浦和区,埼玉県,3300036,2024-01-12
3362,森田由美子,森田由美子3362@gmail.com,090-5497-7620,千葉県千葉市美浜区美浜8丁目25番4号,千葉市美浜区,千葉県,2610024,2024-06-08
3363,加藤香織,加藤香織3363@example.com,090-9803-9482,北海道札幌市中央区北1条西2丁目18番3号,札幌市中央区,北海道,0600015,2024-05-08
3364,田中健太,田中健太3364@yahoo.co.jp,090-5910-7156,北海道札幌市中央区北1条西2丁目24番2号,札幌市中央区,北海道,0600032,2024-07-27
3365,橋本拓也,橋本拓也3365@yahoo.co.jp,090-5618-8240,愛知県名古屋市中区錦3丁目10番5号,名古屋市中区,愛知県,4600005,2023-11-01
3366,藤原美香,藤原美香3366@example.com,090-8495-3256,千葉県千葉市中央区中央5丁目6番1号,千葉市中央区,千葉県,2600026,2024-06-22
3367,田中麻美,田中麻美3367@example.com,090-1247-7655,東京都千代田区丸の内3丁目10番1号,千代田区,東京都,1000008,2024-08-05
3368,山本恵子,山本恵子3368@example.com,090-4598-7251,兵庫県神戸市中央区三宮町3丁目8番10号,神戸市中央区,兵庫県,6500037,2024-09-16
3369,山本和也,山本和也3369@yahoo.co.jp,090-2906-7694,大阪府大阪市北区梅田3丁目14番4号,大阪市北区,大阪府,5300002,2023-11-22
3370,中村次郎,中村次郎3370@yahoo.co.jp,090-6909-9522,北海道札幌市北区北6条西1丁目13番2号,札幌市北区,北海道,0600003,2023-01-10
3371,橋本健太,橋本健太3371@gmail.com,090-9287-6214,埼玉県さいたま市大宮区大宮10丁目23番1号,さいたま市大宮区,埼玉県,3300038,2023-12-18
3372,坂本剛,坂本剛3372@gmail.com,090-4056-7323,埼玉県さいたま市大宮区大宮7丁目22番7号,さいたま市大宮区,埼玉県,3300026,2023-03-21
3373,佐藤美香,佐藤美香3373@example.com,090-8084-4380,埼玉県さいたま市浦和区高砂4丁目14番4号,さいたま市浦和区,埼玉県,3300033,2023-08-22
3374,森田美穂,森田美穂3374@example.com,090-2941-1372,福岡県福岡市博多区博多駅前6丁目19番4号,福岡市博多区,福岡県,8120003,2023-07-16
3375,斎藤真由美,斎藤真由美3375@icloud.com,090-9715-6438,愛知県名古屋市中区錦3丁目21番10号,名古屋市中区,愛知県,4600001,2023-10-28
3376,山本雄一,山本雄一3376@icloud.com,090-9375-2768,東京都千代田区丸の内1丁目2番6号,千代田区,東京都,1000010,2024-03-22
3377,石川雄一,石川雄一3377@icloud.com,090-9481-4125,大阪府大阪市北区梅田10丁目15番6号,大阪市北区,大阪府,5300019,2023-12-30
3378,前田千佳,前田千佳3378@icloud.com,090-7498-1252,福岡県福岡市博多区博多駅前2丁目27番1号,福岡市博多区,福岡県,8120014,2023-08-23
3379,後藤和也,後藤和也3379@icloud.com,090-9306-2475,大阪府大阪市北区梅田1丁目6番3号,大阪市北区,大阪府,5300018,2024-09-16
3380,渡辺正,渡辺正3380@example.com,090-2442-6575,京都府京都市中京区烏丸通6丁目2番9号,京都市中京区,京都府,6040005,2024-07-16
3381,加藤和也,加藤和也3381@gmail.com,090-4284-7218,大阪府大阪市中央区本町6丁目16番2号,大阪市中央区,大阪府,5410006,2023-02-28
3382,松本恵子,松本恵子3382@outlook.com,090-5868-1587,千葉県千葉市中央区中央7丁目3番6号,千葉市中央区,千葉県,2600026,2023-04-17
3383,近藤恵子,近藤恵子3383@example.com,090-8783-3290,福岡県福岡市博多区博多駅前1丁目3番6号,福岡市博多区,福岡県,8120001,2023-03-04
3384,石川美香,石川美香3384@outlook.com,090-1448-5678,東京都千代田区丸の内2丁目4番1号,千代田区,東京都,1000008,2023-07-29
3385,伊藤麻衣,伊藤麻衣3385@yahoo.co.jp,090-3675-9583,東京都千代田区丸の内6丁目21番5号,千代田区,東京都,1000015,2024-10-03
3386,村上麻衣,村上麻衣3386@outlook.com,090-6181-7592,福岡県福岡市博多区博多駅前8丁目16番4号,福岡市博多区,福岡県,8120014,2023-05-10
3387,伊藤拓也,伊藤拓也3387@icloud.com,090-5633-6723,北海道札幌市中央区北1条西3丁目6番4号,札幌市中央区,北海道,0600010,2024-02-06
3388,高橋麻美,高橋麻美3388@icloud.com,090-9876-2768,大阪府大阪市中央区本町1丁目4番1号,大阪市中央区,大阪府,5410031,2023-04-21
3389,木村健一,木村健一3389@example.com,090-4972-6089,福岡県福岡市中央区天神7丁目6番1号,福岡市中央区,福岡県,8100006,2024-04-18
3390,加藤健太,加藤健太3390@example.com,090-3027-2457,埼玉県さいたま市大宮区大宮8丁目9番10号,さいたま市大宮区,埼玉県,3300028,2024-09-22
3391,森田亮,森田亮3391@gmail.com,090-9948-4759,愛知県名古屋市西区名駅1丁目15番10号,名古屋市西区,愛知県,4510033,2023-11-27
3392,村上亮,村上亮3392@icloud.com,090-6143-7783,大阪府大阪市北区梅田7丁目28番3号,大阪市北区,大阪府,5300018,2023-12-16
3393,田中剛,田中剛3393@example.com,090-9916-1032,京都府京都市下京区四条通7丁目12番6号,京都市下京区,京都府,6000026,2024-10-26
3394,岡田一郎,岡田一郎3394@outlook.com,090-7533-1442,兵庫県神戸市中央区三宮町7丁目27番4号,神戸市中央区,兵庫県,6500028,2024-03-31
3395,橋本誠,橋本誠3395@outlook.com,090-2227-7310,京都府京都市中京区烏丸通9丁目1番2号,京都市中京区,京都府,6040024,2023-08-04
3396,木村美咲,木村美咲3396@icloud.com,090-2453-6413,福岡県福岡市中央区天神9丁目15番1号,福岡市中央区,福岡県,8100005,2024-05-28
3397,坂本千佳,坂本千佳3397@gmail.com,090-3998-8524,大阪府大阪市中央区本町2丁目7番7号,大阪市中央区,大阪府,5410011,2023-04-19
3398,藤井由美子,藤井由美子3398@yahoo.co.jp,090-2781-7620,北海道札幌市中央区北1条西6丁目15番4号,札幌市中央区,北海道,0600021,2024-05-15
3399,森田真由美,森田真由美3399@example.com,090-4911-4797,京都府京都市下京区四条通6丁目11番1号,京都市下京区,京都府,6000038,2023-11-12
3400,井上由美子,井上由美子3400@example.com,090-8203-6480,北海道札幌市北区北6条西7丁目8番4号,札幌市北区,北海道,0600016,2023-06-27
3401,藤井香織,藤井香織3401@example.com,090-4523-7539,愛知県名古屋市西区名駅5丁目20番9号,名古屋市西区,愛知県,4510022,2023-11-25
3402,岡田誠,岡田誠3402@example.com,090-7061-6906,兵庫県神戸市中央区三宮町1丁目21番3号,神戸市中央区,兵庫県,6500006,2024-06-09
3403,石川愛,石川愛3403@outlook.com,090-8306-4486,北海道札幌市中央区北1条西1丁目2番5号,札幌市中央区,北海道,0600003,2024-02-20
3404,山田直樹,山田直樹3404@outlook.com,090-6794-9820,京都府京都市下京区四条通3丁目14番7号,京都市下京区,京都府,6000030,2023-05-06
3405,長谷川美咲,長谷川美咲3405@icloud.com,090-6148-7171,神奈川県横浜市中区本町9丁目30番5号,横浜市中区,神奈川県,2310026,2024-06-30
3406,松本真由美,松本真由美3406@yahoo.co.jp,090-8687-5722,北海道札幌市中央区北1条西6丁目19番10号,札幌市中央区,北海道,0600020,2024-04-20
3407,森田麻衣,森田麻衣3407@gmail.com,090-3062-9301,兵庫県神戸市中央区三宮町8丁目5番6号,神戸市中央区,兵庫県,6500009,2024-02-06
3408,田中達也,田中達也3408@yahoo.co.jp,090-6421-4521,神奈川県横浜市西区みなとみらい10丁目28番6号,横浜市西区,神奈川県,2200020,2023-09-08
3409,井上亮,井上亮3409@icloud.com,090-4782-4323,北海道札幌市中央区北1条西8丁目14番4号,札幌市中央区,北海道,0600023,2023-12-17
3410,田中麻美,田中麻美3410@icloud.com,090-2532-1808,北海道札幌市北区北6条西7丁目28番3号,札幌市北区,北海道,0600025,2024-12-01
3411,森田次郎,森田次郎3411@icloud.com,090-9033-4670,大阪府大阪市北区梅田3丁目20番2号,大阪市北区,大阪府,5300016,2023-08-10
3412,田中健一,田中健一3412@gmail.com,090-5771-4504,北海道札幌市北区北6条西7丁目22番2号,札幌市北区,北海道,0600039,2023-11-24
3413,遠藤直樹,遠藤直樹3413@gmail.com,090-6039-6863,愛知県名古屋市中区錦3丁目24番6号,名古屋市中区,愛知県,4600007,2023-01-23
3414,山本直樹,山本直樹3414@icloud.com,090-5581-6094,愛知県名古屋市中区錦1丁目27番8号,名古屋市中区,愛知県,4600004,2024-09-02
3415,藤井慎一,藤井慎一3415@gmail.com,090-6901-7837,京都府京都市中京区烏丸通3丁目17番9号,京都市中京区,京都府,6040007,2023-06-27
3416,橋本誠,橋本誠3416@outlook.com,090-9020-8747,北海道札幌市北区北6条西1丁目16番6号,札幌市北区,北海道,0600035,2023-11-19
3417,鈴木由美子,鈴木由美子3417@gmail.com,090-8640-6162,愛知県名古屋市中区錦1丁目29番4号,名古屋市中区,愛知県,4600007,2024-07-25
3418,後藤美香,後藤美香3418@example.com,090-2777-6925,愛知県名古屋市西区名駅3丁目23番3号,名古屋市西区,愛知県,4510013,2023-05-30
3419,吉田大輔,吉田大輔3419@gmail.com,090-3032-9528,神奈川県横浜市中区本町2丁目23番6号,横浜市中区,神奈川県,2310010,2024-10-03
3420,林健一,林健一3420@icloud.com,090-3589-2073,東京都千代田区丸の内1丁目22番7号,千代田区,東京都,1000007,2023-02-07
3421,長谷川達也,長谷川達也3421@example.com,090-4292-9154,神奈川県横浜市中区本町10丁目21番1号,横浜市中区,神奈川県,2310001,2024-04-29
3422,青木恵子,青木恵子3422@icloud.com,090-6484-5127,神奈川県横浜市中区本町7丁目10番3号,横浜市中区,神奈川県,2310040,2024-08-25
3423,池田直樹,池田直樹3423@gmail.com,090-5069-4292,東京都新宿区新宿6丁目9番6号,新宿区,東京都,1600011,2024-10-02
3424,木村真由美,木村真由美3424@yahoo.co.jp,090-9052-5461,京都府京都市中京区烏丸通5丁目24番10号,京都市中京区,京都府,6040038,2023-11-07
3425,後藤大輔,後藤大輔3425@icloud.com,090-4006-9561,兵庫県神戸市灘区灘南通3丁目10番4号,神戸市灘区,兵庫県,6570016,2024-12-14
3426,吉田由美子,吉田由美子3426@outlook.com,090-5651-1852,埼玉県さいたま市大宮区大宮3丁目2番6号,さいたま市大宮区,埼玉県,3300036,2024-07-11
3427,山本優子,山本優子3427@gmail.com,090-6641-5548,兵庫県神戸市灘区灘南通4丁目5番8号,神戸市灘区,兵庫県,6570013,2024-04-29
3428,前田由美子,前田由美子3428@example.com,090-6597-2710,大阪府大阪市北区梅田2丁目1番8号,大阪市北区,大阪府,5300006,2023-05-14
3429,山本美穂,山本美穂3429@gmail.com,090-7292-8559,京都府京都市中京区烏丸通4丁目14番1号,京都市中京区,京都府,6040015,2024-11-11
3430,岡田一郎,岡田一郎3430@outlook.com,090-8378-5495,埼玉県さいたま市浦和区高砂2丁目8番7号,さいたま市浦和区,埼玉県,3300004,2024-11-10
3431,中村大輔,中村大輔3431@example.com,090-7649-1743,兵庫県神戸市灘区灘南通5丁目4番10号,神戸市灘区,兵庫県,6570025,2023-10-12
3432,吉田香織,吉田香織3432@example.com,090-5650-4450,千葉県千葉市美浜区美浜2丁目26番5号,千葉市美浜区,千葉県,2610023,2023-07-23
3433,佐藤智子,佐藤智子3433@icloud.com,090-8402-8791,北海道札幌市中央区北1条西7丁目8番7号,札幌市中央区,北海道,0600040,2024-05-04
3434,池田真由美,池田真由美3434@outlook.com,090-1098-2291,埼玉県さいたま市大宮区大宮5丁目18番8号,さいたま市大宮区,埼玉県,3300028,2023-09-20
3435,山本達也,山本達也3435@outlook.com,090-1210-3145,千葉県千葉市中央区中央6丁目22番9号,千葉市中央区,千葉県,2600025,2024-03-18
3436,山田太郎,山田太郎3436@outlook.com,090-4226-6005,埼玉県さいたま市浦和区高砂4丁目15番9号,さいたま市浦和区,埼玉県,3300036,2023-02-14
3437,橋本雄一,橋本雄一3437@icloud.com,090-6763-1273,愛知県名古屋市西区名駅7丁目15番5号,名古屋市西区,愛知県,4510020,2023-05-03
3438,遠藤千佳,遠藤千佳3438@yahoo.co.jp,090-3998-8145,愛知県名古屋市中区錦2丁目18番4号,名古屋市中区,愛知県,4600003,2024-06-25
3439,松本一郎,松本一郎3439@gmail.com,090-5063-5883,北海道札幌市北区北6条西2丁目17番3号,札幌市北区,北海道,0600018,2023-06-28
3440,森田和也,森田和也3440@example.com,090-8140-3012,京都府京都市中京区烏丸通6丁目10番8号,京都市中京区,京都府,6040020,2024-01-17
3441,吉田美咲,吉田美咲3441@gmail.com,090-6808-9584,福岡県福岡市博多区博多駅前10丁目11番3号,福岡市博多区,福岡県,8120003,2023-09-07
3442,青木香織,青木香織3442@gmail.com,090-5902-8272,福岡県福岡市博多区博多駅前2丁目21番6号,福岡市博多区,福岡県,8120020,2024-01-10
3443,高橋麻美,高橋麻美3443@example.com,090-2869-8060,神奈川県横浜市西区みなとみらい9丁目2番2号,横浜市西区,神奈川県,2200005,2024-11-01
3444,長谷川健一,長谷川健一3444@outlook.com,090-6076-4563,兵庫県神戸市中央区三宮町9丁目27番7号,神戸市中央区,兵庫県,6500013,2023-10-12
3445,伊藤亮,伊藤亮3445@outlook.com,090-6411-4518,京都府京都市下京区四条通8丁目26番2号,京都市下京区,京都府,6000035,2023-11-07
3446,渡辺大輔,渡辺大輔3446@example.com,090-1363-8614,兵庫県神戸市灘区灘南通1丁目25番1号,神戸市灘区,兵庫県,6570025,2023-02-05
3447,村上大輔,村上大輔3447@yahoo.co.jp,090-6366-4619,東京都新宿区新宿8丁目5番5号,新宿区,東京都,1600009,2024-03-31
3448,伊藤麻衣,伊藤麻衣3448@icloud.com,090-4813-7971,神奈川県横浜市中区本町4丁目1番1号,横浜市中区,神奈川県,2310018,2023-06-06
3449,池田翔太,池田翔太3449@outlook.com,090-1455-7487,福岡県福岡市博多区博多駅前4丁目7番8号,福岡市博多区,福岡県,8120007,2024-09-16
3450,井上美穂,井上美穂3450@gmail.com,090-4111-1359,埼玉県さいたま市浦和区高砂1丁目27番6号,さいたま市浦和区,埼玉県,3300001,2024-01-19
3451,渡辺優子,渡辺優子3451@yahoo.co.jp,090-7298-4804,千葉県千葉市美浜区美浜5丁目7番1号,千葉市美浜区,千葉県,2610001,2024-08-09
3452,山田太郎,山田太郎3452@icloud.com,090-8922-7641,神奈川県横浜市中区本町7丁目3番1号,横浜市中区,神奈川県,2310011,2024-02-06
3453,青木健一,青木健一3453@yahoo.co.jp,090-2746-8633,兵庫県神戸市灘区灘南通6丁目18番6号,神戸市灘区,兵庫県,6570009,2024-07-24
3454,木村由美,木村由美3454@outlook.com,090-3166-5168,京都府京都市下京区四条通1丁目27番9号,京都市下京区,京都府,6000001,2024-08-16
3455,伊藤慎一,伊藤慎一3455@icloud.com,090-4777-4465,兵庫県神戸市灘区灘南通5丁目3番1号,神戸市灘区,兵庫県,6570028,2024-12-28
3456,佐藤太郎,佐藤太郎3456@icloud.com,090-9399-7786,福岡県福岡市中央区天神7丁目9番9号,福岡市中央区,福岡県,8100026,2024-05-07
3457,岡田慎一,岡田慎一3457@outlook.com,090-3752-9952,京都府京都市下京区四条通5丁目18番6号,京都市下京区,京都府,6000015,2023-02-24
3458,池田恵子,池田恵子3458@example.com,090-9616-5122,京都府京都市下京区四条通5丁目6番7号,京都市下京区,京都府,6000037,2024-10-01
3459,岡田香織,岡田香織3459@yahoo.co.jp,090-2949-9990,東京都千代田区丸の内1丁目4番2号,千代田区,東京都,1000001,2023-01-17
3460,松本慎一,松本慎一3460@icloud.com,090-9421-4219,埼玉県さいたま市大宮区大宮2丁目12番3号,さいたま市大宮区,埼玉県,3300005,2023-03-27
3461,佐藤千佳,佐藤千佳3461@gmail.com,090-3394-8406,千葉県千葉市中央区中央9丁目8番9号,千葉市中央区,千葉県,2600001,2024-09-03
3462,吉田慎一,吉田慎一3462@example.com,090-2672-3442,神奈川県横浜市中区本町8丁目16番1号,横浜市中区,神奈川県,2310033,2024-01-10
3463,林由美子,林由美子3463@gmail.com,090-7586-9832,愛知県名古屋市中区錦4丁目28番6号,名古屋市中区,愛知県,4600006,2024-10-09
3464,木村智子,木村智子3464@gmail.com,090-8219-8666,愛知県名古屋市西区名駅8丁目23番2号,名古屋市西区,愛知県,4510039,2023-08-30
3465,後藤恵子,後藤恵子3465@outlook.com,090-8733-1045,大阪府大阪市中央区本町6丁目9番8号,大阪市中央区,大阪府,5410016,2023-03-22
3466,井上由美子,井上由美子3466@icloud.com,090-8175-6834,愛知県名古屋市西区名駅7丁目13番1号,名古屋市西区,愛知県,4510010,2023-01-01
3467,岡田智子,岡田智子3467@example.com,090-9655-6535,北海道札幌市中央区北1条西1丁目27番4号,札幌市中央区,北海道,0600030,2024-07-20
3468,森田拓也,森田拓也3468@example.com,090-6247-8890,愛知県名古屋市西区名駅6丁目15番8号,名古屋市西区,愛知県,4510035,2024-04-01
3469,高橋正,高橋正3469@icloud.com,090-1659-6696,京都府京都市中京区烏丸通9丁目1番9号,京都市中京区,京都府,6040001,2024-09-21
3470,木村智子,木村智子3470@yahoo.co.jp,090-5482-5164,兵庫県神戸市灘区灘南通10丁目27番8号,神戸市灘区,兵庫県,6570034,2024-04-15
3471,前田和也,前田和也3471@gmail.com,090-7291-6381,兵庫県神戸市灘区灘南通3丁目23番5号,神戸市灘区,兵庫県,6570014,2024-12-21
3472,藤原太郎,藤原太郎3472@gmail.com,090-8245-5903,東京都新宿区新宿8丁目20番3号,新宿区,東京都,1600021,2024-12-08
3473,井上千佳,井上千佳3473@icloud.com,090-5512-2011,神奈川県横浜市西区みなとみらい6丁目14番1号,横浜市西区,神奈川県,2200039,2024-03-20
3474,石川由美,石川由美3474@example.com,090-6289-5634,福岡県福岡市博多区博多駅前10丁目30番4号,福岡市博多区,福岡県,8120021,2024-08-21
3475,橋本直樹,橋本直樹3475@gmail.com,090-5801-5920,兵庫県神戸市灘区灘南通4丁目24番8号,神戸市灘区,兵庫県,6570021,2024-03-25
3476,井上直樹,井上直樹3476@gmail.com,090-7001-2074,福岡県福岡市博多区博多駅前4丁目2番9号,福岡市博多区,福岡県,8120020,2023-01-09
3477,藤井誠,藤井誠3477@yahoo.co.jp,090-1807-2546,東京都千代田区丸の内4丁目23番10号,千代田区,東京都,1000004,2023-11-15
3478,山本達也,山本達也3478@gmail.com,090-4635-5498,埼玉県さいたま市大宮区大宮7丁目11番4号,さいたま市大宮区,埼玉県,3300017,2023-08-12
3479,藤原亮,藤原亮3479@yahoo.co.jp,090-5726-2815,兵庫県神戸市中央区三宮町1丁目10番9号,神戸市中央区,兵庫県,6500030,2023-09-24
3480,林正,林正3480@example.com,090-2747-8991,愛知県名古屋市西区名駅3丁目23番7号,名古屋市西区,愛知県,4510014,2023-03-08
3481,村上麻衣,村上麻衣3481@gmail.com,090-2958-2226,京都府京都市中京区烏丸通5丁目12番9号,京都市中京区,京都府,6040013,2024-10-05
3482,後藤由美子,後藤由美子3482@icloud.com,090-7231-8418,千葉県千葉市中央区中央6丁目9番5号,千葉市中央区,千葉県,2600035,2024-02-24
3483,橋本麻美,橋本麻美3483@example.com,090-8844-9386,埼玉県さいたま市浦和区高砂5丁目5番6号,さいたま市浦和区,埼玉県,3300041,2024-12-31
3484,青木翔太,青木翔太3484@yahoo.co.jp,090-3816-7557,北海道札幌市北区北6条西1丁目27番9号,札幌市北区,北海道,0600028,2023-05-11
3485,岡田健太,岡田健太3485@yahoo.co.jp,090-7726-4090,北海道札幌市中央区北1条西4丁目25番1号,札幌市中央区,北海道,0600015,2024-01-30
3486,山田健太,山田健太3486@outlook.com,090-9631-4133,北海道札幌市北区北6条西1丁目7番5号,札幌市北区,北海道,0600012,2024-05-02
3487,井上雄一,井上雄一3487@gmail.com,090-4383-2908,兵庫県神戸市中央区三宮町1丁目11番2号,神戸市中央区,兵庫県,6500030,2023-03-28
3488,森田達也,森田達也3488@yahoo.co.jp,090-4844-9759,大阪府大阪市北区梅田3丁目23番10号,大阪市北区,大阪府,5300016,2024-05-21
3489,高橋慎一,高橋慎一3489@icloud.com,090-1411-4606,京都府京都市中京区烏丸通4丁目25番8号,京都市中京区,京都府,6040009,2024-04-01
3490,山田健一,山田健一3490@icloud.com,090-5978-3188,東京都新宿区新宿5丁目17番7号,新宿区,東京都,1600003,2023-10-11
3491,加藤和也,加藤和也3491@gmail.com,090-4446-7577,京都府京都市下京区四条通5丁目12番3号,京都市下京区,京都府,6000040,2024-12-02
3492,中村次郎,中村次郎3492@icloud.com,090-1811-1161,東京都新宿区新宿7丁目14番10号,新宿区,東京都,1600020,2024-05-04
3493,木村真由美,木村真由美3493@example.com,090-5804-2020,神奈川県横浜市西区みなとみらい2丁目25番10号,横浜市西区,神奈川県,2200035,2024-06-06
3494,佐藤美香,佐藤美香3494@icloud.com,090-4643-8856,京都府京都市中京区烏丸通3丁目10番7号,京都市中京区,京都府,6040012,2024-12-07
3495,長谷川健一,長谷川健一3495@gmail.com,090-8353-9221,大阪府大阪市北区梅田10丁目25番4号,大阪市北区,大阪府,5300002,2023-02-12
3496,岡田花子,岡田花子3496@yahoo.co.jp,090-9801-5524,福岡県福岡市中央区天神7丁目22番7号,福岡市中央区,福岡県,8100001,2024-09-17
3497,高橋千佳,高橋千佳3497@yahoo.co.jp,090-5322-8757,京都府京都市中京区烏丸通10丁目14番7号,京都市中京区,京都府,6040011,2024-05-11
3498,近藤麻美,近藤麻美3498@outlook.com,090-4051-6855,千葉県千葉市美浜区美浜6丁目29番8号,千葉市美浜区,千葉県,2610023,2024-02-15
3499,青木大輔,青木大輔3499@yahoo.co.jp,090-1871-9293,埼玉県さいたま市浦和区高砂10丁目8番10号,さいたま市浦和区,埼玉県,3300024,2024-08-17
3500,渡辺千佳,渡辺千佳3500@yahoo.co.jp,090-7563-6079,大阪府大阪市北区梅田5丁目17番3号,大阪市北区,大阪府,5300003,2023-04-30
3501,長谷川正,長谷川正3501@yahoo.co.jp,090-6059-5095,神奈川県横浜市中区本町3丁目30番3号,横浜市中区,神奈川県,2310040,2023-08-03
3502,井上真由美,井上真由美3502@outlook.com,090-3333-7307,福岡県福岡市中央区天神5丁目26番5号,福岡市中央区,福岡県,8100019,2023-08-20
3503,池田誠,池田誠3503@outlook.com,090-1806-9198,福岡県福岡市中央区天神4丁目20番10号,福岡市中央区,福岡県,8100023,2024-03-05
3504,村上慎一,村上慎一3504@gmail.com,090-9278-4683,千葉県千葉市美浜区美浜3丁目20番7号,千葉市美浜区,千葉県,2610004,2023-04-29
3505,中村大輔,中村大輔3505@yahoo.co.jp,090-9427-2668,埼玉県さいたま市浦和区高砂4丁目29番8号,さいたま市浦和区,埼玉県,3300030,2024-01-25
3506,近藤亮,近藤亮3506@icloud.com,090-2348-5630,東京都新宿区新宿1丁目23番1号,新宿区,東京都,1600009,2024-04-11
3507,藤井大輔,藤井大輔3507@gmail.com,090-5621-4432,福岡県福岡市博多区博多駅前1丁目15番6号,福岡市博多区,福岡県,8120001,2023-06-01
3508,高橋優子,高橋優子3508@yahoo.co.jp,090-7226-2779,東京都新宿区新宿2丁目16番7号,新宿区,東京都,1600008,2023-10-16
3509,前田亮,前田亮3509@outlook.com,090-9706-5715,兵庫県神戸市中央区三宮町3丁目22番7号,神戸市中央区,兵庫県,6500032,2024-11-13
3510,井上真由美,井上真由美3510@outlook.com,090-5173-4674,東京都新宿区新宿9丁目3番10号,新宿区,東京都,1600011,2023-07-11
3511,坂本翔太,坂本翔太3511@example.com,090-4716-1077,福岡県福岡市中央区天神4丁目19番7号,福岡市中央区,福岡県,8100033,2023-10-06
3512,佐藤智子,佐藤智子3512@icloud.com,090-9856-5653,大阪府大阪市北区梅田5丁目22番1号,大阪市北区,大阪府,5300007,2024-11-25
3513,近藤正,近藤正3513@example.com,090-1398-3803,北海道札幌市中央区北1条西7丁目17番1号,札幌市中央区,北海道,0600031,2023-09-05
3514,伊藤健太,伊藤健太3514@outlook.com,090-4837-8661,京都府京都市下京区四条通10丁目11番9号,京都市下京区,京都府,6000007,2024-08-17
3515,渡辺由美,渡辺由美3515@yahoo.co.jp,090-4494-4929,東京都新宿区新宿2丁目25番3号,新宿区,東京都,1600007,2024-09-11
3516,藤井慎一,藤井慎一3516@outlook.com,090-2065-9704,北海道札幌市中央区北1条西2丁目4番4号,札幌市中央区,北海道,0600038,2024-02-19
3517,遠藤健一,遠藤健一3517@icloud.com,090-5243-4744,京都府京都市下京区四条通3丁目5番8号,京都市下京区,京都府,6000032,2024-03-12
3518,青木亮,青木亮3518@icloud.com,090-9198-8640,埼玉県さいたま市浦和区高砂5丁目11番3号,さいたま市浦和区,埼玉県,3300023,2024-06-13
3519,小林美穂,小林美穂3519@outlook.com,090-3970-8319,大阪府大阪市中央区本町10丁目14番3号,大阪市中央区,大阪府,5410004,2023-10-22
3520,森田香織,森田香織3520@icloud.com,090-5183-7852,東京都千代田区丸の内10丁目22番3号,千代田区,東京都,1000009,2024-01-19
3521,吉田太郎,吉田太郎3521@outlook.com,090-4953-2423,埼玉県さいたま市浦和区高砂3丁目28番7号,さいたま市浦和区,埼玉県,3300008,2024-09-01
3522,青木次郎,青木次郎3522@outlook.com,090-3732-9931,京都府京都市中京区烏丸通7丁目11番7号,京都市中京区,京都府,6040013,2024-08-31
3523,坂本翔太,坂本翔太3523@gmail.com,090-4817-4979,東京都渋谷区渋谷10丁目2番6号,渋谷区,東京都,1500006,2023-05-04
3524,松本次郎,松本次郎3524@example.com,090-9828-3244,大阪府大阪市北区梅田6丁目25番8号,大阪市北区,大阪府,5300021,2024-10-28
3525,斎藤優子,斎藤優子3525@gmail.com,090-2776-9318,愛知県名古屋市中区錦4丁目24番5号,名古屋市中区,愛知県,4600007,2024-12-15
3526,橋本亮,橋本亮3526@example.com,090-5414-2674,福岡県福岡市博多区博多駅前4丁目20番9号,福岡市博多区,福岡県,8120004,2023-02-11
3527,山本直樹,山本直樹3527@outlook.com,090-5117-8074,大阪府大阪市北区梅田3丁目5番9号,大阪市北区,大阪府,5300003,2023-08-04
3528,鈴木達也,鈴木達也3528@icloud.com,090-6573-8280,埼玉県さいたま市大宮区大宮9丁目12番7号,さいたま市大宮区,埼玉県,3300019,2023-08-13
3529,井上翔太,井上翔太3529@yahoo.co.jp,090-3760-2418,神奈川県横浜市西区みなとみらい1丁目22番8号,横浜市西区,神奈川県,2200004,2024-12-18
3530,森田亮,森田亮3530@icloud.com,090-6988-6633,京都府京都市下京区四条通3丁目4番6号,京都市下京区,京都府,6000009,2024-06-21
3531,近藤麻美,近藤麻美3531@icloud.com,090-6184-3566,福岡県福岡市中央区天神5丁目6番4号,福岡市中央区,福岡県,8100040,2023-03-21
3532,鈴木剛,鈴木剛3532@yahoo.co.jp,090-8400-9232,京都府京都市中京区烏丸通6丁目29番8号,京都市中京区,京都府,6040027,2024-11-03
3533,藤原さくら,藤原さくら3533@yahoo.co.jp,090-7511-6217,埼玉県さいたま市浦和区高砂1丁目4番8号,さいたま市浦和区,埼玉県,3300017,2023-01-29
3534,松本麻衣,松本麻衣3534@outlook.com,090-8151-9382,大阪府大阪市北区梅田4丁目17番3号,大阪市北区,大阪府,5300001,2023-10-24
3535,岡田慎一,岡田慎一3535@icloud.com,090-4694-5831,神奈川県横浜市中区本町10丁目2番8号,横浜市中区,神奈川県,2310030,2024-02-15
3536,伊藤由美子,伊藤由美子3536@outlook.com,090-7055-1497,東京都渋谷区渋谷4丁目24番10号,渋谷区,東京都,1500008,2023-06-09
3537,藤原亮,藤原亮3537@gmail.com,090-5083-9883,東京都渋谷区渋谷1丁目25番5号,渋谷区,東京都,1500036,2024-05-16
3538,佐藤千佳,佐藤千佳3538@outlook.com,090-9477-1839,埼玉県さいたま市浦和区高砂9丁目22番2号,さいたま市浦和区,埼玉県,3300019,2023-07-18
3539,伊藤優子,伊藤優子3539@gmail.com,090-7926-2117,兵庫県神戸市中央区三宮町1丁目14番9号,神戸市中央区,兵庫県,6500015,2024-10-20
3540,斎藤真由美,斎藤真由美3540@example.com,090-1950-2447,北海道札幌市北区北6条西9丁目30番9号,札幌市北区,北海道,0600027,2024-02-23
3541,池田由美子,池田由美子3541@gmail.com,090-5219-8729,福岡県福岡市博多区博多駅前9丁目5番10号,福岡市博多区,福岡県,8120019,2023-03-20
3542,斎藤和也,斎藤和也3542@icloud.com,090-3013-1705,兵庫県神戸市中央区三宮町3丁目22番3号,神戸市中央区,兵庫県,6500014,2023-10-02
3543,佐藤次郎,佐藤次郎3543@gmail.com,090-2347-7239,兵庫県神戸市灘区灘南通5丁目4番8号,神戸市灘区,兵庫県,6570021,2024-01-15
3544,斎藤慎一,斎藤慎一3544@outlook.com,090-6561-9740,福岡県福岡市博多区博多駅前8丁目30番5号,福岡市博多区,福岡県,8120015,2024-12-16
3545,坂本三郎,坂本三郎3545@example.com,090-9548-9235,東京都新宿区新宿4丁目6番2号,新宿区,東京都,1600007,2024-10-04
3546,渡辺雄一,渡辺雄一3546@icloud.com,090-4054-7873,愛知県名古屋市中区錦1丁目25番10号,名古屋市中区,愛知県,4600003,2024-09-18
3547,岡田さくら,岡田さくら3547@outlook.com,090-7197-7829,東京都新宿区新宿3丁目28番4号,新宿区,東京都,1600012,2023-08-27
3548,井上大輔,井上大輔3548@icloud.com,090-4290-8038,千葉県千葉市中央区中央7丁目25番3号,千葉市中央区,千葉県,2600038,2024-05-22
3549,加藤花子,加藤花子3549@yahoo.co.jp,090-6248-2116,埼玉県さいたま市浦和区高砂6丁目27番8号,さいたま市浦和区,埼玉県,3300005,2023-07-27
3550,橋本拓也,橋本拓也3550@yahoo.co.jp,090-2575-1580,北海道札幌市中央区北1条西2丁目10番3号,札幌市中央区,北海道,0600038,2024-11-09
3551,石川健太,石川健太3551@gmail.com,090-1926-5786,東京都千代田区丸の内8丁目17番1号,千代田区,東京都,1000013,2024-03-16
3552,池田麻美,池田麻美3552@outlook.com,090-2312-8415,京都府京都市下京区四条通1丁目29番5号,京都市下京区,京都府,6000040,2024-04-25
3553,遠藤恵子,遠藤恵子3553@icloud.com,090-6471-4050,京都府京都市下京区四条通4丁目28番2号,京都市下京区,京都府,6000022,2023-08-30
3554,山本亮,山本亮3554@outlook.com,090-3388-6564,福岡県福岡市博多区博多駅前6丁目30番1号,福岡市博多区,福岡県,8120018,2024-05-18
3555,橋本さくら,橋本さくら3555@outlook.com,090-1487-4789,北海道札幌市北区北6条西9丁目9番3号,札幌市北区,北海道,0600001,2024-02-17
3556,斎藤麻美,斎藤麻美3556@outlook.com,090-1979-4235,大阪府大阪市北区梅田2丁目23番6号,大阪市北区,大阪府,5300020,2024-07-27
3557,近藤剛,近藤剛3557@example.com,090-2017-1358,東京都新宿区新宿8丁目18番8号,新宿区,東京都,1600005,2023-07-24
3558,斎藤香織,斎藤香織3558@gmail.com,090-2753-7560,埼玉県さいたま市浦和区高砂8丁目25番5号,さいたま市浦和区,埼玉県,3300018,2024-04-27
3559,長谷川誠,長谷川誠3559@gmail.com,090-5071-7305,兵庫県神戸市灘区灘南通3丁目8番7号,神戸市灘区,兵庫県,6570016,2023-11-09
3560,井上香織,井上香織3560@icloud.com,090-6598-8665,埼玉県さいたま市浦和区高砂8丁目22番9号,さいたま市浦和区,埼玉県,3300029,2024-09-09
3561,遠藤正,遠藤正3561@yahoo.co.jp,090-7725-8343,北海道札幌市中央区北1条西1丁目24番10号,札幌市中央区,北海道,0600007,2024-03-17
3562,加藤恵子,加藤恵子3562@icloud.com,090-8791-7364,千葉県千葉市中央区中央3丁目23番5号,千葉市中央区,千葉県,2600028,2024-09-30
3563,伊藤さくら,伊藤さくら3563@icloud.com,090-6071-5308,埼玉県さいたま市浦和区高砂9丁目13番10号,さいたま市浦和区,埼玉県,3300036,2024-06-28
3564,青木由美子,青木由美子3564@example.com,090-9455-9607,東京都千代田区丸の内10丁目16番9号,千代田区,東京都,1000018,2024-03-01
3565,木村一郎,木村一郎3565@yahoo.co.jp,090-8568-5931,福岡県福岡市中央区天神2丁目19番1号,福岡市中央区,福岡県,8100017,2024-09-20
3566,藤井愛,藤井愛3566@icloud.com,090-9943-2020,神奈川県横浜市西区みなとみらい8丁目15番1号,横浜市西区,神奈川県,2200019,2023-08-04
3567,吉田太郎,吉田太郎3567@yahoo.co.jp,090-1364-9680,兵庫県神戸市中央区三宮町1丁目14番8号,神戸市中央区,兵庫県,6500008,2024-07-12
3568,松本美咲,松本美咲3568@yahoo.co.jp,090-9279-9880,埼玉県さいたま市浦和区高砂10丁目8番10号,さいたま市浦和区,埼玉県,3300002,2023-02-07
3569,伊藤美穂,伊藤美穂3569@yahoo.co.jp,090-8628-7798,大阪府大阪市中央区本町6丁目11番8号,大阪市中央区,大阪府,5410041,2023-09-05
3570,村上麻美,村上麻美3570@gmail.com,090-8180-3453,福岡県福岡市中央区天神2丁目17番7号,福岡市中央区,福岡県,8100021,2024-05-27
3571,佐藤雄一,佐藤雄一3571@outlook.com,090-2572-7356,北海道札幌市北区北6条西7丁目5番8号,札幌市北区,北海道,0600010,2024-04-14
3572,木村正,木村正3572@icloud.com,090-4065-5520,福岡県福岡市中央区天神4丁目2番2号,福岡市中央区,福岡県,8100012,2024-11-23
3573,藤井太郎,藤井太郎3573@outlook.com,090-4443-7318,北海道札幌市中央区北1条西5丁目16番3号,札幌市中央区,北海道,0600030,2024-01-18
3574,青木美咲,青木美咲3574@gmail.com,090-7093-7226,埼玉県さいたま市大宮区大宮8丁目29番5号,さいたま市大宮区,埼玉県,3300014,2023-07-15
3575,村上翔太,村上翔太3575@yahoo.co.jp,090-2045-6263,愛知県名古屋市中区錦3丁目29番2号,名古屋市中区,愛知県,4600003,2023-02-05
3576,藤原健太,藤原健太3576@outlook.com,090-2058-2169,埼玉県さいたま市浦和区高砂9丁目14番1号,さいたま市浦和区,埼玉県,3300010,2024-03-30
3577,田中亮,田中亮3577@icloud.com,090-8428-1720,東京都渋谷区渋谷6丁目11番5号,渋谷区,東京都,1500027,2024-12-10
3578,松本健一,松本健一3578@yahoo.co.jp,090-9735-7755,兵庫県神戸市中央区三宮町6丁目12番8号,神戸市中央区,兵庫県,6500007,2023-01-08
3579,中村由美,中村由美3579@icloud.com,090-3791-3649,東京都新宿区新宿7丁目19番3号,新宿区,東京都,1600004,2024-02-19
3580,後藤雄一,後藤雄一3580@icloud.com,090-5769-1689,東京都千代田区丸の内2丁目27番6号,千代田区,東京都,1000012,2023-05-02
3581,坂本拓也,坂本拓也3581@outlook.com,090-9196-1161,神奈川県横浜市中区本町9丁目21番7号,横浜市中区,神奈川県,2310013,2023-06-19
3582,井上次郎,井上次郎3582@icloud.com,090-1247-7180,愛知県名古屋市西区名駅9丁目25番1号,名古屋市西区,愛知県,4510014,2024-05-22
3583,佐藤直樹,佐藤直樹3583@gmail.com,090-9105-3545,福岡県福岡市博多区博多駅前7丁目4番5号,福岡市博多区,福岡県,8120007,2023-03-11
3584,橋本健一,橋本健一3584@example.com,090-1860-8056,大阪府大阪市中央区本町9丁目18番1号,大阪市中央区,大阪府,5410031,2024-07-22
3585,遠藤真由美,遠藤真由美3585@gmail.com,090-9845-8773,福岡県福岡市中央区天神4丁目5番1号,福岡市中央区,福岡県,8100018,2023-05-26
3586,渡辺慎一,渡辺慎一3586@gmail.com,090-3152-6275,愛知県名古屋市西区名駅6丁目20番1号,名古屋市西区,愛知県,4510027,2024-01-17
3587,長谷川麻衣,長谷川麻衣3587@example.com,090-7445-5945,千葉県千葉市美浜区美浜6丁目30番2号,千葉市美浜区,千葉県,2610031,2023-07-24
3588,佐藤次郎,佐藤次郎3588@gmail.com,090-1745-3044,大阪府大阪市北区梅田3丁目9番4号,大阪市北区,大阪府,5300010,2023-03-24
3589,松本優子,松本優子3589@yahoo.co.jp,090-7924-8472,福岡県福岡市中央区天神5丁目8番9号,福岡市中央区,福岡県,8100016,2024-11-29
3590,石川雄一,石川雄一3590@yahoo.co.jp,090-9130-5632,千葉県千葉市美浜区美浜4丁目2番9号,千葉市美浜区,千葉県,2610016,2024-01-18
3591,佐藤花子,佐藤花子3591@outlook.com,090-2805-5180,東京都新宿区新宿8丁目25番7号,新宿区,東京都,1600020,2023-02-19
3592,前田美咲,前田美咲3592@outlook.com,090-7494-3253,福岡県福岡市博多区博多駅前7丁目1番4号,福岡市博多区,福岡県,8120013,2024-02-28
3593,後藤健一,後藤健一3593@outlook.com,090-4640-7401,埼玉県さいたま市大宮区大宮9丁目27番7号,さいたま市大宮区,埼玉県,3300036,2023-10-12
3594,加藤美香,加藤美香3594@example.com,090-7706-4111,福岡県福岡市中央区天神8丁目20番9号,福岡市中央区,福岡県,8100023,2023-10-12
3595,吉田優子,吉田優子3595@yahoo.co.jp,090-2405-1825,神奈川県横浜市中区本町1丁目2番10号,横浜市中区,神奈川県,2310015,2024-10-18
3596,石川愛,石川愛3596@icloud.com,090-1467-9605,愛知県名古屋市西区名駅2丁目7番8号,名古屋市西区,愛知県,4510009,2024-10-07
3597,近藤美香,近藤美香3597@icloud.com,090-5012-4887,大阪府大阪市中央区本町7丁目1番8号,大阪市中央区,大阪府,5410011,2023-02-04
3598,後藤花子,後藤花子3598@gmail.com,090-1445-2812,福岡県福岡市博多区博多駅前5丁目29番2号,福岡市博多区,福岡県,8120017,2023-05-26
3599,村上誠,村上誠3599@yahoo.co.jp,090-7356-4943,福岡県福岡市中央区天神10丁目11番8号,福岡市中央区,福岡県,8100001,2024-07-02
3600,森田慎一,森田慎一3600@gmail.com,090-9183-3305,東京都渋谷区渋谷9丁目21番7号,渋谷区,東京都,1500010,2024-02-02
3601,斎藤麻美,斎藤麻美3601@yahoo.co.jp,090-4926-1824,北海道札幌市中央区北1条西3丁目2番10号,札幌市中央区,北海道,0600006,2023-05-21
3602,中村健太,中村健太3602@gmail.com,090-5473-4981,兵庫県神戸市灘区灘南通9丁目20番8号,神戸市灘区,兵庫県,6570015,2023-06-30
3603,木村剛,木村剛3603@yahoo.co.jp,090-9110-1852,千葉県千葉市美浜区美浜9丁目29番7号,千葉市美浜区,千葉県,2610036,2024-07-30
3604,松本優子,松本優子3604@outlook.com,090-1997-4938,福岡県福岡市中央区天神8丁目13番10号,福岡市中央区,福岡県,8100003,2024-09-17
3605,岡田健太,岡田健太3605@gmail.com,090-9737-3885,北海道札幌市中央区北1条西2丁目2番2号,札幌市中央区,北海道,0600012,2024-11-20
3606,木村雄一,木村雄一3606@outlook.com,090-6934-2789,福岡県福岡市博多区博多駅前3丁目19番8号,福岡市博多区,福岡県,8120010,2024-10-09
3607,鈴木愛,鈴木愛3607@yahoo.co.jp,090-4022-8882,神奈川県横浜市中区本町5丁目20番7号,横浜市中区,神奈川県,2310039,2024-12-11
3608,斎藤由美,斎藤由美3608@yahoo.co.jp,090-9073-5836,京都府京都市下京区四条通6丁目23番4号,京都市下京区,京都府,6000036,2023-02-07
3609,長谷川和也,長谷川和也3609@outlook.com,090-2179-1548,愛知県名古屋市中区錦4丁目14番5号,名古屋市中区,愛知県,4600006,2024-03-23
3610,山田和也,山田和也3610@example.com,090-7647-3789,福岡県福岡市中央区天神8丁目27番1号,福岡市中央区,福岡県,8100005,2023-12-01
3611,木村直樹,木村直樹3611@example.com,090-3644-8968,兵庫県神戸市中央区三宮町10丁目16番3号,神戸市中央区,兵庫県,6500009,2023-12-09
3612,小林千佳,小林千佳3612@icloud.com,090-8787-4408,福岡県福岡市博多区博多駅前4丁目1番1号,福岡市博多区,福岡県,8120020,2024-06-11
3613,井上さくら,井上さくら3613@gmail.com,090-8412-7123,兵庫県神戸市中央区三宮町1丁目13番4号,神戸市中央区,兵庫県,6500026,2023-08-04
3614,吉田智子,吉田智子3614@example.com,090-9400-9605,千葉県千葉市中央区中央5丁目17番5号,千葉市中央区,千葉県,2600016,2024-06-28
3615,前田三郎,前田三郎3615@icloud.com,090-4676-9960,東京都渋谷区渋谷4丁目9番1号,渋谷区,東京都,1500003,2023-06-27
3616,松本雄一,松本雄一3616@outlook.com,090-8693-5344,埼玉県さいたま市浦和区高砂6丁目6番5号,さいたま市浦和区,埼玉県,3300009,2024-02-16
3617,木村香織,木村香織3617@icloud.com,090-3259-9815,兵庫県神戸市灘区灘南通1丁目11番10号,神戸市灘区,兵庫県,6570021,2024-07-26
3618,高橋達也,高橋達也3618@gmail.com,090-6994-4941,北海道札幌市中央区北1条西4丁目12番2号,札幌市中央区,北海道,0600033,2024-09-04
3619,鈴木直樹,鈴木直樹3619@yahoo.co.jp,090-8981-1864,神奈川県横浜市西区みなとみらい6丁目20番5号,横浜市西区,神奈川県,2200001,2024-04-04
3620,井上達也,井上達也3620@gmail.com,090-6954-1766,東京都渋谷区渋谷10丁目9番7号,渋谷区,東京都,1500030,2024-01-19
3621,長谷川千佳,長谷川千佳3621@outlook.com,090-2832-7110,大阪府大阪市北区梅田9丁目12番3号,大阪市北区,大阪府,5300016,2024-06-13
3622,石川さくら,石川さくら3622@outlook.com,090-4727-6325,北海道札幌市北区北6条西7丁目19番10号,札幌市北区,北海道,0600033,2023-07-26
3623,斎藤さくら,斎藤さくら3623@yahoo.co.jp,090-7815-9818,福岡県福岡市博多区博多駅前5丁目29番8号,福岡市博多区,福岡県,8120002,2023-09-27
3624,吉田三郎,吉田三郎3624@gmail.com,090-6087-2511,京都府京都市下京区四条通4丁目5番1号,京都市下京区,京都府,6000004,2023-04-01
3625,橋本美咲,橋本美咲3625@example.com,090-1939-7050,愛知県名古屋市中区錦6丁目29番4号,名古屋市中区,愛知県,4600001,2023-02-21
3626,松本千佳,松本千佳3626@gmail.com,090-7908-7281,東京都渋谷区渋谷1丁目27番7号,渋谷区,東京都,1500031,2023-06-22
3627,松本智子,松本智子3627@example.com,090-5010-6432,北海道札幌市北区北6条西9丁目7番7号,札幌市北区,北海道,0600004,2023-08-09
3628,後藤正,後藤正3628@gmail.com,090-6774-6045,兵庫県神戸市灘区灘南通10丁目13番8号,神戸市灘区,兵庫県,6570022,2024-09-15
3629,小林大輔,小林大輔3629@gmail.com,090-3234-5497,神奈川県横浜市中区本町3丁目6番1号,横浜市中区,神奈川県,2310008,2023-03-26
3630,森田由美子,森田由美子3630@icloud.com,090-2879-8546,東京都千代田区丸の内9丁目4番5号,千代田区,東京都,1000020,2023-01-28
3631,藤井直樹,藤井直樹3631@example.com,090-7098-4097,神奈川県横浜市中区本町5丁目18番6号,横浜市中区,神奈川県,2310032,2024-11-06
3632,井上三郎,井上三郎3632@outlook.com,090-3029-8034,東京都渋谷区渋谷5丁目9番8号,渋谷区,東京都,1500028,2023-07-15
3633,池田千佳,池田千佳3633@outlook.com,090-4213-3485,千葉県千葉市美浜区美浜2丁目10番5号,千葉市美浜区,千葉県,2610010,2023-01-16
3634,森田次郎,森田次郎3634@icloud.com,090-9580-7960,大阪府大阪市北区梅田9丁目15番9号,大阪市北区,大阪府,5300020,2024-05-21
3635,森田健一,森田健一3635@example.com,090-1207-4186,京都府京都市下京区四条通5丁目28番9号,京都市下京区,京都府,6000037,2023-11-04
3636,後藤大輔,後藤大輔3636@outlook.com,090-3488-6289,東京都新宿区新宿1丁目23番8号,新宿区,東京都,1600018,2023-12-04
3637,高橋智子,高橋智子3637@icloud.com,090-2929-5791,千葉県千葉市中央区中央5丁目11番2号,千葉市中央区,千葉県,2600032,2023-08-13
3638,小林由美,小林由美3638@example.com,090-7086-9463,埼玉県さいたま市大宮区大宮6丁目22番8号,さいたま市大宮区,埼玉県,3300009,2024-10-02
3639,林美咲,林美咲3639@outlook.com,090-8856-4828,愛知県名古屋市中区錦1丁目6番3号,名古屋市中区,愛知県,4600001,2024-04-09
3640,山田智子,山田智子3640@yahoo.co.jp,090-5732-2347,神奈川県横浜市西区みなとみらい10丁目19番6号,横浜市西区,神奈川県,2200033,2024-01-17
3641,村上麻衣,村上麻衣3641@yahoo.co.jp,090-1117-1734,神奈川県横浜市西区みなとみらい9丁目26番4号,横浜市西区,神奈川県,2200004,2023-01-24
3642,田中次郎,田中次郎3642@example.com,090-8826-4144,北海道札幌市北区北6条西5丁目12番10号,札幌市北区,北海道,0600021,2024-10-07
3643,石川剛,石川剛3643@icloud.com,090-4488-4793,千葉県千葉市中央区中央2丁目12番10号,千葉市中央区,千葉県,2600012,2023-11-10
3644,近藤麻美,近藤麻美3644@gmail.com,090-2733-1940,京都府京都市下京区四条通8丁目4番1号,京都市下京区,京都府,6000031,2024-10-30
3645,石川優子,石川優子3645@example.com,090-7273-1282,兵庫県神戸市灘区灘南通5丁目8番2号,神戸市灘区,兵庫県,6570021,2023-02-16
3646,近藤達也,近藤達也3646@outlook.com,090-7646-1770,京都府京都市中京区烏丸通7丁目27番3号,京都市中京区,京都府,6040029,2024-04-29
3647,林慎一,林慎一3647@gmail.com,090-4306-3714,大阪府大阪市北区梅田10丁目8番10号,大阪市北区,大阪府,5300021,2024-06-27
3648,遠藤美香,遠藤美香3648@outlook.com,090-9245-8413,東京都渋谷区渋谷7丁目18番9号,渋谷区,東京都,1500040,2023-04-18
3649,石川剛,石川剛3649@gmail.com,090-1757-2317,愛知県名古屋市西区名駅9丁目29番6号,名古屋市西区,愛知県,4510034,2023-06-02
3650,石川亮,石川亮3650@example.com,090-4866-5957,兵庫県神戸市中央区三宮町6丁目21番1号,神戸市中央区,兵庫県,6500035,2024-11-07
3651,橋本由美,橋本由美3651@outlook.com,090-2723-4241,千葉県千葉市美浜区美浜7丁目8番8号,千葉市美浜区,千葉県,2610015,2024-05-19
3652,松本正,松本正3652@icloud.com,090-9256-6153,神奈川県横浜市中区本町1丁目23番5号,横浜市中区,神奈川県,2310013,2024-04-04
3653,青木次郎,青木次郎3653@gmail.com,090-6375-9259,神奈川県横浜市中区本町9丁目27番9号,横浜市中区,神奈川県,2310008,2024-08-21
3654,鈴木さくら,鈴木さくら3654@icloud.com,090-2638-4730,東京都千代田区丸の内9丁目24番6号,千代田区,東京都,1000017,2023-03-14
3655,橋本真由美,橋本真由美3655@yahoo.co.jp,090-9685-2527,東京都渋谷区渋谷10丁目15番6号,渋谷区,東京都,1500030,2023-05-18
3656,近藤智子,近藤智子3656@gmail.com,090-3725-4871,神奈川県横浜市西区みなとみらい4丁目11番5号,横浜市西区,神奈川県,2200003,2023-08-11
3657,鈴木健太,鈴木健太3657@example.com,090-6024-3469,京都府京都市下京区四条通8丁目8番10号,京都市下京区,京都府,6000026,2023-12-27
3658,近藤美穂,近藤美穂3658@outlook.com,090-2143-7391,北海道札幌市北区北6条西6丁目1番10号,札幌市北区,北海道,0600017,2023-06-01
3659,小林花子,小林花子3659@icloud.com,090-8324-5257,京都府京都市中京区烏丸通8丁目22番8号,京都市中京区,京都府,6040023,2024-07-03
3660,岡田さくら,岡田さくら3660@outlook.com,090-6782-2314,福岡県福岡市博多区博多駅前9丁目21番7号,福岡市博多区,福岡県,8120010,2023-10-20
3661,池田直樹,池田直樹3661@example.com,090-1381-1662,東京都千代田区丸の内9丁目8番6号,千代田区,東京都,1000007,2023-01-28
3662,高橋次郎,高橋次郎3662@yahoo.co.jp,090-4785-1300,兵庫県神戸市中央区三宮町9丁目12番7号,神戸市中央区,兵庫県,6500020,2023-02-25
3663,近藤千佳,近藤千佳3663@outlook.com,090-7843-8898,埼玉県さいたま市浦和区高砂4丁目28番3号,さいたま市浦和区,埼玉県,3300012,2024-08-26
3664,高橋香織,高橋香織3664@example.com,090-9531-3290,京都府京都市下京区四条通9丁目1番2号,京都市下京区,京都府,6000031,2024-02-28
3665,吉田翔太,吉田翔太3665@gmail.com,090-8619-1958,大阪府大阪市中央区本町4丁目3番4号,大阪市中央区,大阪府,5410023,2024-01-14
3666,前田次郎,前田次郎3666@gmail.com,090-1229-9142,神奈川県横浜市中区本町6丁目25番6号,横浜市中区,神奈川県,2310020,2023-05-18
3667,石川拓也,石川拓也3667@icloud.com,090-8989-8054,千葉県千葉市美浜区美浜6丁目8番5号,千葉市美浜区,千葉県,2610004,2024-04-24
3668,井上千佳,井上千佳3668@yahoo.co.jp,090-1564-5274,千葉県千葉市中央区中央8丁目11番6号,千葉市中央区,千葉県,2600003,2024-02-21
3669,山本慎一,山本慎一3669@yahoo.co.jp,090-4509-2172,京都府京都市中京区烏丸通9丁目5番5号,京都市中京区,京都府,6040014,2024-11-17
3670,木村達也,木村達也3670@yahoo.co.jp,090-9038-8356,大阪府大阪市中央区本町5丁目2番6号,大阪市中央区,大阪府,5410018,2024-01-18
3671,石川大輔,石川大輔3671@example.com,090-5679-5875,大阪府大阪市中央区本町5丁目7番2号,大阪市中央区,大阪府,5410001,2023-06-21
3672,斎藤さくら,斎藤さくら3672@outlook.com,090-4274-1531,兵庫県神戸市中央区三宮町2丁目11番6号,神戸市中央区,兵庫県,6500001,2023-08-26
3673,加藤一郎,加藤一郎3673@outlook.com,090-6619-6945,東京都新宿区新宿5丁目26番2号,新宿区,東京都,1600021,2023-06-20
3674,石川真由美,石川真由美3674@icloud.com,090-9720-9987,神奈川県横浜市西区みなとみらい10丁目4番4号,横浜市西区,神奈川県,2200020,2024-02-18
3675,山田三郎,山田三郎3675@gmail.com,090-7741-8355,愛知県名古屋市中区錦10丁目30番8号,名古屋市中区,愛知県,4600002,2024-05-07
3676,藤井太郎,藤井太郎3676@yahoo.co.jp,090-4629-9297,東京都渋谷区渋谷2丁目19番10号,渋谷区,東京都,1500014,2023-11-25
3677,斎藤大輔,斎藤大輔3677@outlook.com,090-2688-6465,愛知県名古屋市中区錦8丁目25番1号,名古屋市中区,愛知県,4600003,2023-02-07
3678,坂本次郎,坂本次郎3678@icloud.com,090-7819-4423,東京都新宿区新宿1丁目2番6号,新宿区,東京都,1600011,2023-05-26
3679,森田次郎,森田次郎3679@outlook.com,090-8400-6676,福岡県福岡市博多区博多駅前7丁目8番3号,福岡市博多区,福岡県,8120002,2023-02-07
3680,森田麻美,森田麻美3680@outlook.com,090-8932-1307,福岡県福岡市博多区博多駅前2丁目14番3号,福岡市博多区,福岡県,8120017,2024-08-24
3681,斎藤美香,斎藤美香3681@yahoo.co.jp,090-8546-6015,東京都新宿区新宿2丁目11番1号,新宿区,東京都,1600008,2023-03-31
3682,石川剛,石川剛3682@yahoo.co.jp,090-5978-3778,千葉県千葉市美浜区美浜1丁目20番5号,千葉市美浜区,千葉県,2610024,2023-11-07
3683,高橋愛,高橋愛3683@gmail.com,090-7140-2925,大阪府大阪市中央区本町1丁目22番2号,大阪市中央区,大阪府,5410027,2023-04-09
3684,村上花子,村上花子3684@yahoo.co.jp,090-8495-3821,京都府京都市中京区烏丸通10丁目15番3号,京都市中京区,京都府,6040008,2023-02-24
3685,佐藤由美,佐藤由美3685@gmail.com,090-2852-5508,神奈川県横浜市西区みなとみらい10丁目29番2号,横浜市西区,神奈川県,2200031,2024-07-11
3686,松本太郎,松本太郎3686@yahoo.co.jp,090-3190-2626,福岡県福岡市博多区博多駅前1丁目21番7号,福岡市博多区,福岡県,8120021,2024-11-04
3687,岡田正,岡田正3687@outlook.com,090-9103-8083,埼玉県さいたま市浦和区高砂4丁目15番1号,さいたま市浦和区,埼玉県,3300008,2023-01-31
3688,斎藤さくら,斎藤さくら3688@example.com,090-2400-3229,兵庫県神戸市中央区三宮町6丁目20番3号,神戸市中央区,兵庫県,6500014,2023-12-05
3689,山田健一,山田健一3689@yahoo.co.jp,090-3547-1207,大阪府大阪市中央区本町1丁目12番4号,大阪市中央区,大阪府,5410023,2024-02-29
3690,井上健一,井上健一3690@gmail.com,090-7446-4626,東京都千代田区丸の内9丁目16番1号,千代田区,東京都,1000021,2023-04-08
3691,青木愛,青木愛3691@example.com,090-6923-5269,神奈川県横浜市中区本町1丁目3番7号,横浜市中区,神奈川県,2310037,2023-03-03
3692,後藤次郎,後藤次郎3692@icloud.com,090-3459-8901,東京都千代田区丸の内3丁目2番4号,千代田区,東京都,1000013,2023-06-24
3693,佐藤翔太,佐藤翔太3693@gmail.com,090-9507-5406,京都府京都市中京区烏丸通10丁目11番6号,京都市中京区,京都府,6040031,2024-12-17
3694,吉田雄一,吉田雄一3694@example.com,090-6253-9235,神奈川県横浜市西区みなとみらい7丁目19番4号,横浜市西区,神奈川県,2200021,2023-01-15
3695,遠藤次郎,遠藤次郎3695@outlook.com,090-9958-4816,愛知県名古屋市中区錦1丁目26番6号,名古屋市中区,愛知県,4600003,2023-04-29
3696,近藤翔太,近藤翔太3696@icloud.com,090-7831-7929,東京都新宿区新宿2丁目7番8号,新宿区,東京都,1600013,2024-06-16
3697,石川美穂,石川美穂3697@outlook.com,090-1384-2635,兵庫県神戸市中央区三宮町5丁目22番8号,神戸市中央区,兵庫県,6500010,2024-02-23
3698,近藤達也,近藤達也3698@example.com,090-7146-2224,千葉県千葉市美浜区美浜6丁目10番2号,千葉市美浜区,千葉県,2610011,2023-04-28
3699,藤原直樹,藤原直樹3699@gmail.com,090-8993-7258,愛知県名古屋市中区錦6丁目8番5号,名古屋市中区,愛知県,4600003,2024-06-26
3700,山田直樹,山田直樹3700@outlook.com,090-3498-1448,愛知県名古屋市西区名駅5丁目17番4号,名古屋市西区,愛知県,4510036,2023-10-15
3701,佐藤雄一,佐藤雄一3701@example.com,090-8750-4151,神奈川県横浜市西区みなとみらい6丁目2番9号,横浜市西区,神奈川県,2200025,2023-04-12
3702,中村慎一,中村慎一3702@icloud.com,090-2044-6301,兵庫県神戸市灘区灘南通1丁目29番1号,神戸市灘区,兵庫県,6570037,2023-10-16
3703,加藤由美,加藤由美3703@yahoo.co.jp,090-9356-4228,大阪府大阪市北区梅田8丁目26番3号,大阪市北区,大阪府,5300009,2024-01-25
3704,伊藤美香,伊藤美香3704@outlook.com,090-8310-2626,東京都千代田区丸の内6丁目3番1号,千代田区,東京都,1000020,2023-03-24
3705,遠藤拓也,遠藤拓也3705@example.com,090-1045-3260,兵庫県神戸市中央区三宮町2丁目18番4号,神戸市中央区,兵庫県,6500026,2023-03-11
3706,中村健太,中村健太3706@example.com,090-5072-8565,東京都新宿区新宿4丁目1番1号,新宿区,東京都,1600008,2023-05-01
3707,青木三郎,青木三郎3707@icloud.com,090-4678-9940,東京都渋谷区渋谷8丁目24番1号,渋谷区,東京都,1500003,2024-09-07
3708,山本美香,山本美香3708@example.com,090-8728-5771,埼玉県さいたま市大宮区大宮1丁目16番10号,さいたま市大宮区,埼玉県,3300016,2023-01-29
3709,藤井真由美,藤井真由美3709@gmail.com,090-7384-9871,神奈川県横浜市西区みなとみらい9丁目13番8号,横浜市西区,神奈川県,2200039,2023-02-16
3710,後藤千佳,後藤千佳3710@outlook.com,090-1173-8356,東京都新宿区新宿2丁目27番1号,新宿区,東京都,1600001,2024-10-09
3711,佐藤翔太,佐藤翔太3711@gmail.com,090-5049-5703,京都府京都市下京区四条通4丁目11番2号,京都市下京区,京都府,6000020,2024-01-11
3712,佐藤翔太,佐藤翔太3712@example.com,090-6524-6172,北海道札幌市北区北6条西4丁目23番4号,札幌市北区,北海道,0600037,2024-07-28
3713,藤井達也,藤井達也3713@icloud.com,090-8668-5936,大阪府大阪市北区梅田2丁目27番1号,大阪市北区,大阪府,5300018,2023-06-17
3714,坂本恵子,坂本恵子3714@gmail.com,090-4757-7708,京都府京都市中京区烏丸通5丁目2番4号,京都市中京区,京都府,6040010,2024-06-09
3715,森田麻衣,森田麻衣3715@outlook.com,090-7469-3154,兵庫県神戸市灘区灘南通2丁目22番8号,神戸市灘区,兵庫県,6570019,2023-10-24
3716,林亮,林亮3716@example.com,090-8083-8537,福岡県福岡市中央区天神5丁目13番10号,福岡市中央区,福岡県,8100017,2024-11-23
3717,近藤健太,近藤健太3717@icloud.com,090-6804-1639,北海道札幌市中央区北1条西1丁目20番2号,札幌市中央区,北海道,0600026,2023-04-18
3718,長谷川次郎,長谷川次郎3718@icloud.com,090-3118-8664,北海道札幌市中央区北1条西10丁目17番7号,札幌市中央区,北海道,0600014,2024-01-16
3719,小林正,小林正3719@gmail.com,090-4051-4227,北海道札幌市北区北6条西2丁目18番5号,札幌市北区,北海道,0600025,2024-04-12
3720,山田由美,山田由美3720@icloud.com,090-8229-8427,京都府京都市下京区四条通9丁目29番1号,京都市下京区,京都府,6000040,2024-05-01
3721,長谷川香織,長谷川香織3721@icloud.com,090-1841-3123,福岡県福岡市中央区天神3丁目3番10号,福岡市中央区,福岡県,8100028,2024-02-01
3722,池田次郎,池田次郎3722@icloud.com,090-4901-3925,神奈川県横浜市中区本町10丁目10番4号,横浜市中区,神奈川県,2310011,2024-07-27
3723,林健一,林健一3723@yahoo.co.jp,090-4473-7589,埼玉県さいたま市大宮区大宮1丁目13番7号,さいたま市大宮区,埼玉県,3300029,2023-04-10
3724,高橋健太,高橋健太3724@gmail.com,090-6814-2961,埼玉県さいたま市浦和区高砂7丁目16番10号,さいたま市浦和区,埼玉県,3300012,2023-02-05
3725,岡田正,岡田正3725@outlook.com,090-4048-3796,京都府京都市下京区四条通1丁目19番5号,京都市下京区,京都府,6000015,2023-03-04
3726,田中美咲,田中美咲3726@gmail.com,090-4784-7290,神奈川県横浜市中区本町4丁目28番1号,横浜市中区,神奈川県,2310025,2024-05-22
3727,遠藤麻衣,遠藤麻衣3727@example.com,090-1038-1380,福岡県福岡市中央区天神5丁目23番5号,福岡市中央区,福岡県,8100001,2023-11-06
3728,山本さくら,山本さくら3728@gmail.com,090-4960-8634,大阪府大阪市中央区本町7丁目25番7号,大阪市中央区,大阪府,5410002,2023-08-15
3729,青木由美,青木由美3729@gmail.com,090-4279-4388,北海道札幌市中央区北1条西9丁目12番3号,札幌市中央区,北海道,0600034,2024-07-08
3730,木村達也,木村達也3730@yahoo.co.jp,090-1031-8968,福岡県福岡市中央区天神1丁目3番3号,福岡市中央区,福岡県,8100015,2023-03-26
3731,前田香織,前田香織3731@yahoo.co.jp,090-3973-7453,愛知県名古屋市西区名駅6丁目18番10号,名古屋市西区,愛知県,4510019,2024-01-03
3732,藤原慎一,藤原慎一3732@outlook.com,090-3459-7003,京都府京都市下京区四条通2丁目29番1号,京都市下京区,京都府,6000035,2023-03-29
3733,山田亮,山田亮3733@example.com,090-7266-6749,埼玉県さいたま市浦和区高砂10丁目23番7号,さいたま市浦和区,埼玉県,3300013,2024-08-16
3734,井上花子,井上花子3734@yahoo.co.jp,090-4015-8836,福岡県福岡市博多区博多駅前4丁目21番9号,福岡市博多区,福岡県,8120001,2023-06-17
3735,伊藤恵子,伊藤恵子3735@icloud.com,090-6150-2937,京都府京都市下京区四条通9丁目30番1号,京都市下京区,京都府,6000007,2024-02-28
3736,遠藤和也,遠藤和也3736@outlook.com,090-6814-7371,東京都新宿区新宿4丁目19番7号,新宿区,東京都,1600004,2024-12-16
3737,岡田智子,岡田智子3737@yahoo.co.jp,090-6807-8812,大阪府大阪市中央区本町10丁目23番3号,大阪市中央区,大阪府,5410017,2023-02-10
3738,近藤拓也,近藤拓也3738@gmail.com,090-5637-4866,福岡県福岡市博多区博多駅前4丁目17番3号,福岡市博多区,福岡県,8120003,2024-11-18
3739,池田慎一,池田慎一3739@yahoo.co.jp,090-9543-1633,東京都新宿区新宿2丁目12番10号,新宿区,東京都,1600007,2023-02-03
3740,井上健太,井上健太3740@icloud.com,090-8617-4796,北海道札幌市中央区北1条西9丁目4番5号,札幌市中央区,北海道,0600010,2023-11-15
3741,近藤太郎,近藤太郎3741@yahoo.co.jp,090-3367-7266,東京都新宿区新宿5丁目12番8号,新宿区,東京都,1600006,2023-02-02
3742,近藤美香,近藤美香3742@gmail.com,090-3134-8191,京都府京都市中京区烏丸通8丁目19番10号,京都市中京区,京都府,6040009,2023-10-28
3743,森田太郎,森田太郎3743@yahoo.co.jp,090-5256-7650,愛知県名古屋市中区錦4丁目27番6号,名古屋市中区,愛知県,4600003,2023-12-27
3744,池田麻美,池田麻美3744@example.com,090-8680-1613,北海道札幌市北区北6条西7丁目18番6号,札幌市北区,北海道,0600028,2023-10-06
3745,池田拓也,池田拓也3745@icloud.com,090-5488-4739,神奈川県横浜市中区本町10丁目10番4号,横浜市中区,神奈川県,2310007,2024-11-08
3746,井上健一,井上健一3746@example.com,090-3870-3850,埼玉県さいたま市大宮区大宮6丁目28番8号,さいたま市大宮区,埼玉県,3300023,2023-11-25
3747,鈴木誠,鈴木誠3747@gmail.com,090-7385-2932,神奈川県横浜市中区本町8丁目22番6号,横浜市中区,神奈川県,2310036,2023-05-28
3748,岡田正,岡田正3748@yahoo.co.jp,090-9818-7347,神奈川県横浜市西区みなとみらい1丁目10番5号,横浜市西区,神奈川県,2200022,2024-02-17
3749,青木達也,青木達也3749@gmail.com,090-9322-2003,北海道札幌市中央区北1条西6丁目1番9号,札幌市中央区,北海道,0600023,2024-06-28
3750,橋本香織,橋本香織3750@yahoo.co.jp,090-6515-4230,埼玉県さいたま市大宮区大宮3丁目4番8号,さいたま市大宮区,埼玉県,3300006,2023-10-19
3751,森田健太,森田健太3751@gmail.com,090-5536-3141,京都府京都市中京区烏丸通9丁目23番9号,京都市中京区,京都府,6040010,2023-05-24
3752,藤井三郎,藤井三郎3752@example.com,090-8182-6140,北海道札幌市北区北6条西1丁目5番9号,札幌市北区,北海道,0600016,2023-08-25
3753,村上剛,村上剛3753@icloud.com,090-3914-3769,北海道札幌市中央区北1条西7丁目4番10号,札幌市中央区,北海道,0600025,2023-10-15
3754,村上正,村上正3754@example.com,090-8553-9267,北海道札幌市中央区北1条西9丁目1番2号,札幌市中央区,北海道,0600033,2023-05-29
3755,坂本美穂,坂本美穂3755@yahoo.co.jp,090-3264-1925,大阪府大阪市北区梅田5丁目1番4号,大阪市北区,大阪府,5300020,2023-04-20
3756,村上美香,村上美香3756@yahoo.co.jp,090-9300-4164,愛知県名古屋市中区錦6丁目26番10号,名古屋市中区,愛知県,4600006,2024-04-16
3757,佐藤由美子,佐藤由美子3757@outlook.com,090-6255-7109,京都府京都市下京区四条通8丁目28番4号,京都市下京区,京都府,6000032,2024-04-09
3758,岡田健太,岡田健太3758@example.com,090-8175-6859,東京都千代田区丸の内4丁目30番3号,千代田区,東京都,1000017,2024-04-04
3759,前田美香,前田美香3759@outlook.com,090-3267-7306,埼玉県さいたま市浦和区高砂5丁目19番2号,さいたま市浦和区,埼玉県,3300020,2023-10-01
3760,木村恵子,木村恵子3760@gmail.com,090-3772-5899,兵庫県神戸市中央区三宮町6丁目29番8号,神戸市中央区,兵庫県,6500005,2023-05-31
3761,伊藤美咲,伊藤美咲3761@example.com,090-4417-3011,神奈川県横浜市中区本町9丁目13番8号,横浜市中区,神奈川県,2310039,2023-10-04
3762,長谷川千佳,長谷川千佳3762@yahoo.co.jp,090-8208-7611,東京都新宿区新宿5丁目27番6号,新宿区,東京都,1600020,2023-07-03
3763,斎藤花子,斎藤花子3763@gmail.com,090-6465-4119,兵庫県神戸市灘区灘南通5丁目18番9号,神戸市灘区,兵庫県,6570022,2024-12-12
3764,中村さくら,中村さくら3764@example.com,090-9257-4138,兵庫県神戸市中央区三宮町10丁目16番10号,神戸市中央区,兵庫県,6500031,2023-12-24
3765,森田健太,森田健太3765@outlook.com,090-1803-2455,兵庫県神戸市灘区灘南通2丁目9番3号,神戸市灘区,兵庫県,6570015,2023-03-17
3766,石川美咲,石川美咲3766@example.com,090-2822-6083,千葉県千葉市美浜区美浜8丁目14番5号,千葉市美浜区,千葉県,2610040,2024-09-17
3767,林美咲,林美咲3767@yahoo.co.jp,090-7083-6662,神奈川県横浜市中区本町7丁目4番10号,横浜市中区,神奈川県,2310005,2023-07-10
3768,後藤由美,後藤由美3768@yahoo.co.jp,090-2795-2795,北海道札幌市北区北6条西2丁目10番2号,札幌市北区,北海道,0600009,2024-05-09
3769,田中香織,田中香織3769@outlook.com,090-6552-2901,京都府京都市下京区四条通8丁目28番3号,京都市下京区,京都府,6000026,2024-02-03
3770,森田美香,森田美香3770@outlook.com,090-1718-2763,福岡県福岡市博多区博多駅前10丁目2番10号,福岡市博多区,福岡県,8120002,2023-04-14
3771,井上美穂,井上美穂3771@yahoo.co.jp,090-6601-7221,愛知県名古屋市中区錦4丁目4番2号,名古屋市中区,愛知県,4600006,2024-03-02
3772,森田美咲,森田美咲3772@example.com,090-1679-6574,埼玉県さいたま市大宮区大宮1丁目29番8号,さいたま市大宮区,埼玉県,3300029,2024-05-22
3773,山本麻美,山本麻美3773@example.com,090-1121-9410,北海道札幌市北区北6条西8丁目2番9号,札幌市北区,北海道,0600040,2023-03-25
3774,後藤拓也,後藤拓也3774@example.com,090-3440-7610,埼玉県さいたま市浦和区高砂1丁目1番4号,さいたま市浦和区,埼玉県,3300025,2024-02-24
3775,岡田智子,岡田智子3775@yahoo.co.jp,090-3174-3409,神奈川県横浜市西区みなとみらい10丁目7番8号,横浜市西区,神奈川県,2200039,2023-12-14
3776,佐藤誠,佐藤誠3776@yahoo.co.jp,090-5255-2464,神奈川県横浜市西区みなとみらい7丁目2番10号,横浜市西区,神奈川県,2200004,2023-07-15
3777,近藤達也,近藤達也3777@outlook.com,090-9964-6546,兵庫県神戸市灘区灘南通6丁目20番7号,神戸市灘区,兵庫県,6570034,2024-11-23
3778,木村美穂,木村美穂3778@example.com,090-4094-5232,福岡県福岡市中央区天神1丁目21番9号,福岡市中央区,福岡県,8100029,2024-03-29
3779,村上次郎,村上次郎3779@yahoo.co.jp,090-8309-4961,兵庫県神戸市中央区三宮町1丁目3番7号,神戸市中央区,兵庫県,6500012,2024-05-27
3780,林慎一,林慎一3780@outlook.com,090-6003-3354,兵庫県神戸市中央区三宮町10丁目12番5号,神戸市中央区,兵庫県,6500033,2023-12-03
3781,伊藤香織,伊藤香織3781@example.com,090-4937-1128,北海道札幌市中央区北1条西1丁目8番8号,札幌市中央区,北海道,0600025,2023-01-25
3782,石川大輔,石川大輔3782@outlook.com,090-5959-3813,愛知県名古屋市西区名駅8丁目20番5号,名古屋市西区,愛知県,4510038,2024-09-28
3783,後藤雄一,後藤雄一3783@yahoo.co.jp,090-1364-1349,京都府京都市中京区烏丸通4丁目9番9号,京都市中京区,京都府,6040026,2023-08-09
3784,林剛,林剛3784@example.com,090-2973-6209,東京都新宿区新宿3丁目27番5号,新宿区,東京都,1600008,2024-04-03
3785,後藤一郎,後藤一郎3785@gmail.com,090-9487-5014,東京都渋谷区渋谷10丁目2番2号,渋谷区,東京都,1500006,2024-03-08
3786,加藤由美子,加藤由美子3786@icloud.com,090-9446-5755,神奈川県横浜市中区本町7丁目7番4号,横浜市中区,神奈川県,2310016,2023-01-09
3787,渡辺由美,渡辺由美3787@icloud.com,090-8263-4072,神奈川県横浜市中区本町2丁目12番10号,横浜市中区,神奈川県,2310022,2024-04-07
3788,加藤慎一,加藤慎一3788@example.com,090-5163-5715,東京都渋谷区渋谷3丁目20番3号,渋谷区,東京都,1500033,2024-03-24
3789,山田優子,山田優子3789@outlook.com,090-8424-8821,京都府京都市下京区四条通6丁目20番9号,京都市下京区,京都府,6000009,2023-12-14
3790,渡辺剛,渡辺剛3790@gmail.com,090-1486-6189,東京都千代田区丸の内2丁目29番9号,千代田区,東京都,1000015,2024-05-16
3791,中村香織,中村香織3791@outlook.com,090-9814-8755,大阪府大阪市北区梅田7丁目7番1号,大阪市北区,大阪府,5300006,2023-01-13
3792,渡辺翔太,渡辺翔太3792@yahoo.co.jp,090-7863-4671,東京都渋谷区渋谷6丁目12番6号,渋谷区,東京都,1500030,2024-05-21
3793,坂本香織,坂本香織3793@gmail.com,090-1972-9750,千葉県千葉市中央区中央10丁目10番1号,千葉市中央区,千葉県,2600003,2023-03-20
3794,橋本直樹,橋本直樹3794@yahoo.co.jp,090-7689-5539,福岡県福岡市中央区天神9丁目11番4号,福岡市中央区,福岡県,8100041,2024-12-18
3795,中村達也,中村達也3795@example.com,090-7670-1689,千葉県千葉市美浜区美浜3丁目3番3号,千葉市美浜区,千葉県,2610029,2023-01-02
3796,後藤次郎,後藤次郎3796@yahoo.co.jp,090-3554-8120,神奈川県横浜市中区本町5丁目3番7号,横浜市中区,神奈川県,2310002,2023-04-19
3797,森田由美子,森田由美子3797@gmail.com,090-7781-6790,千葉県千葉市中央区中央9丁目12番3号,千葉市中央区,千葉県,2600005,2023-03-07
3798,田中由美,田中由美3798@yahoo.co.jp,090-3060-3762,北海道札幌市北区北6条西3丁目10番7号,札幌市北区,北海道,0600020,2024-05-16
3799,木村雄一,木村雄一3799@gmail.com,090-1578-3396,兵庫県神戸市灘区灘南通2丁目1番2号,神戸市灘区,兵庫県,6570014,2023-09-06
3800,石川慎一,石川慎一3800@yahoo.co.jp,090-6318-5478,京都府京都市中京区烏丸通1丁目5番9号,京都市中京区,京都府,6040001,2024-06-27
3801,藤原香織,藤原香織3801@outlook.com,090-1982-5009,京都府京都市中京区烏丸通1丁目26番3号,京都市中京区,京都府,6040028,2023-04-10
3802,斎藤剛,斎藤剛3802@icloud.com,090-6798-5963,北海道札幌市中央区北1条西6丁目1番9号,札幌市中央区,北海道,0600034,2024-07-30
3803,中村香織,中村香織3803@yahoo.co.jp,090-1271-3655,兵庫県神戸市灘区灘南通9丁目20番10号,神戸市灘区,兵庫県,6570001,2024-12-20
3804,藤井由美,藤井由美3804@yahoo.co.jp,090-6120-8138,東京都渋谷区渋谷10丁目22番8号,渋谷区,東京都,1500036,2023-09-22
3805,藤原真由美,藤原真由美3805@example.com,090-7381-2403,福岡県福岡市中央区天神8丁目28番1号,福岡市中央区,福岡県,8100023,2023-05-29
3806,近藤麻衣,近藤麻衣3806@gmail.com,090-7704-3870,神奈川県横浜市中区本町8丁目8番1号,横浜市中区,神奈川県,2310039,2023-04-14
3807,前田達也,前田達也3807@gmail.com,090-7376-9480,京都府京都市中京区烏丸通7丁目20番4号,京都市中京区,京都府,6040023,2024-02-12
3808,池田大輔,池田大輔3808@yahoo.co.jp,090-1114-2845,千葉県千葉市中央区中央2丁目30番8号,千葉市中央区,千葉県,2600026,2023-09-18
3809,山田大輔,山田大輔3809@yahoo.co.jp,090-4890-7651,東京都新宿区新宿9丁目1番3号,新宿区,東京都,1600014,2024-06-22
3810,鈴木健太,鈴木健太3810@example.com,090-3930-4586,北海道札幌市中央区北1条西9丁目10番5号,札幌市中央区,北海道,0600002,2024-06-01
3811,佐藤さくら,佐藤さくら3811@outlook.com,090-2988-8071,京都府京都市下京区四条通3丁目4番5号,京都市下京区,京都府,6000034,2023-04-22
3812,近藤健太,近藤健太3812@outlook.com,090-1381-7806,愛知県名古屋市中区錦9丁目22番4号,名古屋市中区,愛知県,4600004,2023-05-20
3813,伊藤太郎,伊藤太郎3813@outlook.com,090-8859-3361,大阪府大阪市北区梅田5丁目5番7号,大阪市北区,大阪府,5300012,2024-11-26
3814,田中大輔,田中大輔3814@outlook.com,090-4851-9269,福岡県福岡市博多区博多駅前3丁目28番5号,福岡市博多区,福岡県,8120007,2023-11-27
3815,山田真由美,山田真由美3815@outlook.com,090-1038-7571,埼玉県さいたま市大宮区大宮10丁目28番2号,さいたま市大宮区,埼玉県,3300023,2024-03-17
3816,小林花子,小林花子3816@example.com,090-5161-7008,神奈川県横浜市西区みなとみらい8丁目5番10号,横浜市西区,神奈川県,2200039,2023-12-28
3817,斎藤由美,斎藤由美3817@outlook.com,090-7208-8921,愛知県名古屋市西区名駅1丁目10番9号,名古屋市西区,愛知県,4510026,2024-07-02
3818,坂本翔太,坂本翔太3818@outlook.com,090-8729-7726,千葉県千葉市美浜区美浜4丁目27番6号,千葉市美浜区,千葉県,2610014,2023-11-05
3819,中村正,中村正3819@outlook.com,090-1071-1128,愛知県名古屋市西区名駅10丁目13番5号,名古屋市西区,愛知県,4510004,2023-10-12
3820,近藤三郎,近藤三郎3820@example.com,090-2078-2440,埼玉県さいたま市大宮区大宮9丁目29番4号,さいたま市大宮区,埼玉県,3300022,2023-04-09
3821,佐藤美香,佐藤美香3821@gmail.com,090-2240-1953,大阪府大阪市中央区本町8丁目18番6号,大阪市中央区,大阪府,5410006,2023-10-17
3822,伊藤三郎,伊藤三郎3822@outlook.com,090-2535-2234,福岡県福岡市博多区博多駅前2丁目14番3号,福岡市博多区,福岡県,8120010,2023-07-05
3823,小林大輔,小林大輔3823@gmail.com,090-2392-4010,愛知県名古屋市西区名駅4丁目24番1号,名古屋市西区,愛知県,4510003,2023-04-23
3824,山田美咲,山田美咲3824@icloud.com,090-2801-7863,京都府京都市中京区烏丸通2丁目5番4号,京都市中京区,京都府,6040024,2024-02-24
3825,山本真由美,山本真由美3825@icloud.com,090-7989-7426,福岡県福岡市博多区博多駅前5丁目13番4号,福岡市博多区,福岡県,8120020,2023-11-24
3826,伊藤次郎,伊藤次郎3826@icloud.com,090-1489-6185,福岡県福岡市博多区博多駅前6丁目5番7号,福岡市博多区,福岡県,8120012,2023-08-22
3827,鈴木優子,鈴木優子3827@example.com,090-8102-9531,東京都千代田区丸の内5丁目14番6号,千代田区,東京都,1000006,2024-11-14
3828,田中誠,田中誠3828@outlook.com,090-4980-2084,埼玉県さいたま市大宮区大宮8丁目20番7号,さいたま市大宮区,埼玉県,3300013,2024-02-14
3829,高橋正,高橋正3829@icloud.com,090-4922-7105,京都府京都市中京区烏丸通2丁目16番10号,京都市中京区,京都府,6040010,2024-07-22
3830,加藤一郎,加藤一郎3830@example.com,090-9074-8515,大阪府大阪市中央区本町2丁目13番5号,大阪市中央区,大阪府,5410003,2023-02-10
3831,遠藤恵子,遠藤恵子3831@yahoo.co.jp,090-5081-8439,大阪府大阪市中央区本町8丁目1番1号,大阪市中央区,大阪府,5410034,2023-02-22
3832,高橋さくら,高橋さくら3832@yahoo.co.jp,090-6764-3821,神奈川県横浜市中区本町1丁目18番1号,横浜市中区,神奈川県,2310023,2023-10-11
3833,小林智子,小林智子3833@example.com,090-1850-5398,北海道札幌市北区北6条西7丁目29番7号,札幌市北区,北海道,0600016,2024-11-26
3834,鈴木剛,鈴木剛3834@example.com,090-4828-2697,埼玉県さいたま市浦和区高砂9丁目27番8号,さいたま市浦和区,埼玉県,3300014,2023-09-05
3835,渡辺達也,渡辺達也3835@gmail.com,090-5070-4371,東京都新宿区新宿3丁目26番7号,新宿区,東京都,1600011,2024-05-04
3836,加藤由美,加藤由美3836@example.com,090-2902-3756,大阪府大阪市北区梅田1丁目5番9号,大阪市北区,大阪府,5300004,2023-12-31
3837,木村誠,木村誠3837@gmail.com,090-8295-6427,埼玉県さいたま市浦和区高砂1丁目5番2号,さいたま市浦和区,埼玉県,3300030,2024-07-22
3838,松本健太,松本健太3838@example.com,090-2203-3783,千葉県千葉市中央区中央7丁目25番3号,千葉市中央区,千葉県,2600018,2024-11-04
3839,松本美咲,松本美咲3839@example.com,090-7986-2918,北海道札幌市北区北6条西5丁目1番2号,札幌市北区,北海道,0600040,2024-12-28
3840,吉田さくら,吉田さくら3840@outlook.com,090-8830-1502,東京都千代田区丸の内10丁目1番1号,千代田区,東京都,1000012,2023-01-27
3841,高橋美咲,高橋美咲3841@outlook.com,090-6327-8628,東京都渋谷区渋谷1丁目15番3号,渋谷区,東京都,1500023,2023-04-09
3842,渡辺正,渡辺正3842@yahoo.co.jp,090-5432-4324,神奈川県横浜市西区みなとみらい6丁目3番7号,横浜市西区,神奈川県,2200014,2024-06-18
3843,高橋大輔,高橋大輔3843@example.com,090-2491-1300,北海道札幌市中央区北1条西4丁目8番3号,札幌市中央区,北海道,0600028,2024-05-13
3844,長谷川正,長谷川正3844@icloud.com,090-4410-4756,愛知県名古屋市中区錦2丁目9番1号,名古屋市中区,愛知県,4600002,2023-06-08
3845,遠藤優子,遠藤優子3845@gmail.com,090-3391-2135,愛知県名古屋市西区名駅1丁目10番7号,名古屋市西区,愛知県,4510020,2023-05-23
3846,前田拓也,前田拓也3846@gmail.com,090-2443-2925,京都府京都市中京区烏丸通2丁目25番10号,京都市中京区,京都府,6040021,2024-07-28
3847,森田美穂,森田美穂3847@example.com,090-2398-8916,大阪府大阪市中央区本町8丁目18番1号,大阪市中央区,大阪府,5410018,2023-05-03
3848,近藤亮,近藤亮3848@outlook.com,090-8592-4237,東京都千代田区丸の内2丁目2番5号,千代田区,東京都,1000016,2023-03-02
3849,高橋さくら,高橋さくら3849@outlook.com,090-3460-3299,神奈川県横浜市西区みなとみらい2丁目27番5号,横浜市西区,神奈川県,2200037,2024-10-09
3850,小林千佳,小林千佳3850@icloud.com,090-4379-9204,神奈川県横浜市西区みなとみらい7丁目1番4号,横浜市西区,神奈川県,2200036,2024-09-07
3851,高橋剛,高橋剛3851@yahoo.co.jp,090-5591-5987,北海道札幌市中央区北1条西5丁目11番4号,札幌市中央区,北海道,0600031,2024-05-27
3852,石川美穂,石川美穂3852@gmail.com,090-1283-5884,大阪府大阪市北区梅田5丁目28番9号,大阪市北区,大阪府,5300005,2023-11-02
3853,岡田次郎,岡田次郎3853@icloud.com,090-1876-6964,京都府京都市下京区四条通5丁目17番9号,京都市下京区,京都府,6000012,2024-07-23
3854,森田さくら,森田さくら3854@outlook.com,090-9323-4067,兵庫県神戸市灘区灘南通8丁目30番7号,神戸市灘区,兵庫県,6570027,2024-03-14
3855,松本達也,松本達也3855@icloud.com,090-1667-3531,千葉県千葉市中央区中央5丁目7番3号,千葉市中央区,千葉県,2600009,2023-07-07
3856,山本正,山本正3856@yahoo.co.jp,090-1624-8570,埼玉県さいたま市浦和区高砂7丁目15番7号,さいたま市浦和区,埼玉県,3300015,2023-12-14
3857,高橋香織,高橋香織3857@outlook.com,090-3323-6217,大阪府大阪市中央区本町3丁目21番8号,大阪市中央区,大阪府,5410022,2023-03-12
3858,山本美穂,山本美穂3858@example.com,090-9587-3904,兵庫県神戸市中央区三宮町5丁目15番5号,神戸市中央区,兵庫県,6500024,2024-07-11
3859,渡辺美穂,渡辺美穂3859@gmail.com,090-3169-1540,埼玉県さいたま市大宮区大宮10丁目7番10号,さいたま市大宮区,埼玉県,3300033,2023-12-29
3860,石川太郎,石川太郎3860@gmail.com,090-5104-8875,埼玉県さいたま市浦和区高砂2丁目8番7号,さいたま市浦和区,埼玉県,3300002,2023-02-07
3861,小林三郎,小林三郎3861@icloud.com,090-6741-6237,東京都千代田区丸の内9丁目14番5号,千代田区,東京都,1000021,2023-08-23
3862,松本和也,松本和也3862@yahoo.co.jp,090-5007-1557,千葉県千葉市美浜区美浜8丁目21番4号,千葉市美浜区,千葉県,2610003,2024-05-06
3863,斎藤健一,斎藤健一3863@gmail.com,090-8742-3478,北海道札幌市中央区北1条西2丁目14番10号,札幌市中央区,北海道,0600038,2024-03-03
3864,佐藤慎一,佐藤慎一3864@yahoo.co.jp,090-6347-6251,京都府京都市中京区烏丸通6丁目29番5号,京都市中京区,京都府,6040037,2023-06-16
3865,木村さくら,木村さくら3865@icloud.com,090-6802-7176,大阪府大阪市北区梅田10丁目15番4号,大阪市北区,大阪府,5300004,2024-09-01
3866,佐藤和也,佐藤和也3866@example.com,090-3241-5569,京都府京都市下京区四条通6丁目12番1号,京都市下京区,京都府,6000012,2024-04-30
3867,井上翔太,井上翔太3867@gmail.com,090-9208-8928,兵庫県神戸市中央区三宮町1丁目15番8号,神戸市中央区,兵庫県,6500035,2024-02-16
3868,近藤麻美,近藤麻美3868@icloud.com,090-2289-3847,福岡県福岡市中央区天神8丁目4番1号,福岡市中央区,福岡県,8100034,2024-03-02
3869,吉田雄一,吉田雄一3869@example.com,090-9411-4162,愛知県名古屋市中区錦10丁目27番9号,名古屋市中区,愛知県,4600001,2023-09-11
3870,岡田亮,岡田亮3870@yahoo.co.jp,090-7564-3079,神奈川県横浜市西区みなとみらい8丁目13番4号,横浜市西区,神奈川県,2200025,2024-04-20
3871,吉田慎一,吉田慎一3871@gmail.com,090-8523-9499,北海道札幌市中央区北1条西3丁目21番6号,札幌市中央区,北海道,0600024,2023-01-07
3872,佐藤大輔,佐藤大輔3872@outlook.com,090-3359-4637,北海道札幌市中央区北1条西9丁目3番4号,札幌市中央区,北海道,0600026,2023-05-04
3873,青木さくら,青木さくら3873@gmail.com,090-7020-9768,埼玉県さいたま市浦和区高砂2丁目13番4号,さいたま市浦和区,埼玉県,3300008,2024-03-27
3874,近藤三郎,近藤三郎3874@yahoo.co.jp,090-8700-5435,千葉県千葉市美浜区美浜10丁目2番5号,千葉市美浜区,千葉県,2610036,2023-03-09
3875,村上健太,村上健太3875@outlook.com,090-2524-6815,北海道札幌市北区北6条西6丁目3番5号,札幌市北区,北海道,0600022,2023-05-22
3876,井上由美子,井上由美子3876@gmail.com,090-5458-1876,福岡県福岡市中央区天神2丁目16番8号,福岡市中央区,福岡県,8100018,2023-02-10
3877,田中一郎,田中一郎3877@example.com,090-1579-8569,千葉県千葉市美浜区美浜7丁目27番2号,千葉市美浜区,千葉県,2610010,2023-01-11
3878,斎藤千佳,斎藤千佳3878@example.com,090-4503-1177,愛知県名古屋市西区名駅9丁目27番10号,名古屋市西区,愛知県,4510022,2023-06-01
3879,木村翔太,木村翔太3879@gmail.com,090-5512-7941,千葉県千葉市中央区中央5丁目6番1号,千葉市中央区,千葉県,2600015,2023-11-01
3880,田中健太,田中健太3880@yahoo.co.jp,090-3842-7475,神奈川県横浜市西区みなとみらい7丁目8番4号,横浜市西区,神奈川県,2200017,2023-08-06
3881,加藤麻美,加藤麻美3881@example.com,090-6392-6469,千葉県千葉市美浜区美浜3丁目2番2号,千葉市美浜区,千葉県,2610035,2024-03-10
3882,坂本慎一,坂本慎一3882@example.com,090-5227-5445,東京都渋谷区渋谷5丁目6番1号,渋谷区,東京都,1500029,2023-11-04
3883,中村麻美,中村麻美3883@icloud.com,090-2038-5744,神奈川県横浜市中区本町5丁目8番9号,横浜市中区,神奈川県,2310014,2023-02-05
3884,藤井三郎,藤井三郎3884@icloud.com,090-2611-5168,北海道札幌市中央区北1条西9丁目21番9号,札幌市中央区,北海道,0600017,2024-10-25
3885,岡田愛,岡田愛3885@example.com,090-8405-7938,東京都千代田区丸の内2丁目20番6号,千代田区,東京都,1000012,2024-02-25
3886,高橋亮,高橋亮3886@outlook.com,090-4131-4985,東京都新宿区新宿1丁目27番1号,新宿区,東京都,1600003,2023-10-29
3887,森田三郎,森田三郎3887@outlook.com,090-8192-2506,千葉県千葉市中央区中央4丁目24番6号,千葉市中央区,千葉県,2600036,2024-12-24
3888,山本由美子,山本由美子3888@example.com,090-4763-5724,東京都渋谷区渋谷7丁目5番10号,渋谷区,東京都,1500034,2024-09-15
3889,加藤太郎,加藤太郎3889@example.com,090-4571-9348,神奈川県横浜市西区みなとみらい3丁目17番8号,横浜市西区,神奈川県,2200016,2023-06-20
3890,吉田愛,吉田愛3890@outlook.com,090-3214-3132,京都府京都市下京区四条通3丁目10番6号,京都市下京区,京都府,6000009,2023-07-21
3891,藤井正,藤井正3891@outlook.com,090-1816-7525,神奈川県横浜市西区みなとみらい4丁目15番2号,横浜市西区,神奈川県,2200004,2024-10-07
3892,加藤さくら,加藤さくら3892@yahoo.co.jp,090-5066-4652,大阪府大阪市北区梅田10丁目11番6号,大阪市北区,大阪府,5300012,2023-06-16
3893,松本直樹,松本直樹3893@gmail.com,090-6814-2893,京都府京都市下京区四条通9丁目27番9号,京都市下京区,京都府,6000041,2023-07-26
3894,吉田一郎,吉田一郎3894@outlook.com,090-3741-2272,北海道札幌市北区北6条西5丁目16番8号,札幌市北区,北海道,0600008,2023-06-05
3895,橋本麻美,橋本麻美3895@gmail.com,090-5144-1083,福岡県福岡市中央区天神2丁目14番3号,福岡市中央区,福岡県,8100014,2023-12-08
3896,吉田真由美,吉田真由美3896@gmail.com,090-3925-2339,東京都千代田区丸の内6丁目30番5号,千代田区,東京都,1000017,2024-06-12
3897,山本拓也,山本拓也3897@example.com,090-9491-9933,京都府京都市下京区四条通3丁目7番3号,京都市下京区,京都府,6000039,2023-06-25
3898,青木雄一,青木雄一3898@icloud.com,090-8581-1927,神奈川県横浜市中区本町7丁目30番6号,横浜市中区,神奈川県,2310027,2023-10-02
3899,斎藤麻美,斎藤麻美3899@icloud.com,090-5327-1087,大阪府大阪市北区梅田10丁目22番6号,大阪市北区,大阪府,5300021,2023-12-14
3900,伊藤花子,伊藤花子3900@yahoo.co.jp,090-8779-7378,兵庫県神戸市中央区三宮町2丁目28番4号,神戸市中央区,兵庫県,6500012,2023-12-13
3901,渡辺智子,渡辺智子3901@yahoo.co.jp,090-2030-8926,兵庫県神戸市中央区三宮町5丁目15番8号,神戸市中央区,兵庫県,6500013,2023-06-17
3902,林千佳,林千佳3902@outlook.com,090-1301-9857,北海道札幌市北区北6条西1丁目30番3号,札幌市北区,北海道,0600031,2024-10-24
3903,坂本剛,坂本剛3903@outlook.com,090-5526-1362,東京都新宿区新宿4丁目30番7号,新宿区,東京都,1600018,2024-02-06
3904,前田慎一,前田慎一3904@outlook.com,090-1501-1641,兵庫県神戸市灘区灘南通8丁目18番6号,神戸市灘区,兵庫県,6570025,2023-04-01
3905,坂本麻衣,坂本麻衣3905@outlook.com,090-7970-4100,福岡県福岡市中央区天神5丁目1番6号,福岡市中央区,福岡県,8100038,2023-09-09
3906,橋本誠,橋本誠3906@example.com,090-7930-6242,埼玉県さいたま市浦和区高砂10丁目23番10号,さいたま市浦和区,埼玉県,3300027,2024-06-21
3907,遠藤三郎,遠藤三郎3907@icloud.com,090-6042-4866,大阪府大阪市中央区本町7丁目22番1号,大阪市中央区,大阪府,5410019,2023-07-20
3908,岡田和也,岡田和也3908@outlook.com,090-2306-4537,京都府京都市中京区烏丸通7丁目20番10号,京都市中京区,京都府,6040034,2024-04-22
3909,伊藤恵子,伊藤恵子3909@gmail.com,090-3331-3900,埼玉県さいたま市浦和区高砂6丁目22番3号,さいたま市浦和区,埼玉県,3300030,2023-03-13
3910,山田和也,山田和也3910@yahoo.co.jp,090-2802-4083,神奈川県横浜市中区本町1丁目18番9号,横浜市中区,神奈川県,2310021,2024-05-05
3911,山田愛,山田愛3911@icloud.com,090-4750-8048,東京都千代田区丸の内6丁目1番4号,千代田区,東京都,1000012,2024-01-04
3912,吉田健一,吉田健一3912@icloud.com,090-4468-4447,千葉県千葉市美浜区美浜5丁目10番9号,千葉市美浜区,千葉県,2610023,2024-10-22
3913,青木達也,青木達也3913@gmail.com,090-3792-6416,福岡県福岡市中央区天神6丁目12番6号,福岡市中央区,福岡県,8100025,2024-07-19
3914,山本健太,山本健太3914@example.com,090-9492-5379,福岡県福岡市博多区博多駅前5丁目24番2号,福岡市博多区,福岡県,8120003,2023-01-02
3915,小林翔太,小林翔太3915@example.com,090-2959-1429,東京都渋谷区渋谷8丁目25番8号,渋谷区,東京都,1500004,2024-08-22
3916,森田正,森田正3916@yahoo.co.jp,090-3547-7433,大阪府大阪市中央区本町5丁目12番6号,大阪市中央区,大阪府,5410035,2023-05-26
3917,井上香織,井上香織3917@example.com,090-7102-1985,北海道札幌市中央区北1条西8丁目20番1号,札幌市中央区,北海道,0600024,2024-02-04
3918,藤井麻美,藤井麻美3918@example.com,090-4739-5164,愛知県名古屋市中区錦2丁目10番9号,名古屋市中区,愛知県,4600007,2023-11-26
3919,村上三郎,村上三郎3919@example.com,090-7527-3802,京都府京都市中京区烏丸通3丁目25番3号,京都市中京区,京都府,6040011,2023-10-17
3920,坂本達也,坂本達也3920@gmail.com,090-1789-9980,愛知県名古屋市中区錦8丁目17番9号,名古屋市中区,愛知県,4600008,2024-11-16
3921,松本優子,松本優子3921@icloud.com,090-8299-4020,神奈川県横浜市西区みなとみらい3丁目29番7号,横浜市西区,神奈川県,2200018,2023-07-31
3922,鈴木正,鈴木正3922@yahoo.co.jp,090-6979-2487,東京都新宿区新宿7丁目5番2号,新宿区,東京都,1600010,2024-01-22
3923,井上誠,井上誠3923@yahoo.co.jp,090-8808-2573,福岡県福岡市博多区博多駅前4丁目17番5号,福岡市博多区,福岡県,8120009,2023-03-31
3924,林太郎,林太郎3924@example.com,090-9721-3040,京都府京都市下京区四条通2丁目3番10号,京都市下京区,京都府,6000038,2024-08-23
3925,木村恵子,木村恵子3925@yahoo.co.jp,090-4220-3347,大阪府大阪市北区梅田9丁目15番9号,大阪市北区,大阪府,5300012,2023-06-20
3926,遠藤由美,遠藤由美3926@yahoo.co.jp,090-9470-9733,愛知県名古屋市中区錦4丁目11番1号,名古屋市中区,愛知県,4600001,2023-08-24
3927,橋本和也,橋本和也3927@example.com,090-9832-5108,東京都渋谷区渋谷6丁目20番6号,渋谷区,東京都,1500001,2024-01-31
3928,山田誠,山田誠3928@gmail.com,090-6337-3082,神奈川県横浜市西区みなとみらい4丁目12番9号,横浜市西区,神奈川県,2200017,2024-10-07
3929,近藤和也,近藤和也3929@outlook.com,090-3006-5535,大阪府大阪市中央区本町9丁目6番4号,大阪市中央区,大阪府,5410041,2024-08-28
3930,山本雄一,山本雄一3930@yahoo.co.jp,090-4781-9615,愛知県名古屋市中区錦3丁目11番8号,名古屋市中区,愛知県,4600004,2023-02-09
3931,山田恵子,山田恵子3931@example.com,090-4981-6769,埼玉県さいたま市大宮区大宮7丁目27番7号,さいたま市大宮区,埼玉県,3300007,2024-10-26
3932,渡辺拓也,渡辺拓也3932@outlook.com,090-2817-1668,神奈川県横浜市西区みなとみらい8丁目21番9号,横浜市西区,神奈川県,2200012,2023-01-23
3933,斎藤恵子,斎藤恵子3933@outlook.com,090-2054-6259,千葉県千葉市中央区中央10丁目11番6号,千葉市中央区,千葉県,2600032,2024-03-06
3934,森田千佳,森田千佳3934@yahoo.co.jp,090-5854-8484,愛知県名古屋市中区錦3丁目10番3号,名古屋市中区,愛知県,4600007,2023-03-09
3935,鈴木直樹,鈴木直樹3935@icloud.com,090-6937-9034,神奈川県横浜市中区本町5丁目7番9号,横浜市中区,神奈川県,2310027,2023-02-19
3936,坂本香織,坂本香織3936@outlook.com,090-1290-2573,大阪府大阪市中央区本町6丁目26番7号,大阪市中央区,大阪府,5410026,2023-04-17
3937,後藤三郎,後藤三郎3937@yahoo.co.jp,090-5066-2802,神奈川県横浜市西区みなとみらい9丁目1番5号,横浜市西区,神奈川県,2200034,2023-12-25
3938,渡辺慎一,渡辺慎一3938@yahoo.co.jp,090-7323-8973,福岡県福岡市博多区博多駅前7丁目12番7号,福岡市博多区,福岡県,8120007,2023-12-02
3939,田中太郎,田中太郎3939@icloud.com,090-2292-3354,大阪府大阪市北区梅田5丁目20番2号,大阪市北区,大阪府,5300008,2023-03-11
3940,藤原香織,藤原香織3940@icloud.com,090-1900-6064,埼玉県さいたま市大宮区大宮3丁目29番2号,さいたま市大宮区,埼玉県,3300010,2023-12-03
3941,伊藤達也,伊藤達也3941@yahoo.co.jp,090-1463-5220,東京都新宿区新宿4丁目17番9号,新宿区,東京都,1600005,2023-07-27
3942,池田美咲,池田美咲3942@gmail.com,090-9318-4398,兵庫県神戸市灘区灘南通6丁目4番2号,神戸市灘区,兵庫県,6570010,2023-11-25
3943,藤井一郎,藤井一郎3943@yahoo.co.jp,090-9940-2517,愛知県名古屋市中区錦2丁目19番4号,名古屋市中区,愛知県,4600005,2023-08-06
3944,加藤花子,加藤花子3944@yahoo.co.jp,090-4356-1510,大阪府大阪市中央区本町6丁目12番5号,大阪市中央区,大阪府,5410020,2024-10-15
3945,田中真由美,田中真由美3945@gmail.com,090-1081-7098,大阪府大阪市北区梅田9丁目22番8号,大阪市北区,大阪府,5300002,2023-07-13
3946,伊藤香織,伊藤香織3946@outlook.com,090-8444-2715,京都府京都市中京区烏丸通4丁目22番4号,京都市中京区,京都府,6040001,2023-04-15
3947,伊藤次郎,伊藤次郎3947@example.com,090-4339-6050,千葉県千葉市中央区中央1丁目29番1号,千葉市中央区,千葉県,2600012,2024-06-22
3948,後藤智子,後藤智子3948@gmail.com,090-1981-6307,大阪府大阪市北区梅田7丁目3番2号,大阪市北区,大阪府,5300020,2023-11-22
3949,林麻美,林麻美3949@icloud.com,090-8700-1742,愛知県名古屋市中区錦2丁目7番4号,名古屋市中区,愛知県,4600006,2024-11-17
3950,井上愛,井上愛3950@gmail.com,090-1473-9320,愛知県名古屋市西区名駅10丁目16番2号,名古屋市西区,愛知県,4510036,2024-11-13
3951,山本由美子,山本由美子3951@icloud.com,090-4824-5128,大阪府大阪市北区梅田6丁目10番1号,大阪市北区,大阪府,5300016,2023-10-16
3952,遠藤次郎,遠藤次郎3952@yahoo.co.jp,090-7720-7473,神奈川県横浜市中区本町7丁目15番4号,横浜市中区,神奈川県,2310007,2023-08-17
3953,木村三郎,木村三郎3953@icloud.com,090-9702-7906,福岡県福岡市博多区博多駅前4丁目18番2号,福岡市博多区,福岡県,8120002,2024-11-12
3954,近藤さくら,近藤さくら3954@example.com,090-6608-6915,埼玉県さいたま市大宮区大宮1丁目28番4号,さいたま市大宮区,埼玉県,3300041,2024-12-19
3955,井上優子,井上優子3955@gmail.com,090-1513-3057,千葉県千葉市美浜区美浜4丁目27番9号,千葉市美浜区,千葉県,2610041,2023-02-06
3956,木村真由美,木村真由美3956@outlook.com,090-4666-1719,愛知県名古屋市中区錦4丁目10番1号,名古屋市中区,愛知県,4600002,2024-05-18
3957,藤原達也,藤原達也3957@icloud.com,090-9411-3311,京都府京都市下京区四条通2丁目13番9号,京都市下京区,京都府,6000032,2023-03-19
3958,池田恵子,池田恵子3958@icloud.com,090-3054-8161,北海道札幌市北区北6条西6丁目6番7号,札幌市北区,北海道,0600035,2023-07-30
3959,加藤恵子,加藤恵子3959@icloud.com,090-9063-5432,神奈川県横浜市西区みなとみらい4丁目8番10号,横浜市西区,神奈川県,2200040,2024-09-28
3960,吉田恵子,吉田恵子3960@outlook.com,090-5567-1261,兵庫県神戸市灘区灘南通5丁目7番5号,神戸市灘区,兵庫県,6570041,2024-10-08
3961,後藤次郎,後藤次郎3961@example.com,090-1746-3114,大阪府大阪市北区梅田3丁目16番2号,大阪市北区,大阪府,5300003,2024-03-12
3962,後藤愛,後藤愛3962@yahoo.co.jp,090-6111-1903,大阪府大阪市中央区本町8丁目8番8号,大阪市中央区,大阪府,5410012,2024-06-23
3963,井上美香,井上美香3963@outlook.com,090-3971-6151,愛知県名古屋市西区名駅10丁目11番5号,名古屋市西区,愛知県,4510034,2023-10-02
3964,藤井和也,藤井和也3964@example.com,090-7903-9013,北海道札幌市中央区北1条西4丁目15番4号,札幌市中央区,北海道,0600021,2024-08-26
3965,森田雄一,森田雄一3965@gmail.com,090-4087-3917,愛知県名古屋市西区名駅7丁目4番5号,名古屋市西区,愛知県,4510023,2023-06-13
3966,吉田さくら,吉田さくら3966@gmail.com,090-2105-3088,東京都千代田区丸の内8丁目15番8号,千代田区,東京都,1000006,2024-01-15
3967,田中麻美,田中麻美3967@icloud.com,090-6969-7651,北海道札幌市中央区北1条西4丁目7番1号,札幌市中央区,北海道,0600025,2023-03-18
3968,石川一郎,石川一郎3968@example.com,090-3782-1931,大阪府大阪市北区梅田5丁目7番3号,大阪市北区,大阪府,5300015,2023-03-31
3969,長谷川慎一,長谷川慎一3969@yahoo.co.jp,090-3825-9147,愛知県名古屋市西区名駅2丁目3番10号,名古屋市西区,愛知県,4510009,2023-11-04
3970,村上愛,村上愛3970@yahoo.co.jp,090-1666-5240,大阪府大阪市中央区本町1丁目19番10号,大阪市中央区,大阪府,5410031,2023-05-04
3971,中村香織,中村香織3971@outlook.com,090-7848-3900,北海道札幌市北区北6条西10丁目9番8号,札幌市北区,北海道,0600038,2024-08-22
3972,藤原美穂,藤原美穂3972@icloud.com,090-1961-1411,埼玉県さいたま市浦和区高砂9丁目1番1号,さいたま市浦和区,埼玉県,3300002,2024-03-19
3973,山本美穂,山本美穂3973@outlook.com,090-3986-8201,東京都千代田区丸の内6丁目3番1号,千代田区,東京都,1000020,2024-02-05
3974,藤原美穂,藤原美穂3974@example.com,090-2833-9144,福岡県福岡市博多区博多駅前3丁目18番8号,福岡市博多区,福岡県,8120011,2023-04-22
3975,近藤大輔,近藤大輔3975@icloud.com,090-9596-2624,埼玉県さいたま市大宮区大宮7丁目19番6号,さいたま市大宮区,埼玉県,3300002,2024-07-16
3976,鈴木恵子,鈴木恵子3976@icloud.com,090-3817-7057,神奈川県横浜市西区みなとみらい2丁目4番2号,横浜市西区,神奈川県,2200034,2024-12-19
3977,石川大輔,石川大輔3977@outlook.com,090-9196-6391,北海道札幌市中央区北1条西8丁目13番8号,札幌市中央区,北海道,0600027,2023-08-06
3978,林亮,林亮3978@yahoo.co.jp,090-7372-6748,兵庫県神戸市中央区三宮町1丁目30番10号,神戸市中央区,兵庫県,6500040,2024-06-23
3979,加藤直樹,加藤直樹3979@icloud.com,090-6609-4194,埼玉県さいたま市大宮区大宮3丁目11番2号,さいたま市大宮区,埼玉県,3300009,2023-09-11
3980,近藤一郎,近藤一郎3980@example.com,090-1975-6741,大阪府大阪市中央区本町8丁目26番2号,大阪市中央区,大阪府,5410034,2024-12-11
3981,加藤由美子,加藤由美子3981@yahoo.co.jp,090-1093-5062,京都府京都市中京区烏丸通2丁目1番1号,京都市中京区,京都府,6040022,2024-01-24
3982,加藤麻美,加藤麻美3982@example.com,090-8825-5050,東京都新宿区新宿10丁目5番5号,新宿区,東京都,1600017,2024-02-15
3983,渡辺由美子,渡辺由美子3983@example.com,090-7952-3403,大阪府大阪市北区梅田2丁目11番1号,大阪市北区,大阪府,5300013,2023-06-02
3984,松本三郎,松本三郎3984@example.com,090-9127-4363,福岡県福岡市博多区博多駅前2丁目21番1号,福岡市博多区,福岡県,8120001,2023-04-02
3985,松本さくら,松本さくら3985@example.com,090-9848-7732,神奈川県横浜市西区みなとみらい6丁目11番8号,横浜市西区,神奈川県,2200015,2023-07-27
3986,中村雄一,中村雄一3986@outlook.com,090-5467-4157,神奈川県横浜市中区本町6丁目19番8号,横浜市中区,神奈川県,2310014,2023-04-09
3987,林美香,林美香3987@yahoo.co.jp,090-3235-8205,埼玉県さいたま市浦和区高砂5丁目21番4号,さいたま市浦和区,埼玉県,3300037,2023-06-17
3988,斎藤さくら,斎藤さくら3988@yahoo.co.jp,090-4471-9201,愛知県名古屋市西区名駅8丁目22番4号,名古屋市西区,愛知県,4510004,2023-08-21
3989,後藤和也,後藤和也3989@example.com,090-9442-6326,千葉県千葉市中央区中央3丁目18番9号,千葉市中央区,千葉県,2600009,2023-09-18
3990,後藤拓也,後藤拓也3990@gmail.com,090-8768-2492,京都府京都市下京区四条通6丁目15番9号,京都市下京区,京都府,6000008,2024-02-27
3991,松本恵子,松本恵子3991@gmail.com,090-8467-8932,京都府京都市下京区四条通8丁目16番3号,京都市下京区,京都府,6000039,2024-05-09
3992,近藤さくら,近藤さくら3992@example.com,090-5724-3399,東京都千代田区丸の内4丁目24番3号,千代田区,東京都,1000004,2023-05-27
3993,高橋三郎,高橋三郎3993@example.com,090-2903-8818,兵庫県神戸市灘区灘南通6丁目20番6号,神戸市灘区,兵庫県,6570001,2024-07-04
3994,渡辺直樹,渡辺直樹3994@yahoo.co.jp,090-8712-2912,大阪府大阪市中央区本町7丁目6番2号,大阪市中央区,大阪府,5410023,2024-08-05
3995,山本大輔,山本大輔3995@outlook.com,090-2188-6257,東京都新宿区新宿3丁目2番4号,新宿区,東京都,1600012,2024-12-05
3996,渡辺雄一,渡辺雄一3996@yahoo.co.jp,090-1508-4130,兵庫県神戸市中央区三宮町2丁目23番4号,神戸市中央区,兵庫県,6500041,2024-02-17
3997,遠藤由美,遠藤由美3997@yahoo.co.jp,090-8996-7426,福岡県福岡市中央区天神3丁目15番3号,福岡市中央区,福岡県,8100022,2024-11-07
3998,山本由美,山本由美3998@gmail.com,090-8102-5416,東京都新宿区新宿9丁目23番10号,新宿区,東京都,1600009,2024-03-11
3999,石川三郎,石川三郎3999@icloud.com,090-5406-4132,東京都渋谷区渋谷7丁目7番3号,渋谷区,東京都,1500023,2023-07-20
4000,青木直樹,青木直樹4000@example.com,090-7248-4601,愛知県名古屋市西区名駅6丁目28番7号,名古屋市西区,愛知県,4510040,2024-07-25
4001,近藤達也,近藤達也4001@icloud.com,090-5051-9312,埼玉県さいたま市大宮区大宮7丁目22番2号,さいたま市大宮区,埼玉県,3300021,2024-01-08
4002,近藤大輔,近藤大輔4002@icloud.com,090-4172-9047,千葉県千葉市中央区中央10丁目26番4号,千葉市中央区,千葉県,2600031,2023-12-03
4003,村上千佳,村上千佳4003@gmail.com,090-1418-4850,兵庫県神戸市灘区灘南通2丁目24番5号,神戸市灘区,兵庫県,6570003,2024-09-13
4004,斎藤直樹,斎藤直樹4004@yahoo.co.jp,090-2011-2641,京都府京都市下京区四条通10丁目22番5号,京都市下京区,京都府,6000033,2024-02-02
4005,坂本誠,坂本誠4005@icloud.com,090-9362-1877,神奈川県横浜市西区みなとみらい8丁目1番7号,横浜市西区,神奈川県,2200002,2024-11-09
4006,林さくら,林さくら4006@yahoo.co.jp,090-5949-1138,兵庫県神戸市灘区灘南通2丁目6番6号,神戸市灘区,兵庫県,6570038,2023-05-30
4007,林恵子,林恵子4007@yahoo.co.jp,090-2493-1442,埼玉県さいたま市浦和区高砂6丁目16番8号,さいたま市浦和区,埼玉県,3300009,2024-11-28
4008,松本智子,松本智子4008@yahoo.co.jp,090-3614-7391,東京都新宿区新宿10丁目21番4号,新宿区,東京都,1600014,2023-05-09
4009,小林智子,小林智子4009@outlook.com,090-2867-1679,埼玉県さいたま市大宮区大宮8丁目13番4号,さいたま市大宮区,埼玉県,3300028,2023-03-15
4010,遠藤花子,遠藤花子4010@gmail.com,090-5903-2464,兵庫県神戸市灘区灘南通5丁目6番6号,神戸市灘区,兵庫県,6570028,2023-02-12
4011,加藤健一,加藤健一4011@example.com,090-5935-1309,埼玉県さいたま市浦和区高砂3丁目20番8号,さいたま市浦和区,埼玉県,3300025,2023-08-14
4012,田中美香,田中美香4012@yahoo.co.jp,090-4243-8748,京都府京都市下京区四条通2丁目27番6号,京都市下京区,京都府,6000013,2023-06-25
4013,高橋美穂,高橋美穂4013@yahoo.co.jp,090-1469-2205,東京都渋谷区渋谷9丁目19番3号,渋谷区,東京都,1500001,2023-07-11
4014,鈴木愛,鈴木愛4014@icloud.com,090-6865-5781,埼玉県さいたま市大宮区大宮6丁目18番4号,さいたま市大宮区,埼玉県,3300041,2023-09-03
4015,長谷川大輔,長谷川大輔4015@yahoo.co.jp,090-7146-1993,福岡県福岡市博多区博多駅前5丁目17番1号,福岡市博多区,福岡県,8120008,2024-09-16
4016,青木美穂,青木美穂4016@gmail.com,090-3926-6878,神奈川県横浜市西区みなとみらい3丁目6番10号,横浜市西区,神奈川県,2200004,2024-01-08
4017,林雄一,林雄一4017@yahoo.co.jp,090-4666-7913,東京都渋谷区渋谷7丁目4番4号,渋谷区,東京都,1500003,2024-08-31
4018,藤原愛,藤原愛4018@icloud.com,090-4682-2196,福岡県福岡市中央区天神5丁目11番6号,福岡市中央区,福岡県,8100007,2024-10-23
4019,岡田三郎,岡田三郎4019@example.com,090-7350-8611,東京都渋谷区渋谷9丁目27番2号,渋谷区,東京都,1500033,2023-01-02
4020,森田剛,森田剛4020@outlook.com,090-2894-4762,埼玉県さいたま市大宮区大宮7丁目20番7号,さいたま市大宮区,埼玉県,3300034,2024-07-02
4021,木村拓也,木村拓也4021@icloud.com,090-5248-9625,埼玉県さいたま市大宮区大宮2丁目7番5号,さいたま市大宮区,埼玉県,3300033,2024-07-21
4022,佐藤誠,佐藤誠4022@outlook.com,090-1697-1235,東京都渋谷区渋谷1丁目18番4号,渋谷区,東京都,1500008,2023-09-15
4023,後藤健太,後藤健太4023@outlook.com,090-7645-4130,京都府京都市下京区四条通8丁目30番4号,京都市下京区,京都府,6000020,2024-01-16
4024,遠藤剛,遠藤剛4024@gmail.com,090-2542-2480,神奈川県横浜市中区本町7丁目4番10号,横浜市中区,神奈川県,2310040,2024-12-17
4025,石川一郎,石川一郎4025@icloud.com,090-5833-2693,京都府京都市下京区四条通7丁目16番10号,京都市下京区,京都府,6000031,2024-03-13
4026,加藤美穂,加藤美穂4026@example.com,090-8982-9850,埼玉県さいたま市大宮区大宮5丁目8番2号,さいたま市大宮区,埼玉県,3300013,2024-04-21
4027,鈴木亮,鈴木亮4027@outlook.com,090-3181-4006,大阪府大阪市北区梅田4丁目14番5号,大阪市北区,大阪府,5300011,2024-12-30
4028,佐藤麻衣,佐藤麻衣4028@example.com,090-7986-4378,東京都新宿区新宿4丁目6番7号,新宿区,東京都,1600013,2023-12-12
4029,森田慎一,森田慎一4029@icloud.com,090-8602-1186,京都府京都市下京区四条通3丁目12番9号,京都市下京区,京都府,6000019,2024-08-31
4030,近藤正,近藤正4030@outlook.com,090-4700-8297,北海道札幌市中央区北1条西1丁目21番1号,札幌市中央区,北海道,0600036,2023-03-25
4031,藤井麻美,藤井麻美4031@gmail.com,090-3116-4544,福岡県福岡市中央区天神10丁目2番1号,福岡市中央区,福岡県,8100017,2024-02-24
4032,青木和也,青木和也4032@icloud.com,090-4960-8556,兵庫県神戸市灘区灘南通8丁目16番8号,神戸市灘区,兵庫県,6570021,2024-08-04
4033,加藤達也,加藤達也4033@yahoo.co.jp,090-3642-1794,愛知県名古屋市西区名駅6丁目19番2号,名古屋市西区,愛知県,4510018,2023-05-12
4034,石川健太,石川健太4034@icloud.com,090-1104-5319,埼玉県さいたま市浦和区高砂7丁目24番4号,さいたま市浦和区,埼玉県,3300024,2024-07-29
4035,橋本一郎,橋本一郎4035@gmail.com,090-1590-1959,兵庫県神戸市灘区灘南通1丁目8番4号,神戸市灘区,兵庫県,6570019,2023-02-17
4036,前田麻衣,前田麻衣4036@gmail.com,090-7904-1083,東京都渋谷区渋谷4丁目6番5号,渋谷区,東京都,1500004,2024-12-18
4037,田中次郎,田中次郎4037@gmail.com,090-6895-6808,福岡県福岡市中央区天神2丁目23番7号,福岡市中央区,福岡県,8100009,2024-01-10
4038,青木剛,青木剛4038@example.com,090-1659-7287,京都府京都市中京区烏丸通3丁目26番7号,京都市中京区,京都府,6040004,2024-05-16
4039,山本誠,山本誠4039@yahoo.co.jp,090-4151-3323,福岡県福岡市博多区博多駅前10丁目15番1号,福岡市博多区,福岡県,8120006,2024-12-03
4040,井上愛,井上愛4040@icloud.com,090-5653-3336,大阪府大阪市北区梅田2丁目25番2号,大阪市北区,大阪府,5300007,2024-09-12
4041,渡辺恵子,渡辺恵子4041@example.com,090-9857-6756,埼玉県さいたま市浦和区高砂1丁目2番6号,さいたま市浦和区,埼玉県,3300026,2023-06-03
4042,橋本麻衣,橋本麻衣4042@outlook.com,090-4748-7902,福岡県福岡市中央区天神9丁目10番10号,福岡市中央区,福岡県,8100038,2024-07-29
4043,鈴木正,鈴木正4043@example.com,090-3998-3706,東京都千代田区丸の内7丁目7番2号,千代田区,東京都,1000019,2023-09-30
4044,村上正,村上正4044@example.com,090-8413-7040,大阪府大阪市北区梅田2丁目10番1号,大阪市北区,大阪府,5300013,2023-01-05
4045,遠藤誠,遠藤誠4045@outlook.com,090-4976-6291,埼玉県さいたま市浦和区高砂6丁目24番3号,さいたま市浦和区,埼玉県,3300039,2023-06-08
4046,鈴木翔太,鈴木翔太4046@gmail.com,090-7342-1361,大阪府大阪市北区梅田1丁目9番4号,大阪市北区,大阪府,5300020,2023-03-03
4047,松本正,松本正4047@gmail.com,090-1632-2043,神奈川県横浜市中区本町8丁目20番7号,横浜市中区,神奈川県,2310005,2023-01-07
4048,青木大輔,青木大輔4048@example.com,090-3829-5615,埼玉県さいたま市浦和区高砂1丁目12番3号,さいたま市浦和区,埼玉県,3300021,2024-07-03
4049,坂本太郎,坂本太郎4049@gmail.com,090-9858-5887,福岡県福岡市中央区天神1丁目11番6号,福岡市中央区,福岡県,8100023,2023-05-23
4050,青木由美子,青木由美子4050@yahoo.co.jp,090-2819-5087,大阪府大阪市中央区本町6丁目26番7号,大阪市中央区,大阪府,5410032,2024-11-04
4051,青木由美子,青木由美子4051@outlook.com,090-1372-7171,東京都渋谷区渋谷5丁目17番7号,渋谷区,東京都,1500017,2023-02-12
4052,鈴木恵子,鈴木恵子4052@example.com,090-2046-1287,福岡県福岡市中央区天神8丁目16番1号,福岡市中央区,福岡県,8100033,2024-07-10
4053,林麻美,林麻美4053@outlook.com,090-5294-3200,大阪府大阪市中央区本町2丁目14番8号,大阪市中央区,大阪府,5410028,2024-11-30
4054,鈴木香織,鈴木香織4054@yahoo.co.jp,090-5257-8341,埼玉県さいたま市大宮区大宮9丁目20番6号,さいたま市大宮区,埼玉県,3300010,2024-08-04
4055,中村麻衣,中村麻衣4055@yahoo.co.jp,090-4236-6656,大阪府大阪市中央区本町2丁目12番7号,大阪市中央区,大阪府,5410030,2024-11-16
4056,山田一郎,山田一郎4056@yahoo.co.jp,090-3061-4713,神奈川県横浜市西区みなとみらい4丁目9番10号,横浜市西区,神奈川県,2200017,2023-04-13
4057,林剛,林剛4057@gmail.com,090-8967-5260,東京都千代田区丸の内8丁目13番1号,千代田区,東京都,1000017,2024-01-12
4058,山田香織,山田香織4058@yahoo.co.jp,090-7604-2231,大阪府大阪市中央区本町8丁目10番9号,大阪市中央区,大阪府,5410040,2024-08-25
4059,近藤愛,近藤愛4059@icloud.com,090-3965-3594,神奈川県横浜市中区本町5丁目2番4号,横浜市中区,神奈川県,2310023,2024-12-12
4060,中村太郎,中村太郎4060@yahoo.co.jp,090-4764-4178,北海道札幌市北区北6条西5丁目21番10号,札幌市北区,北海道,0600004,2024-01-22
4061,藤井優子,藤井優子4061@icloud.com,090-9198-3425,北海道札幌市中央区北1条西3丁目6番7号,札幌市中央区,北海道,0600015,2024-07-25
4062,加藤大輔,加藤大輔4062@gmail.com,090-5458-8982,神奈川県横浜市中区本町10丁目1番2号,横浜市中区,神奈川県,2310034,2023-07-10
4063,伊藤花子,伊藤花子4063@gmail.com,090-5793-7027,北海道札幌市北区北6条西4丁目18番7号,札幌市北区,北海道,0600035,2024-10-21
4064,橋本達也,橋本達也4064@example.com,090-3162-4476,福岡県福岡市中央区天神8丁目24番9号,福岡市中央区,福岡県,8100035,2024-09-07
4065,佐藤智子,佐藤智子4065@icloud.com,090-4284-2376,大阪府大阪市中央区本町1丁目6番4号,大阪市中央区,大阪府,5410039,2024-01-15
4066,長谷川香織,長谷川香織4066@example.com,090-8317-7102,東京都千代田区丸の内4丁目28番7号,千代田区,東京都,1000012,2024-01-28
4067,小林優子,小林優子4067@gmail.com,090-5961-1502,北海道札幌市北区北6条西8丁目3番6号,札幌市北区,北海道,0600020,2023-09-25
4068,小林麻衣,小林麻衣4068@icloud.com,090-3483-5322,東京都千代田区丸の内5丁目8番6号,千代田区,東京都,1000008,2023-02-25
4069,木村慎一,木村慎一4069@icloud.com,090-9140-7667,神奈川県横浜市西区みなとみらい9丁目9番8号,横浜市西区,神奈川県,2200010,2024-03-19
4070,伊藤千佳,伊藤千佳4070@yahoo.co.jp,090-2989-2940,埼玉県さいたま市大宮区大宮1丁目17番9号,さいたま市大宮区,埼玉県,3300041,2024-11-22
4071,小林慎一,小林慎一4071@yahoo.co.jp,090-7716-5689,埼玉県さいたま市浦和区高砂6丁目9番2号,さいたま市浦和区,埼玉県,3300018,2023-11-27
4072,渡辺和也,渡辺和也4072@example.com,090-2934-7071,兵庫県神戸市中央区三宮町8丁目11番4号,神戸市中央区,兵庫県,6500025,2024-07-21
4073,長谷川剛,長谷川剛4073@yahoo.co.jp,090-1972-7913,兵庫県神戸市中央区三宮町1丁目12番10号,神戸市中央区,兵庫県,6500025,2024-12-29
4074,青木愛,青木愛4074@outlook.com,090-4138-4268,福岡県福岡市博多区博多駅前9丁目22番8号,福岡市博多区,福岡県,8120006,2024-07-22
4075,伊藤達也,伊藤達也4075@outlook.com,090-2232-5859,東京都渋谷区渋谷9丁目3番2号,渋谷区,東京都,1500031,2024-07-25
4076,鈴木正,鈴木正4076@icloud.com,090-2539-7889,埼玉県さいたま市浦和区高砂7丁目29番8号,さいたま市浦和区,埼玉県,3300029,2024-06-08
4077,松本直樹,松本直樹4077@example.com,090-7352-2741,神奈川県横浜市西区みなとみらい4丁目28番4号,横浜市西区,神奈川県,2200035,2024-09-23
4078,後藤美穂,後藤美穂4078@yahoo.co.jp,090-7428-7804,兵庫県神戸市灘区灘南通7丁目6番2号,神戸市灘区,兵庫県,6570034,2023-01-21
4079,渡辺美穂,渡辺美穂4079@yahoo.co.jp,090-1310-7288,北海道札幌市北区北6条西4丁目9番2号,札幌市北区,北海道,0600013,2024-12-22
4080,斎藤直樹,斎藤直樹4080@yahoo.co.jp,090-7152-4391,神奈川県横浜市中区本町10丁目30番3号,横浜市中区,神奈川県,2310027,2024-10-21
4081,藤井美香,藤井美香4081@icloud.com,090-7042-4666,北海道札幌市中央区北1条西8丁目23番6号,札幌市中央区,北海道,0600030,2024-10-07
4082,前田雄一,前田雄一4082@gmail.com,090-6058-9917,大阪府大阪市北区梅田2丁目6番7号,大阪市北区,大阪府,5300021,2023-06-14
4083,高橋健太,高橋健太4083@outlook.com,090-1959-3077,埼玉県さいたま市浦和区高砂9丁目7番5号,さいたま市浦和区,埼玉県,3300033,2024-12-27
4084,岡田和也,岡田和也4084@yahoo.co.jp,090-7224-7534,京都府京都市下京区四条通9丁目20番7号,京都市下京区,京都府,6000023,2023-11-22
4085,斎藤大輔,斎藤大輔4085@yahoo.co.jp,090-8484-5228,神奈川県横浜市西区みなとみらい10丁目29番6号,横浜市西区,神奈川県,2200036,2023-11-26
4086,村上麻衣,村上麻衣4086@icloud.com,090-8381-1411,京都府京都市中京区烏丸通1丁目18番1号,京都市中京区,京都府,6040029,2024-01-24
4087,中村千佳,中村千佳4087@outlook.com,090-8300-4998,埼玉県さいたま市大宮区大宮5丁目10番5号,さいたま市大宮区,埼玉県,3300031,2024-02-10
4088,山本太郎,山本太郎4088@icloud.com,090-1045-9019,愛知県名古屋市西区名駅9丁目14番6号,名古屋市西区,愛知県,4510041,2024-11-18
4089,佐藤直樹,佐藤直樹4089@outlook.com,090-2597-1520,兵庫県神戸市中央区三宮町7丁目5番10号,神戸市中央区,兵庫県,6500040,2023-11-12
4090,木村亮,木村亮4090@outlook.com,090-5782-4796,東京都渋谷区渋谷8丁目9番4号,渋谷区,東京都,1500023,2024-04-23
4091,近藤次郎,近藤次郎4091@gmail.com,090-6309-7197,埼玉県さいたま市大宮区大宮7丁目21番7号,さいたま市大宮区,埼玉県,3300033,2023-03-15
4092,藤井優子,藤井優子4092@icloud.com,090-2546-9158,福岡県福岡市中央区天神3丁目28番1号,福岡市中央区,福岡県,8100027,2023-04-26
4093,木村さくら,木村さくら4093@yahoo.co.jp,090-9257-3496,埼玉県さいたま市浦和区高砂3丁目19番9号,さいたま市浦和区,埼玉県,3300018,2023-09-17
4094,岡田美咲,岡田美咲4094@gmail.com,090-4805-7402,千葉県千葉市中央区中央8丁目15番8号,千葉市中央区,千葉県,2600008,2024-09-17
4095,前田達也,前田達也4095@outlook.com,090-3972-9793,福岡県福岡市中央区天神7丁目5番7号,福岡市中央区,福岡県,8100005,2023-08-02
4096,遠藤和也,遠藤和也4096@example.com,090-9359-9590,兵庫県神戸市中央区三宮町7丁目20番4号,神戸市中央区,兵庫県,6500018,2024-05-27
4097,伊藤雄一,伊藤雄一4097@icloud.com,090-4301-3083,東京都渋谷区渋谷6丁目27番4号,渋谷区,東京都,1500039,2023-10-04
4098,木村剛,木村剛4098@yahoo.co.jp,090-9791-8309,千葉県千葉市中央区中央3丁目7番8号,千葉市中央区,千葉県,2600008,2023-05-18
4099,遠藤大輔,遠藤大輔4099@gmail.com,090-7944-2617,兵庫県神戸市中央区三宮町7丁目15番2号,神戸市中央区,兵庫県,6500025,2024-01-11
4100,岡田亮,岡田亮4100@gmail.com,090-6913-7323,愛知県名古屋市西区名駅2丁目5番8号,名古屋市西区,愛知県,4510027,2024-04-04
4101,山本正,山本正4101@yahoo.co.jp,090-5904-5159,愛知県名古屋市中区錦10丁目1番6号,名古屋市中区,愛知県,4600007,2023-03-06
4102,加藤拓也,加藤拓也4102@outlook.com,090-1878-3799,大阪府大阪市中央区本町10丁目11番2号,大阪市中央区,大阪府,5410016,2024-02-01
4103,吉田健一,吉田健一4103@outlook.com,090-5479-2778,東京都渋谷区渋谷9丁目30番2号,渋谷区,東京都,1500021,2024-12-18
4104,青木優子,青木優子4104@yahoo.co.jp,090-8479-1952,神奈川県横浜市西区みなとみらい6丁目20番7号,横浜市西区,神奈川県,2200019,2024-06-05
4105,渡辺慎一,渡辺慎一4105@example.com,090-3158-4380,愛知県名古屋市西区名駅1丁目23番10号,名古屋市西区,愛知県,4510037,2024-06-22
4106,小林大輔,小林大輔4106@outlook.com,090-3311-7050,大阪府大阪市北区梅田2丁目11番6号,大阪市北区,大阪府,5300013,2024-08-30
4107,石川剛,石川剛4107@gmail.com,090-5522-8858,福岡県福岡市中央区天神4丁目25番5号,福岡市中央区,福岡県,8100022,2023-04-18
4108,石川一郎,石川一郎4108@yahoo.co.jp,090-2885-6795,埼玉県さいたま市大宮区大宮3丁目17番2号,さいたま市大宮区,埼玉県,3300001,2024-09-29
4109,近藤花子,近藤花子4109@outlook.com,090-4717-2814,神奈川県横浜市中区本町1丁目21番10号,横浜市中区,神奈川県,2310028,2023-06-29
4110,前田優子,前田優子4110@outlook.com,090-3794-6122,千葉県千葉市美浜区美浜6丁目27番3号,千葉市美浜区,千葉県,2610038,2023-02-08
4111,長谷川千佳,長谷川千佳4111@yahoo.co.jp,090-3202-7330,愛知県名古屋市中区錦7丁目19番7号,名古屋市中区,愛知県,4600006,2023-01-05
4112,藤井正,藤井正4112@outlook.com,090-4912-9233,埼玉県さいたま市大宮区大宮8丁目9番7号,さいたま市大宮区,埼玉県,3300001,2024-03-04
4113,石川さくら,石川さくら4113@icloud.com,090-7157-2996,東京都渋谷区渋谷4丁目27番8号,渋谷区,東京都,1500008,2024-09-21
4114,鈴木亮,鈴木亮4114@yahoo.co.jp,090-7243-6088,福岡県福岡市博多区博多駅前6丁目8番7号,福岡市博多区,福岡県,8120008,2024-10-10
4115,佐藤麻美,佐藤麻美4115@gmail.com,090-4307-2670,千葉県千葉市美浜区美浜10丁目23番8号,千葉市美浜区,千葉県,2610031,2023-10-03
4116,松本美咲,松本美咲4116@outlook.com,090-5535-8154,神奈川県横浜市中区本町2丁目16番3号,横浜市中区,神奈川県,2310041,2024-06-25
4117,林直樹,林直樹4117@gmail.com,090-1405-6914,大阪府大阪市北区梅田7丁目19番9号,大阪市北区,大阪府,5300001,2024-05-22
4118,林正,林正4118@gmail.com,090-2099-7228,東京都新宿区新宿8丁目23番9号,新宿区,東京都,1600019,2023-04-11
4119,藤原誠,藤原誠4119@yahoo.co.jp,090-1190-7532,福岡県福岡市中央区天神6丁目28番1号,福岡市中央区,福岡県,8100008,2024-03-10
4120,中村雄一,中村雄一4120@outlook.com,090-8651-6776,北海道札幌市北区北6条西8丁目24番8号,札幌市北区,北海道,0600020,2023-10-02
4121,吉田美穂,吉田美穂4121@example.com,090-7481-9650,大阪府大阪市中央区本町4丁目20番4号,大阪市中央区,大阪府,5410028,2024-03-04
4122,松本健太,松本健太4122@example.com,090-4693-8242,兵庫県神戸市灘区灘南通8丁目12番4号,神戸市灘区,兵庫県,6570031,2024-05-31
4123,中村恵子,中村恵子4123@example.com,090-4870-6951,京都府京都市中京区烏丸通7丁目7番9号,京都市中京区,京都府,6040037,2023-06-28
4124,中村由美子,中村由美子4124@outlook.com,090-4119-1668,兵庫県神戸市灘区灘南通8丁目30番1号,神戸市灘区,兵庫県,6570037,2023-07-05
4125,斎藤由美子,斎藤由美子4125@outlook.com,090-7755-5204,愛知県名古屋市中区錦2丁目13番9号,名古屋市中区,愛知県,4600004,2024-07-23
4126,斎藤次郎,斎藤次郎4126@yahoo.co.jp,090-6370-4050,北海道札幌市中央区北1条西4丁目10番5号,札幌市中央区,北海道,0600040,2024-05-23
4127,岡田愛,岡田愛4127@example.com,090-2549-9268,神奈川県横浜市中区本町1丁目26番6号,横浜市中区,神奈川県,2310037,2023-04-21
4128,青木誠,青木誠4128@outlook.com,090-7713-6775,埼玉県さいたま市浦和区高砂7丁目16番5号,さいたま市浦和区,埼玉県,3300003,2023-07-09
4129,佐藤智子,佐藤智子4129@outlook.com,090-8553-9619,京都府京都市下京区四条通9丁目16番2号,京都市下京区,京都府,6000028,2024-11-08
4130,藤原愛,藤原愛4130@icloud.com,090-7304-5482,北海道札幌市北区北6条西6丁目3番10号,札幌市北区,北海道,0600014,2024-07-16
4131,伊藤真由美,伊藤真由美4131@outlook.com,090-9812-9415,福岡県福岡市中央区天神2丁目16番8号,福岡市中央区,福岡県,8100014,2024-06-07
4132,佐藤健太,佐藤健太4132@outlook.com,090-2144-9289,福岡県福岡市中央区天神4丁目22番10号,福岡市中央区,福岡県,8100024,2023-03-10
4133,前田麻美,前田麻美4133@yahoo.co.jp,090-3215-2793,東京都新宿区新宿3丁目11番6号,新宿区,東京都,1600016,2023-07-15
4134,森田由美子,森田由美子4134@gmail.com,090-1177-4285,京都府京都市下京区四条通3丁目16番2号,京都市下京区,京都府,6000015,2024-02-04
4135,前田慎一,前田慎一4135@outlook.com,090-2818-1493,神奈川県横浜市中区本町10丁目23番9号,横浜市中区,神奈川県,2310012,2023-03-09
4136,森田一郎,森田一郎4136@icloud.com,090-6157-3947,千葉県千葉市中央区中央3丁目2番3号,千葉市中央区,千葉県,2600010,2024-06-05
4137,山田正,山田正4137@yahoo.co.jp,090-9656-4181,埼玉県さいたま市大宮区大宮9丁目14番1号,さいたま市大宮区,埼玉県,3300039,2023-10-19
4138,鈴木雄一,鈴木雄一4138@outlook.com,090-6651-7787,大阪府大阪市中央区本町2丁目3番8号,大阪市中央区,大阪府,5410023,2024-07-07
4139,松本健太,松本健太4139@outlook.com,090-2554-8105,愛知県名古屋市中区錦10丁目28番10号,名古屋市中区,愛知県,4600006,2024-05-26
4140,田中健一,田中健一4140@gmail.com,090-8168-3435,大阪府大阪市中央区本町7丁目7番8号,大阪市中央区,大阪府,5410033,2024-06-27
4141,伊藤慎一,伊藤慎一4141@icloud.com,090-1595-6914,埼玉県さいたま市大宮区大宮7丁目4番3号,さいたま市大宮区,埼玉県,3300041,2023-07-29
4142,高橋大輔,高橋大輔4142@outlook.com,090-7705-6896,福岡県福岡市中央区天神9丁目8番6号,福岡市中央区,福岡県,8100041,2023-01-30
4143,渡辺麻衣,渡辺麻衣4143@example.com,090-6244-2033,大阪府大阪市中央区本町1丁目6番7号,大阪市中央区,大阪府,5410026,2024-06-21
4144,後藤慎一,後藤慎一4144@example.com,090-2774-3904,兵庫県神戸市灘区灘南通2丁目4番9号,神戸市灘区,兵庫県,6570036,2023-02-20
4145,森田麻衣,森田麻衣4145@gmail.com,090-3101-1983,神奈川県横浜市中区本町3丁目30番8号,横浜市中区,神奈川県,2310035,2023-08-05
4146,田中大輔,田中大輔4146@yahoo.co.jp,090-4314-7722,東京都新宿区新宿1丁目19番9号,新宿区,東京都,1600004,2024-01-27
4147,石川智子,石川智子4147@example.com,090-3168-8633,北海道札幌市中央区北1条西4丁目4番6号,札幌市中央区,北海道,0600030,2023-05-03
4148,小林一郎,小林一郎4148@gmail.com,090-8803-2545,東京都千代田区丸の内5丁目15番8号,千代田区,東京都,1000003,2024-02-29
4149,木村大輔,木村大輔4149@example.com,090-6532-1441,埼玉県さいたま市浦和区高砂10丁目6番4号,さいたま市浦和区,埼玉県,3300025,2024-07-05
4150,森田さくら,森田さくら4150@example.com,090-9417-2893,愛知県名古屋市中区錦3丁目8番8号,名古屋市中区,愛知県,4600003,2023-05-09
4151,佐藤三郎,佐藤三郎4151@icloud.com,090-8840-6232,埼玉県さいたま市大宮区大宮6丁目7番6号,さいたま市大宮区,埼玉県,3300014,2023-07-31
4152,石川雄一,石川雄一4152@gmail.com,090-9141-4905,大阪府大阪市北区梅田9丁目3番3号,大阪市北区,大阪府,5300002,2023-12-03
4153,木村誠,木村誠4153@gmail.com,090-9988-1052,京都府京都市中京区烏丸通6丁目8番9号,京都市中京区,京都府,6040017,2024-03-11
4154,近藤大輔,近藤大輔4154@outlook.com,090-6808-2788,東京都渋谷区渋谷10丁目2番5号,渋谷区,東京都,1500017,2023-03-09
4155,高橋美穂,高橋美穂4155@icloud.com,090-5590-4650,福岡県福岡市中央区天神7丁目19番9号,福岡市中央区,福岡県,8100006,2023-04-08
4156,岡田慎一,岡田慎一4156@example.com,090-3452-1892,東京都渋谷区渋谷4丁目14番7号,渋谷区,東京都,1500017,2024-03-22
4157,長谷川慎一,長谷川慎一4157@gmail.com,090-5471-6371,兵庫県神戸市灘区灘南通9丁目1番5号,神戸市灘区,兵庫県,6570032,2024-10-15
4158,山田花子,山田花子4158@yahoo.co.jp,090-3566-2260,大阪府大阪市北区梅田5丁目29番2号,大阪市北区,大阪府,5300018,2024-02-20
4159,小林真由美,小林真由美4159@gmail.com,090-6343-7374,兵庫県神戸市灘区灘南通2丁目29番10号,神戸市灘区,兵庫県,6570021,2024-01-01
4160,遠藤美穂,遠藤美穂4160@icloud.com,090-8235-6971,福岡県福岡市博多区博多駅前7丁目25番8号,福岡市博多区,福岡県,8120004,2024-12-01
4161,長谷川由美子,長谷川由美子4161@icloud.com,090-3025-2829,東京都新宿区新宿10丁目21番6号,新宿区,東京都,1600011,2024-06-30
4162,加藤亮,加藤亮4162@icloud.com,090-5710-1983,東京都新宿区新宿3丁目1番2号,新宿区,東京都,1600018,2024-05-15
4163,鈴木優子,鈴木優子4163@example.com,090-6681-7659,千葉県千葉市中央区中央2丁目22番1号,千葉市中央区,千葉県,2600001,2023-06-24
4164,高橋香織,高橋香織4164@outlook.com,090-6313-7906,北海道札幌市北区北6条西1丁目8番6号,札幌市北区,北海道,0600006,2023-06-26
4165,青木亮,青木亮4165@yahoo.co.jp,090-8260-9904,東京都新宿区新宿2丁目5番9号,新宿区,東京都,1600019,2024-10-12
4166,藤原亮,藤原亮4166@gmail.com,090-4027-6772,京都府京都市中京区烏丸通3丁目25番1号,京都市中京区,京都府,6040033,2024-06-03
4167,山本美穂,山本美穂4167@icloud.com,090-1713-7333,神奈川県横浜市中区本町1丁目7番10号,横浜市中区,神奈川県,2310027,2024-06-04
4168,藤原太郎,藤原太郎4168@example.com,090-4704-4786,東京都渋谷区渋谷8丁目26番7号,渋谷区,東京都,1500010,2024-11-06
4169,中村亮,中村亮4169@gmail.com,090-7803-9701,福岡県福岡市博多区博多駅前3丁目8番10号,福岡市博多区,福岡県,8120011,2023-06-26
4170,石川直樹,石川直樹4170@example.com,090-5730-9154,埼玉県さいたま市大宮区大宮10丁目14番5号,さいたま市大宮区,埼玉県,3300033,2024-06-09
4171,藤原千佳,藤原千佳4171@icloud.com,090-9647-9097,愛知県名古屋市中区錦3丁目23番2号,名古屋市中区,愛知県,4600002,2023-03-19
4172,加藤由美,加藤由美4172@gmail.com,090-1297-5348,北海道札幌市中央区北1条西2丁目21番3号,札幌市中央区,北海道,0600037,2024-02-26
4173,石川美香,石川美香4173@yahoo.co.jp,090-3749-6759,埼玉県さいたま市大宮区大宮1丁目11番3号,さいたま市大宮区,埼玉県,3300008,2023-07-06
4174,岡田智子,岡田智子4174@gmail.com,090-5502-3227,北海道札幌市中央区北1条西1丁目18番8号,札幌市中央区,北海道,0600019,2024-01-16
4175,前田麻美,前田麻美4175@gmail.com,090-2774-3613,神奈川県横浜市西区みなとみらい1丁目25番3号,横浜市西区,神奈川県,2200039,2024-02-23
4176,渡辺麻美,渡辺麻美4176@yahoo.co.jp,090-6216-7161,兵庫県神戸市中央区三宮町5丁目22番10号,神戸市中央区,兵庫県,6500030,2023-05-12
4177,遠藤大輔,遠藤大輔4177@yahoo.co.jp,090-9945-5150,大阪府大阪市北区梅田9丁目2番7号,大阪市北区,大阪府,5300003,2023-08-28
4178,後藤三郎,後藤三郎4178@outlook.com,090-7024-5756,福岡県福岡市中央区天神6丁目7番4号,福岡市中央区,福岡県,8100039,2024-12-07
4179,田中雄一,田中雄一4179@icloud.com,090-5450-1417,京都府京都市中京区烏丸通2丁目2番4号,京都市中京区,京都府,6040033,2023-03-24
4180,森田和也,森田和也4180@gmail.com,090-3072-5792,東京都新宿区新宿9丁目25番5号,新宿区,東京都,1600004,2023-04-13
4181,村上誠,村上誠4181@example.com,090-7626-3619,北海道札幌市北区北6条西5丁目29番2号,札幌市北区,北海道,0600028,2023-01-11
4182,山本太郎,山本太郎4182@example.com,090-9552-7337,福岡県福岡市中央区天神3丁目29番6号,福岡市中央区,福岡県,8100024,2024-02-06
4183,坂本智子,坂本智子4183@example.com,090-7850-5550,愛知県名古屋市西区名駅7丁目4番4号,名古屋市西区,愛知県,4510039,2024-12-25
4184,山本三郎,山本三郎4184@yahoo.co.jp,090-9760-4999,兵庫県神戸市灘区灘南通5丁目8番6号,神戸市灘区,兵庫県,6570031,2024-04-20
4185,渡辺拓也,渡辺拓也4185@icloud.com,090-7518-9072,北海道札幌市北区北6条西4丁目4番3号,札幌市北区,北海道,0600037,2024-08-18
4186,橋本愛,橋本愛4186@gmail.com,090-9980-2653,神奈川県横浜市西区みなとみらい4丁目23番6号,横浜市西区,神奈川県,2200040,2023-09-15
4187,鈴木剛,鈴木剛4187@gmail.com,090-5771-9948,愛知県名古屋市中区錦4丁目27番7号,名古屋市中区,愛知県,4600008,2024-07-27
4188,渡辺美香,渡辺美香4188@example.com,090-4179-4411,埼玉県さいたま市大宮区大宮9丁目20番1号,さいたま市大宮区,埼玉県,3300012,2024-08-20
4189,坂本太郎,坂本太郎4189@yahoo.co.jp,090-1896-3845,北海道札幌市中央区北1条西1丁目2番9号,札幌市中央区,北海道,0600024,2024-12-17
4190,藤井慎一,藤井慎一4190@gmail.com,090-3718-8262,神奈川県横浜市中区本町2丁目4番6号,横浜市中区,神奈川県,2310026,2024-04-12
4191,近藤正,近藤正4191@yahoo.co.jp,090-4152-3944,神奈川県横浜市西区みなとみらい6丁目25番2号,横浜市西区,神奈川県,2200031,2023-02-01
4192,佐藤健太,佐藤健太4192@gmail.com,090-6869-5820,兵庫県神戸市中央区三宮町4丁目17番7号,神戸市中央区,兵庫県,6500028,2024-12-27
4193,橋本由美,橋本由美4193@icloud.com,090-4535-3485,東京都渋谷区渋谷3丁目16番2号,渋谷区,東京都,1500009,2024-05-23
4194,木村愛,木村愛4194@outlook.com,090-3820-8182,東京都千代田区丸の内10丁目22番5号,千代田区,東京都,1000016,2023-02-21
4195,加藤恵子,加藤恵子4195@example.com,090-7562-6639,千葉県千葉市美浜区美浜6丁目23番10号,千葉市美浜区,千葉県,2610019,2023-02-12
4196,吉田健一,吉田健一4196@yahoo.co.jp,090-4440-1099,大阪府大阪市中央区本町10丁目3番2号,大阪市中央区,大阪府,5410039,2024-06-28
4197,佐藤健太,佐藤健太4197@yahoo.co.jp,090-5275-8950,大阪府大阪市中央区本町2丁目13番8号,大阪市中央区,大阪府,5410040,2023-12-01
4198,池田直樹,池田直樹4198@outlook.com,090-7428-1309,千葉県千葉市美浜区美浜5丁目12番3号,千葉市美浜区,千葉県,2610020,2023-09-12
4199,坂本美穂,坂本美穂4199@icloud.com,090-8785-4807,福岡県福岡市博多区博多駅前10丁目14番7号,福岡市博多区,福岡県,8120002,2023-12-26
4200,松本由美子,松本由美子4200@icloud.com,090-7912-9682,神奈川県横浜市西区みなとみらい6丁目9番2号,横浜市西区,神奈川県,2200030,2023-05-06
4201,井上美香,井上美香4201@gmail.com,090-4593-8564,北海道札幌市北区北6条西5丁目19番5号,札幌市北区,北海道,0600023,2024-06-01
4202,藤井由美,藤井由美4202@outlook.com,090-5580-8181,愛知県名古屋市中区錦1丁目9番10号,名古屋市中区,愛知県,4600003,2024-12-17
4203,吉田美香,吉田美香4203@outlook.com,090-9533-9767,北海道札幌市中央区北1条西6丁目18番5号,札幌市中央区,北海道,0600021,2023-10-15
4204,坂本拓也,坂本拓也4204@icloud.com,090-4850-7489,福岡県福岡市博多区博多駅前2丁目16番9号,福岡市博多区,福岡県,8120004,2024-04-18
4205,村上真由美,村上真由美4205@gmail.com,090-6845-8590,神奈川県横浜市西区みなとみらい4丁目6番8号,横浜市西区,神奈川県,2200010,2024-11-28
4206,小林和也,小林和也4206@gmail.com,090-7457-8273,神奈川県横浜市中区本町7丁目27番1号,横浜市中区,神奈川県,2310006,2023-05-13
4207,松本翔太,松本翔太4207@icloud.com,090-9884-8222,東京都新宿区新宿8丁目6番7号,新宿区,東京都,1600002,2023-01-16
4208,高橋直樹,高橋直樹4208@yahoo.co.jp,090-7375-3392,埼玉県さいたま市大宮区大宮1丁目21番4号,さいたま市大宮区,埼玉県,3300040,2023-03-03
4209,村上千佳,村上千佳4209@outlook.com,090-7803-5157,兵庫県神戸市灘区灘南通6丁目14番6号,神戸市灘区,兵庫県,6570041,2023-06-27
4210,橋本花子,橋本花子4210@gmail.com,090-9272-2328,埼玉県さいたま市浦和区高砂6丁目28番2号,さいたま市浦和区,埼玉県,3300016,2024-08-24
4211,松本美穂,松本美穂4211@icloud.com,090-7459-7160,東京都新宿区新宿8丁目24番2号,新宿区,東京都,1600011,2023-08-11
4212,青木一郎,青木一郎4212@icloud.com,090-4822-9328,北海道札幌市北区北6条西3丁目4番4号,札幌市北区,北海道,0600032,2024-06-14
4213,長谷川千佳,長谷川千佳4213@example.com,090-1012-8206,京都府京都市下京区四条通4丁目25番7号,京都市下京区,京都府,6000006,2024-04-19
4214,青木美咲,青木美咲4214@gmail.com,090-8115-6881,愛知県名古屋市中区錦4丁目8番9号,名古屋市中区,愛知県,4600002,2024-03-18
4215,山田一郎,山田一郎4215@gmail.com,090-8298-6978,京都府京都市下京区四条通2丁目2番9号,京都市下京区,京都府,6000035,2023-05-28
4216,木村雄一,木村雄一4216@icloud.com,090-1974-4156,愛知県名古屋市西区名駅8丁目5番1号,名古屋市西区,愛知県,4510006,2023-11-16
4217,林真由美,林真由美4217@outlook.com,090-8523-3925,大阪府大阪市中央区本町2丁目23番5号,大阪市中央区,大阪府,5410038,2024-09-24
4218,藤原拓也,藤原拓也4218@gmail.com,090-6034-8020,北海道札幌市中央区北1条西6丁目13番7号,札幌市中央区,北海道,0600016,2023-05-01
4219,高橋誠,高橋誠4219@yahoo.co.jp,090-9197-2554,大阪府大阪市北区梅田8丁目15番3号,大阪市北区,大阪府,5300003,2024-02-06
4220,鈴木さくら,鈴木さくら4220@gmail.com,090-7635-4143,愛知県名古屋市西区名駅8丁目27番10号,名古屋市西区,愛知県,4510004,2023-01-17
4221,松本拓也,松本拓也4221@yahoo.co.jp,090-7959-7058,北海道札幌市北区北6条西2丁目12番3号,札幌市北区,北海道,0600010,2023-01-05
4222,伊藤由美,伊藤由美4222@yahoo.co.jp,090-2321-2490,千葉県千葉市中央区中央7丁目5番9号,千葉市中央区,千葉県,2600028,2024-09-30
4223,井上太郎,井上太郎4223@example.com,090-4349-8774,京都府京都市中京区烏丸通10丁目20番1号,京都市中京区,京都府,6040014,2024-02-07
4224,村上香織,村上香織4224@yahoo.co.jp,090-7492-7789,千葉県千葉市美浜区美浜6丁目29番8号,千葉市美浜区,千葉県,2610028,2024-03-27
4225,前田雄一,前田雄一4225@example.com,090-8198-3085,東京都千代田区丸の内7丁目10番2号,千代田区,東京都,1000019,2024-04-10
4226,井上正,井上正4226@outlook.com,090-7139-8437,大阪府大阪市北区梅田6丁目10番1号,大阪市北区,大阪府,5300006,2023-12-06
4227,加藤さくら,加藤さくら4227@yahoo.co.jp,090-6955-5470,北海道札幌市中央区北1条西5丁目14番3号,札幌市中央区,北海道,0600004,2024-06-27
4228,後藤翔太,後藤翔太4228@gmail.com,090-3337-7928,埼玉県さいたま市浦和区高砂6丁目28番9号,さいたま市浦和区,埼玉県,3300019,2024-01-31
4229,橋本剛,橋本剛4229@yahoo.co.jp,090-7007-6220,東京都千代田区丸の内4丁目20番3号,千代田区,東京都,1000016,2024-12-13
4230,田中由美子,田中由美子4230@outlook.com,090-7329-2671,北海道札幌市中央区北1条西5丁目21番6号,札幌市中央区,北海道,0600004,2024-01-30
4231,坂本麻衣,坂本麻衣4231@example.com,090-6070-6912,大阪府大阪市中央区本町7丁目9番8号,大阪市中央区,大阪府,5410023,2023-03-21
4232,井上千佳,井上千佳4232@yahoo.co.jp,090-6669-5027,千葉県千葉市中央区中央8丁目2番9号,千葉市中央区,千葉県,2600026,2023-11-17
4233,遠藤愛,遠藤愛4233@icloud.com,090-4216-4605,東京都新宿区新宿1丁目26番1号,新宿区,東京都,1600016,2024-01-23
4234,小林大輔,小林大輔4234@outlook.com,090-8386-2635,大阪府大阪市中央区本町8丁目10番8号,大阪市中央区,大阪府,5410008,2024-03-15
4235,高橋慎一,高橋慎一4235@yahoo.co.jp,090-2442-5080,福岡県福岡市博多区博多駅前6丁目3番9号,福岡市博多区,福岡県,8120014,2024-10-15
4236,井上直樹,井上直樹4236@gmail.com,090-1477-9468,福岡県福岡市博多区博多駅前10丁目18番8号,福岡市博多区,福岡県,8120013,2023-04-25
4237,遠藤由美子,遠藤由美子4237@gmail.com,090-4130-7901,京都府京都市下京区四条通5丁目4番2号,京都市下京区,京都府,6000022,2024-09-03
4238,鈴木正,鈴木正4238@gmail.com,090-9937-4408,兵庫県神戸市灘区灘南通2丁目19番4号,神戸市灘区,兵庫県,6570023,2023-09-25
4239,山本正,山本正4239@outlook.com,090-4972-9835,愛知県名古屋市西区名駅9丁目20番9号,名古屋市西区,愛知県,4510039,2023-01-02
4240,斎藤直樹,斎藤直樹4240@outlook.com,090-2186-4406,北海道札幌市北区北6条西1丁目13番7号,札幌市北区,北海道,0600004,2023-10-13
4241,田中愛,田中愛4241@icloud.com,090-7301-9879,東京都新宿区新宿6丁目30番8号,新宿区,東京都,1600012,2024-06-04
4242,高橋美穂,高橋美穂4242@example.com,090-4475-8037,大阪府大阪市中央区本町4丁目29番2号,大阪市中央区,大阪府,5410023,2023-07-30
4243,近藤大輔,近藤大輔4243@gmail.com,090-7394-7208,北海道札幌市北区北6条西3丁目17番8号,札幌市北区,北海道,0600018,2023-01-25
4244,遠藤太郎,遠藤太郎4244@gmail.com,090-7037-9072,大阪府大阪市北区梅田6丁目11番2号,大阪市北区,大阪府,5300007,2023-08-23
4245,林慎一,林慎一4245@outlook.com,090-4566-7447,北海道札幌市北区北6条西8丁目16番7号,札幌市北区,北海道,0600022,2024-02-27
4246,長谷川達也,長谷川達也4246@gmail.com,090-4816-2121,東京都渋谷区渋谷10丁目24番10号,渋谷区,東京都,1500031,2024-11-24
4247,石川優子,石川優子4247@icloud.com,090-9407-8523,千葉県千葉市美浜区美浜4丁目14番6号,千葉市美浜区,千葉県,2610004,2024-10-04
4248,後藤智子,後藤智子4248@gmail.com,090-5620-4979,福岡県福岡市博多区博多駅前7丁目17番6号,福岡市博多区,福岡県,8120013,2023-07-10
4249,長谷川恵子,長谷川恵子4249@icloud.com,090-9835-2905,福岡県福岡市中央区天神5丁目2番6号,福岡市中央区,福岡県,8100019,2024-12-09
4250,松本雄一,松本雄一4250@icloud.com,090-6020-6725,兵庫県神戸市中央区三宮町5丁目20番1号,神戸市中央区,兵庫県,6500016,2024-04-16
4251,近藤由美子,近藤由美子4251@icloud.com,090-6097-5739,神奈川県横浜市西区みなとみらい5丁目24番10号,横浜市西区,神奈川県,2200006,2024-05-27
4252,山田麻衣,山田麻衣4252@yahoo.co.jp,090-6000-8612,京都府京都市中京区烏丸通10丁目3番1号,京都市中京区,京都府,6040011,2024-03-29
4253,井上香織,井上香織4253@outlook.com,090-8987-5335,神奈川県横浜市中区本町6丁目19番4号,横浜市中区,神奈川県,2310034,2024-03-17
4254,斎藤愛,斎藤愛4254@gmail.com,090-9196-6632,大阪府大阪市北区梅田2丁目7番6号,大阪市北区,大阪府,5300016,2023-08-27
4255,石川正,石川正4255@gmail.com,090-9193-1920,北海道札幌市北区北6条西1丁目22番6号,札幌市北区,北海道,0600015,2023-12-16
4256,林花子,林花子4256@icloud.com,090-5830-7574,大阪府大阪市北区梅田1丁目23番6号,大阪市北区,大阪府,5300021,2023-03-15
4257,長谷川優子,長谷川優子4257@icloud.com,090-6867-4357,埼玉県さいたま市大宮区大宮8丁目16番8号,さいたま市大宮区,埼玉県,3300034,2024-05-31
4258,森田和也,森田和也4258@outlook.com,090-5112-7781,北海道札幌市中央区北1条西8丁目14番7号,札幌市中央区,北海道,0600036,2024-01-18
4259,石川達也,石川達也4259@outlook.com,090-6501-5727,京都府京都市中京区烏丸通4丁目12番4号,京都市中京区,京都府,6040022,2024-06-13
4260,岡田翔太,岡田翔太4260@gmail.com,090-2780-9528,千葉県千葉市美浜区美浜2丁目20番2号,千葉市美浜区,千葉県,2610032,2024-05-09
4261,森田大輔,森田大輔4261@yahoo.co.jp,090-7655-6736,愛知県名古屋市西区名駅3丁目30番10号,名古屋市西区,愛知県,4510041,2023-11-30
4262,林慎一,林慎一4262@icloud.com,090-8423-9643,京都府京都市中京区烏丸通8丁目24番7号,京都市中京区,京都府,6040010,2024-09-24
4263,渡辺大輔,渡辺大輔4263@gmail.com,090-4023-3591,千葉県千葉市中央区中央6丁目4番5号,千葉市中央区,千葉県,2600028,2023-12-25
4264,山田美咲,山田美咲4264@yahoo.co.jp,090-8167-1001,大阪府大阪市北区梅田7丁目25番8号,大阪市北区,大阪府,5300016,2023-12-13
4265,前田大輔,前田大輔4265@yahoo.co.jp,090-5558-4511,神奈川県横浜市中区本町10丁目12番5号,横浜市中区,神奈川県,2310038,2023-05-20
4266,青木優子,青木優子4266@gmail.com,090-4081-8290,神奈川県横浜市中区本町5丁目12番10号,横浜市中区,神奈川県,2310023,2024-07-01
4267,青木正,青木正4267@example.com,090-5189-9313,東京都渋谷区渋谷2丁目13番5号,渋谷区,東京都,1500007,2024-07-15
4268,橋本三郎,橋本三郎4268@icloud.com,090-6561-4075,京都府京都市中京区烏丸通5丁目12番10号,京都市中京区,京都府,6040007,2024-03-28
4269,渡辺智子,渡辺智子4269@outlook.com,090-1242-9217,京都府京都市下京区四条通4丁目26番1号,京都市下京区,京都府,6000035,2023-03-03
4270,池田愛,池田愛4270@example.com,090-8726-2686,大阪府大阪市北区梅田1丁目13番1号,大阪市北区,大阪府,5300018,2024-12-07
4271,藤井達也,藤井達也4271@gmail.com,090-1328-9512,京都府京都市中京区烏丸通9丁目3番4号,京都市中京区,京都府,6040019,2024-06-15
4272,吉田花子,吉田花子4272@yahoo.co.jp,090-1040-2213,北海道札幌市北区北6条西10丁目27番2号,札幌市北区,北海道,0600023,2024-08-30
4273,佐藤達也,佐藤達也4273@yahoo.co.jp,090-5246-6496,東京都新宿区新宿5丁目9番7号,新宿区,東京都,1600001,2023-11-29
4274,藤井健一,藤井健一4274@yahoo.co.jp,090-7154-1896,神奈川県横浜市西区みなとみらい6丁目24番6号,横浜市西区,神奈川県,2200013,2023-06-09
4275,高橋恵子,高橋恵子4275@icloud.com,090-4342-2141,東京都新宿区新宿2丁目6番2号,新宿区,東京都,1600008,2023-01-11
4276,木村大輔,木村大輔4276@outlook.com,090-6166-3876,神奈川県横浜市中区本町2丁目4番2号,横浜市中区,神奈川県,2310037,2024-02-25
4277,前田翔太,前田翔太4277@icloud.com,090-1236-5114,神奈川県横浜市西区みなとみらい2丁目12番8号,横浜市西区,神奈川県,2200019,2023-02-03
4278,池田誠,池田誠4278@icloud.com,090-5255-1204,兵庫県神戸市中央区三宮町2丁目26番2号,神戸市中央区,兵庫県,6500033,2023-03-22
4279,山田美香,山田美香4279@gmail.com,090-8620-2618,大阪府大阪市北区梅田4丁目1番4号,大阪市北区,大阪府,5300012,2023-12-20
4280,田中由美,田中由美4280@gmail.com,090-7015-1967,愛知県名古屋市西区名駅9丁目19番8号,名古屋市西区,愛知県,4510039,2023-08-25
4281,後藤美穂,後藤美穂4281@outlook.com,090-2102-6470,埼玉県さいたま市大宮区大宮4丁目20番3号,さいたま市大宮区,埼玉県,3300009,2023-01-21
4282,田中一郎,田中一郎4282@icloud.com,090-2917-6878,埼玉県さいたま市大宮区大宮10丁目23番1号,さいたま市大宮区,埼玉県,3300025,2023-01-29
4283,田中愛,田中愛4283@example.com,090-2540-9799,北海道札幌市北区北6条西3丁目12番5号,札幌市北区,北海道,0600012,2023-07-29
4284,池田和也,池田和也4284@icloud.com,090-6629-4455,神奈川県横浜市西区みなとみらい8丁目27番2号,横浜市西区,神奈川県,2200016,2023-01-14
4285,近藤健一,近藤健一4285@yahoo.co.jp,090-7422-8594,北海道札幌市中央区北1条西9丁目9番5号,札幌市中央区,北海道,0600008,2023-10-21
4286,加藤亮,加藤亮4286@yahoo.co.jp,090-4506-8596,兵庫県神戸市中央区三宮町6丁目29番7号,神戸市中央区,兵庫県,6500030,2024-01-24
4287,林三郎,林三郎4287@gmail.com,090-4190-4468,千葉県千葉市中央区中央5丁目28番3号,千葉市中央区,千葉県,2600005,2023-08-22
4288,青木雄一,青木雄一4288@outlook.com,090-8390-4186,北海道札幌市中央区北1条西8丁目15番3号,札幌市中央区,北海道,0600031,2023-05-10
4289,松本優子,松本優子4289@example.com,090-4458-4935,埼玉県さいたま市浦和区高砂4丁目9番9号,さいたま市浦和区,埼玉県,3300006,2023-11-06
4290,藤井美穂,藤井美穂4290@icloud.com,090-8959-9627,福岡県福岡市博多区博多駅前10丁目3番9号,福岡市博多区,福岡県,8120006,2024-10-11
4291,小林次郎,小林次郎4291@gmail.com,090-3067-6607,千葉県千葉市美浜区美浜2丁目20番5号,千葉市美浜区,千葉県,2610039,2023-03-12
4292,藤井美香,藤井美香4292@gmail.com,090-6066-1879,東京都渋谷区渋谷7丁目5番1号,渋谷区,東京都,1500039,2024-01-13
4293,林美穂,林美穂4293@icloud.com,090-2839-9552,千葉県千葉市中央区中央9丁目23番1号,千葉市中央区,千葉県,2600024,2023-12-19
4294,坂本正,坂本正4294@outlook.com,090-2591-9741,神奈川県横浜市西区みなとみらい8丁目7番4号,横浜市西区,神奈川県,2200005,2024-01-25
4295,佐藤美咲,佐藤美咲4295@icloud.com,090-5694-3681,東京都渋谷区渋谷6丁目26番8号,渋谷区,東京都,1500040,2023-08-18
4296,村上麻美,村上麻美4296@outlook.com,090-4652-3066,京都府京都市下京区四条通5丁目15番2号,京都市下京区,京都府,6000010,2023-03-05
4297,村上花子,村上花子4297@gmail.com,090-9239-4430,北海道札幌市中央区北1条西7丁目23番4号,札幌市中央区,北海道,0600031,2024-03-23
4298,村上美穂,村上美穂4298@example.com,090-4406-5477,神奈川県横浜市西区みなとみらい10丁目13番2号,横浜市西区,神奈川県,2200037,2023-03-12
4299,青木雄一,青木雄一4299@yahoo.co.jp,090-3146-6568,埼玉県さいたま市浦和区高砂5丁目3番2号,さいたま市浦和区,埼玉県,3300033,2024-01-17
4300,吉田誠,吉田誠4300@icloud.com,090-2416-6585,神奈川県横浜市西区みなとみらい5丁目24番6号,横浜市西区,神奈川県,2200026,2023-03-31
4301,坂本次郎,坂本次郎4301@outlook.com,090-2237-9993,兵庫県神戸市中央区三宮町6丁目26番10号,神戸市中央区,兵庫県,6500026,2023-09-29
4302,藤原一郎,藤原一郎4302@icloud.com,090-5999-6206,神奈川県横浜市中区本町10丁目5番8号,横浜市中区,神奈川県,2310012,2023-06-10
4303,青木一郎,青木一郎4303@outlook.com,090-4421-5755,千葉県千葉市美浜区美浜8丁目11番8号,千葉市美浜区,千葉県,2610007,2023-05-05
4304,池田花子,池田花子4304@yahoo.co.jp,090-5903-4663,愛知県名古屋市中区錦3丁目28番8号,名古屋市中区,愛知県,4600005,2024-04-11
4305,藤原美香,藤原美香4305@example.com,090-1921-8787,北海道札幌市中央区北1条西4丁目2番4号,札幌市中央区,北海道,0600010,2024-12-09
4306,岡田麻衣,岡田麻衣4306@icloud.com,090-5967-7509,北海道札幌市中央区北1条西6丁目20番6号,札幌市中央区,北海道,0600013,2023-08-05
4307,青木達也,青木達也4307@gmail.com,090-1373-6673,兵庫県神戸市灘区灘南通10丁目27番4号,神戸市灘区,兵庫県,6570028,2024-08-10
4308,藤井香織,藤井香織4308@gmail.com,090-2535-6569,千葉県千葉市美浜区美浜5丁目15番7号,千葉市美浜区,千葉県,2610020,2024-04-13
4309,岡田雄一,岡田雄一4309@example.com,090-1270-8460,福岡県福岡市中央区天神4丁目13番4号,福岡市中央区,福岡県,8100036,2023-01-16
4310,近藤さくら,近藤さくら4310@outlook.com,090-7598-6983,兵庫県神戸市灘区灘南通7丁目30番3号,神戸市灘区,兵庫県,6570002,2023-09-06
4311,前田香織,前田香織4311@outlook.com,090-3271-6845,兵庫県神戸市灘区灘南通3丁目11番2号,神戸市灘区,兵庫県,6570020,2024-01-19
4312,後藤大輔,後藤大輔4312@outlook.com,090-2632-2924,東京都新宿区新宿10丁目1番6号,新宿区,東京都,1600007,2024-10-27
4313,渡辺さくら,渡辺さくら4313@icloud.com,090-4709-3850,京都府京都市下京区四条通9丁目24番10号,京都市下京区,京都府,6000015,2024-08-01
4314,林直樹,林直樹4314@yahoo.co.jp,090-8291-4722,千葉県千葉市中央区中央5丁目21番4号,千葉市中央区,千葉県,2600002,2023-09-15
4315,伊藤誠,伊藤誠4315@icloud.com,090-2687-2591,東京都千代田区丸の内7丁目21番8号,千代田区,東京都,1000001,2023-08-12
4316,加藤真由美,加藤真由美4316@icloud.com,090-9415-6645,神奈川県横浜市西区みなとみらい10丁目27番1号,横浜市西区,神奈川県,2200009,2023-05-31
4317,吉田由美,吉田由美4317@example.com,090-9308-2956,愛知県名古屋市西区名駅7丁目26番2号,名古屋市西区,愛知県,4510015,2024-09-18
4318,加藤千佳,加藤千佳4318@example.com,090-4022-7060,埼玉県さいたま市大宮区大宮6丁目29番10号,さいたま市大宮区,埼玉県,3300035,2023-02-14
4319,藤原麻美,藤原麻美4319@outlook.com,090-6323-5555,兵庫県神戸市灘区灘南通7丁目11番2号,神戸市灘区,兵庫県,6570034,2023-11-27
4320,井上正,井上正4320@example.com,090-6436-4138,埼玉県さいたま市浦和区高砂4丁目4番2号,さいたま市浦和区,埼玉県,3300031,2023-01-02
4321,近藤健太,近藤健太4321@example.com,090-7315-5057,神奈川県横浜市中区本町7丁目16番3号,横浜市中区,神奈川県,2310034,2023-04-16
4322,山本次郎,山本次郎4322@icloud.com,090-2040-3899,京都府京都市下京区四条通2丁目29番1号,京都市下京区,京都府,6000024,2023-07-10
4323,藤原拓也,藤原拓也4323@gmail.com,090-7678-4849,兵庫県神戸市中央区三宮町9丁目23番4号,神戸市中央区,兵庫県,6500037,2023-01-08
4324,田中亮,田中亮4324@gmail.com,090-9473-8221,神奈川県横浜市西区みなとみらい2丁目8番4号,横浜市西区,神奈川県,2200028,2024-08-24
4325,高橋拓也,高橋拓也4325@icloud.com,090-2207-9595,埼玉県さいたま市浦和区高砂7丁目14番2号,さいたま市浦和区,埼玉県,3300011,2024-03-19
4326,中村智子,中村智子4326@gmail.com,090-4880-3695,兵庫県神戸市灘区灘南通3丁目27番4号,神戸市灘区,兵庫県,6570016,2023-02-10
4327,山田優子,山田優子4327@gmail.com,090-9706-4476,兵庫県神戸市灘区灘南通5丁目20番8号,神戸市灘区,兵庫県,6570006,2023-11-24
4328,山田花子,山田花子4328@example.com,090-7005-5221,千葉県千葉市中央区中央3丁目19番3号,千葉市中央区,千葉県,2600015,2024-03-28
4329,遠藤花子,遠藤花子4329@example.com,090-8614-7884,千葉県千葉市美浜区美浜4丁目3番7号,千葉市美浜区,千葉県,2610037,2024-07-15
4330,高橋さくら,高橋さくら4330@icloud.com,090-7297-3153,兵庫県神戸市中央区三宮町1丁目7番3号,神戸市中央区,兵庫県,6500027,2023-05-29
4331,藤井愛,藤井愛4331@icloud.com,090-4378-8259,大阪府大阪市北区梅田4丁目10番1号,大阪市北区,大阪府,5300014,2024-12-17
4332,橋本三郎,橋本三郎4332@example.com,090-3789-3055,北海道札幌市中央区北1条西4丁目4番6号,札幌市中央区,北海道,0600039,2024-08-03
4333,村上千佳,村上千佳4333@outlook.com,090-7914-2242,東京都千代田区丸の内3丁目14番6号,千代田区,東京都,1000013,2024-12-22
4334,小林香織,小林香織4334@outlook.com,090-4144-2344,埼玉県さいたま市浦和区高砂10丁目1番1号,さいたま市浦和区,埼玉県,3300039,2023-08-07
4335,佐藤和也,佐藤和也4335@icloud.com,090-5967-3030,京都府京都市中京区烏丸通3丁目4番9号,京都市中京区,京都府,6040039,2024-07-13
4336,青木太郎,青木太郎4336@icloud.com,090-4038-8889,埼玉県さいたま市大宮区大宮9丁目13番8号,さいたま市大宮区,埼玉県,3300006,2024-08-22
4337,前田由美,前田由美4337@yahoo.co.jp,090-1980-7432,東京都新宿区新宿8丁目9番6号,新宿区,東京都,1600016,2023-01-05
4338,渡辺三郎,渡辺三郎4338@yahoo.co.jp,090-8567-9111,愛知県名古屋市西区名駅8丁目15番10号,名古屋市西区,愛知県,4510006,2024-09-25
4339,長谷川正,長谷川正4339@yahoo.co.jp,090-6350-3384,愛知県名古屋市西区名駅4丁目8番6号,名古屋市西区,愛知県,4510039,2024-11-09
4340,岡田香織,岡田香織4340@yahoo.co.jp,090-7338-2873,東京都新宿区新宿6丁目25番6号,新宿区,東京都,1600013,2023-07-22
4341,遠藤翔太,遠藤翔太4341@example.com,090-1518-5898,東京都千代田区丸の内4丁目16番7号,千代田区,東京都,1000020,2024-03-06
4342,坂本優子,坂本優子4342@example.com,090-5320-8538,大阪府大阪市中央区本町3丁目15番4号,大阪市中央区,大阪府,5410032,2023-01-14
4343,高橋慎一,高橋慎一4343@yahoo.co.jp,090-3438-8653,福岡県福岡市博多区博多駅前9丁目15番9号,福岡市博多区,福岡県,8120020,2024-03-31
4344,森田太郎,森田太郎4344@example.com,090-9977-7821,埼玉県さいたま市大宮区大宮3丁目1番9号,さいたま市大宮区,埼玉県,3300012,2023-02-25
4345,藤原由美,藤原由美4345@icloud.com,090-4471-6961,京都府京都市中京区烏丸通4丁目9番1号,京都市中京区,京都府,6040018,2024-12-23
4346,森田一郎,森田一郎4346@yahoo.co.jp,090-9975-4016,埼玉県さいたま市浦和区高砂3丁目21番6号,さいたま市浦和区,埼玉県,3300026,2024-09-08
4347,田中一郎,田中一郎4347@yahoo.co.jp,090-1394-3834,神奈川県横浜市中区本町5丁目23番8号,横浜市中区,神奈川県,2310030,2023-06-13
4348,前田正,前田正4348@yahoo.co.jp,090-4382-3366,愛知県名古屋市中区錦2丁目5番1号,名古屋市中区,愛知県,4600003,2024-07-06
4349,遠藤花子,遠藤花子4349@gmail.com,090-3636-4049,北海道札幌市北区北6条西7丁目30番4号,札幌市北区,北海道,0600021,2023-11-27
4350,前田美香,前田美香4350@gmail.com,090-5332-7775,埼玉県さいたま市大宮区大宮6丁目19番5号,さいたま市大宮区,埼玉県,3300019,2023-12-04
4351,石川直樹,石川直樹4351@icloud.com,090-5620-3691,愛知県名古屋市西区名駅4丁目15番2号,名古屋市西区,愛知県,4510040,2024-05-10
4352,後藤一郎,後藤一郎4352@example.com,090-1264-6836,埼玉県さいたま市大宮区大宮7丁目4番3号,さいたま市大宮区,埼玉県,3300010,2024-11-12
4353,村上太郎,村上太郎4353@icloud.com,090-7873-5120,福岡県福岡市博多区博多駅前6丁目22番3号,福岡市博多区,福岡県,8120009,2024-12-21
4354,斎藤直樹,斎藤直樹4354@outlook.com,090-7611-4257,兵庫県神戸市灘区灘南通7丁目22番10号,神戸市灘区,兵庫県,6570014,2023-03-31
4355,近藤一郎,近藤一郎4355@icloud.com,090-1746-8604,東京都渋谷区渋谷9丁目1番10号,渋谷区,東京都,1500007,2024-07-21
4356,渡辺真由美,渡辺真由美4356@gmail.com,090-6632-4994,愛知県名古屋市西区名駅4丁目26番9号,名古屋市西区,愛知県,4510023,2023-04-29
4357,田中さくら,田中さくら4357@outlook.com,090-7377-7958,愛知県名古屋市西区名駅6丁目13番4号,名古屋市西区,愛知県,4510032,2023-02-03
4358,青木慎一,青木慎一4358@gmail.com,090-6428-8840,北海道札幌市北区北6条西3丁目5番7号,札幌市北区,北海道,0600009,2023-09-28
4359,森田正,森田正4359@example.com,090-9299-7063,兵庫県神戸市中央区三宮町2丁目22番4号,神戸市中央区,兵庫県,6500011,2023-05-06
4360,長谷川恵子,長谷川恵子4360@example.com,090-5267-2843,神奈川県横浜市西区みなとみらい8丁目28番10号,横浜市西区,神奈川県,2200001,2023-11-26
4361,田中美咲,田中美咲4361@gmail.com,090-5242-6416,京都府京都市中京区烏丸通6丁目17番9号,京都市中京区,京都府,6040022,2023-07-29
4362,橋本優子,橋本優子4362@example.com,090-7826-4970,埼玉県さいたま市浦和区高砂8丁目1番6号,さいたま市浦和区,埼玉県,3300027,2024-08-06
4363,伊藤剛,伊藤剛4363@icloud.com,090-6605-1285,福岡県福岡市博多区博多駅前3丁目26番6号,福岡市博多区,福岡県,8120010,2024-02-17
4364,渡辺誠,渡辺誠4364@example.com,090-2286-5076,大阪府大阪市北区梅田2丁目13番3号,大阪市北区,大阪府,5300007,2024-12-24
4365,高橋剛,高橋剛4365@gmail.com,090-5157-5432,千葉県千葉市美浜区美浜6丁目18番1号,千葉市美浜区,千葉県,2610024,2023-06-26
4366,山本さくら,山本さくら4366@icloud.com,090-1775-5949,福岡県福岡市博多区博多駅前9丁目27番8号,福岡市博多区,福岡県,8120018,2023-02-17
4367,前田麻衣,前田麻衣4367@icloud.com,090-3958-7216,千葉県千葉市美浜区美浜4丁目9番4号,千葉市美浜区,千葉県,2610030,2023-05-13
4368,斎藤拓也,斎藤拓也4368@yahoo.co.jp,090-2168-4837,福岡県福岡市博多区博多駅前3丁目29番5号,福岡市博多区,福岡県,8120009,2024-01-15
4369,森田千佳,森田千佳4369@gmail.com,090-2153-5939,千葉県千葉市中央区中央6丁目9番3号,千葉市中央区,千葉県,2600037,2023-04-12
4370,藤井直樹,藤井直樹4370@icloud.com,090-5219-7214,兵庫県神戸市中央区三宮町8丁目30番4号,神戸市中央区,兵庫県,6500034,2024-05-25
4371,近藤拓也,近藤拓也4371@icloud.com,090-3971-1430,愛知県名古屋市中区錦8丁目16番9号,名古屋市中区,愛知県,4600001,2023-09-21
4372,長谷川雄一,長谷川雄一4372@yahoo.co.jp,090-2916-3847,東京都新宿区新宿8丁目26番4号,新宿区,東京都,1600012,2024-03-17
4373,青木三郎,青木三郎4373@example.com,090-5350-7681,兵庫県神戸市中央区三宮町5丁目5番9号,神戸市中央区,兵庫県,6500024,2023-01-09
4374,山本拓也,山本拓也4374@example.com,090-9313-1133,東京都千代田区丸の内2丁目11番5号,千代田区,東京都,1000018,2024-01-05
4375,松本千佳,松本千佳4375@outlook.com,090-8989-1881,東京都渋谷区渋谷6丁目24番5号,渋谷区,東京都,1500003,2024-12-02
4376,藤原香織,藤原香織4376@example.com,090-6621-5538,神奈川県横浜市西区みなとみらい9丁目4番10号,横浜市西区,神奈川県,2200041,2024-03-03
4377,山本正,山本正4377@icloud.com,090-4114-7365,福岡県福岡市博多区博多駅前5丁目3番2号,福岡市博多区,福岡県,8120008,2024-10-01
4378,高橋三郎,高橋三郎4378@yahoo.co.jp,090-1654-9243,東京都千代田区丸の内5丁目19番7号,千代田区,東京都,1000004,2024-01-20
4379,山本由美子,山本由美子4379@icloud.com,090-1962-9151,千葉県千葉市中央区中央7丁目15番9号,千葉市中央区,千葉県,2600035,2024-06-17
4380,遠藤愛,遠藤愛4380@icloud.com,090-8345-3340,東京都千代田区丸の内7丁目25番9号,千代田区,東京都,1000004,2024-02-28
4381,坂本誠,坂本誠4381@yahoo.co.jp,090-3984-9417,兵庫県神戸市中央区三宮町6丁目26番5号,神戸市中央区,兵庫県,6500006,2024-04-04
4382,村上優子,村上優子4382@example.com,090-1224-3407,福岡県福岡市中央区天神2丁目12番10号,福岡市中央区,福岡県,8100015,2023-05-29
4383,岡田麻美,岡田麻美4383@yahoo.co.jp,090-9046-7720,愛知県名古屋市中区錦9丁目28番7号,名古屋市中区,愛知県,4600004,2024-07-03
4384,藤原由美,藤原由美4384@outlook.com,090-3245-9255,京都府京都市中京区烏丸通6丁目9番10号,京都市中京区,京都府,6040038,2024-10-09
4385,小林誠,小林誠4385@outlook.com,090-8101-9506,千葉県千葉市美浜区美浜3丁目19番4号,千葉市美浜区,千葉県,2610017,2024-06-04
4386,岡田香織,岡田香織4386@example.com,090-2378-3593,東京都千代田区丸の内2丁目28番5号,千代田区,東京都,1000014,2023-03-21
4387,遠藤剛,遠藤剛4387@icloud.com,090-1537-1189,東京都新宿区新宿7丁目14番1号,新宿区,東京都,1600015,2024-05-08
4388,伊藤誠,伊藤誠4388@yahoo.co.jp,090-3070-2566,京都府京都市中京区烏丸通4丁目30番1号,京都市中京区,京都府,6040030,2023-04-02
4389,中村千佳,中村千佳4389@outlook.com,090-2082-2319,神奈川県横浜市中区本町4丁目19番2号,横浜市中区,神奈川県,2310014,2024-05-18
4390,長谷川次郎,長谷川次郎4390@yahoo.co.jp,090-9708-5255,京都府京都市中京区烏丸通8丁目12番4号,京都市中京区,京都府,6040009,2024-04-05
4391,吉田和也,吉田和也4391@outlook.com,090-8417-5207,千葉県千葉市中央区中央6丁目3番9号,千葉市中央区,千葉県,2600026,2023-02-02
4392,小林美穂,小林美穂4392@gmail.com,090-2211-8742,京都府京都市下京区四条通9丁目12番10号,京都市下京区,京都府,6000012,2023-10-11
4393,木村由美,木村由美4393@yahoo.co.jp,090-5728-9642,兵庫県神戸市中央区三宮町1丁目19番4号,神戸市中央区,兵庫県,6500014,2024-07-31
4394,井上真由美,井上真由美4394@icloud.com,090-8226-8996,千葉県千葉市中央区中央7丁目27番5号,千葉市中央区,千葉県,2600012,2023-10-28
4395,山田健太,山田健太4395@outlook.com,090-3129-4120,埼玉県さいたま市大宮区大宮4丁目6番8号,さいたま市大宮区,埼玉県,3300034,2023-03-21
4396,佐藤麻美,佐藤麻美4396@example.com,090-4920-3613,京都府京都市下京区四条通6丁目26番5号,京都市下京区,京都府,6000006,2023-07-11
4397,藤原健太,藤原健太4397@outlook.com,090-7795-2290,愛知県名古屋市西区名駅2丁目20番10号,名古屋市西区,愛知県,4510020,2024-07-27
4398,山田香織,山田香織4398@icloud.com,090-5888-1074,千葉県千葉市美浜区美浜5丁目12番4号,千葉市美浜区,千葉県,2610018,2023-11-21
4399,岡田由美子,岡田由美子4399@outlook.com,090-3827-3196,京都府京都市下京区四条通2丁目17番1号,京都市下京区,京都府,6000013,2024-05-11
4400,林美穂,林美穂4400@yahoo.co.jp,090-8953-1610,福岡県福岡市博多区博多駅前10丁目20番6号,福岡市博多区,福岡県,8120007,2024-09-22
4401,佐藤真由美,佐藤真由美4401@yahoo.co.jp,090-1183-3116,大阪府大阪市北区梅田9丁目27番1号,大阪市北区,大阪府,5300019,2024-03-13
4402,坂本麻衣,坂本麻衣4402@gmail.com,090-5896-7553,愛知県名古屋市西区名駅2丁目8番9号,名古屋市西区,愛知県,4510022,2023-04-15
4403,高橋和也,高橋和也4403@outlook.com,090-8486-1414,埼玉県さいたま市大宮区大宮5丁目25番7号,さいたま市大宮区,埼玉県,3300034,2024-03-03
4404,橋本由美,橋本由美4404@outlook.com,090-3680-8153,京都府京都市下京区四条通6丁目20番2号,京都市下京区,京都府,6000009,2023-01-07
4405,坂本香織,坂本香織4405@gmail.com,090-6002-3809,千葉県千葉市中央区中央9丁目15番6号,千葉市中央区,千葉県,2600019,2024-06-04
4406,山田麻美,山田麻美4406@example.com,090-9910-4374,東京都千代田区丸の内7丁目2番3号,千代田区,東京都,1000007,2024-09-23
4407,小林麻衣,小林麻衣4407@outlook.com,090-1718-5272,埼玉県さいたま市浦和区高砂5丁目22番10号,さいたま市浦和区,埼玉県,3300039,2023-05-18
4408,森田千佳,森田千佳4408@example.com,090-5287-8021,埼玉県さいたま市大宮区大宮10丁目25番8号,さいたま市大宮区,埼玉県,3300012,2024-12-05
4409,近藤次郎,近藤次郎4409@gmail.com,090-1514-7847,愛知県名古屋市中区錦1丁目20番7号,名古屋市中区,愛知県,4600007,2023-05-24
4410,加藤愛,加藤愛4410@example.com,090-5785-6599,東京都千代田区丸の内3丁目26番5号,千代田区,東京都,1000001,2024-05-06
4411,高橋誠,高橋誠4411@outlook.com,090-4669-7594,愛知県名古屋市中区錦5丁目9番10号,名古屋市中区,愛知県,4600007,2023-01-14
4412,加藤美穂,加藤美穂4412@icloud.com,090-3486-7992,愛知県名古屋市中区錦7丁目1番8号,名古屋市中区,愛知県,4600006,2024-03-02
4413,前田麻衣,前田麻衣4413@example.com,090-9698-8735,愛知県名古屋市西区名駅4丁目10番6号,名古屋市西区,愛知県,4510041,2023-12-06
4414,橋本和也,橋本和也4414@example.com,090-9291-4120,福岡県福岡市中央区天神2丁目14番9号,福岡市中央区,福岡県,8100019,2023-06-20
4415,高橋香織,高橋香織4415@example.com,090-2017-6079,京都府京都市下京区四条通5丁目10番10号,京都市下京区,京都府,6000025,2023-11-03
4416,長谷川健太,長谷川健太4416@gmail.com,090-4366-3727,愛知県名古屋市中区錦5丁目10番6号,名古屋市中区,愛知県,4600004,2024-12-01
4417,藤井麻衣,藤井麻衣4417@icloud.com,090-8526-5984,東京都新宿区新宿7丁目21番1号,新宿区,東京都,1600012,2023-05-07
4418,松本和也,松本和也4418@yahoo.co.jp,090-8146-6967,大阪府大阪市北区梅田3丁目12番3号,大阪市北区,大阪府,5300008,2024-03-16
4419,田中由美子,田中由美子4419@example.com,090-5963-8209,兵庫県神戸市灘区灘南通6丁目11番9号,神戸市灘区,兵庫県,6570008,2023-11-02
4420,池田正,池田正4420@icloud.com,090-9512-2574,福岡県福岡市博多区博多駅前9丁目26番4号,福岡市博多区,福岡県,8120021,2023-05-15
4421,山本雄一,山本雄一4421@yahoo.co.jp,090-3575-7187,京都府京都市下京区四条通2丁目18番2号,京都市下京区,京都府,6000007,2024-11-28
4422,青木大輔,青木大輔4422@yahoo.co.jp,090-2858-1900,神奈川県横浜市中区本町5丁目4番6号,横浜市中区,神奈川県,2310009,2024-09-21
4423,加藤翔太,加藤翔太4423@gmail.com,090-5455-2855,東京都渋谷区渋谷6丁目24番4号,渋谷区,東京都,1500018,2023-05-16
4424,渡辺達也,渡辺達也4424@outlook.com,090-5055-4369,愛知県名古屋市中区錦1丁目18番3号,名古屋市中区,愛知県,4600002,2024-07-14
4425,松本美咲,松本美咲4425@yahoo.co.jp,090-4341-4953,愛知県名古屋市西区名駅7丁目24番3号,名古屋市西区,愛知県,4510016,2023-11-05
4426,斎藤亮,斎藤亮4426@gmail.com,090-7025-2031,愛知県名古屋市中区錦4丁目7番9号,名古屋市中区,愛知県,4600003,2023-08-26
4427,鈴木由美子,鈴木由美子4427@icloud.com,090-8015-4346,愛知県名古屋市西区名駅8丁目24番1号,名古屋市西区,愛知県,4510033,2024-05-15
4428,後藤直樹,後藤直樹4428@icloud.com,090-5622-2706,東京都千代田区丸の内10丁目2番1号,千代田区,東京都,1000009,2024-03-19
4429,池田次郎,池田次郎4429@outlook.com,090-1371-5335,神奈川県横浜市中区本町8丁目6番3号,横浜市中区,神奈川県,2310020,2024-05-24
4430,加藤拓也,加藤拓也4430@example.com,090-4676-2925,神奈川県横浜市西区みなとみらい6丁目6番2号,横浜市西区,神奈川県,2200014,2023-11-04
4431,高橋千佳,高橋千佳4431@example.com,090-6049-4942,愛知県名古屋市中区錦2丁目21番3号,名古屋市中区,愛知県,4600006,2023-05-25
4432,林恵子,林恵子4432@outlook.com,090-8896-5499,東京都新宿区新宿4丁目3番5号,新宿区,東京都,1600017,2023-08-12
4433,佐藤美咲,佐藤美咲4433@yahoo.co.jp,090-1405-4427,千葉県千葉市美浜区美浜3丁目22番5号,千葉市美浜区,千葉県,2610032,2023-08-09
4434,山本健一,山本健一4434@icloud.com,090-7018-1344,大阪府大阪市北区梅田5丁目14番5号,大阪市北区,大阪府,5300020,2024-04-27
4435,村上一郎,村上一郎4435@icloud.com,090-7782-8977,福岡県福岡市博多区博多駅前7丁目20番8号,福岡市博多区,福岡県,8120001,2024-01-20
4436,藤井麻衣,藤井麻衣4436@icloud.com,090-6622-3566,愛知県名古屋市西区名駅8丁目25番5号,名古屋市西区,愛知県,4510009,2024-05-01
4437,石川美香,石川美香4437@icloud.com,090-8141-4407,東京都渋谷区渋谷2丁目16番6号,渋谷区,東京都,1500001,2023-06-27
4438,山田愛,山田愛4438@yahoo.co.jp,090-5804-3476,東京都新宿区新宿10丁目11番3号,新宿区,東京都,1600016,2023-08-27
4439,村上恵子,村上恵子4439@gmail.com,090-4001-1802,埼玉県さいたま市大宮区大宮4丁目15番4号,さいたま市大宮区,埼玉県,3300010,2023-05-02
4440,田中美穂,田中美穂4440@icloud.com,090-5448-6179,大阪府大阪市北区梅田9丁目25番8号,大阪市北区,大阪府,5300006,2024-05-15
4441,中村優子,中村優子4441@gmail.com,090-2855-4388,北海道札幌市北区北6条西6丁目25番5号,札幌市北区,北海道,0600020,2024-12-10
4442,坂本智子,坂本智子4442@outlook.com,090-7046-7642,福岡県福岡市中央区天神4丁目1番4号,福岡市中央区,福岡県,8100040,2023-05-24
4443,佐藤優子,佐藤優子4443@example.com,090-1898-2489,愛知県名古屋市中区錦2丁目19番1号,名古屋市中区,愛知県,4600005,2023-10-11
4444,田中愛,田中愛4444@outlook.com,090-3065-9747,神奈川県横浜市西区みなとみらい9丁目15番6号,横浜市西区,神奈川県,2200033,2024-12-23
4445,近藤智子,近藤智子4445@yahoo.co.jp,090-4855-3235,神奈川県横浜市中区本町1丁目4番4号,横浜市中区,神奈川県,2310040,2024-09-07
4446,渡辺慎一,渡辺慎一4446@example.com,090-6776-2934,京都府京都市下京区四条通2丁目19番7号,京都市下京区,京都府,6000030,2023-06-01
4447,前田さくら,前田さくら4447@yahoo.co.jp,090-6276-7630,兵庫県神戸市灘区灘南通4丁目16番2号,神戸市灘区,兵庫県,6570040,2023-08-09
4448,坂本三郎,坂本三郎4448@yahoo.co.jp,090-9114-9896,愛知県名古屋市西区名駅9丁目14番3号,名古屋市西区,愛知県,4510021,2023-11-10
4449,中村健一,中村健一4449@example.com,090-8531-3036,東京都新宿区新宿2丁目1番7号,新宿区,東京都,1600014,2024-03-15
4450,高橋恵子,高橋恵子4450@icloud.com,090-9241-4571,神奈川県横浜市西区みなとみらい7丁目24番4号,横浜市西区,神奈川県,2200028,2023-05-17
4451,岡田正,岡田正4451@gmail.com,090-7629-3177,愛知県名古屋市西区名駅1丁目3番9号,名古屋市西区,愛知県,4510003,2023-10-29
4452,橋本剛,橋本剛4452@gmail.com,090-1354-1344,神奈川県横浜市西区みなとみらい9丁目6番6号,横浜市西区,神奈川県,2200018,2023-12-15
4453,小林三郎,小林三郎4453@outlook.com,090-3162-5013,大阪府大阪市中央区本町5丁目24番2号,大阪市中央区,大阪府,5410006,2023-05-17
4454,渡辺智子,渡辺智子4454@gmail.com,090-1442-8594,埼玉県さいたま市大宮区大宮9丁目9番6号,さいたま市大宮区,埼玉県,3300021,2024-10-16
4455,山田和也,山田和也4455@gmail.com,090-9844-6697,東京都千代田区丸の内3丁目9番3号,千代田区,東京都,1000004,2023-06-07
4456,吉田由美子,吉田由美子4456@example.com,090-8025-9228,福岡県福岡市博多区博多駅前5丁目1番7号,福岡市博多区,福岡県,8120003,2024-11-29
4457,藤原誠,藤原誠4457@example.com,090-4239-1786,兵庫県神戸市中央区三宮町7丁目23番10号,神戸市中央区,兵庫県,6500021,2023-02-28
4458,加藤大輔,加藤大輔4458@icloud.com,090-4079-3088,北海道札幌市北区北6条西8丁目9番7号,札幌市北区,北海道,0600012,2024-11-24
4459,中村香織,中村香織4459@outlook.com,090-9787-4261,北海道札幌市北区北6条西4丁目4番9号,札幌市北区,北海道,0600028,2024-09-11
4460,山田香織,山田香織4460@yahoo.co.jp,090-1976-6987,兵庫県神戸市中央区三宮町10丁目30番1号,神戸市中央区,兵庫県,6500036,2024-10-06
4461,後藤健太,後藤健太4461@gmail.com,090-3578-5930,東京都千代田区丸の内4丁目18番8号,千代田区,東京都,1000018,2023-06-20
4462,田中拓也,田中拓也4462@yahoo.co.jp,090-3407-8280,神奈川県横浜市西区みなとみらい6丁目23番4号,横浜市西区,神奈川県,2200024,2024-02-07
4463,井上美香,井上美香4463@outlook.com,090-7285-5516,北海道札幌市北区北6条西9丁目16番8号,札幌市北区,北海道,0600039,2023-10-09
4464,近藤恵子,近藤恵子4464@outlook.com,090-7403-7840,愛知県名古屋市西区名駅10丁目21番3号,名古屋市西区,愛知県,4510002,2023-05-05
4465,吉田剛,吉田剛4465@yahoo.co.jp,090-1674-9144,神奈川県横浜市西区みなとみらい1丁目23番9号,横浜市西区,神奈川県,2200035,2024-03-25
4466,青木剛,青木剛4466@example.com,090-3303-8564,神奈川県横浜市中区本町4丁目6番2号,横浜市中区,神奈川県,2310038,2024-02-12
4467,遠藤智子,遠藤智子4467@outlook.com,090-5393-8601,埼玉県さいたま市浦和区高砂4丁目1番8号,さいたま市浦和区,埼玉県,3300037,2024-11-06
4468,石川優子,石川優子4468@gmail.com,090-9990-8692,福岡県福岡市博多区博多駅前5丁目24番1号,福岡市博多区,福岡県,8120015,2023-10-04
4469,伊藤由美子,伊藤由美子4469@yahoo.co.jp,090-9002-2159,愛知県名古屋市西区名駅5丁目23番3号,名古屋市西区,愛知県,4510038,2023-02-02
4470,藤井美香,藤井美香4470@yahoo.co.jp,090-3252-9187,東京都新宿区新宿9丁目8番2号,新宿区,東京都,1600021,2024-05-03
4471,山本さくら,山本さくら4471@yahoo.co.jp,090-1985-6290,京都府京都市中京区烏丸通8丁目13番5号,京都市中京区,京都府,6040011,2024-12-19
4472,長谷川健太,長谷川健太4472@gmail.com,090-3440-9421,京都府京都市中京区烏丸通3丁目15番2号,京都市中京区,京都府,6040040,2024-11-25
4473,橋本太郎,橋本太郎4473@example.com,090-1067-2237,埼玉県さいたま市浦和区高砂4丁目4番10号,さいたま市浦和区,埼玉県,3300039,2023-10-05
4474,山本美穂,山本美穂4474@gmail.com,090-5686-4382,神奈川県横浜市西区みなとみらい3丁目6番7号,横浜市西区,神奈川県,2200020,2023-04-06
4475,小林花子,小林花子4475@example.com,090-9060-5299,京都府京都市下京区四条通9丁目19番7号,京都市下京区,京都府,6000026,2024-09-07
4476,森田次郎,森田次郎4476@yahoo.co.jp,090-9852-8552,京都府京都市中京区烏丸通9丁目15番1号,京都市中京区,京都府,6040017,2024-02-04
4477,斎藤剛,斎藤剛4477@icloud.com,090-6275-4072,兵庫県神戸市灘区灘南通10丁目15番4号,神戸市灘区,兵庫県,6570014,2024-05-06
4478,田中恵子,田中恵子4478@outlook.com,090-5494-2573,福岡県福岡市博多区博多駅前4丁目12番5号,福岡市博多区,福岡県,8120016,2024-07-31
4479,高橋直樹,高橋直樹4479@icloud.com,090-9272-3986,北海道札幌市北区北6条西4丁目13番7号,札幌市北区,北海道,0600002,2024-05-22
4480,近藤雄一,近藤雄一4480@gmail.com,090-3989-6137,愛知県名古屋市中区錦8丁目14番10号,名古屋市中区,愛知県,4600008,2023-10-03
4481,長谷川香織,長谷川香織4481@example.com,090-4951-6163,京都府京都市下京区四条通5丁目12番10号,京都市下京区,京都府,6000016,2023-11-12
4482,青木由美子,青木由美子4482@icloud.com,090-7016-3342,京都府京都市中京区烏丸通2丁目3番1号,京都市中京区,京都府,6040039,2023-04-08
4483,橋本和也,橋本和也4483@outlook.com,090-9490-7163,福岡県福岡市博多区博多駅前9丁目25番7号,福岡市博多区,福岡県,8120001,2024-11-27
4484,佐藤慎一,佐藤慎一4484@yahoo.co.jp,090-4562-7692,東京都渋谷区渋谷8丁目3番8号,渋谷区,東京都,1500012,2024-06-15
4485,藤原三郎,藤原三郎4485@icloud.com,090-3729-4216,愛知県名古屋市西区名駅9丁目17番9号,名古屋市西区,愛知県,4510002,2024-09-11
4486,橋本誠,橋本誠4486@gmail.com,090-4682-2091,東京都千代田区丸の内2丁目12番1号,千代田区,東京都,1000007,2024-10-13
4487,石川由美子,石川由美子4487@icloud.com,090-1886-8585,東京都渋谷区渋谷5丁目6番5号,渋谷区,東京都,1500011,2023-06-05
4488,山本真由美,山本真由美4488@outlook.com,090-4492-1847,東京都千代田区丸の内4丁目9番7号,千代田区,東京都,1000012,2024-07-06
4489,井上真由美,井上真由美4489@gmail.com,090-3581-5688,愛知県名古屋市西区名駅9丁目18番10号,名古屋市西区,愛知県,4510031,2024-10-16
4490,石川健一,石川健一4490@gmail.com,090-3262-9404,埼玉県さいたま市大宮区大宮9丁目17番3号,さいたま市大宮区,埼玉県,3300015,2023-10-22
4491,林美穂,林美穂4491@outlook.com,090-8533-6854,大阪府大阪市中央区本町9丁目19番9号,大阪市中央区,大阪府,5410039,2023-02-11
4492,森田由美,森田由美4492@example.com,090-6972-2009,北海道札幌市北区北6条西7丁目3番3号,札幌市北区,北海道,0600035,2024-06-28
4493,池田智子,池田智子4493@yahoo.co.jp,090-9262-8060,埼玉県さいたま市大宮区大宮7丁目24番5号,さいたま市大宮区,埼玉県,3300017,2023-10-29
4494,岡田健一,岡田健一4494@example.com,090-3267-9625,東京都千代田区丸の内6丁目2番6号,千代田区,東京都,1000020,2023-09-28
4495,石川美咲,石川美咲4495@example.com,090-9373-1360,東京都新宿区新宿5丁目5番3号,新宿区,東京都,1600008,2023-09-20
4496,吉田一郎,吉田一郎4496@outlook.com,090-2764-2016,福岡県福岡市博多区博多駅前1丁目16番4号,福岡市博多区,福岡県,8120001,2023-01-09
4497,斎藤香織,斎藤香織4497@outlook.com,090-5218-2946,神奈川県横浜市中区本町6丁目19番8号,横浜市中区,神奈川県,2310001,2023-11-08
4498,中村麻衣,中村麻衣4498@gmail.com,090-4650-7043,福岡県福岡市博多区博多駅前8丁目24番2号,福岡市博多区,福岡県,8120008,2023-09-05
4499,渡辺拓也,渡辺拓也4499@example.com,090-3787-3926,福岡県福岡市博多区博多駅前7丁目26番5号,福岡市博多区,福岡県,8120012,2023-11-18
4500,松本一郎,松本一郎4500@yahoo.co.jp,090-4925-2619,兵庫県神戸市中央区三宮町5丁目26番1号,神戸市中央区,兵庫県,6500024,2024-11-06
4501,藤井恵子,藤井恵子4501@yahoo.co.jp,090-2075-9164,京都府京都市下京区四条通5丁目9番7号,京都市下京区,京都府,6000023,2024-09-20
4502,吉田真由美,吉田真由美4502@yahoo.co.jp,090-7866-6402,千葉県千葉市美浜区美浜6丁目18番5号,千葉市美浜区,千葉県,2610003,2023-04-22
4503,長谷川剛,長谷川剛4503@example.com,090-4190-1075,兵庫県神戸市中央区三宮町9丁目3番1号,神戸市中央区,兵庫県,6500025,2024-02-17
4504,山田美穂,山田美穂4504@gmail.com,090-3829-2392,愛知県名古屋市中区錦8丁目5番8号,名古屋市中区,愛知県,4600002,2024-07-02
4505,山田健太,山田健太4505@icloud.com,090-4587-4570,大阪府大阪市中央区本町8丁目27番2号,大阪市中央区,大阪府,5410027,2023-04-14
4506,高橋智子,高橋智子4506@icloud.com,090-9576-9989,埼玉県さいたま市大宮区大宮6丁目11番4号,さいたま市大宮区,埼玉県,3300005,2024-09-04
4507,藤原拓也,藤原拓也4507@outlook.com,090-2781-2747,愛知県名古屋市西区名駅6丁目21番4号,名古屋市西区,愛知県,4510007,2023-03-30
4508,渡辺美香,渡辺美香4508@icloud.com,090-2311-3176,千葉県千葉市美浜区美浜4丁目12番5号,千葉市美浜区,千葉県,2610033,2023-03-07
4509,池田智子,池田智子4509@outlook.com,090-9364-3134,愛知県名古屋市西区名駅6丁目13番7号,名古屋市西区,愛知県,4510017,2023-03-15
4510,松本智子,松本智子4510@yahoo.co.jp,090-4203-5746,東京都千代田区丸の内5丁目17番10号,千代田区,東京都,1000017,2023-06-18
4511,橋本和也,橋本和也4511@icloud.com,090-9794-2681,京都府京都市中京区烏丸通1丁目22番4号,京都市中京区,京都府,6040001,2024-02-09
4512,高橋真由美,高橋真由美4512@example.com,090-7802-2649,千葉県千葉市美浜区美浜3丁目4番2号,千葉市美浜区,千葉県,2610030,2023-07-12
4513,前田翔太,前田翔太4513@outlook.com,090-3739-2310,大阪府大阪市中央区本町2丁目10番10号,大阪市中央区,大阪府,5410004,2023-10-01
4514,加藤翔太,加藤翔太4514@example.com,090-8007-3881,福岡県福岡市中央区天神8丁目26番9号,福岡市中央区,福岡県,8100005,2023-07-06
4515,斎藤亮,斎藤亮4515@example.com,090-5781-2871,愛知県名古屋市中区錦4丁目15番7号,名古屋市中区,愛知県,4600001,2023-01-22
4516,吉田美咲,吉田美咲4516@gmail.com,090-6544-7077,大阪府大阪市北区梅田6丁目8番2号,大阪市北区,大阪府,5300015,2023-01-27
4517,加藤次郎,加藤次郎4517@icloud.com,090-6222-4735,神奈川県横浜市中区本町7丁目13番1号,横浜市中区,神奈川県,2310007,2024-02-21
4518,石川翔太,石川翔太4518@outlook.com,090-1344-9237,北海道札幌市北区北6条西2丁目5番3号,札幌市北区,北海道,0600037,2024-06-08
4519,村上優子,村上優子4519@gmail.com,090-6773-4013,福岡県福岡市中央区天神9丁目1番4号,福岡市中央区,福岡県,8100002,2023-11-30
4520,青木健太,青木健太4520@icloud.com,090-3553-5366,兵庫県神戸市灘区灘南通9丁目9番9号,神戸市灘区,兵庫県,6570023,2023-02-08
4521,鈴木由美,鈴木由美4521@yahoo.co.jp,090-8993-2708,東京都新宿区新宿7丁目4番1号,新宿区,東京都,1600005,2024-04-17
4522,石川慎一,石川慎一4522@yahoo.co.jp,090-6279-4064,京都府京都市中京区烏丸通6丁目16番1号,京都市中京区,京都府,6040006,2024-09-12
4523,橋本香織,橋本香織4523@yahoo.co.jp,090-7757-5888,神奈川県横浜市中区本町5丁目18番1号,横浜市中区,神奈川県,2310026,2024-03-08
4524,小林正,小林正4524@example.com,090-5833-6029,福岡県福岡市博多区博多駅前2丁目14番5号,福岡市博多区,福岡県,8120020,2023-01-24
4525,池田達也,池田達也4525@example.com,090-9945-9192,福岡県福岡市中央区天神7丁目25番7号,福岡市中央区,福岡県,8100018,2024-07-16
4526,山田花子,山田花子4526@yahoo.co.jp,090-4515-5512,東京都渋谷区渋谷3丁目19番6号,渋谷区,東京都,1500022,2023-04-28
4527,木村正,木村正4527@outlook.com,090-8468-1516,兵庫県神戸市灘区灘南通6丁目13番1号,神戸市灘区,兵庫県,6570011,2024-11-20
4528,前田拓也,前田拓也4528@gmail.com,090-4454-9229,東京都渋谷区渋谷8丁目9番3号,渋谷区,東京都,1500004,2023-08-03
4529,田中翔太,田中翔太4529@example.com,090-5971-5045,埼玉県さいたま市大宮区大宮10丁目9番10号,さいたま市大宮区,埼玉県,3300009,2024-09-15
4530,橋本優子,橋本優子4530@example.com,090-5624-2088,神奈川県横浜市中区本町1丁目21番5号,横浜市中区,神奈川県,2310008,2024-01-11
4531,鈴木由美,鈴木由美4531@example.com,090-2622-5514,愛知県名古屋市西区名駅8丁目12番9号,名古屋市西区,愛知県,4510020,2023-06-05
4532,坂本健一,坂本健一4532@yahoo.co.jp,090-2753-5834,埼玉県さいたま市浦和区高砂1丁目16番1号,さいたま市浦和区,埼玉県,3300027,2024-06-26
4533,近藤三郎,近藤三郎4533@example.com,090-3429-1055,京都府京都市中京区烏丸通1丁目15番1号,京都市中京区,京都府,6040033,2024-04-18
4534,鈴木優子,鈴木優子4534@yahoo.co.jp,090-4213-7659,大阪府大阪市北区梅田1丁目15番3号,大阪市北区,大阪府,5300006,2024-05-21
4535,森田拓也,森田拓也4535@example.com,090-6701-6784,福岡県福岡市博多区博多駅前6丁目11番9号,福岡市博多区,福岡県,8120002,2024-02-19
4536,加藤一郎,加藤一郎4536@outlook.com,090-1310-6506,福岡県福岡市博多区博多駅前6丁目2番1号,福岡市博多区,福岡県,8120021,2023-12-07
4537,佐藤翔太,佐藤翔太4537@gmail.com,090-2125-5515,神奈川県横浜市西区みなとみらい6丁目10番3号,横浜市西区,神奈川県,2200026,2023-12-05
4538,中村翔太,中村翔太4538@example.com,090-6305-1879,千葉県千葉市中央区中央9丁目24番2号,千葉市中央区,千葉県,2600019,2024-10-19
4539,山田正,山田正4539@outlook.com,090-7508-2379,千葉県千葉市中央区中央8丁目6番8号,千葉市中央区,千葉県,2600025,2023-05-30
4540,藤井拓也,藤井拓也4540@example.com,090-8083-3953,兵庫県神戸市灘区灘南通8丁目20番5号,神戸市灘区,兵庫県,6570014,2023-08-03
4541,森田健太,森田健太4541@outlook.com,090-3656-1781,福岡県福岡市博多区博多駅前4丁目10番1号,福岡市博多区,福岡県,8120011,2023-10-16
4542,森田大輔,森田大輔4542@gmail.com,090-2677-1733,大阪府大阪市北区梅田2丁目3番4号,大阪市北区,大阪府,5300019,2023-04-27
4543,前田達也,前田達也4543@outlook.com,090-8438-7595,愛知県名古屋市西区名駅4丁目5番3号,名古屋市西区,愛知県,4510037,2023-06-19
4544,林千佳,林千佳4544@yahoo.co.jp,090-6963-3890,東京都新宿区新宿6丁目29番9号,新宿区,東京都,1600020,2023-07-20
4545,森田さくら,森田さくら4545@example.com,090-6938-3125,埼玉県さいたま市浦和区高砂9丁目19番1号,さいたま市浦和区,埼玉県,3300010,2023-08-14
4546,佐藤亮,佐藤亮4546@yahoo.co.jp,090-3132-4028,兵庫県神戸市中央区三宮町8丁目2番4号,神戸市中央区,兵庫県,6500007,2023-12-06
4547,池田さくら,池田さくら4547@example.com,090-5149-1225,福岡県福岡市博多区博多駅前7丁目30番4号,福岡市博多区,福岡県,8120019,2023-01-03
4548,渡辺智子,渡辺智子4548@gmail.com,090-7600-1165,愛知県名古屋市西区名駅6丁目18番5号,名古屋市西区,愛知県,4510013,2024-01-24
4549,坂本次郎,坂本次郎4549@yahoo.co.jp,090-7201-3748,兵庫県神戸市灘区灘南通9丁目23番6号,神戸市灘区,兵庫県,6570025,2024-05-22
4550,山田直樹,山田直樹4550@example.com,090-3296-5480,北海道札幌市北区北6条西7丁目11番4号,札幌市北区,北海道,0600004,2024-11-23
4551,中村雄一,中村雄一4551@gmail.com,090-6278-2198,千葉県千葉市中央区中央10丁目19番7号,千葉市中央区,千葉県,2600015,2024-12-06
4552,井上直樹,井上直樹4552@icloud.com,090-5172-8508,北海道札幌市北区北6条西10丁目12番5号,札幌市北区,北海道,0600016,2023-03-20
4553,伊藤誠,伊藤誠4553@gmail.com,090-5651-6913,大阪府大阪市中央区本町3丁目1番7号,大阪市中央区,大阪府,5410005,2024-03-14
4554,吉田大輔,吉田大輔4554@gmail.com,090-2411-6284,神奈川県横浜市中区本町6丁目14番4号,横浜市中区,神奈川県,2310040,2024-08-19
4555,森田さくら,森田さくら4555@yahoo.co.jp,090-7478-8381,神奈川県横浜市中区本町9丁目12番2号,横浜市中区,神奈川県,2310007,2024-11-10
4556,前田慎一,前田慎一4556@outlook.com,090-1661-8949,神奈川県横浜市西区みなとみらい3丁目19番9号,横浜市西区,神奈川県,2200017,2023-04-27
4557,松本真由美,松本真由美4557@yahoo.co.jp,090-5953-9537,福岡県福岡市博多区博多駅前9丁目14番6号,福岡市博多区,福岡県,8120003,2023-11-17
4558,石川太郎,石川太郎4558@outlook.com,090-3090-4024,愛知県名古屋市西区名駅10丁目18番2号,名古屋市西区,愛知県,4510037,2023-03-16
4559,藤原翔太,藤原翔太4559@outlook.com,090-2515-4852,兵庫県神戸市灘区灘南通4丁目30番1号,神戸市灘区,兵庫県,6570040,2023-10-25
4560,橋本智子,橋本智子4560@yahoo.co.jp,090-4979-2404,福岡県福岡市博多区博多駅前3丁目29番10号,福岡市博多区,福岡県,8120017,2023-12-07
4561,渡辺由美,渡辺由美4561@outlook.com,090-1295-9436,福岡県福岡市博多区博多駅前7丁目12番3号,福岡市博多区,福岡県,8120021,2023-04-07
4562,青木由美子,青木由美子4562@example.com,090-9562-7288,北海道札幌市中央区北1条西1丁目9番6号,札幌市中央区,北海道,0600027,2024-02-21
4563,池田愛,池田愛4563@example.com,090-2583-9429,埼玉県さいたま市浦和区高砂6丁目17番9号,さいたま市浦和区,埼玉県,3300024,2023-09-30
4564,斎藤翔太,斎藤翔太4564@outlook.com,090-3054-1789,愛知県名古屋市中区錦7丁目13番2号,名古屋市中区,愛知県,4600001,2023-09-23
4565,藤井健一,藤井健一4565@outlook.com,090-2376-5204,千葉県千葉市中央区中央6丁目30番8号,千葉市中央区,千葉県,2600001,2023-02-26
4566,高橋優子,高橋優子4566@icloud.com,090-5378-7461,福岡県福岡市博多区博多駅前4丁目13番4号,福岡市博多区,福岡県,8120021,2024-02-24
4567,長谷川千佳,長谷川千佳4567@example.com,090-7189-7919,愛知県名古屋市中区錦8丁目1番4号,名古屋市中区,愛知県,4600004,2024-11-19
4568,村上麻美,村上麻美4568@outlook.com,090-1121-7011,千葉県千葉市美浜区美浜2丁目19番9号,千葉市美浜区,千葉県,2610029,2023-02-16
4569,鈴木千佳,鈴木千佳4569@outlook.com,090-4720-3170,大阪府大阪市中央区本町4丁目14番9号,大阪市中央区,大阪府,5410039,2024-10-03
4570,田中由美子,田中由美子4570@outlook.com,090-4226-4118,神奈川県横浜市西区みなとみらい9丁目5番1号,横浜市西区,神奈川県,2200006,2024-10-01
4571,後藤健太,後藤健太4571@yahoo.co.jp,090-7564-1018,大阪府大阪市北区梅田6丁目28番3号,大阪市北区,大阪府,5300008,2023-10-14
4572,藤原優子,藤原優子4572@example.com,090-3060-1671,埼玉県さいたま市大宮区大宮7丁目27番10号,さいたま市大宮区,埼玉県,3300013,2024-11-01
4573,佐藤智子,佐藤智子4573@gmail.com,090-9597-7815,千葉県千葉市中央区中央4丁目7番4号,千葉市中央区,千葉県,2600019,2024-10-26
4574,長谷川大輔,長谷川大輔4574@outlook.com,090-8150-4621,北海道札幌市北区北6条西6丁目9番2号,札幌市北区,北海道,0600026,2023-07-22
4575,木村拓也,木村拓也4575@outlook.com,090-4512-2790,京都府京都市下京区四条通2丁目11番7号,京都市下京区,京都府,6000027,2023-07-26
4576,橋本千佳,橋本千佳4576@outlook.com,090-3666-3758,京都府京都市下京区四条通9丁目12番6号,京都市下京区,京都府,6000011,2023-05-15
4577,近藤和也,近藤和也4577@gmail.com,090-6369-5462,千葉県千葉市中央区中央1丁目4番7号,千葉市中央区,千葉県,2600027,2023-01-25
4578,前田雄一,前田雄一4578@outlook.com,090-5286-4380,神奈川県横浜市中区本町2丁目1番7号,横浜市中区,神奈川県,2310005,2023-03-28
4579,加藤健太,加藤健太4579@example.com,090-8754-9104,兵庫県神戸市灘区灘南通2丁目5番1号,神戸市灘区,兵庫県,6570026,2024-05-11
4580,森田美咲,森田美咲4580@yahoo.co.jp,090-4906-3769,東京都新宿区新宿5丁目1番4号,新宿区,東京都,1600015,2023-05-31
4581,山田三郎,山田三郎4581@gmail.com,090-8443-3034,東京都渋谷区渋谷4丁目15番7号,渋谷区,東京都,1500024,2023-11-23
4582,橋本真由美,橋本真由美4582@outlook.com,090-9726-3819,京都府京都市中京区烏丸通8丁目2番9号,京都市中京区,京都府,6040033,2024-10-31
4583,木村剛,木村剛4583@example.com,090-9244-2719,大阪府大阪市中央区本町1丁目20番3号,大阪市中央区,大阪府,5410022,2024-07-31
4584,村上健一,村上健一4584@gmail.com,090-2736-5235,埼玉県さいたま市大宮区大宮5丁目6番2号,さいたま市大宮区,埼玉県,3300022,2023-06-12
4585,佐藤千佳,佐藤千佳4585@example.com,090-3454-2969,東京都千代田区丸の内2丁目16番6号,千代田区,東京都,1000005,2024-06-23
4586,松本愛,松本愛4586@gmail.com,090-1557-8896,埼玉県さいたま市大宮区大宮3丁目8番2号,さいたま市大宮区,埼玉県,3300017,2024-05-10
4587,後藤香織,後藤香織4587@outlook.com,090-8409-6819,北海道札幌市中央区北1条西9丁目20番4号,札幌市中央区,北海道,0600020,2024-01-26
4588,高橋剛,高橋剛4588@yahoo.co.jp,090-1814-3683,京都府京都市下京区四条通10丁目8番4号,京都市下京区,京都府,6000029,2023-02-01
4589,後藤健太,後藤健太4589@outlook.com,090-3782-4575,大阪府大阪市北区梅田4丁目4番7号,大阪市北区,大阪府,5300021,2023-04-16
4590,田中拓也,田中拓也4590@outlook.com,090-6099-5843,埼玉県さいたま市浦和区高砂10丁目3番7号,さいたま市浦和区,埼玉県,3300013,2024-04-02
4591,田中花子,田中花子4591@icloud.com,090-1458-5459,東京都新宿区新宿8丁目22番3号,新宿区,東京都,1600004,2024-03-29
4592,前田千佳,前田千佳4592@example.com,090-7290-1850,東京都新宿区新宿6丁目5番4号,新宿区,東京都,1600010,2024-09-02
4593,藤井雄一,藤井雄一4593@gmail.com,090-9858-4893,福岡県福岡市中央区天神2丁目17番7号,福岡市中央区,福岡県,8100028,2024-06-20
4594,吉田優子,吉田優子4594@gmail.com,090-1271-6072,兵庫県神戸市中央区三宮町6丁目13番1号,神戸市中央区,兵庫県,6500008,2024-07-31
4595,中村健太,中村健太4595@gmail.com,090-6075-9175,埼玉県さいたま市大宮区大宮3丁目28番5号,さいたま市大宮区,埼玉県,3300025,2024-01-28
4596,佐藤三郎,佐藤三郎4596@outlook.com,090-3236-3451,神奈川県横浜市西区みなとみらい5丁目15番4号,横浜市西区,神奈川県,2200026,2024-03-14
4597,加藤美穂,加藤美穂4597@yahoo.co.jp,090-6047-2991,神奈川県横浜市西区みなとみらい7丁目15番3号,横浜市西区,神奈川県,2200007,2023-06-16
4598,松本雄一,松本雄一4598@yahoo.co.jp,090-9491-9817,埼玉県さいたま市大宮区大宮1丁目21番3号,さいたま市大宮区,埼玉県,3300029,2024-06-15
4599,岡田正,岡田正4599@outlook.com,090-4720-1827,埼玉県さいたま市大宮区大宮10丁目4番3号,さいたま市大宮区,埼玉県,3300038,2024-07-25
4600,伊藤拓也,伊藤拓也4600@outlook.com,090-1519-3640,福岡県福岡市博多区博多駅前2丁目19番5号,福岡市博多区,福岡県,8120015,2023-05-30
4601,前田麻衣,前田麻衣4601@gmail.com,090-1713-3338,京都府京都市中京区烏丸通5丁目6番10号,京都市中京区,京都府,6040007,2024-07-15
4602,高橋和也,高橋和也4602@example.com,090-9318-4023,愛知県名古屋市西区名駅10丁目4番2号,名古屋市西区,愛知県,4510037,2023-08-16
4603,田中麻衣,田中麻衣4603@example.com,090-9728-4153,千葉県千葉市中央区中央5丁目29番4号,千葉市中央区,千葉県,2600004,2024-09-08
4604,鈴木香織,鈴木香織4604@example.com,090-8051-5905,大阪府大阪市北区梅田10丁目4番10号,大阪市北区,大阪府,5300010,2023-07-31
4605,鈴木誠,鈴木誠4605@example.com,090-7449-4695,大阪府大阪市中央区本町2丁目8番4号,大阪市中央区,大阪府,5410010,2023-03-28
4606,井上由美,井上由美4606@gmail.com,090-6164-6923,神奈川県横浜市中区本町5丁目7番10号,横浜市中区,神奈川県,2310009,2024-01-21
4607,井上太郎,井上太郎4607@example.com,090-4785-2093,東京都渋谷区渋谷6丁目15番5号,渋谷区,東京都,1500009,2024-06-10
4608,森田和也,森田和也4608@icloud.com,090-7685-9721,東京都千代田区丸の内7丁目15番7号,千代田区,東京都,1000003,2024-06-11
4609,坂本千佳,坂本千佳4609@outlook.com,090-8198-6012,京都府京都市下京区四条通3丁目7番9号,京都市下京区,京都府,6000008,2023-08-13
4610,渡辺美穂,渡辺美穂4610@outlook.com,090-3708-2667,大阪府大阪市北区梅田5丁目11番3号,大阪市北区,大阪府,5300015,2024-02-12
4611,岡田千佳,岡田千佳4611@yahoo.co.jp,090-3167-5951,東京都渋谷区渋谷5丁目20番6号,渋谷区,東京都,1500030,2024-09-27
4612,林さくら,林さくら4612@gmail.com,090-7844-9641,京都府京都市下京区四条通6丁目17番6号,京都市下京区,京都府,6000041,2024-12-14
4613,藤原健太,藤原健太4613@yahoo.co.jp,090-3218-5338,兵庫県神戸市灘区灘南通1丁目30番8号,神戸市灘区,兵庫県,6570002,2024-02-25
4614,鈴木恵子,鈴木恵子4614@icloud.com,090-5862-6486,神奈川県横浜市西区みなとみらい3丁目28番6号,横浜市西区,神奈川県,2200035,2024-10-22
4615,岡田健一,岡田健一4615@outlook.com,090-8550-7369,北海道札幌市北区北6条西9丁目23番10号,札幌市北区,北海道,0600036,2024-12-25
4616,橋本誠,橋本誠4616@outlook.com,090-1727-1652,埼玉県さいたま市大宮区大宮4丁目13番10号,さいたま市大宮区,埼玉県,3300024,2023-07-09
4617,坂本三郎,坂本三郎4617@icloud.com,090-6268-8615,東京都千代田区丸の内9丁目27番6号,千代田区,東京都,1000006,2024-05-03
4618,近藤慎一,近藤慎一4618@example.com,090-8018-3065,大阪府大阪市北区梅田4丁目19番2号,大阪市北区,大阪府,5300016,2023-09-28
4619,渡辺達也,渡辺達也4619@outlook.com,090-8642-7310,千葉県千葉市美浜区美浜8丁目27番3号,千葉市美浜区,千葉県,2610025,2023-01-09
4620,池田亮,池田亮4620@yahoo.co.jp,090-9847-3077,福岡県福岡市博多区博多駅前9丁目7番10号,福岡市博多区,福岡県,8120017,2023-06-14
4621,松本香織,松本香織4621@gmail.com,090-3641-4791,埼玉県さいたま市浦和区高砂9丁目13番10号,さいたま市浦和区,埼玉県,3300040,2024-04-23
4622,井上真由美,井上真由美4622@yahoo.co.jp,090-1211-6719,京都府京都市下京区四条通10丁目24番9号,京都市下京区,京都府,6000019,2023-05-23
4623,伊藤千佳,伊藤千佳4623@icloud.com,090-5412-9221,福岡県福岡市博多区博多駅前7丁目18番9号,福岡市博多区,福岡県,8120005,2023-08-01
4624,高橋花子,高橋花子4624@icloud.com,090-5062-2914,東京都新宿区新宿5丁目23番4号,新宿区,東京都,1600010,2024-03-20
4625,斎藤次郎,斎藤次郎4625@example.com,090-6593-5852,埼玉県さいたま市浦和区高砂7丁目14番10号,さいたま市浦和区,埼玉県,3300034,2023-04-10
4626,青木亮,青木亮4626@example.com,090-8949-6114,東京都渋谷区渋谷8丁目3番5号,渋谷区,東京都,1500017,2023-08-05
4627,林美香,林美香4627@yahoo.co.jp,090-6158-8829,大阪府大阪市北区梅田3丁目13番10号,大阪市北区,大阪府,5300019,2023-07-01
4628,池田慎一,池田慎一4628@yahoo.co.jp,090-7132-8114,千葉県千葉市中央区中央8丁目3番10号,千葉市中央区,千葉県,2600007,2024-12-13
4629,中村愛,中村愛4629@example.com,090-4235-4977,愛知県名古屋市中区錦9丁目20番9号,名古屋市中区,愛知県,4600008,2024-07-01
4630,池田麻美,池田麻美4630@outlook.com,090-8776-6395,埼玉県さいたま市大宮区大宮8丁目4番4号,さいたま市大宮区,埼玉県,3300015,2023-12-09
4631,田中拓也,田中拓也4631@example.com,090-7673-5226,北海道札幌市中央区北1条西2丁目4番2号,札幌市中央区,北海道,0600039,2023-06-07
4632,後藤香織,後藤香織4632@example.com,090-2812-5716,京都府京都市下京区四条通7丁目15番4号,京都市下京区,京都府,6000041,2024-10-12
4633,遠藤三郎,遠藤三郎4633@gmail.com,090-4857-2875,京都府京都市下京区四条通1丁目27番7号,京都市下京区,京都府,6000004,2023-07-13
4634,渡辺一郎,渡辺一郎4634@example.com,090-4733-6040,千葉県千葉市美浜区美浜1丁目11番5号,千葉市美浜区,千葉県,2610025,2023-10-17
4635,加藤大輔,加藤大輔4635@yahoo.co.jp,090-7511-3748,神奈川県横浜市西区みなとみらい3丁目28番5号,横浜市西区,神奈川県,2200026,2023-02-07
4636,藤井正,藤井正4636@icloud.com,090-8417-4477,北海道札幌市北区北6条西1丁目22番5号,札幌市北区,北海道,0600029,2024-09-15
4637,遠藤麻美,遠藤麻美4637@yahoo.co.jp,090-3834-5110,福岡県福岡市中央区天神10丁目25番10号,福岡市中央区,福岡県,8100036,2024-12-31
4638,村上亮,村上亮4638@outlook.com,090-7222-6243,愛知県名古屋市中区錦6丁目20番1号,名古屋市中区,愛知県,4600006,2024-04-24
4639,鈴木美香,鈴木美香4639@gmail.com,090-1561-2652,東京都千代田区丸の内8丁目3番2号,千代田区,東京都,1000003,2024-01-20
4640,森田麻美,森田麻美4640@yahoo.co.jp,090-4786-2576,神奈川県横浜市西区みなとみらい10丁目23番8号,横浜市西区,神奈川県,2200019,2023-11-11
4641,伊藤健太,伊藤健太4641@icloud.com,090-5246-3586,大阪府大阪市中央区本町2丁目15番2号,大阪市中央区,大阪府,5410028,2024-12-30
4642,田中三郎,田中三郎4642@yahoo.co.jp,090-4340-7972,福岡県福岡市博多区博多駅前8丁目27番7号,福岡市博多区,福岡県,8120020,2023-03-24
4643,鈴木真由美,鈴木真由美4643@yahoo.co.jp,090-3124-1556,北海道札幌市中央区北1条西5丁目18番3号,札幌市中央区,北海道,0600032,2023-07-05
4644,高橋拓也,高橋拓也4644@gmail.com,090-8729-5778,福岡県福岡市中央区天神7丁目30番2号,福岡市中央区,福岡県,8100011,2024-05-03
4645,山本千佳,山本千佳4645@outlook.com,090-2348-1545,愛知県名古屋市西区名駅10丁目13番4号,名古屋市西区,愛知県,4510030,2023-06-12
4646,小林さくら,小林さくら4646@gmail.com,090-8668-3629,京都府京都市中京区烏丸通9丁目18番1号,京都市中京区,京都府,6040018,2024-04-13
4647,石川花子,石川花子4647@icloud.com,090-6639-4105,埼玉県さいたま市浦和区高砂3丁目7番4号,さいたま市浦和区,埼玉県,3300025,2024-12-27
4648,伊藤香織,伊藤香織4648@example.com,090-4603-8664,北海道札幌市中央区北1条西10丁目23番4号,札幌市中央区,北海道,0600004,2023-12-01
4649,石川さくら,石川さくら4649@gmail.com,090-4973-2027,東京都千代田区丸の内8丁目22番8号,千代田区,東京都,1000007,2024-07-16
4650,斎藤誠,斎藤誠4650@example.com,090-7631-3220,東京都渋谷区渋谷1丁目1番1号,渋谷区,東京都,1500033,2023-08-13
4651,石川美穂,石川美穂4651@yahoo.co.jp,090-3973-8619,京都府京都市中京区烏丸通10丁目4番4号,京都市中京区,京都府,6040018,2024-11-06
4652,斎藤麻美,斎藤麻美4652@icloud.com,090-4824-2009,北海道札幌市中央区北1条西1丁目3番2号,札幌市中央区,北海道,0600020,2024-06-13
4653,斎藤優子,斎藤優子4653@gmail.com,090-8062-3012,大阪府大阪市中央区本町4丁目3番3号,大阪市中央区,大阪府,5410005,2024-06-25
4654,斎藤美香,斎藤美香4654@gmail.com,090-7836-4727,北海道札幌市中央区北1条西10丁目28番4号,札幌市中央区,北海道,0600036,2024-08-31
4655,近藤恵子,近藤恵子4655@outlook.com,090-2902-8982,北海道札幌市中央区北1条西1丁目28番9号,札幌市中央区,北海道,0600015,2023-02-21
4656,橋本さくら,橋本さくら4656@yahoo.co.jp,090-2100-4330,愛知県名古屋市西区名駅7丁目2番3号,名古屋市西区,愛知県,4510018,2023-04-19
4657,橋本香織,橋本香織4657@icloud.com,090-6298-1868,東京都千代田区丸の内1丁目19番3号,千代田区,東京都,1000021,2024-04-06
4658,林正,林正4658@example.com,090-5260-3157,兵庫県神戸市灘区灘南通7丁目27番7号,神戸市灘区,兵庫県,6570037,2024-05-07
4659,小林美香,小林美香4659@icloud.com,090-2619-5986,兵庫県神戸市灘区灘南通2丁目11番7号,神戸市灘区,兵庫県,6570028,2024-03-12
4660,高橋愛,高橋愛4660@yahoo.co.jp,090-2664-4724,大阪府大阪市中央区本町6丁目10番8号,大阪市中央区,大阪府,5410033,2024-08-06
4661,斎藤亮,斎藤亮4661@example.com,090-5597-2583,千葉県千葉市中央区中央6丁目27番6号,千葉市中央区,千葉県,2600009,2023-07-11
4662,池田美香,池田美香4662@yahoo.co.jp,090-6688-1118,東京都千代田区丸の内8丁目10番6号,千代田区,東京都,1000021,2023-03-27
4663,伊藤拓也,伊藤拓也4663@yahoo.co.jp,090-8830-3598,北海道札幌市北区北6条西1丁目15番1号,札幌市北区,北海道,0600005,2024-10-01
4664,井上真由美,井上真由美4664@outlook.com,090-2466-5479,千葉県千葉市美浜区美浜5丁目15番5号,千葉市美浜区,千葉県,2610026,2023-08-21
4665,藤井達也,藤井達也4665@example.com,090-3313-2847,兵庫県神戸市灘区灘南通9丁目14番9号,神戸市灘区,兵庫県,6570001,2023-12-01
4666,山本翔太,山本翔太4666@gmail.com,090-9028-8667,兵庫県神戸市中央区三宮町10丁目12番9号,神戸市中央区,兵庫県,6500011,2023-11-19
4667,田中太郎,田中太郎4667@example.com,090-4820-5724,北海道札幌市北区北6条西1丁目17番5号,札幌市北区,北海道,0600035,2024-03-25
4668,田中一郎,田中一郎4668@outlook.com,090-6366-9725,大阪府大阪市北区梅田9丁目7番10号,大阪市北区,大阪府,5300015,2023-05-31
4669,小林恵子,小林恵子4669@example.com,090-8944-1921,神奈川県横浜市西区みなとみらい9丁目5番3号,横浜市西区,神奈川県,2200010,2024-10-29
4670,田中雄一,田中雄一4670@yahoo.co.jp,090-3729-4510,愛知県名古屋市中区錦10丁目7番3号,名古屋市中区,愛知県,4600002,2023-05-12
4671,村上剛,村上剛4671@gmail.com,090-9101-5198,東京都新宿区新宿2丁目17番5号,新宿区,東京都,1600017,2024-02-17
4672,中村慎一,中村慎一4672@gmail.com,090-1579-3988,愛知県名古屋市西区名駅6丁目14番2号,名古屋市西区,愛知県,4510041,2023-02-11
4673,村上次郎,村上次郎4673@outlook.com,090-1467-9473,埼玉県さいたま市浦和区高砂4丁目29番2号,さいたま市浦和区,埼玉県,3300017,2024-12-19
4674,山本亮,山本亮4674@icloud.com,090-5273-1436,埼玉県さいたま市大宮区大宮6丁目29番10号,さいたま市大宮区,埼玉県,3300038,2024-07-21
4675,坂本麻美,坂本麻美4675@example.com,090-5432-9495,兵庫県神戸市中央区三宮町6丁目22番3号,神戸市中央区,兵庫県,6500015,2023-09-25
4676,石川一郎,石川一郎4676@yahoo.co.jp,090-4031-7060,京都府京都市下京区四条通3丁目29番2号,京都市下京区,京都府,6000038,2023-01-25
4677,長谷川健太,長谷川健太4677@gmail.com,090-3560-2064,東京都新宿区新宿7丁目28番7号,新宿区,東京都,1600010,2023-02-25
4678,木村太郎,木村太郎4678@yahoo.co.jp,090-4476-3184,兵庫県神戸市灘区灘南通7丁目29番7号,神戸市灘区,兵庫県,6570002,2024-02-10
4679,山本由美子,山本由美子4679@outlook.com,090-1661-8904,千葉県千葉市中央区中央10丁目11番5号,千葉市中央区,千葉県,2600031,2024-02-15
4680,橋本和也,橋本和也4680@icloud.com,090-6147-7444,京都府京都市中京区烏丸通7丁目29番3号,京都市中京区,京都府,6040023,2023-06-26
4681,橋本一郎,橋本一郎4681@yahoo.co.jp,090-1059-5381,神奈川県横浜市中区本町2丁目10番4号,横浜市中区,神奈川県,2310007,2023-01-12
4682,伊藤由美子,伊藤由美子4682@example.com,090-1042-3508,埼玉県さいたま市浦和区高砂3丁目14番9号,さいたま市浦和区,埼玉県,3300025,2023-08-29
4683,佐藤健一,佐藤健一4683@outlook.com,090-9592-4235,埼玉県さいたま市大宮区大宮6丁目10番4号,さいたま市大宮区,埼玉県,3300002,2023-04-25
4684,後藤大輔,後藤大輔4684@icloud.com,090-1019-4034,東京都新宿区新宿4丁目8番7号,新宿区,東京都,1600003,2024-06-18
4685,伊藤一郎,伊藤一郎4685@example.com,090-5151-8091,福岡県福岡市博多区博多駅前6丁目16番1号,福岡市博多区,福岡県,8120002,2024-02-02
4686,岡田拓也,岡田拓也4686@yahoo.co.jp,090-3424-9361,福岡県福岡市中央区天神2丁目11番2号,福岡市中央区,福岡県,8100004,2023-11-15
4687,坂本直樹,坂本直樹4687@yahoo.co.jp,090-7037-8965,兵庫県神戸市中央区三宮町8丁目13番10号,神戸市中央区,兵庫県,6500008,2024-11-24
4688,森田恵子,森田恵子4688@outlook.com,090-6570-8517,神奈川県横浜市西区みなとみらい5丁目5番7号,横浜市西区,神奈川県,2200031,2024-01-20
4689,田中拓也,田中拓也4689@gmail.com,090-2636-4768,埼玉県さいたま市大宮区大宮1丁目27番9号,さいたま市大宮区,埼玉県,3300005,2023-05-31
4690,池田次郎,池田次郎4690@gmail.com,090-1603-5487,千葉県千葉市中央区中央1丁目16番8号,千葉市中央区,千葉県,2600030,2023-10-22
4691,山田剛,山田剛4691@icloud.com,090-8912-5623,大阪府大阪市中央区本町9丁目2番4号,大阪市中央区,大阪府,5410003,2023-09-27
4692,青木優子,青木優子4692@outlook.com,090-8028-5099,愛知県名古屋市中区錦10丁目30番3号,名古屋市中区,愛知県,4600002,2023-11-06
4693,森田和也,森田和也4693@yahoo.co.jp,090-5586-8592,埼玉県さいたま市浦和区高砂9丁目28番8号,さいたま市浦和区,埼玉県,3300014,2023-04-13
4694,渡辺誠,渡辺誠4694@outlook.com,090-2709-6962,愛知県名古屋市中区錦5丁目17番3号,名古屋市中区,愛知県,4600001,2024-07-27
4695,鈴木健一,鈴木健一4695@gmail.com,090-2953-4090,兵庫県神戸市灘区灘南通9丁目14番4号,神戸市灘区,兵庫県,6570022,2023-11-06
4696,長谷川雄一,長谷川雄一4696@icloud.com,090-6179-4768,愛知県名古屋市西区名駅5丁目4番5号,名古屋市西区,愛知県,4510009,2024-08-07
4697,池田正,池田正4697@example.com,090-1973-6269,兵庫県神戸市中央区三宮町9丁目25番2号,神戸市中央区,兵庫県,6500024,2024-10-29
4698,吉田直樹,吉田直樹4698@yahoo.co.jp,090-4888-8445,大阪府大阪市北区梅田5丁目13番9号,大阪市北区,大阪府,5300009,2023-09-23
4699,藤原由美子,藤原由美子4699@yahoo.co.jp,090-1616-8885,埼玉県さいたま市大宮区大宮7丁目6番7号,さいたま市大宮区,埼玉県,3300034,2024-02-15
4700,藤井美香,藤井美香4700@icloud.com,090-7207-6501,東京都千代田区丸の内9丁目29番5号,千代田区,東京都,1000001,2023-12-27
4701,渡辺智子,渡辺智子4701@icloud.com,090-3541-2150,福岡県福岡市中央区天神3丁目24番4号,福岡市中央区,福岡県,8100032,2024-02-09
4702,長谷川翔太,長谷川翔太4702@outlook.com,090-6634-8107,福岡県福岡市博多区博多駅前7丁目10番6号,福岡市博多区,福岡県,8120006,2024-10-04
4703,近藤美咲,近藤美咲4703@example.com,090-8382-5371,福岡県福岡市博多区博多駅前1丁目16番7号,福岡市博多区,福岡県,8120008,2023-09-22
4704,長谷川誠,長谷川誠4704@yahoo.co.jp,090-9039-3638,神奈川県横浜市中区本町4丁目15番8号,横浜市中区,神奈川県,2310003,2023-03-24
4705,岡田美咲,岡田美咲4705@outlook.com,090-3215-1325,埼玉県さいたま市浦和区高砂10丁目16番1号,さいたま市浦和区,埼玉県,3300039,2023-12-10
4706,森田由美子,森田由美子4706@gmail.com,090-3732-2239,東京都新宿区新宿1丁目30番7号,新宿区,東京都,1600018,2024-06-26
4707,近藤真由美,近藤真由美4707@outlook.com,090-1775-7179,神奈川県横浜市西区みなとみらい2丁目5番2号,横浜市西区,神奈川県,2200033,2023-03-18
4708,鈴木由美,鈴木由美4708@yahoo.co.jp,090-1621-4877,東京都千代田区丸の内2丁目18番7号,千代田区,東京都,1000020,2024-04-24
4709,石川亮,石川亮4709@example.com,090-8104-6956,兵庫県神戸市中央区三宮町9丁目13番5号,神戸市中央区,兵庫県,6500039,2023-12-27
4710,山田優子,山田優子4710@gmail.com,090-7000-5223,福岡県福岡市中央区天神5丁目30番10号,福岡市中央区,福岡県,8100009,2023-06-21
4711,佐藤由美子,佐藤由美子4711@example.com,090-4375-6951,大阪府大阪市北区梅田1丁目21番9号,大阪市北区,大阪府,5300017,2024-09-30
4712,加藤由美子,加藤由美子4712@example.com,090-1457-6869,北海道札幌市北区北6条西5丁目1番7号,札幌市北区,北海道,0600004,2023-11-01
4713,藤井一郎,藤井一郎4713@outlook.com,090-7021-3076,埼玉県さいたま市大宮区大宮6丁目21番2号,さいたま市大宮区,埼玉県,3300031,2024-01-13
4714,吉田拓也,吉田拓也4714@example.com,090-5006-5465,福岡県福岡市博多区博多駅前4丁目8番6号,福岡市博多区,福岡県,8120020,2024-04-13
4715,山田美香,山田美香4715@yahoo.co.jp,090-8942-4912,大阪府大阪市中央区本町8丁目16番2号,大阪市中央区,大阪府,5410040,2023-10-30
4716,中村健一,中村健一4716@outlook.com,090-9355-4893,福岡県福岡市博多区博多駅前4丁目8番5号,福岡市博多区,福岡県,8120007,2023-06-23
4717,森田拓也,森田拓也4717@yahoo.co.jp,090-7275-8760,愛知県名古屋市西区名駅10丁目11番4号,名古屋市西区,愛知県,4510020,2023-04-21
4718,藤井雄一,藤井雄一4718@example.com,090-9966-1315,大阪府大阪市北区梅田7丁目21番9号,大阪市北区,大阪府,5300021,2023-10-24
4719,鈴木和也,鈴木和也4719@yahoo.co.jp,090-9738-3278,埼玉県さいたま市大宮区大宮10丁目1番8号,さいたま市大宮区,埼玉県,3300007,2023-03-16
4720,森田三郎,森田三郎4720@gmail.com,090-8598-3309,埼玉県さいたま市大宮区大宮7丁目26番2号,さいたま市大宮区,埼玉県,3300007,2023-11-07
4721,鈴木次郎,鈴木次郎4721@gmail.com,090-2808-8386,千葉県千葉市中央区中央9丁目2番3号,千葉市中央区,千葉県,2600011,2024-06-11
4722,石川優子,石川優子4722@example.com,090-5876-6493,東京都渋谷区渋谷1丁目1番10号,渋谷区,東京都,1500024,2023-01-14
4723,中村三郎,中村三郎4723@gmail.com,090-7042-6636,京都府京都市下京区四条通10丁目3番4号,京都市下京区,京都府,6000021,2023-01-24
4724,山本由美子,山本由美子4724@outlook.com,090-6089-1280,愛知県名古屋市西区名駅3丁目22番1号,名古屋市西区,愛知県,4510018,2023-01-04
4725,井上翔太,井上翔太4725@outlook.com,090-6248-6558,神奈川県横浜市中区本町5丁目18番3号,横浜市中区,神奈川県,2310021,2023-12-13
4726,後藤真由美,後藤真由美4726@yahoo.co.jp,090-4125-2877,京都府京都市下京区四条通7丁目13番10号,京都市下京区,京都府,6000008,2023-10-14
4727,前田麻美,前田麻美4727@gmail.com,090-4833-9303,埼玉県さいたま市浦和区高砂7丁目19番9号,さいたま市浦和区,埼玉県,3300015,2023-09-28
4728,岡田達也,岡田達也4728@icloud.com,090-9056-8751,京都府京都市中京区烏丸通1丁目22番1号,京都市中京区,京都府,6040013,2024-11-09
4729,高橋大輔,高橋大輔4729@example.com,090-2431-9018,神奈川県横浜市西区みなとみらい3丁目20番8号,横浜市西区,神奈川県,2200011,2023-10-09
4730,伊藤さくら,伊藤さくら4730@example.com,090-8095-9967,愛知県名古屋市中区錦1丁目17番7号,名古屋市中区,愛知県,4600007,2024-12-18
4731,山本愛,山本愛4731@yahoo.co.jp,090-6663-1220,大阪府大阪市北区梅田4丁目10番4号,大阪市北区,大阪府,5300019,2024-05-13
4732,遠藤健太,遠藤健太4732@example.com,090-6709-2095,神奈川県横浜市西区みなとみらい10丁目30番8号,横浜市西区,神奈川県,2200019,2024-01-27
4733,小林慎一,小林慎一4733@gmail.com,090-5300-9311,神奈川県横浜市西区みなとみらい3丁目13番8号,横浜市西区,神奈川県,2200040,2023-08-01
4734,佐藤さくら,佐藤さくら4734@outlook.com,090-3465-2384,東京都新宿区新宿2丁目12番8号,新宿区,東京都,1600013,2023-07-11
4735,青木香織,青木香織4735@example.com,090-2729-3464,東京都新宿区新宿2丁目29番8号,新宿区,東京都,1600006,2024-12-23
4736,山本美咲,山本美咲4736@gmail.com,090-2683-1667,大阪府大阪市北区梅田5丁目19番4号,大阪市北区,大阪府,5300017,2024-10-13
4737,小林太郎,小林太郎4737@gmail.com,090-5991-3971,東京都千代田区丸の内4丁目30番5号,千代田区,東京都,1000017,2023-03-02
4738,石川真由美,石川真由美4738@icloud.com,090-7323-5081,埼玉県さいたま市大宮区大宮7丁目20番1号,さいたま市大宮区,埼玉県,3300013,2023-01-16
4739,後藤恵子,後藤恵子4739@outlook.com,090-8441-4391,大阪府大阪市北区梅田9丁目29番10号,大阪市北区,大阪府,5300020,2024-04-04
4740,高橋雄一,高橋雄一4740@yahoo.co.jp,090-8551-7959,神奈川県横浜市西区みなとみらい10丁目25番8号,横浜市西区,神奈川県,2200025,2024-07-18
4741,加藤亮,加藤亮4741@gmail.com,090-1940-1917,埼玉県さいたま市大宮区大宮5丁目15番10号,さいたま市大宮区,埼玉県,3300010,2023-07-21
4742,鈴木和也,鈴木和也4742@outlook.com,090-1023-3879,神奈川県横浜市西区みなとみらい9丁目5番2号,横浜市西区,神奈川県,2200035,2024-06-20
4743,鈴木美咲,鈴木美咲4743@yahoo.co.jp,090-8174-3006,東京都渋谷区渋谷3丁目24番6号,渋谷区,東京都,1500029,2023-06-02
4744,岡田直樹,岡田直樹4744@yahoo.co.jp,090-3671-8181,千葉県千葉市中央区中央5丁目21番4号,千葉市中央区,千葉県,2600041,2024-07-09
4745,松本恵子,松本恵子4745@gmail.com,090-7688-1290,埼玉県さいたま市浦和区高砂2丁目22番1号,さいたま市浦和区,埼玉県,3300032,2024-11-16
4746,岡田健一,岡田健一4746@gmail.com,090-4178-4961,兵庫県神戸市中央区三宮町7丁目7番2号,神戸市中央区,兵庫県,6500003,2024-02-10
4747,藤井三郎,藤井三郎4747@yahoo.co.jp,090-3852-2237,東京都千代田区丸の内2丁目29番9号,千代田区,東京都,1000001,2023-10-06
4748,加藤慎一,加藤慎一4748@outlook.com,090-3886-5738,福岡県福岡市博多区博多駅前10丁目10番2号,福岡市博多区,福岡県,8120008,2023-03-12
4749,井上花子,井上花子4749@gmail.com,090-1538-9019,千葉県千葉市美浜区美浜10丁目19番3号,千葉市美浜区,千葉県,2610032,2023-03-25
4750,遠藤健太,遠藤健太4750@yahoo.co.jp,090-5715-9737,千葉県千葉市美浜区美浜6丁目7番5号,千葉市美浜区,千葉県,2610006,2023-04-26
4751,加藤直樹,加藤直樹4751@outlook.com,090-6492-8511,埼玉県さいたま市浦和区高砂4丁目8番7号,さいたま市浦和区,埼玉県,3300031,2023-12-23
4752,遠藤美咲,遠藤美咲4752@yahoo.co.jp,090-7007-3707,東京都千代田区丸の内9丁目19番7号,千代田区,東京都,1000002,2023-05-28
4753,石川さくら,石川さくら4753@example.com,090-1664-4136,神奈川県横浜市中区本町10丁目18番2号,横浜市中区,神奈川県,2310020,2024-08-20
4754,池田由美,池田由美4754@yahoo.co.jp,090-1527-3900,北海道札幌市北区北6条西2丁目12番9号,札幌市北区,北海道,0600015,2024-07-04
4755,後藤さくら,後藤さくら4755@example.com,090-4938-3568,愛知県名古屋市西区名駅9丁目9番8号,名古屋市西区,愛知県,4510001,2024-01-03
4756,木村拓也,木村拓也4756@yahoo.co.jp,090-5916-1174,埼玉県さいたま市浦和区高砂1丁目26番4号,さいたま市浦和区,埼玉県,3300036,2023-06-10
4757,坂本千佳,坂本千佳4757@yahoo.co.jp,090-3694-6520,埼玉県さいたま市大宮区大宮1丁目22番9号,さいたま市大宮区,埼玉県,3300006,2023-05-28
4758,木村三郎,木村三郎4758@icloud.com,090-1109-7878,神奈川県横浜市西区みなとみらい1丁目27番8号,横浜市西区,神奈川県,2200002,2023-04-23
4759,山本香織,山本香織4759@icloud.com,090-3992-5636,大阪府大阪市北区梅田1丁目16番9号,大阪市北区,大阪府,5300001,2023-02-06
4760,小林由美子,小林由美子4760@outlook.com,090-2115-9871,千葉県千葉市美浜区美浜6丁目7番4号,千葉市美浜区,千葉県,2610039,2024-12-11
4761,佐藤翔太,佐藤翔太4761@example.com,090-2626-7465,大阪府大阪市北区梅田6丁目20番6号,大阪市北区,大阪府,5300011,2023-06-19
4762,井上直樹,井上直樹4762@icloud.com,090-6946-2656,神奈川県横浜市中区本町10丁目22番10号,横浜市中区,神奈川県,2310017,2023-03-16
4763,坂本恵子,坂本恵子4763@gmail.com,090-4859-3498,埼玉県さいたま市浦和区高砂6丁目26番1号,さいたま市浦和区,埼玉県,3300039,2023-08-21
4764,中村花子,中村花子4764@example.com,090-8031-8091,神奈川県横浜市中区本町5丁目7番7号,横浜市中区,神奈川県,2310035,2024-09-02
4765,田中由美子,田中由美子4765@example.com,090-5326-7035,神奈川県横浜市中区本町7丁目11番10号,横浜市中区,神奈川県,2310008,2023-12-29
4766,青木一郎,青木一郎4766@icloud.com,090-9179-8644,神奈川県横浜市西区みなとみらい1丁目26番3号,横浜市西区,神奈川県,2200032,2023-05-04
4767,加藤大輔,加藤大輔4767@gmail.com,090-2159-2885,愛知県名古屋市中区錦7丁目6番5号,名古屋市中区,愛知県,4600005,2023-01-20
4768,高橋三郎,高橋三郎4768@gmail.com,090-1804-3261,愛知県名古屋市中区錦1丁目15番6号,名古屋市中区,愛知県,4600007,2023-01-03
4769,森田雄一,森田雄一4769@icloud.com,090-1550-7161,神奈川県横浜市西区みなとみらい1丁目21番5号,横浜市西区,神奈川県,2200027,2023-02-20
4770,伊藤和也,伊藤和也4770@yahoo.co.jp,090-7658-2144,東京都渋谷区渋谷5丁目23番7号,渋谷区,東京都,1500028,2023-06-09
4771,吉田達也,吉田達也4771@example.com,090-9634-5003,大阪府大阪市中央区本町8丁目7番10号,大阪市中央区,大阪府,5410005,2023-06-27
4772,山本大輔,山本大輔4772@icloud.com,090-1730-5285,東京都千代田区丸の内1丁目8番5号,千代田区,東京都,1000016,2023-07-29
4773,伊藤達也,伊藤達也4773@gmail.com,090-1526-2347,東京都千代田区丸の内6丁目11番3号,千代田区,東京都,1000016,2023-02-02
4774,田中健太,田中健太4774@gmail.com,090-5124-1015,愛知県名古屋市中区錦4丁目18番4号,名古屋市中区,愛知県,4600001,2024-08-21
4775,田中達也,田中達也4775@example.com,090-1712-1145,福岡県福岡市博多区博多駅前3丁目9番5号,福岡市博多区,福岡県,8120013,2024-04-22
4776,加藤由美子,加藤由美子4776@icloud.com,090-3612-8611,神奈川県横浜市中区本町4丁目20番2号,横浜市中区,神奈川県,2310041,2024-03-29
4777,後藤直樹,後藤直樹4777@outlook.com,090-5740-7986,東京都千代田区丸の内4丁目3番4号,千代田区,東京都,1000011,2023-11-06
4778,鈴木慎一,鈴木慎一4778@icloud.com,090-8862-6056,京都府京都市下京区四条通6丁目20番3号,京都市下京区,京都府,6000013,2023-11-19
4779,森田優子,森田優子4779@example.com,090-9190-1998,北海道札幌市中央区北1条西8丁目24番9号,札幌市中央区,北海道,0600017,2023-06-04
4780,池田健太,池田健太4780@yahoo.co.jp,090-3380-7290,福岡県福岡市博多区博多駅前9丁目19番6号,福岡市博多区,福岡県,8120006,2023-10-12
4781,青木拓也,青木拓也4781@outlook.com,090-5848-4007,埼玉県さいたま市浦和区高砂6丁目21番6号,さいたま市浦和区,埼玉県,3300013,2024-06-16
4782,斎藤香織,斎藤香織4782@outlook.com,090-9666-8521,北海道札幌市中央区北1条西4丁目22番5号,札幌市中央区,北海道,0600025,2024-10-13
4783,山本美香,山本美香4783@outlook.com,090-1637-9046,兵庫県神戸市中央区三宮町8丁目4番9号,神戸市中央区,兵庫県,6500028,2023-04-25
4784,加藤花子,加藤花子4784@outlook.com,090-3728-4092,福岡県福岡市中央区天神5丁目26番1号,福岡市中央区,福岡県,8100032,2024-07-20
4785,藤井亮,藤井亮4785@icloud.com,090-1485-6422,埼玉県さいたま市浦和区高砂8丁目17番4号,さいたま市浦和区,埼玉県,3300019,2024-02-11
4786,加藤直樹,加藤直樹4786@example.com,090-8287-3019,東京都渋谷区渋谷8丁目15番2号,渋谷区,東京都,1500018,2024-12-17
4787,橋本香織,橋本香織4787@example.com,090-1850-5953,京都府京都市中京区烏丸通7丁目9番10号,京都市中京区,京都府,6040034,2024-05-21
4788,伊藤翔太,伊藤翔太4788@example.com,090-1207-7806,大阪府大阪市北区梅田2丁目29番8号,大阪市北区,大阪府,5300020,2024-09-01
4789,加藤剛,加藤剛4789@example.com,090-3626-1229,福岡県福岡市中央区天神6丁目9番6号,福岡市中央区,福岡県,8100031,2023-11-03
4790,山田花子,山田花子4790@outlook.com,090-6003-1910,東京都渋谷区渋谷4丁目20番3号,渋谷区,東京都,1500005,2023-05-11
4791,吉田花子,吉田花子4791@outlook.com,090-9916-3597,埼玉県さいたま市浦和区高砂8丁目23番9号,さいたま市浦和区,埼玉県,3300016,2024-03-27
4792,前田剛,前田剛4792@example.com,090-9571-3111,兵庫県神戸市中央区三宮町9丁目30番8号,神戸市中央区,兵庫県,6500015,2023-07-09
4793,遠藤翔太,遠藤翔太4793@gmail.com,090-1242-2186,神奈川県横浜市西区みなとみらい4丁目21番10号,横浜市西区,神奈川県,2200008,2024-10-23
4794,小林亮,小林亮4794@icloud.com,090-1518-3310,埼玉県さいたま市大宮区大宮5丁目22番7号,さいたま市大宮区,埼玉県,3300012,2023-06-01
4795,佐藤太郎,佐藤太郎4795@outlook.com,090-8031-1784,兵庫県神戸市中央区三宮町2丁目2番7号,神戸市中央区,兵庫県,6500012,2023-05-11
4796,高橋亮,高橋亮4796@icloud.com,090-4515-7000,千葉県千葉市美浜区美浜6丁目17番1号,千葉市美浜区,千葉県,2610001,2023-06-03
4797,伊藤達也,伊藤達也4797@outlook.com,090-9753-6715,埼玉県さいたま市浦和区高砂5丁目15番7号,さいたま市浦和区,埼玉県,3300003,2024-01-01
4798,小林拓也,小林拓也4798@gmail.com,090-4398-3422,愛知県名古屋市西区名駅6丁目13番5号,名古屋市西区,愛知県,4510025,2024-08-01
4799,池田大輔,池田大輔4799@outlook.com,090-7303-2988,兵庫県神戸市中央区三宮町7丁目28番6号,神戸市中央区,兵庫県,6500011,2024-03-17
4800,青木和也,青木和也4800@outlook.com,090-3450-7487,東京都千代田区丸の内9丁目5番2号,千代田区,東京都,1000010,2023-01-07
4801,遠藤直樹,遠藤直樹4801@outlook.com,090-6591-1332,京都府京都市中京区烏丸通10丁目11番2号,京都市中京区,京都府,6040018,2023-12-10
4802,山本健一,山本健一4802@example.com,090-3025-7698,千葉県千葉市美浜区美浜4丁目5番3号,千葉市美浜区,千葉県,2610021,2024-03-03
4803,佐藤和也,佐藤和也4803@icloud.com,090-8332-4287,兵庫県神戸市灘区灘南通5丁目10番5号,神戸市灘区,兵庫県,6570041,2023-09-07
4804,遠藤健一,遠藤健一4804@icloud.com,090-3366-5137,北海道札幌市中央区北1条西1丁目8番2号,札幌市中央区,北海道,0600008,2023-02-15
4805,伊藤美香,伊藤美香4805@yahoo.co.jp,090-9276-1704,千葉県千葉市中央区中央3丁目30番10号,千葉市中央区,千葉県,2600038,2024-08-17
4806,小林雄一,小林雄一4806@gmail.com,090-8740-4165,千葉県千葉市美浜区美浜7丁目24番10号,千葉市美浜区,千葉県,2610014,2024-12-16
4807,近藤愛,近藤愛4807@example.com,090-6288-1301,愛知県名古屋市中区錦4丁目3番6号,名古屋市中区,愛知県,4600002,2023-08-28
4808,松本剛,松本剛4808@example.com,090-4615-7543,兵庫県神戸市中央区三宮町8丁目18番5号,神戸市中央区,兵庫県,6500008,2023-07-12
4809,遠藤花子,遠藤花子4809@outlook.com,090-4096-2069,兵庫県神戸市灘区灘南通2丁目17番9号,神戸市灘区,兵庫県,6570040,2024-03-18
4810,森田健太,森田健太4810@outlook.com,090-2745-1663,大阪府大阪市北区梅田10丁目4番7号,大阪市北区,大阪府,5300003,2023-07-12
4811,山本誠,山本誠4811@example.com,090-6980-5336,千葉県千葉市中央区中央2丁目6番6号,千葉市中央区,千葉県,2600020,2023-06-11
4812,近藤剛,近藤剛4812@outlook.com,090-4814-8052,福岡県福岡市中央区天神8丁目12番3号,福岡市中央区,福岡県,8100020,2024-07-24
4813,鈴木花子,鈴木花子4813@icloud.com,090-8004-4008,兵庫県神戸市中央区三宮町5丁目7番9号,神戸市中央区,兵庫県,6500002,2024-08-12
4814,藤原誠,藤原誠4814@example.com,090-6294-7387,兵庫県神戸市灘区灘南通5丁目26番8号,神戸市灘区,兵庫県,6570029,2024-03-21
4815,斎藤香織,斎藤香織4815@yahoo.co.jp,090-2070-1303,愛知県名古屋市西区名駅8丁目14番5号,名古屋市西区,愛知県,4510028,2023-07-09
4816,坂本麻美,坂本麻美4816@icloud.com,090-8330-5500,神奈川県横浜市中区本町3丁目10番10号,横浜市中区,神奈川県,2310003,2024-03-12
4817,前田由美子,前田由美子4817@icloud.com,090-1999-8035,福岡県福岡市中央区天神6丁目27番5号,福岡市中央区,福岡県,8100017,2023-06-29
4818,山田麻衣,山田麻衣4818@gmail.com,090-4175-3470,福岡県福岡市博多区博多駅前10丁目12番7号,福岡市博多区,福岡県,8120016,2024-12-10
4819,池田麻美,池田麻美4819@gmail.com,090-9977-5386,埼玉県さいたま市大宮区大宮5丁目11番3号,さいたま市大宮区,埼玉県,3300019,2024-08-15
4820,石川次郎,石川次郎4820@yahoo.co.jp,090-3314-8269,千葉県千葉市美浜区美浜10丁目20番10号,千葉市美浜区,千葉県,2610006,2023-04-02
4821,小林健太,小林健太4821@outlook.com,090-1680-2538,京都府京都市下京区四条通7丁目3番4号,京都市下京区,京都府,6000010,2023-11-22
4822,遠藤慎一,遠藤慎一4822@outlook.com,090-1751-4696,京都府京都市中京区烏丸通2丁目19番5号,京都市中京区,京都府,6040008,2024-02-29
4823,青木花子,青木花子4823@gmail.com,090-3979-1637,埼玉県さいたま市大宮区大宮8丁目7番1号,さいたま市大宮区,埼玉県,3300014,2023-12-10
4824,中村正,中村正4824@yahoo.co.jp,090-3037-9120,兵庫県神戸市中央区三宮町4丁目20番4号,神戸市中央区,兵庫県,6500009,2024-04-11
4825,村上愛,村上愛4825@icloud.com,090-3896-3743,愛知県名古屋市西区名駅3丁目29番9号,名古屋市西区,愛知県,4510026,2023-07-30
4826,藤井由美子,藤井由美子4826@gmail.com,090-3772-6372,東京都新宿区新宿4丁目30番5号,新宿区,東京都,1600011,2024-12-16
4827,藤原拓也,藤原拓也4827@yahoo.co.jp,090-4521-8397,兵庫県神戸市灘区灘南通7丁目6番9号,神戸市灘区,兵庫県,6570010,2024-10-14
4828,山田直樹,山田直樹4828@yahoo.co.jp,090-2744-8869,愛知県名古屋市西区名駅9丁目4番4号,名古屋市西区,愛知県,4510028,2023-03-09
4829,青木誠,青木誠4829@yahoo.co.jp,090-5484-5965,北海道札幌市北区北6条西1丁目5番4号,札幌市北区,北海道,0600021,2023-11-08
4830,鈴木拓也,鈴木拓也4830@gmail.com,090-4280-6616,大阪府大阪市中央区本町4丁目22番6号,大阪市中央区,大阪府,5410018,2023-11-30
4831,渡辺次郎,渡辺次郎4831@example.com,090-6148-3546,千葉県千葉市美浜区美浜7丁目18番9号,千葉市美浜区,千葉県,2610026,2023-08-07
4832,吉田麻衣,吉田麻衣4832@gmail.com,090-6527-4050,福岡県福岡市中央区天神2丁目9番6号,福岡市中央区,福岡県,8100037,2023-01-29
4833,小林拓也,小林拓也4833@gmail.com,090-7057-7600,東京都新宿区新宿9丁目9番7号,新宿区,東京都,1600011,2024-04-11
4834,長谷川翔太,長谷川翔太4834@gmail.com,090-9740-7093,東京都渋谷区渋谷3丁目29番9号,渋谷区,東京都,1500028,2024-05-24
4835,岡田智子,岡田智子4835@icloud.com,090-3111-9791,福岡県福岡市中央区天神4丁目10番6号,福岡市中央区,福岡県,8100025,2023-03-14
4836,長谷川健太,長谷川健太4836@example.com,090-1318-3220,愛知県名古屋市中区錦6丁目4番2号,名古屋市中区,愛知県,4600003,2024-10-03
4837,橋本真由美,橋本真由美4837@outlook.com,090-7727-9191,北海道札幌市北区北6条西10丁目22番10号,札幌市北区,北海道,0600033,2024-12-01
4838,高橋さくら,高橋さくら4838@gmail.com,090-9800-5539,埼玉県さいたま市浦和区高砂8丁目30番8号,さいたま市浦和区,埼玉県,3300009,2024-09-09
4839,藤井優子,藤井優子4839@gmail.com,090-2626-6243,愛知県名古屋市西区名駅2丁目13番3号,名古屋市西区,愛知県,4510005,2023-01-09
4840,高橋慎一,高橋慎一4840@gmail.com,090-3355-6805,京都府京都市中京区烏丸通3丁目27番8号,京都市中京区,京都府,6040027,2024-06-18
4841,村上愛,村上愛4841@gmail.com,090-7050-6080,東京都渋谷区渋谷4丁目29番10号,渋谷区,東京都,1500020,2023-01-22
4842,渡辺美香,渡辺美香4842@icloud.com,090-2405-2264,大阪府大阪市北区梅田4丁目13番8号,大阪市北区,大阪府,5300001,2024-08-11
4843,田中香織,田中香織4843@example.com,090-3586-8249,京都府京都市中京区烏丸通1丁目2番1号,京都市中京区,京都府,6040014,2023-12-28
4844,田中智子,田中智子4844@gmail.com,090-6785-5176,千葉県千葉市中央区中央4丁目12番7号,千葉市中央区,千葉県,2600023,2024-02-06
4845,斎藤美穂,斎藤美穂4845@yahoo.co.jp,090-2951-4725,福岡県福岡市中央区天神10丁目19番6号,福岡市中央区,福岡県,8100036,2023-04-21
4846,藤原和也,藤原和也4846@yahoo.co.jp,090-5141-9100,東京都千代田区丸の内5丁目18番7号,千代田区,東京都,1000020,2023-06-05
4847,遠藤剛,遠藤剛4847@outlook.com,090-5393-4744,神奈川県横浜市中区本町9丁目15番6号,横浜市中区,神奈川県,2310014,2024-10-11
4848,橋本真由美,橋本真由美4848@icloud.com,090-3484-2561,東京都新宿区新宿1丁目17番9号,新宿区,東京都,1600020,2023-10-01
4849,岡田美穂,岡田美穂4849@outlook.com,090-5347-9836,京都府京都市下京区四条通7丁目30番4号,京都市下京区,京都府,6000035,2024-06-23
4850,木村由美子,木村由美子4850@outlook.com,090-6377-9575,東京都新宿区新宿7丁目12番6号,新宿区,東京都,1600013,2023-02-06
4851,佐藤和也,佐藤和也4851@icloud.com,090-8917-3607,京都府京都市中京区烏丸通7丁目4番10号,京都市中京区,京都府,6040023,2024-04-26
4852,橋本大輔,橋本大輔4852@icloud.com,090-4536-7697,北海道札幌市北区北6条西1丁目22番7号,札幌市北区,北海道,0600019,2024-05-27
4853,中村誠,中村誠4853@yahoo.co.jp,090-2677-3058,神奈川県横浜市西区みなとみらい7丁目8番4号,横浜市西区,神奈川県,2200031,2023-10-01
4854,池田優子,池田優子4854@yahoo.co.jp,090-1678-2971,京都府京都市中京区烏丸通2丁目5番4号,京都市中京区,京都府,6040039,2024-10-26
4855,森田麻美,森田麻美4855@gmail.com,090-7352-5709,大阪府大阪市中央区本町8丁目25番1号,大阪市中央区,大阪府,5410017,2023-12-11
4856,吉田由美,吉田由美4856@icloud.com,090-2579-1529,東京都新宿区新宿9丁目21番2号,新宿区,東京都,1600009,2024-10-16
4857,池田美香,池田美香4857@yahoo.co.jp,090-6407-5781,愛知県名古屋市中区錦3丁目29番6号,名古屋市中区,愛知県,4600003,2024-08-09
4858,井上一郎,井上一郎4858@gmail.com,090-7867-1165,神奈川県横浜市中区本町5丁目8番10号,横浜市中区,神奈川県,2310022,2023-06-29
4859,林雄一,林雄一4859@gmail.com,090-3185-9097,兵庫県神戸市灘区灘南通6丁目15番7号,神戸市灘区,兵庫県,6570022,2024-02-14
4860,鈴木雄一,鈴木雄一4860@outlook.com,090-2532-9899,埼玉県さいたま市浦和区高砂4丁目17番5号,さいたま市浦和区,埼玉県,3300020,2024-09-23
4861,近藤千佳,近藤千佳4861@icloud.com,090-8581-8993,兵庫県神戸市中央区三宮町8丁目19番1号,神戸市中央区,兵庫県,6500022,2024-08-18
4862,藤井優子,藤井優子4862@example.com,090-7341-4234,千葉県千葉市中央区中央6丁目21番3号,千葉市中央区,千葉県,2600025,2023-06-16
4863,鈴木次郎,鈴木次郎4863@gmail.com,090-9818-7711,北海道札幌市北区北6条西9丁目9番8号,札幌市北区,北海道,0600004,2024-05-15
4864,藤井正,藤井正4864@outlook.com,090-7617-7887,神奈川県横浜市西区みなとみらい10丁目22番1号,横浜市西区,神奈川県,2200033,2024-01-31
4865,佐藤美香,佐藤美香4865@outlook.com,090-8450-6435,京都府京都市中京区烏丸通1丁目14番2号,京都市中京区,京都府,6040027,2023-12-19
4866,田中美咲,田中美咲4866@example.com,090-2674-2696,京都府京都市中京区烏丸通3丁目23番5号,京都市中京区,京都府,6040019,2023-11-18
4867,斎藤香織,斎藤香織4867@icloud.com,090-5578-4813,東京都新宿区新宿2丁目9番8号,新宿区,東京都,1600008,2024-06-08
4868,石川優子,石川優子4868@example.com,090-7334-5878,埼玉県さいたま市大宮区大宮8丁目19番8号,さいたま市大宮区,埼玉県,3300030,2023-04-07
4869,松本拓也,松本拓也4869@icloud.com,090-5999-7305,埼玉県さいたま市大宮区大宮3丁目11番9号,さいたま市大宮区,埼玉県,3300010,2023-08-19
4870,渡辺恵子,渡辺恵子4870@example.com,090-5010-7208,愛知県名古屋市西区名駅9丁目25番5号,名古屋市西区,愛知県,4510009,2023-12-18
4871,前田直樹,前田直樹4871@gmail.com,090-8884-7093,京都府京都市下京区四条通8丁目2番9号,京都市下京区,京都府,6000002,2023-06-11
4872,岡田剛,岡田剛4872@outlook.com,090-7127-3481,北海道札幌市北区北6条西10丁目4番3号,札幌市北区,北海道,0600041,2023-07-31
4873,池田健太,池田健太4873@gmail.com,090-7441-7774,京都府京都市中京区烏丸通1丁目10番9号,京都市中京区,京都府,6040019,2024-04-15
4874,森田直樹,森田直樹4874@gmail.com,090-3629-3337,東京都渋谷区渋谷3丁目2番9号,渋谷区,東京都,1500025,2024-04-05
4875,渡辺麻衣,渡辺麻衣4875@icloud.com,090-4413-6478,兵庫県神戸市灘区灘南通7丁目4番8号,神戸市灘区,兵庫県,6570038,2023-06-30
4876,遠藤美香,遠藤美香4876@gmail.com,090-8056-6257,北海道札幌市中央区北1条西4丁目24番9号,札幌市中央区,北海道,0600007,2023-11-19
4877,坂本健太,坂本健太4877@example.com,090-2398-3220,神奈川県横浜市西区みなとみらい10丁目22番8号,横浜市西区,神奈川県,2200024,2023-01-24
4878,木村由美,木村由美4878@gmail.com,090-7573-2686,北海道札幌市中央区北1条西3丁目1番5号,札幌市中央区,北海道,0600022,2023-02-11
4879,長谷川美穂,長谷川美穂4879@outlook.com,090-2620-7619,大阪府大阪市北区梅田7丁目4番9号,大阪市北区,大阪府,5300006,2023-11-16
4880,青木次郎,青木次郎4880@icloud.com,090-6863-2870,兵庫県神戸市灘区灘南通3丁目24番1号,神戸市灘区,兵庫県,6570007,2023-01-21
4881,吉田美香,吉田美香4881@gmail.com,090-8989-9467,京都府京都市下京区四条通8丁目18番7号,京都市下京区,京都府,6000024,2024-05-18
4882,鈴木健太,鈴木健太4882@gmail.com,090-7949-6992,兵庫県神戸市中央区三宮町4丁目11番7号,神戸市中央区,兵庫県,6500025,2023-07-07
4883,近藤拓也,近藤拓也4883@yahoo.co.jp,090-8828-1852,埼玉県さいたま市大宮区大宮3丁目8番5号,さいたま市大宮区,埼玉県,3300021,2024-07-03
4884,遠藤直樹,遠藤直樹4884@example.com,090-1717-3784,大阪府大阪市中央区本町5丁目11番5号,大阪市中央区,大阪府,5410002,2023-11-07
4885,鈴木恵子,鈴木恵子4885@yahoo.co.jp,090-8884-5704,愛知県名古屋市西区名駅5丁目30番1号,名古屋市西区,愛知県,4510029,2024-08-28
4886,林雄一,林雄一4886@example.com,090-9606-3297,神奈川県横浜市中区本町1丁目28番10号,横浜市中区,神奈川県,2310008,2024-11-21
4887,石川由美子,石川由美子4887@outlook.com,090-3181-9657,東京都新宿区新宿6丁目20番10号,新宿区,東京都,1600005,2024-06-22
4888,青木愛,青木愛4888@yahoo.co.jp,090-6187-2841,福岡県福岡市中央区天神8丁目27番2号,福岡市中央区,福岡県,8100012,2024-11-09
4889,橋本翔太,橋本翔太4889@gmail.com,090-1397-6500,京都府京都市中京区烏丸通6丁目15番2号,京都市中京区,京都府,6040034,2024-06-09
4890,斎藤由美,斎藤由美4890@gmail.com,090-5056-8422,京都府京都市中京区烏丸通6丁目8番4号,京都市中京区,京都府,6040041,2024-01-11
4891,後藤さくら,後藤さくら4891@yahoo.co.jp,090-8221-7840,千葉県千葉市美浜区美浜7丁目28番5号,千葉市美浜区,千葉県,2610016,2023-03-01
4892,森田和也,森田和也4892@outlook.com,090-1219-6990,北海道札幌市中央区北1条西10丁目7番10号,札幌市中央区,北海道,0600035,2024-07-14
4893,森田美咲,森田美咲4893@example.com,090-8367-8674,京都府京都市下京区四条通8丁目1番10号,京都市下京区,京都府,6000027,2024-01-04
4894,加藤美咲,加藤美咲4894@example.com,090-7947-8528,東京都渋谷区渋谷5丁目15番3号,渋谷区,東京都,1500001,2024-06-10
4895,木村太郎,木村太郎4895@example.com,090-9068-8110,神奈川県横浜市西区みなとみらい2丁目30番3号,横浜市西区,神奈川県,2200021,2024-05-25
4896,森田恵子,森田恵子4896@yahoo.co.jp,090-1179-8682,福岡県福岡市博多区博多駅前8丁目3番6号,福岡市博多区,福岡県,8120021,2023-04-12
4897,後藤愛,後藤愛4897@gmail.com,090-7992-1890,大阪府大阪市北区梅田5丁目4番7号,大阪市北区,大阪府,5300015,2024-12-30
4898,遠藤直樹,遠藤直樹4898@icloud.com,090-9999-2626,東京都千代田区丸の内3丁目11番8号,千代田区,東京都,1000004,2023-01-29
4899,青木三郎,青木三郎4899@example.com,090-2182-1088,兵庫県神戸市灘区灘南通6丁目19番5号,神戸市灘区,兵庫県,6570027,2023-01-08
4900,村上一郎,村上一郎4900@yahoo.co.jp,090-5111-4152,京都府京都市中京区烏丸通5丁目18番5号,京都市中京区,京都府,6040031,2024-01-01
4901,山本恵子,山本恵子4901@example.com,090-7267-2623,愛知県名古屋市中区錦3丁目19番3号,名古屋市中区,愛知県,4600002,2023-07-16
4902,村上翔太,村上翔太4902@example.com,090-7459-4050,京都府京都市中京区烏丸通2丁目13番6号,京都市中京区,京都府,6040035,2023-12-18
4903,渡辺亮,渡辺亮4903@yahoo.co.jp,090-4785-3864,埼玉県さいたま市浦和区高砂10丁目27番9号,さいたま市浦和区,埼玉県,3300001,2023-12-27
4904,加藤花子,加藤花子4904@icloud.com,090-8306-5808,東京都新宿区新宿6丁目29番2号,新宿区,東京都,1600010,2023-05-11
4905,石川一郎,石川一郎4905@example.com,090-7890-2014,大阪府大阪市中央区本町8丁目24番5号,大阪市中央区,大阪府,5410024,2023-01-29
4906,田中拓也,田中拓也4906@icloud.com,090-7979-6297,兵庫県神戸市灘区灘南通9丁目17番9号,神戸市灘区,兵庫県,6570025,2023-12-09
4907,吉田健一,吉田健一4907@gmail.com,090-2541-7666,京都府京都市下京区四条通10丁目8番1号,京都市下京区,京都府,6000040,2023-10-09
4908,山田翔太,山田翔太4908@example.com,090-3002-9917,東京都新宿区新宿4丁目5番4号,新宿区,東京都,1600014,2023-03-10
4909,斎藤花子,斎藤花子4909@gmail.com,090-3844-9299,神奈川県横浜市中区本町4丁目13番4号,横浜市中区,神奈川県,2310011,2024-07-10
4910,後藤香織,後藤香織4910@example.com,090-4872-7106,東京都新宿区新宿9丁目28番5号,新宿区,東京都,1600008,2023-02-23
4911,伊藤亮,伊藤亮4911@outlook.com,090-8828-9094,兵庫県神戸市中央区三宮町1丁目16番4号,神戸市中央区,兵庫県,6500036,2023-08-29
4912,遠藤次郎,遠藤次郎4912@gmail.com,090-7430-6542,東京都渋谷区渋谷2丁目26番1号,渋谷区,東京都,1500024,2024-06-01
4913,渡辺千佳,渡辺千佳4913@yahoo.co.jp,090-2425-3506,大阪府大阪市北区梅田9丁目27番10号,大阪市北区,大阪府,5300004,2024-05-11
4914,藤井千佳,藤井千佳4914@icloud.com,090-7533-2000,神奈川県横浜市西区みなとみらい3丁目7番7号,横浜市西区,神奈川県,2200027,2023-05-04
4915,松本太郎,松本太郎4915@icloud.com,090-9938-5679,東京都渋谷区渋谷2丁目29番5号,渋谷区,東京都,1500035,2024-02-04
4916,山本正,山本正4916@icloud.com,090-6977-9774,兵庫県神戸市灘区灘南通3丁目20番8号,神戸市灘区,兵庫県,6570039,2024-02-06
4917,藤井太郎,藤井太郎4917@yahoo.co.jp,090-9025-8362,愛知県名古屋市中区錦5丁目22番4号,名古屋市中区,愛知県,4600003,2024-09-21
4918,村上雄一,村上雄一4918@example.com,090-6675-4489,愛知県名古屋市西区名駅3丁目22番6号,名古屋市西区,愛知県,4510011,2024-09-02
4919,坂本由美,坂本由美4919@example.com,090-9366-5868,京都府京都市中京区烏丸通9丁目25番5号,京都市中京区,京都府,6040038,2024-12-15
4920,田中美咲,田中美咲4920@yahoo.co.jp,090-2135-1997,埼玉県さいたま市大宮区大宮2丁目4番2号,さいたま市大宮区,埼玉県,3300030,2023-06-27
4921,高橋健一,高橋健一4921@yahoo.co.jp,090-2819-7019,神奈川県横浜市中区本町8丁目27番8号,横浜市中区,神奈川県,2310034,2024-12-13
4922,後藤美香,後藤美香4922@icloud.com,090-1999-4681,千葉県千葉市中央区中央8丁目7番10号,千葉市中央区,千葉県,2600037,2023-07-13
4923,池田さくら,池田さくら4923@icloud.com,090-7751-3161,福岡県福岡市中央区天神2丁目30番8号,福岡市中央区,福岡県,8100028,2023-05-25
4924,林三郎,林三郎4924@example.com,090-5613-9228,千葉県千葉市美浜区美浜7丁目4番1号,千葉市美浜区,千葉県,2610017,2023-05-05
4925,中村正,中村正4925@yahoo.co.jp,090-7422-3678,北海道札幌市中央区北1条西3丁目14番1号,札幌市中央区,北海道,0600009,2023-03-10
4926,田中太郎,田中太郎4926@example.com,090-6527-8025,大阪府大阪市中央区本町2丁目25番10号,大阪市中央区,大阪府,5410029,2023-11-19
4927,長谷川剛,長谷川剛4927@example.com,090-7816-6855,千葉県千葉市中央区中央10丁目11番7号,千葉市中央区,千葉県,2600011,2024-09-05
4928,鈴木麻美,鈴木麻美4928@gmail.com,090-3936-7641,大阪府大阪市北区梅田9丁目2番6号,大阪市北区,大阪府,5300011,2024-07-28
4929,藤井由美,藤井由美4929@yahoo.co.jp,090-4009-1028,京都府京都市下京区四条通7丁目4番10号,京都市下京区,京都府,6000015,2023-01-03
4930,加藤麻衣,加藤麻衣4930@gmail.com,090-9763-1714,千葉県千葉市中央区中央6丁目4番3号,千葉市中央区,千葉県,2600034,2023-03-03
4931,高橋美穂,高橋美穂4931@example.com,090-6260-3744,愛知県名古屋市中区錦10丁目26番7号,名古屋市中区,愛知県,4600006,2023-11-29
4932,藤井愛,藤井愛4932@outlook.com,090-7513-7843,神奈川県横浜市西区みなとみらい8丁目7番1号,横浜市西区,神奈川県,2200005,2024-03-24
4933,岡田健太,岡田健太4933@gmail.com,090-8083-5689,神奈川県横浜市西区みなとみらい5丁目5番10号,横浜市西区,神奈川県,2200023,2024-10-02
4934,近藤亮,近藤亮4934@outlook.com,090-9431-7738,埼玉県さいたま市浦和区高砂7丁目27番10号,さいたま市浦和区,埼玉県,3300011,2024-10-09
4935,遠藤由美,遠藤由美4935@yahoo.co.jp,090-3463-3533,東京都渋谷区渋谷5丁目2番8号,渋谷区,東京都,1500014,2024-07-18
4936,林和也,林和也4936@yahoo.co.jp,090-8334-3294,大阪府大阪市中央区本町2丁目27番9号,大阪市中央区,大阪府,5410028,2024-01-02
4937,村上美香,村上美香4937@example.com,090-6368-1867,福岡県福岡市中央区天神1丁目11番1号,福岡市中央区,福岡県,8100003,2023-01-31
4938,中村誠,中村誠4938@gmail.com,090-8470-7625,愛知県名古屋市中区錦9丁目17番5号,名古屋市中区,愛知県,4600006,2024-06-25
4939,前田和也,前田和也4939@icloud.com,090-3397-8883,埼玉県さいたま市大宮区大宮4丁目1番7号,さいたま市大宮区,埼玉県,3300010,2023-05-22
4940,田中麻美,田中麻美4940@gmail.com,090-6026-6794,千葉県千葉市美浜区美浜5丁目4番6号,千葉市美浜区,千葉県,2610009,2023-04-17
4941,森田さくら,森田さくら4941@outlook.com,090-7993-1627,神奈川県横浜市西区みなとみらい6丁目3番9号,横浜市西区,神奈川県,2200001,2023-07-26
4942,中村大輔,中村大輔4942@icloud.com,090-1652-2661,埼玉県さいたま市大宮区大宮2丁目9番9号,さいたま市大宮区,埼玉県,3300035,2023-11-10
4943,山田美穂,山田美穂4943@example.com,090-4725-4062,北海道札幌市中央区北1条西5丁目10番7号,札幌市中央区,北海道,0600002,2024-11-28
4944,井上真由美,井上真由美4944@outlook.com,090-2286-5836,兵庫県神戸市中央区三宮町10丁目20番1号,神戸市中央区,兵庫県,6500001,2024-07-07
4945,藤井愛,藤井愛4945@example.com,090-6421-1954,東京都新宿区新宿3丁目10番3号,新宿区,東京都,1600018,2024-03-04
4946,藤井剛,藤井剛4946@yahoo.co.jp,090-9813-4135,福岡県福岡市博多区博多駅前2丁目14番10号,福岡市博多区,福岡県,8120001,2024-12-11
4947,山本和也,山本和也4947@gmail.com,090-5363-8842,福岡県福岡市中央区天神3丁目5番1号,福岡市中央区,福岡県,8100027,2023-11-07
4948,長谷川太郎,長谷川太郎4948@outlook.com,090-3634-8398,埼玉県さいたま市大宮区大宮5丁目21番1号,さいたま市大宮区,埼玉県,3300021,2024-03-23
4949,加藤美香,加藤美香4949@outlook.com,090-5618-5888,東京都新宿区新宿6丁目12番8号,新宿区,東京都,1600015,2024-07-12
4950,後藤慎一,後藤慎一4950@gmail.com,090-7049-4823,愛知県名古屋市西区名駅1丁目1番3号,名古屋市西区,愛知県,4510006,2023-05-13
4951,木村香織,木村香織4951@example.com,090-3634-2029,大阪府大阪市北区梅田2丁目22番1号,大阪市北区,大阪府,5300006,2024-08-24
4952,村上健太,村上健太4952@example.com,090-9962-6256,大阪府大阪市北区梅田10丁目6番6号,大阪市北区,大阪府,5300012,2024-06-28
4953,青木麻美,青木麻美4953@example.com,090-2516-5178,千葉県千葉市美浜区美浜6丁目21番8号,千葉市美浜区,千葉県,2610011,2024-11-30
4954,岡田愛,岡田愛4954@example.com,090-8742-5158,東京都千代田区丸の内5丁目30番5号,千代田区,東京都,1000002,2024-04-23
4955,坂本美穂,坂本美穂4955@outlook.com,090-7536-4763,埼玉県さいたま市大宮区大宮7丁目30番5号,さいたま市大宮区,埼玉県,3300038,2024-05-20
4956,山田由美,山田由美4956@example.com,090-7744-7543,東京都千代田区丸の内10丁目16番3号,千代田区,東京都,1000019,2023-09-02
4957,岡田大輔,岡田大輔4957@gmail.com,090-6365-1649,埼玉県さいたま市大宮区大宮3丁目14番9号,さいたま市大宮区,埼玉県,3300037,2023-09-08
4958,藤原健太,藤原健太4958@icloud.com,090-9299-6971,福岡県福岡市中央区天神1丁目23番8号,福岡市中央区,福岡県,8100036,2023-10-10
4959,渡辺剛,渡辺剛4959@gmail.com,090-4806-4864,京都府京都市中京区烏丸通3丁目10番10号,京都市中京区,京都府,6040010,2023-01-29
4960,石川拓也,石川拓也4960@yahoo.co.jp,090-7514-2016,兵庫県神戸市中央区三宮町2丁目19番1号,神戸市中央区,兵庫県,6500006,2023-02-11
4961,岡田麻衣,岡田麻衣4961@outlook.com,090-4690-6757,京都府京都市中京区烏丸通10丁目28番8号,京都市中京区,京都府,6040013,2023-03-25
4962,近藤太郎,近藤太郎4962@gmail.com,090-4688-8656,北海道札幌市中央区北1条西8丁目8番8号,札幌市中央区,北海道,0600039,2023-05-02
4963,近藤和也,近藤和也4963@example.com,090-3831-7968,福岡県福岡市博多区博多駅前6丁目3番2号,福岡市博多区,福岡県,8120019,2023-03-24
4964,斎藤直樹,斎藤直樹4964@gmail.com,090-9105-9090,兵庫県神戸市灘区灘南通10丁目30番7号,神戸市灘区,兵庫県,6570004,2024-01-22
4965,中村優子,中村優子4965@icloud.com,090-9245-8891,埼玉県さいたま市浦和区高砂1丁目15番4号,さいたま市浦和区,埼玉県,3300029,2023-10-21
4966,後藤次郎,後藤次郎4966@yahoo.co.jp,090-9094-1762,大阪府大阪市北区梅田5丁目6番7号,大阪市北区,大阪府,5300020,2024-03-10
4967,青木花子,青木花子4967@yahoo.co.jp,090-8617-1179,神奈川県横浜市中区本町5丁目3番1号,横浜市中区,神奈川県,2310022,2023-01-08
4968,森田香織,森田香織4968@yahoo.co.jp,090-6297-2886,北海道札幌市北区北6条西4丁目20番2号,札幌市北区,北海道,0600016,2023-10-30
4969,近藤由美,近藤由美4969@outlook.com,090-8462-5747,神奈川県横浜市西区みなとみらい2丁目19番8号,横浜市西区,神奈川県,2200036,2024-06-13
4970,吉田雄一,吉田雄一4970@example.com,090-1451-4748,京都府京都市下京区四条通4丁目10番3号,京都市下京区,京都府,6000006,2024-11-21
4971,藤原大輔,藤原大輔4971@yahoo.co.jp,090-1098-4479,千葉県千葉市美浜区美浜8丁目14番8号,千葉市美浜区,千葉県,2610005,2024-01-18
4972,坂本太郎,坂本太郎4972@outlook.com,090-1036-7854,神奈川県横浜市西区みなとみらい1丁目8番1号,横浜市西区,神奈川県,2200024,2023-07-01
4973,木村剛,木村剛4973@outlook.com,090-6779-5197,千葉県千葉市美浜区美浜3丁目14番1号,千葉市美浜区,千葉県,2610033,2023-05-29
4974,中村千佳,中村千佳4974@yahoo.co.jp,090-4582-5383,愛知県名古屋市中区錦2丁目10番2号,名古屋市中区,愛知県,4600006,2024-06-25
4975,石川拓也,石川拓也4975@yahoo.co.jp,090-5245-9465,東京都千代田区丸の内7丁目4番6号,千代田区,東京都,1000013,2023-08-30
4976,中村三郎,中村三郎4976@outlook.com,090-8855-6217,千葉県千葉市中央区中央1丁目3番6号,千葉市中央区,千葉県,2600003,2023-08-08
4977,森田健一,森田健一4977@outlook.com,090-4022-5161,千葉県千葉市美浜区美浜8丁目25番10号,千葉市美浜区,千葉県,2610015,2023-04-03
4978,前田由美,前田由美4978@gmail.com,090-6603-4726,東京都渋谷区渋谷3丁目26番10号,渋谷区,東京都,1500033,2023-08-05
4979,加藤美咲,加藤美咲4979@yahoo.co.jp,090-8663-4587,愛知県名古屋市中区錦7丁目14番10号,名古屋市中区,愛知県,4600001,2023-03-10
4980,遠藤恵子,遠藤恵子4980@icloud.com,090-7415-3559,愛知県名古屋市西区名駅4丁目1番7号,名古屋市西区,愛知県,4510009,2024-03-17
4981,遠藤由美子,遠藤由美子4981@example.com,090-2228-3796,福岡県福岡市中央区天神7丁目5番1号,福岡市中央区,福岡県,8100012,2023-05-09
4982,藤原雄一,藤原雄一4982@gmail.com,090-6509-7227,愛知県名古屋市西区名駅9丁目17番7号,名古屋市西区,愛知県,4510007,2023-03-19
4983,岡田美穂,岡田美穂4983@gmail.com,090-9181-1100,京都府京都市下京区四条通6丁目21番2号,京都市下京区,京都府,6000027,2024-11-16
4984,坂本恵子,坂本恵子4984@gmail.com,090-4646-3430,千葉県千葉市美浜区美浜2丁目30番7号,千葉市美浜区,千葉県,2610016,2023-12-21
4985,木村由美子,木村由美子4985@icloud.com,090-7327-5525,京都府京都市中京区烏丸通1丁目24番4号,京都市中京区,京都府,6040017,2023-05-05
4986,藤井拓也,藤井拓也4986@yahoo.co.jp,090-1614-2641,千葉県千葉市中央区中央7丁目10番7号,千葉市中央区,千葉県,2600017,2024-07-18
4987,遠藤愛,遠藤愛4987@example.com,090-8146-7723,兵庫県神戸市灘区灘南通1丁目9番3号,神戸市灘区,兵庫県,6570027,2023-12-03
4988,森田恵子,森田恵子4988@example.com,090-2349-6240,大阪府大阪市北区梅田6丁目4番2号,大阪市北区,大阪府,5300019,2023-12-19
4989,岡田正,岡田正4989@example.com,090-8266-6831,神奈川県横浜市中区本町3丁目25番9号,横浜市中区,神奈川県,2310031,2023-09-06
4990,石川真由美,石川真由美4990@gmail.com,090-8577-1796,北海道札幌市中央区北1条西9丁目4番4号,札幌市中央区,北海道,0600014,2023-06-15
4991,山田美穂,山田美穂4991@icloud.com,090-8530-4788,東京都新宿区新宿6丁目6番10号,新宿区,東京都,1600014,2024-07-05
4992,木村剛,木村剛4992@outlook.com,090-2232-7919,神奈川県横浜市中区本町7丁目26番6号,横浜市中区,神奈川県,2310035,2023-01-22
4993,斎藤由美,斎藤由美4993@outlook.com,090-8265-9583,東京都新宿区新宿8丁目16番10号,新宿区,東京都,1600016,2023-11-30
4994,坂本慎一,坂本慎一4994@yahoo.co.jp,090-3903-6580,千葉県千葉市中央区中央2丁目24番8号,千葉市中央区,千葉県,2600041,2024-08-15
4995,伊藤さくら,伊藤さくら4995@example.com,090-7916-2466,兵庫県神戸市灘区灘南通2丁目18番2号,神戸市灘区,兵庫県,6570016,2024-09-16
4996,林翔太,林翔太4996@outlook.com,090-5724-2793,福岡県福岡市中央区天神6丁目20番1号,福岡市中央区,福岡県,8100038,2023-11-15
4997,山本麻美,山本麻美4997@example.com,090-3574-2185,京都府京都市下京区四条通5丁目13番8号,京都市下京区,京都府,6000019,2024-10-20
4998,松本一郎,松本一郎4998@icloud.com,090-7508-4547,京都府京都市下京区四条通7丁目6番5号,京都市下京区,京都府,6000029,2023-06-27
4999,小林美咲,小林美咲4999@example.com,090-4057-7794,大阪府大阪市北区梅田7丁目2番2号,大阪市北区,大阪府,5300009,2023-12-26
5000,高橋和也,高橋和也5000@gmail.com,090-1828-1356,福岡県福岡市中央区天神1丁目9番6号,福岡市中央区,福岡県,8100031,2023-01-06
5001,林愛,林愛5001@icloud.com,090-8459-2815,千葉県千葉市美浜区美浜1丁目17番6号,千葉市美浜区,千葉県,2610026,2024-02-10
5002,池田香織,池田香織5002@example.com,090-2957-1837,大阪府大阪市中央区本町4丁目18番7号,大阪市中央区,大阪府,5410037,2024-04-20
5003,山本一郎,山本一郎5003@gmail.com,090-7211-8366,福岡県福岡市中央区天神10丁目7番5号,福岡市中央区,福岡県,8100007,2023-06-04
5004,高橋美香,高橋美香5004@outlook.com,090-9756-7181,兵庫県神戸市灘区灘南通8丁目17番7号,神戸市灘区,兵庫県,6570038,2024-07-12
5005,藤原智子,藤原智子5005@outlook.com,090-3163-9009,福岡県福岡市中央区天神4丁目21番2号,福岡市中央区,福岡県,8100004,2023-07-06
5006,木村真由美,木村真由美5006@gmail.com,090-4534-8320,千葉県千葉市中央区中央5丁目6番2号,千葉市中央区,千葉県,2600022,2023-07-03
5007,高橋麻衣,高橋麻衣5007@gmail.com,090-9422-3737,愛知県名古屋市中区錦9丁目19番4号,名古屋市中区,愛知県,4600006,2023-01-10
5008,加藤誠,加藤誠5008@example.com,090-9381-6971,神奈川県横浜市西区みなとみらい9丁目29番4号,横浜市西区,神奈川県,2200008,2023-12-14
5009,山田優子,山田優子5009@outlook.com,090-4927-6189,東京都千代田区丸の内7丁目21番3号,千代田区,東京都,1000020,2024-07-28
5010,橋本由美,橋本由美5010@example.com,090-9763-6855,愛知県名古屋市西区名駅6丁目24番2号,名古屋市西区,愛知県,4510017,2023-04-21
5011,前田太郎,前田太郎5011@icloud.com,090-4557-4682,京都府京都市下京区四条通8丁目28番2号,京都市下京区,京都府,6000022,2024-07-13
5012,井上優子,井上優子5012@example.com,090-2226-2745,千葉県千葉市中央区中央1丁目12番6号,千葉市中央区,千葉県,2600013,2023-03-08
5013,渡辺美咲,渡辺美咲5013@outlook.com,090-1180-2914,兵庫県神戸市中央区三宮町9丁目6番3号,神戸市中央区,兵庫県,6500016,2023-09-04
5014,山本正,山本正5014@icloud.com,090-7238-8841,兵庫県神戸市中央区三宮町8丁目17番7号,神戸市中央区,兵庫県,6500024,2024-05-27
5015,高橋由美,高橋由美5015@icloud.com,090-5812-9580,兵庫県神戸市中央区三宮町8丁目19番5号,神戸市中央区,兵庫県,6500013,2023-04-01
5016,後藤慎一,後藤慎一5016@gmail.com,090-7965-2428,東京都千代田区丸の内8丁目27番6号,千代田区,東京都,1000004,2024-07-18
5017,吉田麻美,吉田麻美5017@outlook.com,090-6491-7269,東京都新宿区新宿9丁目12番9号,新宿区,東京都,1600003,2023-03-21
5018,石川直樹,石川直樹5018@gmail.com,090-7980-6650,東京都千代田区丸の内1丁目10番3号,千代田区,東京都,1000005,2024-04-29
5019,小林真由美,小林真由美5019@outlook.com,090-9251-1689,大阪府大阪市中央区本町3丁目13番2号,大阪市中央区,大阪府,5410002,2023-10-02
5020,井上花子,井上花子5020@icloud.com,090-7260-9223,千葉県千葉市美浜区美浜1丁目28番4号,千葉市美浜区,千葉県,2610004,2023-02-05
5021,遠藤麻美,遠藤麻美5021@example.com,090-5782-2133,東京都新宿区新宿4丁目12番9号,新宿区,東京都,1600020,2023-08-06
5022,藤原太郎,藤原太郎5022@example.com,090-4218-5789,福岡県福岡市博多区博多駅前10丁目13番4号,福岡市博多区,福岡県,8120012,2023-04-25
5023,木村誠,木村誠5023@gmail.com,090-5611-1364,兵庫県神戸市中央区三宮町4丁目28番2号,神戸市中央区,兵庫県,6500022,2023-08-26
5024,藤井愛,藤井愛5024@example.com,090-7731-5389,北海道札幌市北区北6条西9丁目22番5号,札幌市北区,北海道,0600030,2024-02-14
5025,坂本亮,坂本亮5025@icloud.com,090-2041-1878,北海道札幌市中央区北1条西3丁目16番4号,札幌市中央区,北海道,0600035,2023-11-06
5026,石川美咲,石川美咲5026@icloud.com,090-4890-1966,神奈川県横浜市中区本町10丁目19番1号,横浜市中区,神奈川県,2310023,2023-03-19
5027,松本正,松本正5027@example.com,090-6602-8049,北海道札幌市北区北6条西2丁目14番6号,札幌市北区,北海道,0600033,2023-04-23
5028,加藤雄一,加藤雄一5028@outlook.com,090-1994-9536,大阪府大阪市中央区本町8丁目2番4号,大阪市中央区,大阪府,5410026,2023-03-01
5029,渡辺愛,渡辺愛5029@yahoo.co.jp,090-2175-3670,愛知県名古屋市中区錦7丁目20番1号,名古屋市中区,愛知県,4600007,2024-02-21
5030,松本慎一,松本慎一5030@icloud.com,090-5769-8342,京都府京都市下京区四条通3丁目28番10号,京都市下京区,京都府,6000015,2023-10-28
5031,森田正,森田正5031@yahoo.co.jp,090-7452-3000,神奈川県横浜市西区みなとみらい5丁目1番10号,横浜市西区,神奈川県,2200005,2023-06-02
5032,岡田次郎,岡田次郎5032@outlook.com,090-8376-6697,福岡県福岡市博多区博多駅前10丁目20番6号,福岡市博多区,福岡県,8120003,2023-04-22
5033,林美香,林美香5033@example.com,090-6232-2569,東京都新宿区新宿9丁目4番3号,新宿区,東京都,1600019,2024-07-15
5034,藤原美穂,藤原美穂5034@example.com,090-9866-3435,北海道札幌市中央区北1条西9丁目1番3号,札幌市中央区,北海道,0600035,2024-10-05
5035,青木花子,青木花子5035@icloud.com,090-5487-5655,大阪府大阪市北区梅田3丁目30番1号,大阪市北区,大阪府,5300018,2023-08-14
5036,中村美穂,中村美穂5036@gmail.com,090-7867-5048,神奈川県横浜市中区本町7丁目17番5号,横浜市中区,神奈川県,2310029,2023-09-20
5037,田中大輔,田中大輔5037@gmail.com,090-4503-1005,兵庫県神戸市中央区三宮町10丁目6番5号,神戸市中央区,兵庫県,6500019,2024-11-01
5038,高橋達也,高橋達也5038@yahoo.co.jp,090-9062-8036,千葉県千葉市中央区中央2丁目20番10号,千葉市中央区,千葉県,2600032,2023-07-19
5039,中村剛,中村剛5039@icloud.com,090-3928-6116,千葉県千葉市中央区中央10丁目19番9号,千葉市中央区,千葉県,2600016,2024-04-18
5040,小林次郎,小林次郎5040@gmail.com,090-7009-6025,大阪府大阪市中央区本町1丁目17番9号,大阪市中央区,大阪府,5410038,2023-09-08
5041,山田達也,山田達也5041@gmail.com,090-6861-9292,愛知県名古屋市西区名駅10丁目3番1号,名古屋市西区,愛知県,4510038,2023-06-19
5042,森田美香,森田美香5042@example.com,090-5749-4342,福岡県福岡市中央区天神8丁目25番7号,福岡市中央区,福岡県,8100010,2024-09-06
5043,木村麻美,木村麻美5043@gmail.com,090-3277-2662,埼玉県さいたま市大宮区大宮6丁目9番4号,さいたま市大宮区,埼玉県,3300001,2023-07-22
5044,石川千佳,石川千佳5044@example.com,090-1110-4331,東京都渋谷区渋谷1丁目10番8号,渋谷区,東京都,1500026,2024-11-25
5045,斎藤達也,斎藤達也5045@outlook.com,090-4495-9742,大阪府大阪市中央区本町9丁目9番9号,大阪市中央区,大阪府,5410005,2023-06-29
5046,林太郎,林太郎5046@yahoo.co.jp,090-8339-2851,埼玉県さいたま市大宮区大宮4丁目5番2号,さいたま市大宮区,埼玉県,3300035,2023-01-17
5047,鈴木真由美,鈴木真由美5047@icloud.com,090-4828-7191,兵庫県神戸市中央区三宮町7丁目6番8号,神戸市中央区,兵庫県,6500004,2024-02-19
5048,木村愛,木村愛5048@outlook.com,090-6573-9076,大阪府大阪市北区梅田3丁目28番4号,大阪市北区,大阪府,5300018,2024-01-29
5049,後藤太郎,後藤太郎5049@example.com,090-6074-8583,東京都渋谷区渋谷5丁目27番2号,渋谷区,東京都,1500011,2024-05-27
5050,田中翔太,田中翔太5050@icloud.com,090-4666-3791,大阪府大阪市北区梅田1丁目13番6号,大阪市北区,大阪府,5300005,2024-08-29
5051,渡辺健太,渡辺健太5051@icloud.com,090-8576-4316,千葉県千葉市美浜区美浜6丁目22番5号,千葉市美浜区,千葉県,2610024,2023-03-20
5052,高橋麻衣,高橋麻衣5052@yahoo.co.jp,090-2841-2424,東京都渋谷区渋谷9丁目1番9号,渋谷区,東京都,1500010,2023-09-02
5053,岡田剛,岡田剛5053@yahoo.co.jp,090-9089-5587,北海道札幌市中央区北1条西1丁目6番3号,札幌市中央区,北海道,0600011,2023-12-02
5054,吉田亮,吉田亮5054@gmail.com,090-3615-9298,埼玉県さいたま市大宮区大宮2丁目18番8号,さいたま市大宮区,埼玉県,3300006,2023-08-20
5055,吉田千佳,吉田千佳5055@outlook.com,090-3606-2134,東京都新宿区新宿5丁目2番8号,新宿区,東京都,1600011,2023-12-15
5056,橋本さくら,橋本さくら5056@example.com,090-8711-7953,東京都新宿区新宿4丁目8番2号,新宿区,東京都,1600010,2024-10-15
5057,坂本健太,坂本健太5057@example.com,090-3531-9773,兵庫県神戸市中央区三宮町4丁目18番5号,神戸市中央区,兵庫県,6500022,2024-12-26
5058,藤井誠,藤井誠5058@gmail.com,090-7847-8160,埼玉県さいたま市大宮区大宮7丁目4番1号,さいたま市大宮区,埼玉県,3300020,2023-08-28
5059,池田直樹,池田直樹5059@yahoo.co.jp,090-9611-6461,愛知県名古屋市中区錦7丁目30番8号,名古屋市中区,愛知県,4600006,2023-08-06
5060,森田智子,森田智子5060@example.com,090-8643-1652,北海道札幌市北区北6条西6丁目23番6号,札幌市北区,北海道,0600027,2023-10-24
5061,木村誠,木村誠5061@icloud.com,090-5662-2451,兵庫県神戸市中央区三宮町10丁目10番6号,神戸市中央区,兵庫県,6500004,2023-02-27
5062,長谷川優子,長谷川優子5062@example.com,090-1517-2326,兵庫県神戸市灘区灘南通8丁目21番7号,神戸市灘区,兵庫県,6570025,2023-12-17
5063,青木由美子,青木由美子5063@gmail.com,090-1455-7531,神奈川県横浜市西区みなとみらい7丁目25番7号,横浜市西区,神奈川県,2200001,2024-11-27
5064,中村慎一,中村慎一5064@outlook.com,090-1743-6438,大阪府大阪市北区梅田10丁目7番3号,大阪市北区,大阪府,5300009,2023-02-06
5065,村上さくら,村上さくら5065@outlook.com,090-3264-2090,京都府京都市中京区烏丸通3丁目9番10号,京都市中京区,京都府,6040016,2023-01-11
5066,森田一郎,森田一郎5066@outlook.com,090-6021-9449,埼玉県さいたま市浦和区高砂5丁目11番6号,さいたま市浦和区,埼玉県,3300031,2023-02-16
5067,山田直樹,山田直樹5067@example.com,090-3903-7311,千葉県千葉市美浜区美浜2丁目25番2号,千葉市美浜区,千葉県,2610002,2023-08-06
5068,木村正,木村正5068@icloud.com,090-6712-6517,兵庫県神戸市中央区三宮町4丁目30番8号,神戸市中央区,兵庫県,6500037,2023-07-05
5069,近藤翔太,近藤翔太5069@outlook.com,090-5124-7009,大阪府大阪市北区梅田9丁目28番8号,大阪市北区,大阪府,5300002,2023-01-07
5070,小林翔太,小林翔太5070@outlook.com,090-2195-3905,東京都千代田区丸の内5丁目10番9号,千代田区,東京都,1000003,2023-11-09
5071,藤原翔太,藤原翔太5071@gmail.com,090-8849-3291,東京都新宿区新宿4丁目5番5号,新宿区,東京都,1600009,2024-05-11
5072,前田慎一,前田慎一5072@example.com,090-8387-6264,愛知県名古屋市西区名駅5丁目15番5号,名古屋市西区,愛知県,4510031,2024-10-20
5073,木村正,木村正5073@yahoo.co.jp,090-8117-6747,京都府京都市中京区烏丸通6丁目13番9号,京都市中京区,京都府,6040019,2023-03-30
5074,渡辺美穂,渡辺美穂5074@example.com,090-8472-1102,埼玉県さいたま市浦和区高砂9丁目26番1号,さいたま市浦和区,埼玉県,3300023,2023-08-10
5075,青木千佳,青木千佳5075@example.com,090-2115-9134,京都府京都市下京区四条通10丁目25番9号,京都市下京区,京都府,6000004,2023-09-01
5076,高橋剛,高橋剛5076@outlook.com,090-5012-2850,大阪府大阪市北区梅田3丁目18番8号,大阪市北区,大阪府,5300015,2024-08-05
5077,橋本美香,橋本美香5077@gmail.com,090-2448-7539,大阪府大阪市北区梅田10丁目11番6号,大阪市北区,大阪府,5300002,2023-02-01
5078,井上麻美,井上麻美5078@gmail.com,090-1407-6985,東京都千代田区丸の内10丁目12番1号,千代田区,東京都,1000015,2024-07-24
5079,遠藤愛,遠藤愛5079@yahoo.co.jp,090-4168-1415,東京都渋谷区渋谷7丁目23番5号,渋谷区,東京都,1500003,2023-08-10
5080,鈴木優子,鈴木優子5080@icloud.com,090-2947-4581,神奈川県横浜市西区みなとみらい9丁目4番7号,横浜市西区,神奈川県,2200037,2023-04-05
5081,小林亮,小林亮5081@example.com,090-2983-8018,北海道札幌市北区北6条西6丁目22番9号,札幌市北区,北海道,0600036,2024-02-28
5082,井上美穂,井上美穂5082@yahoo.co.jp,090-8786-4648,北海道札幌市中央区北1条西8丁目2番1号,札幌市中央区,北海道,0600014,2023-10-15
5083,藤井美香,藤井美香5083@icloud.com,090-2409-1563,千葉県千葉市美浜区美浜7丁目16番1号,千葉市美浜区,千葉県,2610029,2023-10-01
5084,青木由美,青木由美5084@gmail.com,090-8877-3787,神奈川県横浜市西区みなとみらい10丁目19番9号,横浜市西区,神奈川県,2200020,2024-08-25
5085,田中翔太,田中翔太5085@outlook.com,090-9048-3382,福岡県福岡市博多区博多駅前1丁目10番3号,福岡市博多区,福岡県,8120001,2023-04-29
5086,遠藤亮,遠藤亮5086@icloud.com,090-1875-5345,愛知県名古屋市中区錦7丁目25番3号,名古屋市中区,愛知県,4600001,2023-04-09
5087,藤原麻衣,藤原麻衣5087@yahoo.co.jp,090-2738-8356,北海道札幌市中央区北1条西8丁目22番8号,札幌市中央区,北海道,0600030,2023-10-30
5088,青木翔太,青木翔太5088@outlook.com,090-7465-3596,千葉県千葉市美浜区美浜3丁目2番8号,千葉市美浜区,千葉県,2610016,2024-10-23
5089,岡田さくら,岡田さくら5089@outlook.com,090-9130-4504,神奈川県横浜市中区本町1丁目7番6号,横浜市中区,神奈川県,2310035,2024-01-30
5090,高橋翔太,高橋翔太5090@yahoo.co.jp,090-8394-5712,埼玉県さいたま市浦和区高砂7丁目7番10号,さいたま市浦和区,埼玉県,3300012,2023-08-23
5091,後藤美香,後藤美香5091@gmail.com,090-2764-5847,大阪府大阪市北区梅田9丁目20番9号,大阪市北区,大阪府,5300015,2024-09-30
5092,橋本一郎,橋本一郎5092@example.com,090-1706-8974,東京都渋谷区渋谷9丁目4番2号,渋谷区,東京都,1500002,2024-09-11
5093,斎藤三郎,斎藤三郎5093@outlook.com,090-4253-9109,東京都渋谷区渋谷8丁目29番4号,渋谷区,東京都,1500010,2024-01-22
5094,長谷川麻衣,長谷川麻衣5094@yahoo.co.jp,090-7578-9019,京都府京都市中京区烏丸通3丁目6番1号,京都市中京区,京都府,6040039,2024-01-08
5095,斎藤正,斎藤正5095@gmail.com,090-2837-1175,大阪府大阪市中央区本町4丁目7番6号,大阪市中央区,大阪府,5410014,2023-09-27
5096,佐藤達也,佐藤達也5096@icloud.com,090-1975-7248,京都府京都市中京区烏丸通6丁目27番3号,京都市中京区,京都府,6040019,2023-12-09
5097,遠藤香織,遠藤香織5097@icloud.com,090-6759-8535,愛知県名古屋市中区錦10丁目21番5号,名古屋市中区,愛知県,4600003,2023-02-10
5098,坂本雄一,坂本雄一5098@yahoo.co.jp,090-9427-1684,東京都千代田区丸の内7丁目11番3号,千代田区,東京都,1000020,2024-01-10
5099,小林直樹,小林直樹5099@outlook.com,090-4204-7322,兵庫県神戸市灘区灘南通2丁目14番4号,神戸市灘区,兵庫県,6570002,2023-07-26
5100,岡田大輔,岡田大輔5100@icloud.com,090-3145-8833,千葉県千葉市美浜区美浜3丁目1番9号,千葉市美浜区,千葉県,2610019,2024-05-27
5101,林剛,林剛5101@outlook.com,090-5358-5819,東京都新宿区新宿7丁目29番8号,新宿区,東京都,1600008,2023-01-20
5102,藤原愛,藤原愛5102@yahoo.co.jp,090-8304-5190,神奈川県横浜市中区本町7丁目6番8号,横浜市中区,神奈川県,2310007,2024-01-16
5103,伊藤三郎,伊藤三郎5103@example.com,090-5433-2557,福岡県福岡市中央区天神6丁目22番9号,福岡市中央区,福岡県,8100031,2024-10-10
5104,村上真由美,村上真由美5104@icloud.com,090-6772-6571,埼玉県さいたま市浦和区高砂2丁目18番8号,さいたま市浦和区,埼玉県,3300012,2023-04-30
5105,藤井愛,藤井愛5105@gmail.com,090-7421-8042,千葉県千葉市美浜区美浜6丁目27番5号,千葉市美浜区,千葉県,2610018,2023-09-11
5106,林麻美,林麻美5106@example.com,090-7995-4404,大阪府大阪市北区梅田3丁目10番1号,大阪市北区,大阪府,5300017,2024-11-25
5107,青木誠,青木誠5107@yahoo.co.jp,090-1192-7134,神奈川県横浜市西区みなとみらい5丁目4番7号,横浜市西区,神奈川県,2200005,2024-05-21
5108,長谷川直樹,長谷川直樹5108@example.com,090-2918-9666,京都府京都市下京区四条通3丁目13番7号,京都市下京区,京都府,6000005,2024-12-03
5109,加藤さくら,加藤さくら5109@outlook.com,090-4680-9951,東京都新宿区新宿4丁目19番9号,新宿区,東京都,1600015,2024-05-31
5110,岡田恵子,岡田恵子5110@outlook.com,090-7188-2262,北海道札幌市中央区北1条西8丁目24番3号,札幌市中央区,北海道,0600015,2023-07-18
5111,山本美穂,山本美穂5111@example.com,090-2117-7245,東京都渋谷区渋谷5丁目12番9号,渋谷区,東京都,1500034,2024-05-22
5112,吉田花子,吉田花子5112@gmail.com,090-5868-3805,千葉県千葉市美浜区美浜8丁目11番4号,千葉市美浜区,千葉県,2610040,2023-09-19
5113,高橋一郎,高橋一郎5113@icloud.com,090-1909-6415,福岡県福岡市博多区博多駅前5丁目12番10号,福岡市博多区,福岡県,8120005,2023-08-16
5114,村上慎一,村上慎一5114@yahoo.co.jp,090-6907-2773,東京都渋谷区渋谷8丁目23番8号,渋谷区,東京都,1500037,2024-12-17
5115,木村麻美,木村麻美5115@icloud.com,090-4824-1324,北海道札幌市中央区北1条西9丁目20番4号,札幌市中央区,北海道,0600009,2023-10-18
5116,鈴木健太,鈴木健太5116@gmail.com,090-8943-3739,埼玉県さいたま市大宮区大宮8丁目14番1号,さいたま市大宮区,埼玉県,3300032,2024-06-10
5117,斎藤由美子,斎藤由美子5117@yahoo.co.jp,090-5995-8341,北海道札幌市北区北6条西5丁目23番10号,札幌市北区,北海道,0600006,2023-02-01
5118,長谷川達也,長谷川達也5118@yahoo.co.jp,090-1315-8116,大阪府大阪市中央区本町4丁目6番1号,大阪市中央区,大阪府,5410026,2023-12-16
5119,山本愛,山本愛5119@example.com,090-4760-8574,大阪府大阪市中央区本町8丁目20番10号,大阪市中央区,大阪府,5410040,2023-05-22
5120,岡田達也,岡田達也5120@icloud.com,090-1296-5550,神奈川県横浜市西区みなとみらい4丁目23番2号,横浜市西区,神奈川県,2200037,2023-04-03
5121,後藤和也,後藤和也5121@outlook.com,090-5162-9994,大阪府大阪市北区梅田9丁目18番2号,大阪市北区,大阪府,5300021,2024-12-29
5122,田中三郎,田中三郎5122@yahoo.co.jp,090-1409-6850,千葉県千葉市美浜区美浜6丁目1番7号,千葉市美浜区,千葉県,2610024,2023-01-31
5123,藤原達也,藤原達也5123@gmail.com,090-6562-4864,大阪府大阪市中央区本町2丁目12番2号,大阪市中央区,大阪府,5410004,2023-04-05
5124,斎藤花子,斎藤花子5124@icloud.com,090-5711-9081,東京都新宿区新宿3丁目30番5号,新宿区,東京都,1600015,2023-08-20
5125,加藤剛,加藤剛5125@icloud.com,090-8581-2402,大阪府大阪市北区梅田1丁目7番6号,大阪市北区,大阪府,5300004,2024-09-25
5126,林真由美,林真由美5126@outlook.com,090-8170-4287,福岡県福岡市中央区天神1丁目10番1号,福岡市中央区,福岡県,8100003,2024-06-08
5127,井上麻衣,井上麻衣5127@icloud.com,090-5851-1412,兵庫県神戸市灘区灘南通7丁目17番7号,神戸市灘区,兵庫県,6570011,2023-01-20
5128,池田翔太,池田翔太5128@example.com,090-7052-2263,兵庫県神戸市中央区三宮町9丁目13番8号,神戸市中央区,兵庫県,6500037,2024-05-30
5129,木村直樹,木村直樹5129@yahoo.co.jp,090-2662-5108,北海道札幌市中央区北1条西3丁目1番6号,札幌市中央区,北海道,0600029,2023-04-05
5130,後藤一郎,後藤一郎5130@icloud.com,090-5580-4019,東京都千代田区丸の内2丁目18番6号,千代田区,東京都,1000004,2024-09-21
5131,鈴木優子,鈴木優子5131@icloud.com,090-8095-4480,京都府京都市中京区烏丸通2丁目27番2号,京都市中京区,京都府,6040024,2024-11-18
5132,石川翔太,石川翔太5132@gmail.com,090-3678-9952,東京都千代田区丸の内8丁目11番5号,千代田区,東京都,1000012,2023-01-22
5133,近藤由美,近藤由美5133@icloud.com,090-6792-1399,愛知県名古屋市中区錦7丁目4番5号,名古屋市中区,愛知県,4600004,2024-01-17
5134,長谷川雄一,長谷川雄一5134@icloud.com,090-4150-2430,神奈川県横浜市中区本町5丁目9番5号,横浜市中区,神奈川県,2310022,2024-08-19
5135,吉田健一,吉田健一5135@yahoo.co.jp,090-6006-6378,大阪府大阪市中央区本町5丁目5番4号,大阪市中央区,大阪府,5410041,2024-08-15
5136,森田直樹,森田直樹5136@example.com,090-5183-3157,大阪府大阪市北区梅田2丁目15番5号,大阪市北区,大阪府,5300001,2024-10-14
5137,森田愛,森田愛5137@example.com,090-8552-9889,北海道札幌市中央区北1条西9丁目6番3号,札幌市中央区,北海道,0600032,2023-08-31
5138,岡田拓也,岡田拓也5138@outlook.com,090-4857-3837,福岡県福岡市博多区博多駅前1丁目4番3号,福岡市博多区,福岡県,8120017,2024-03-07
5139,佐藤香織,佐藤香織5139@icloud.com,090-4240-5466,愛知県名古屋市中区錦4丁目15番6号,名古屋市中区,愛知県,4600003,2024-01-26
5140,吉田麻衣,吉田麻衣5140@example.com,090-6133-1359,埼玉県さいたま市浦和区高砂1丁目22番9号,さいたま市浦和区,埼玉県,3300021,2023-02-07
5141,伊藤愛,伊藤愛5141@example.com,090-3729-6734,大阪府大阪市中央区本町9丁目18番4号,大阪市中央区,大阪府,5410034,2023-06-17
5142,田中麻衣,田中麻衣5142@icloud.com,090-1971-3976,京都府京都市中京区烏丸通10丁目3番5号,京都市中京区,京都府,6040026,2023-01-14
5143,木村美咲,木村美咲5143@outlook.com,090-6200-7452,愛知県名古屋市西区名駅3丁目20番5号,名古屋市西区,愛知県,4510010,2024-09-08
5144,森田美穂,森田美穂5144@yahoo.co.jp,090-9938-4236,兵庫県神戸市中央区三宮町2丁目12番9号,神戸市中央区,兵庫県,6500037,2024-10-03
5145,池田翔太,池田翔太5145@outlook.com,090-8377-3014,大阪府大阪市中央区本町5丁目29番3号,大阪市中央区,大阪府,5410012,2024-10-03
5146,橋本達也,橋本達也5146@icloud.com,090-6093-9755,福岡県福岡市中央区天神3丁目9番4号,福岡市中央区,福岡県,8100030,2024-07-29
5147,松本千佳,松本千佳5147@gmail.com,090-2900-4942,福岡県福岡市博多区博多駅前1丁目27番6号,福岡市博多区,福岡県,8120006,2024-12-12
5148,遠藤健一,遠藤健一5148@yahoo.co.jp,090-4490-1503,京都府京都市下京区四条通2丁目1番3号,京都市下京区,京都府,6000027,2023-06-13
5149,松本亮,松本亮5149@icloud.com,090-5717-9615,愛知県名古屋市西区名駅4丁目7番10号,名古屋市西区,愛知県,4510002,2024-06-26
5150,遠藤次郎,遠藤次郎5150@example.com,090-1789-6642,千葉県千葉市中央区中央9丁目6番10号,千葉市中央区,千葉県,2600028,2023-06-08
5151,村上太郎,村上太郎5151@gmail.com,090-2762-1093,福岡県福岡市中央区天神8丁目19番5号,福岡市中央区,福岡県,8100005,2023-07-10
5152,後藤香織,後藤香織5152@yahoo.co.jp,090-1454-2762,千葉県千葉市美浜区美浜2丁目10番1号,千葉市美浜区,千葉県,2610019,2023-06-22
5153,石川太郎,石川太郎5153@yahoo.co.jp,090-4709-2752,京都府京都市下京区四条通8丁目8番4号,京都市下京区,京都府,6000041,2024-03-29
5154,坂本雄一,坂本雄一5154@icloud.com,090-2479-3888,京都府京都市下京区四条通9丁目10番5号,京都市下京区,京都府,6000010,2023-07-19
5155,近藤美穂,近藤美穂5155@example.com,090-5223-1328,千葉県千葉市中央区中央6丁目22番6号,千葉市中央区,千葉県,2600041,2024-10-16
5156,長谷川太郎,長谷川太郎5156@yahoo.co.jp,090-1076-8108,愛知県名古屋市西区名駅10丁目11番6号,名古屋市西区,愛知県,4510021,2023-04-10
5157,藤原大輔,藤原大輔5157@yahoo.co.jp,090-5395-9734,神奈川県横浜市西区みなとみらい6丁目17番1号,横浜市西区,神奈川県,2200030,2024-09-17
5158,山本花子,山本花子5158@outlook.com,090-7169-1238,北海道札幌市北区北6条西2丁目12番7号,札幌市北区,北海道,0600005,2023-01-19
5159,藤井一郎,藤井一郎5159@yahoo.co.jp,090-4495-7260,福岡県福岡市中央区天神8丁目15番5号,福岡市中央区,福岡県,8100031,2024-04-22
5160,松本美咲,松本美咲5160@yahoo.co.jp,090-4927-1945,京都府京都市中京区烏丸通8丁目7番3号,京都市中京区,京都府,6040007,2024-07-18
5161,藤井麻衣,藤井麻衣5161@icloud.com,090-7440-5085,神奈川県横浜市西区みなとみらい10丁目15番6号,横浜市西区,神奈川県,2200026,2023-12-16
5162,森田愛,森田愛5162@yahoo.co.jp,090-7447-8068,北海道札幌市中央区北1条西1丁目13番9号,札幌市中央区,北海道,0600001,2023-08-28
5163,石川直樹,石川直樹5163@gmail.com,090-6663-3800,東京都千代田区丸の内5丁目2番9号,千代田区,東京都,1000014,2023-12-01
5164,岡田健一,岡田健一5164@outlook.com,090-6102-3606,大阪府大阪市北区梅田6丁目28番8号,大阪市北区,大阪府,5300012,2024-12-25
5165,藤原一郎,藤原一郎5165@icloud.com,090-3495-7145,京都府京都市中京区烏丸通7丁目12番8号,京都市中京区,京都府,6040041,2023-09-21
5166,後藤慎一,後藤慎一5166@outlook.com,090-4232-5132,神奈川県横浜市西区みなとみらい7丁目2番4号,横浜市西区,神奈川県,2200021,2024-06-16
5167,坂本さくら,坂本さくら5167@icloud.com,090-1849-2369,愛知県名古屋市中区錦1丁目17番2号,名古屋市中区,愛知県,4600002,2023-12-11
5168,木村麻衣,木村麻衣5168@outlook.com,090-9174-8267,京都府京都市中京区烏丸通6丁目13番4号,京都市中京区,京都府,6040010,2024-07-21
5169,林美穂,林美穂5169@example.com,090-4885-8945,兵庫県神戸市灘区灘南通1丁目16番10号,神戸市灘区,兵庫県,6570029,2024-03-19
5170,石川麻美,石川麻美5170@gmail.com,090-9807-3873,神奈川県横浜市中区本町3丁目6番5号,横浜市中区,神奈川県,2310032,2023-01-23
5171,森田真由美,森田真由美5171@outlook.com,090-4816-5549,愛知県名古屋市中区錦5丁目9番10号,名古屋市中区,愛知県,4600006,2023-09-06
5172,池田智子,池田智子5172@outlook.com,090-8283-8955,福岡県福岡市中央区天神8丁目4番10号,福岡市中央区,福岡県,8100021,2023-09-03
5173,長谷川由美,長谷川由美5173@outlook.com,090-3213-8323,大阪府大阪市北区梅田4丁目15番10号,大阪市北区,大阪府,5300002,2023-07-05
5174,加藤千佳,加藤千佳5174@gmail.com,090-5830-1001,北海道札幌市北区北6条西8丁目11番4号,札幌市北区,北海道,0600027,2024-11-18
5175,藤井雄一,藤井雄一5175@yahoo.co.jp,090-1566-3278,東京都渋谷区渋谷8丁目24番8号,渋谷区,東京都,1500010,2023-11-11
5176,吉田慎一,吉田慎一5176@yahoo.co.jp,090-3958-3198,千葉県千葉市中央区中央2丁目16番3号,千葉市中央区,千葉県,2600021,2023-08-15
5177,加藤和也,加藤和也5177@yahoo.co.jp,090-1486-3912,埼玉県さいたま市浦和区高砂10丁目12番8号,さいたま市浦和区,埼玉県,3300024,2023-08-05
5178,池田真由美,池田真由美5178@yahoo.co.jp,090-9064-2691,千葉県千葉市中央区中央5丁目1番3号,千葉市中央区,千葉県,2600016,2023-10-15
5179,長谷川達也,長谷川達也5179@outlook.com,090-6863-6733,京都府京都市下京区四条通1丁目30番9号,京都市下京区,京都府,6000022,2023-06-14
5180,近藤三郎,近藤三郎5180@yahoo.co.jp,090-4570-7506,東京都新宿区新宿5丁目22番7号,新宿区,東京都,1600004,2024-04-30
5181,鈴木健一,鈴木健一5181@yahoo.co.jp,090-1600-9755,千葉県千葉市美浜区美浜10丁目19番4号,千葉市美浜区,千葉県,2610032,2024-07-16
5182,松本和也,松本和也5182@icloud.com,090-5501-4665,兵庫県神戸市灘区灘南通9丁目2番8号,神戸市灘区,兵庫県,6570034,2024-08-02
5183,鈴木慎一,鈴木慎一5183@outlook.com,090-7207-3942,埼玉県さいたま市浦和区高砂5丁目25番1号,さいたま市浦和区,埼玉県,3300008,2023-09-01
5184,小林直樹,小林直樹5184@yahoo.co.jp,090-3671-7660,北海道札幌市中央区北1条西3丁目2番1号,札幌市中央区,北海道,0600034,2024-11-09
5185,小林花子,小林花子5185@yahoo.co.jp,090-7164-2915,京都府京都市中京区烏丸通8丁目5番7号,京都市中京区,京都府,6040013,2023-06-22
5186,橋本三郎,橋本三郎5186@icloud.com,090-8510-2437,北海道札幌市北区北6条西2丁目25番7号,札幌市北区,北海道,0600012,2024-10-03
5187,木村智子,木村智子5187@example.com,090-1798-1328,北海道札幌市北区北6条西6丁目20番8号,札幌市北区,北海道,0600035,2023-03-12
5188,小林大輔,小林大輔5188@icloud.com,090-2168-2036,東京都新宿区新宿9丁目26番8号,新宿区,東京都,1600012,2023-09-04
5189,山本大輔,山本大輔5189@gmail.com,090-7129-9406,埼玉県さいたま市浦和区高砂9丁目11番9号,さいたま市浦和区,埼玉県,3300030,2024-03-29
5190,山本直樹,山本直樹5190@example.com,090-5197-6390,兵庫県神戸市灘区灘南通4丁目7番2号,神戸市灘区,兵庫県,6570034,2023-08-22
5191,斎藤優子,斎藤優子5191@gmail.com,090-6395-2022,東京都千代田区丸の内8丁目10番10号,千代田区,東京都,1000004,2023-02-01
5192,橋本恵子,橋本恵子5192@icloud.com,090-2934-9707,京都府京都市中京区烏丸通2丁目24番10号,京都市中京区,京都府,6040021,2023-01-27
5193,伊藤慎一,伊藤慎一5193@example.com,090-7223-3279,京都府京都市中京区烏丸通5丁目16番9号,京都市中京区,京都府,6040022,2023-09-30
5194,前田香織,前田香織5194@icloud.com,090-6215-6772,東京都千代田区丸の内1丁目9番8号,千代田区,東京都,1000012,2024-03-16
5195,加藤翔太,加藤翔太5195@outlook.com,090-8174-8341,東京都渋谷区渋谷3丁目15番10号,渋谷区,東京都,1500002,2023-01-09
5196,渡辺達也,渡辺達也5196@example.com,090-1856-1314,北海道札幌市北区北6条西6丁目10番5号,札幌市北区,北海道,0600015,2023-03-04
5197,遠藤慎一,遠藤慎一5197@outlook.com,090-3479-6051,北海道札幌市北区北6条西6丁目1番7号,札幌市北区,北海道,0600002,2023-07-14
5198,橋本亮,橋本亮5198@icloud.com,090-1144-3119,福岡県福岡市中央区天神5丁目7番6号,福岡市中央区,福岡県,8100002,2024-08-23
5199,加藤亮,加藤亮5199@example.com,090-1633-4761,福岡県福岡市中央区天神4丁目13番2号,福岡市中央区,福岡県,8100009,2024-02-01
5200,伊藤愛,伊藤愛5200@yahoo.co.jp,090-5086-9355,愛知県名古屋市中区錦2丁目24番3号,名古屋市中区,愛知県,4600005,2023-03-28
5201,坂本花子,坂本花子5201@yahoo.co.jp,090-8149-1446,千葉県千葉市美浜区美浜7丁目15番5号,千葉市美浜区,千葉県,2610016,2024-07-11
5202,山本千佳,山本千佳5202@outlook.com,090-5115-4849,北海道札幌市北区北6条西1丁目29番4号,札幌市北区,北海道,0600024,2024-12-04
5203,近藤愛,近藤愛5203@yahoo.co.jp,090-1655-4649,埼玉県さいたま市大宮区大宮3丁目9番10号,さいたま市大宮区,埼玉県,3300008,2024-07-15
5204,林雄一,林雄一5204@example.com,090-3712-6477,埼玉県さいたま市浦和区高砂8丁目14番7号,さいたま市浦和区,埼玉県,3300024,2023-10-09
5205,中村誠,中村誠5205@outlook.com,090-9528-3965,東京都新宿区新宿4丁目30番10号,新宿区,東京都,1600019,2024-02-26
5206,鈴木太郎,鈴木太郎5206@example.com,090-3857-2167,兵庫県神戸市中央区三宮町7丁目9番9号,神戸市中央区,兵庫県,6500013,2024-05-14
5207,山田健一,山田健一5207@icloud.com,090-9748-1998,東京都渋谷区渋谷10丁目30番3号,渋谷区,東京都,1500005,2023-01-23
5208,渡辺直樹,渡辺直樹5208@outlook.com,090-1256-5293,神奈川県横浜市中区本町1丁目8番10号,横浜市中区,神奈川県,2310019,2024-04-25
5209,中村真由美,中村真由美5209@outlook.com,090-9023-7362,東京都千代田区丸の内3丁目26番10号,千代田区,東京都,1000007,2024-05-22
5210,前田美咲,前田美咲5210@gmail.com,090-8102-1225,大阪府大阪市北区梅田1丁目4番7号,大阪市北区,大阪府,5300014,2023-02-25
5211,後藤優子,後藤優子5211@outlook.com,090-7666-7645,東京都新宿区新宿1丁目9番10号,新宿区,東京都,1600011,2023-09-04
5212,佐藤千佳,佐藤千佳5212@gmail.com,090-2858-2928,福岡県福岡市中央区天神5丁目27番2号,福岡市中央区,福岡県,8100010,2024-06-09
5213,前田亮,前田亮5213@example.com,090-5254-5190,兵庫県神戸市灘区灘南通6丁目24番1号,神戸市灘区,兵庫県,6570021,2023-08-20
5214,渡辺愛,渡辺愛5214@icloud.com,090-2463-8930,千葉県千葉市中央区中央4丁目19番2号,千葉市中央区,千葉県,2600024,2024-04-14
5215,藤原優子,藤原優子5215@yahoo.co.jp,090-4324-7292,北海道札幌市北区北6条西8丁目23番6号,札幌市北区,北海道,0600036,2024-12-14
5216,渡辺雄一,渡辺雄一5216@outlook.com,090-2103-2900,兵庫県神戸市中央区三宮町2丁目14番1号,神戸市中央区,兵庫県,6500010,2024-08-20
5217,山田次郎,山田次郎5217@outlook.com,090-7940-7939,北海道札幌市中央区北1条西9丁目14番10号,札幌市中央区,北海道,0600005,2024-01-11
5218,石川千佳,石川千佳5218@outlook.com,090-4944-5832,北海道札幌市中央区北1条西10丁目13番7号,札幌市中央区,北海道,0600038,2023-05-23
5219,石川三郎,石川三郎5219@yahoo.co.jp,090-5831-1114,京都府京都市下京区四条通4丁目9番6号,京都市下京区,京都府,6000034,2023-01-23
5220,長谷川愛,長谷川愛5220@outlook.com,090-9264-6073,兵庫県神戸市灘区灘南通5丁目25番4号,神戸市灘区,兵庫県,6570015,2023-10-21
5221,橋本一郎,橋本一郎5221@icloud.com,090-5054-1962,京都府京都市下京区四条通10丁目1番6号,京都市下京区,京都府,6000009,2023-02-01
5222,青木翔太,青木翔太5222@gmail.com,090-4170-7104,東京都千代田区丸の内8丁目20番1号,千代田区,東京都,1000001,2023-11-11
5223,村上恵子,村上恵子5223@yahoo.co.jp,090-3239-9179,神奈川県横浜市中区本町10丁目7番4号,横浜市中区,神奈川県,2310031,2023-04-23
5224,加藤健太,加藤健太5224@example.com,090-2729-1881,神奈川県横浜市中区本町10丁目29番6号,横浜市中区,神奈川県,2310033,2023-02-07
5225,村上雄一,村上雄一5225@icloud.com,090-8342-4244,神奈川県横浜市西区みなとみらい8丁目29番1号,横浜市西区,神奈川県,2200039,2023-12-13
5226,松本真由美,松本真由美5226@example.com,090-5328-8523,大阪府大阪市北区梅田7丁目8番1号,大阪市北区,大阪府,5300011,2023-04-20
5227,木村美咲,木村美咲5227@icloud.com,090-9772-5590,埼玉県さいたま市浦和区高砂9丁目10番2号,さいたま市浦和区,埼玉県,3300004,2023-03-29
5228,岡田拓也,岡田拓也5228@icloud.com,090-9672-2520,大阪府大阪市中央区本町5丁目6番4号,大阪市中央区,大阪府,5410013,2023-11-02
5229,青木美穂,青木美穂5229@yahoo.co.jp,090-3081-9093,東京都新宿区新宿10丁目14番6号,新宿区,東京都,1600019,2024-09-08
5230,松本美穂,松本美穂5230@gmail.com,090-5751-9444,神奈川県横浜市西区みなとみらい1丁目12番10号,横浜市西区,神奈川県,2200010,2024-06-17
5231,坂本大輔,坂本大輔5231@gmail.com,090-6749-7327,東京都千代田区丸の内9丁目26番2号,千代田区,東京都,1000005,2023-08-01
5232,森田美穂,森田美穂5232@example.com,090-6856-6738,東京都千代田区丸の内10丁目3番8号,千代田区,東京都,1000006,2024-05-08
5233,橋本剛,橋本剛5233@outlook.com,090-6180-3390,東京都千代田区丸の内8丁目16番1号,千代田区,東京都,1000014,2024-08-07
5234,青木由美,青木由美5234@yahoo.co.jp,090-9142-7568,大阪府大阪市北区梅田10丁目29番5号,大阪市北区,大阪府,5300014,2024-12-07
5235,橋本美香,橋本美香5235@icloud.com,090-4360-2001,愛知県名古屋市西区名駅10丁目4番3号,名古屋市西区,愛知県,4510009,2023-12-27
5236,近藤優子,近藤優子5236@gmail.com,090-7761-9352,愛知県名古屋市中区錦10丁目25番6号,名古屋市中区,愛知県,4600005,2023-12-28
5237,伊藤麻衣,伊藤麻衣5237@icloud.com,090-1988-5478,千葉県千葉市中央区中央7丁目25番6号,千葉市中央区,千葉県,2600036,2024-05-02
5238,林恵子,林恵子5238@example.com,090-8647-4914,北海道札幌市北区北6条西2丁目15番6号,札幌市北区,北海道,0600002,2024-12-25
5239,山本智子,山本智子5239@icloud.com,090-2760-9844,埼玉県さいたま市大宮区大宮9丁目19番4号,さいたま市大宮区,埼玉県,3300007,2024-03-06
5240,長谷川愛,長谷川愛5240@yahoo.co.jp,090-9693-9879,北海道札幌市北区北6条西8丁目2番4号,札幌市北区,北海道,0600017,2023-09-06
5241,鈴木美香,鈴木美香5241@yahoo.co.jp,090-3486-8431,東京都新宿区新宿7丁目1番10号,新宿区,東京都,1600010,2024-08-13
5242,遠藤一郎,遠藤一郎5242@yahoo.co.jp,090-3278-6920,兵庫県神戸市灘区灘南通3丁目26番4号,神戸市灘区,兵庫県,6570021,2024-06-13
5243,前田大輔,前田大輔5243@outlook.com,090-8054-3447,兵庫県神戸市中央区三宮町9丁目3番5号,神戸市中央区,兵庫県,6500017,2023-02-12
5244,橋本三郎,橋本三郎5244@icloud.com,090-3478-5164,東京都渋谷区渋谷5丁目27番1号,渋谷区,東京都,1500002,2023-09-26
5245,石川和也,石川和也5245@icloud.com,090-4531-4539,東京都渋谷区渋谷3丁目12番10号,渋谷区,東京都,1500028,2023-07-10
5246,山本由美,山本由美5246@outlook.com,090-7646-9010,北海道札幌市北区北6条西4丁目24番1号,札幌市北区,北海道,0600026,2023-10-29
5247,藤井恵子,藤井恵子5247@gmail.com,090-9014-9031,大阪府大阪市北区梅田5丁目1番7号,大阪市北区,大阪府,5300009,2023-03-31
5248,橋本和也,橋本和也5248@example.com,090-6889-2271,東京都新宿区新宿6丁目17番1号,新宿区,東京都,1600003,2023-11-28
5249,山本由美,山本由美5249@icloud.com,090-3588-7341,福岡県福岡市中央区天神2丁目8番3号,福岡市中央区,福岡県,8100040,2024-04-13
5250,小林翔太,小林翔太5250@icloud.com,090-8399-5992,千葉県千葉市美浜区美浜4丁目16番10号,千葉市美浜区,千葉県,2610016,2024-05-25
5251,村上大輔,村上大輔5251@outlook.com,090-3370-4105,千葉県千葉市中央区中央10丁目26番2号,千葉市中央区,千葉県,2600022,2024-06-04
5252,伊藤愛,伊藤愛5252@gmail.com,090-3032-3614,埼玉県さいたま市大宮区大宮4丁目16番5号,さいたま市大宮区,埼玉県,3300025,2024-12-31
5253,村上花子,村上花子5253@yahoo.co.jp,090-5611-5624,京都府京都市中京区烏丸通3丁目2番7号,京都市中京区,京都府,6040001,2024-02-25
5254,村上慎一,村上慎一5254@example.com,090-8146-7243,福岡県福岡市博多区博多駅前4丁目4番2号,福岡市博多区,福岡県,8120004,2023-01-05
5255,遠藤健太,遠藤健太5255@gmail.com,090-6463-4206,福岡県福岡市中央区天神8丁目17番7号,福岡市中央区,福岡県,8100041,2024-01-09
5256,池田慎一,池田慎一5256@example.com,090-3202-4213,兵庫県神戸市灘区灘南通8丁目11番6号,神戸市灘区,兵庫県,6570029,2024-08-28
5257,坂本和也,坂本和也5257@gmail.com,090-8781-9276,兵庫県神戸市中央区三宮町5丁目15番8号,神戸市中央区,兵庫県,6500020,2024-02-05
5258,藤原誠,藤原誠5258@gmail.com,090-3977-6366,千葉県千葉市美浜区美浜3丁目20番5号,千葉市美浜区,千葉県,2610034,2024-09-24
5259,佐藤愛,佐藤愛5259@outlook.com,090-9728-1354,愛知県名古屋市西区名駅5丁目26番2号,名古屋市西区,愛知県,4510005,2024-08-19
5260,前田三郎,前田三郎5260@outlook.com,090-8016-4155,埼玉県さいたま市大宮区大宮6丁目5番5号,さいたま市大宮区,埼玉県,3300002,2023-01-03
5261,小林大輔,小林大輔5261@example.com,090-2334-9051,愛知県名古屋市西区名駅2丁目30番8号,名古屋市西区,愛知県,4510018,2023-09-20
5262,伊藤剛,伊藤剛5262@yahoo.co.jp,090-2071-3286,大阪府大阪市北区梅田6丁目12番6号,大阪市北区,大阪府,5300005,2023-06-13
5263,渡辺雄一,渡辺雄一5263@outlook.com,090-4118-4675,兵庫県神戸市中央区三宮町8丁目3番6号,神戸市中央区,兵庫県,6500006,2024-09-04
5264,高橋亮,高橋亮5264@icloud.com,090-2310-7464,京都府京都市下京区四条通3丁目16番1号,京都市下京区,京都府,6000001,2023-06-23
5265,藤井健太,藤井健太5265@yahoo.co.jp,090-6495-1943,神奈川県横浜市中区本町5丁目17番6号,横浜市中区,神奈川県,2310038,2024-02-10
5266,藤原美穂,藤原美穂5266@gmail.com,090-8152-3751,東京都新宿区新宿10丁目25番2号,新宿区,東京都,1600018,2024-07-12
5267,藤井一郎,藤井一郎5267@example.com,090-6046-7521,兵庫県神戸市中央区三宮町10丁目9番5号,神戸市中央区,兵庫県,6500008,2023-06-30
5268,小林大輔,小林大輔5268@gmail.com,090-6602-1335,北海道札幌市中央区北1条西4丁目6番1号,札幌市中央区,北海道,0600022,2024-05-03
5269,佐藤由美,佐藤由美5269@outlook.com,090-9323-8818,神奈川県横浜市西区みなとみらい7丁目4番7号,横浜市西区,神奈川県,2200033,2023-11-21
5270,岡田大輔,岡田大輔5270@icloud.com,090-5086-4480,兵庫県神戸市灘区灘南通7丁目7番2号,神戸市灘区,兵庫県,6570003,2023-12-23
5271,斎藤翔太,斎藤翔太5271@yahoo.co.jp,090-3335-2784,埼玉県さいたま市大宮区大宮7丁目11番4号,さいたま市大宮区,埼玉県,3300033,2024-04-15
5272,中村美穂,中村美穂5272@yahoo.co.jp,090-9828-8054,愛知県名古屋市中区錦4丁目16番4号,名古屋市中区,愛知県,4600004,2023-05-08
5273,長谷川真由美,長谷川真由美5273@example.com,090-4498-2515,京都府京都市下京区四条通4丁目11番1号,京都市下京区,京都府,6000026,2024-03-10
5274,井上智子,井上智子5274@outlook.com,090-1067-2530,神奈川県横浜市西区みなとみらい6丁目23番9号,横浜市西区,神奈川県,2200011,2024-10-06
5275,佐藤剛,佐藤剛5275@outlook.com,090-9840-9109,京都府京都市中京区烏丸通5丁目27番10号,京都市中京区,京都府,6040019,2024-04-30
5276,長谷川亮,長谷川亮5276@outlook.com,090-7115-9341,東京都新宿区新宿8丁目12番8号,新宿区,東京都,1600021,2024-04-19
5277,岡田次郎,岡田次郎5277@gmail.com,090-4982-9654,福岡県福岡市博多区博多駅前10丁目24番1号,福岡市博多区,福岡県,8120001,2023-12-31
5278,森田美咲,森田美咲5278@outlook.com,090-7128-2313,大阪府大阪市北区梅田8丁目18番8号,大阪市北区,大阪府,5300007,2024-11-26
5279,林太郎,林太郎5279@icloud.com,090-7930-6834,愛知県名古屋市中区錦5丁目13番8号,名古屋市中区,愛知県,4600003,2023-10-01
5280,坂本麻美,坂本麻美5280@outlook.com,090-4960-7196,東京都千代田区丸の内2丁目11番5号,千代田区,東京都,1000004,2024-11-27
5281,後藤麻衣,後藤麻衣5281@gmail.com,090-6972-2389,千葉県千葉市美浜区美浜6丁目7番1号,千葉市美浜区,千葉県,2610019,2023-04-05
5282,長谷川麻衣,長谷川麻衣5282@gmail.com,090-5837-5011,神奈川県横浜市西区みなとみらい10丁目6番8号,横浜市西区,神奈川県,2200022,2023-10-26
5283,小林真由美,小林真由美5283@icloud.com,090-7397-5651,千葉県千葉市中央区中央9丁目27番5号,千葉市中央区,千葉県,2600014,2024-01-01
5284,藤井健一,藤井健一5284@icloud.com,090-5033-5086,神奈川県横浜市西区みなとみらい5丁目30番9号,横浜市西区,神奈川県,2200001,2024-02-16
5285,小林拓也,小林拓也5285@gmail.com,090-5344-5124,北海道札幌市中央区北1条西9丁目10番6号,札幌市中央区,北海道,0600018,2024-07-04
5286,佐藤正,佐藤正5286@gmail.com,090-9660-3690,千葉県千葉市美浜区美浜6丁目27番7号,千葉市美浜区,千葉県,2610040,2023-08-28
5287,後藤慎一,後藤慎一5287@gmail.com,090-3345-2120,千葉県千葉市美浜区美浜10丁目23番4号,千葉市美浜区,千葉県,2610022,2023-12-10
5288,鈴木達也,鈴木達也5288@icloud.com,090-1627-7243,埼玉県さいたま市浦和区高砂7丁目16番9号,さいたま市浦和区,埼玉県,3300011,2024-01-20
5289,橋本千佳,橋本千佳5289@example.com,090-3201-6295,埼玉県さいたま市浦和区高砂9丁目27番4号,さいたま市浦和区,埼玉県,3300001,2023-10-16
5290,近藤一郎,近藤一郎5290@outlook.com,090-8247-3342,兵庫県神戸市灘区灘南通3丁目18番6号,神戸市灘区,兵庫県,6570010,2024-01-29
5291,吉田由美,吉田由美5291@gmail.com,090-9341-1631,東京都新宿区新宿5丁目22番3号,新宿区,東京都,1600013,2024-08-30
5292,橋本優子,橋本優子5292@icloud.com,090-3801-8709,大阪府大阪市中央区本町6丁目9番4号,大阪市中央区,大阪府,5410038,2023-03-27
5293,前田香織,前田香織5293@gmail.com,090-5244-3338,神奈川県横浜市中区本町6丁目30番9号,横浜市中区,神奈川県,2310014,2023-02-24
5294,伊藤健太,伊藤健太5294@outlook.com,090-7516-4058,京都府京都市下京区四条通4丁目29番1号,京都市下京区,京都府,6000039,2023-12-12
5295,中村香織,中村香織5295@gmail.com,090-7893-7561,埼玉県さいたま市浦和区高砂6丁目12番9号,さいたま市浦和区,埼玉県,3300020,2024-12-11
5296,山田一郎,山田一郎5296@yahoo.co.jp,090-5867-5261,福岡県福岡市中央区天神8丁目24番6号,福岡市中央区,福岡県,8100012,2023-02-22
5297,斎藤麻衣,斎藤麻衣5297@outlook.com,090-5469-1218,千葉県千葉市中央区中央8丁目24番6号,千葉市中央区,千葉県,2600030,2023-12-08
5298,鈴木恵子,鈴木恵子5298@outlook.com,090-4510-8400,北海道札幌市北区北6条西4丁目7番5号,札幌市北区,北海道,0600033,2023-02-13
5299,山田大輔,山田大輔5299@icloud.com,090-2577-4744,愛知県名古屋市西区名駅9丁目26番4号,名古屋市西区,愛知県,4510014,2024-11-09
5300,森田亮,森田亮5300@yahoo.co.jp,090-2394-4924,埼玉県さいたま市大宮区大宮8丁目21番10号,さいたま市大宮区,埼玉県,3300003,2024-05-17
5301,小林翔太,小林翔太5301@example.com,090-7827-5201,大阪府大阪市北区梅田5丁目25番8号,大阪市北区,大阪府,5300020,2024-07-03
5302,坂本美咲,坂本美咲5302@icloud.com,090-8010-7867,京都府京都市下京区四条通1丁目21番7号,京都市下京区,京都府,6000015,2023-05-19
5303,遠藤剛,遠藤剛5303@icloud.com,090-3094-5484,大阪府大阪市北区梅田2丁目2番4号,大阪市北区,大阪府,5300008,2023-06-06
5304,橋本由美子,橋本由美子5304@outlook.com,090-2577-1027,神奈川県横浜市西区みなとみらい1丁目9番10号,横浜市西区,神奈川県,2200016,2024-02-07
5305,山田達也,山田達也5305@icloud.com,090-8515-7569,愛知県名古屋市西区名駅5丁目14番3号,名古屋市西区,愛知県,4510038,2024-12-22
5306,岡田智子,岡田智子5306@yahoo.co.jp,090-5430-6704,京都府京都市下京区四条通7丁目2番2号,京都市下京区,京都府,6000036,2024-03-04
5307,小林健太,小林健太5307@outlook.com,090-7106-4917,東京都新宿区新宿3丁目14番1号,新宿区,東京都,1600009,2024-10-09
5308,藤原智子,藤原智子5308@yahoo.co.jp,090-7698-8402,千葉県千葉市美浜区美浜8丁目24番6号,千葉市美浜区,千葉県,2610010,2023-12-10
5309,伊藤剛,伊藤剛5309@outlook.com,090-9682-5013,兵庫県神戸市中央区三宮町4丁目6番2号,神戸市中央区,兵庫県,6500005,2024-02-03
5310,山本誠,山本誠5310@outlook.com,090-8848-7841,福岡県福岡市中央区天神5丁目22番1号,福岡市中央区,福岡県,8100019,2024-04-29
5311,長谷川太郎,長谷川太郎5311@example.com,090-6852-6881,福岡県福岡市中央区天神1丁目11番5号,福岡市中央区,福岡県,8100034,2024-07-27
5312,渡辺香織,渡辺香織5312@gmail.com,090-8040-3951,福岡県福岡市博多区博多駅前10丁目10番5号,福岡市博多区,福岡県,8120016,2024-12-10
5313,吉田直樹,吉田直樹5313@gmail.com,090-6217-2898,福岡県福岡市博多区博多駅前4丁目13番5号,福岡市博多区,福岡県,8120011,2023-10-30
5314,長谷川麻美,長谷川麻美5314@icloud.com,090-7334-3017,北海道札幌市中央区北1条西3丁目8番3号,札幌市中央区,北海道,0600040,2024-05-11
5315,斎藤達也,斎藤達也5315@icloud.com,090-7250-7947,東京都新宿区新宿5丁目24番10号,新宿区,東京都,1600004,2023-05-06
5316,近藤剛,近藤剛5316@gmail.com,090-3135-6806,大阪府大阪市北区梅田1丁目2番5号,大阪市北区,大阪府,5300013,2023-09-25
5317,坂本さくら,坂本さくら5317@yahoo.co.jp,090-9633-4784,兵庫県神戸市中央区三宮町9丁目2番9号,神戸市中央区,兵庫県,6500023,2023-07-18
5318,小林さくら,小林さくら5318@example.com,090-1365-9068,北海道札幌市中央区北1条西6丁目17番3号,札幌市中央区,北海道,0600031,2024-02-14
5319,佐藤雄一,佐藤雄一5319@yahoo.co.jp,090-1339-4074,神奈川県横浜市西区みなとみらい5丁目22番6号,横浜市西区,神奈川県,2200038,2024-11-03
5320,近藤雄一,近藤雄一5320@gmail.com,090-4230-5370,愛知県名古屋市西区名駅3丁目23番8号,名古屋市西区,愛知県,4510034,2024-03-25
5321,中村優子,中村優子5321@example.com,090-5163-5716,東京都渋谷区渋谷2丁目29番9号,渋谷区,東京都,1500003,2024-02-12
5322,森田剛,森田剛5322@outlook.com,090-5304-3226,京都府京都市中京区烏丸通5丁目16番9号,京都市中京区,京都府,6040035,2024-09-28
5323,鈴木麻美,鈴木麻美5323@example.com,090-5661-2315,京都府京都市下京区四条通2丁目12番5号,京都市下京区,京都府,6000001,2023-10-25
5324,加藤由美子,加藤由美子5324@icloud.com,090-3399-4308,東京都渋谷区渋谷7丁目13番4号,渋谷区,東京都,1500009,2024-05-28
5325,遠藤智子,遠藤智子5325@outlook.com,090-7145-3711,京都府京都市下京区四条通5丁目3番1号,京都市下京区,京都府,6000003,2023-07-24
5326,山本一郎,山本一郎5326@yahoo.co.jp,090-1329-7736,北海道札幌市北区北6条西1丁目19番7号,札幌市北区,北海道,0600008,2023-04-24
5327,藤原千佳,藤原千佳5327@icloud.com,090-5524-2475,北海道札幌市中央区北1条西1丁目22番9号,札幌市中央区,北海道,0600036,2023-03-18
5328,前田千佳,前田千佳5328@gmail.com,090-3430-6773,千葉県千葉市美浜区美浜10丁目18番6号,千葉市美浜区,千葉県,2610003,2024-03-07
5329,田中達也,田中達也5329@yahoo.co.jp,090-9693-7383,千葉県千葉市中央区中央6丁目28番9号,千葉市中央区,千葉県,2600025,2023-06-09
5330,池田慎一,池田慎一5330@gmail.com,090-2590-1205,京都府京都市下京区四条通4丁目24番9号,京都市下京区,京都府,6000006,2023-03-06
5331,木村由美,木村由美5331@outlook.com,090-8465-5067,東京都新宿区新宿9丁目16番2号,新宿区,東京都,1600016,2024-10-17
5332,近藤雄一,近藤雄一5332@outlook.com,090-9479-1527,大阪府大阪市北区梅田9丁目19番10号,大阪市北区,大阪府,5300016,2023-10-19
5333,井上香織,井上香織5333@yahoo.co.jp,090-6111-8917,兵庫県神戸市灘区灘南通3丁目14番2号,神戸市灘区,兵庫県,6570039,2024-06-14
5334,渡辺翔太,渡辺翔太5334@gmail.com,090-9727-6392,神奈川県横浜市中区本町4丁目7番4号,横浜市中区,神奈川県,2310030,2024-03-20
5335,鈴木次郎,鈴木次郎5335@example.com,090-2970-5341,埼玉県さいたま市浦和区高砂3丁目19番4号,さいたま市浦和区,埼玉県,3300015,2024-09-14
5336,前田和也,前田和也5336@gmail.com,090-7265-3186,北海道札幌市中央区北1条西10丁目14番6号,札幌市中央区,北海道,0600020,2024-12-04
5337,前田愛,前田愛5337@example.com,090-2976-8761,北海道札幌市中央区北1条西9丁目12番9号,札幌市中央区,北海道,0600013,2023-07-28
5338,小林剛,小林剛5338@outlook.com,090-6486-2007,京都府京都市中京区烏丸通7丁目16番3号,京都市中京区,京都府,6040012,2024-06-18
5339,橋本和也,橋本和也5339@outlook.com,090-5345-8517,千葉県千葉市美浜区美浜4丁目11番4号,千葉市美浜区,千葉県,2610010,2023-08-08
5340,坂本健太,坂本健太5340@outlook.com,090-6915-3506,愛知県名古屋市西区名駅3丁目7番10号,名古屋市西区,愛知県,4510031,2023-03-05
5341,渡辺由美子,渡辺由美子5341@example.com,090-3196-3511,大阪府大阪市中央区本町8丁目15番10号,大阪市中央区,大阪府,5410030,2024-10-15
5342,伊藤愛,伊藤愛5342@yahoo.co.jp,090-2030-4669,大阪府大阪市中央区本町2丁目13番2号,大阪市中央区,大阪府,5410040,2023-06-21
5343,近藤翔太,近藤翔太5343@outlook.com,090-8376-6905,大阪府大阪市中央区本町10丁目9番3号,大阪市中央区,大阪府,5410004,2023-02-20
5344,青木一郎,青木一郎5344@yahoo.co.jp,090-6892-4413,神奈川県横浜市中区本町10丁目21番3号,横浜市中区,神奈川県,2310025,2023-12-22
5345,木村次郎,木村次郎5345@icloud.com,090-5339-6355,大阪府大阪市中央区本町5丁目13番7号,大阪市中央区,大阪府,5410026,2024-09-20
5346,森田由美子,森田由美子5346@gmail.com,090-1972-9179,東京都渋谷区渋谷8丁目21番4号,渋谷区,東京都,1500035,2023-12-19
5347,高橋麻衣,高橋麻衣5347@icloud.com,090-7915-3992,愛知県名古屋市中区錦5丁目11番3号,名古屋市中区,愛知県,4600006,2023-01-05
5348,坂本一郎,坂本一郎5348@icloud.com,090-7909-2778,愛知県名古屋市中区錦9丁目1番5号,名古屋市中区,愛知県,4600008,2023-05-03
5349,遠藤健一,遠藤健一5349@example.com,090-2221-4923,東京都新宿区新宿2丁目21番7号,新宿区,東京都,1600019,2024-08-02
5350,近藤雄一,近藤雄一5350@outlook.com,090-5367-6058,千葉県千葉市中央区中央2丁目15番2号,千葉市中央区,千葉県,2600010,2023-02-21
5351,藤原美穂,藤原美穂5351@icloud.com,090-9559-4612,東京都渋谷区渋谷2丁目1番9号,渋谷区,東京都,1500025,2023-09-27
5352,岡田美穂,岡田美穂5352@example.com,090-5823-4284,大阪府大阪市北区梅田4丁目15番6号,大阪市北区,大阪府,5300010,2024-06-27
5353,近藤太郎,近藤太郎5353@gmail.com,090-1484-1047,北海道札幌市中央区北1条西3丁目15番4号,札幌市中央区,北海道,0600022,2024-03-10
5354,藤井雄一,藤井雄一5354@icloud.com,090-5241-9047,愛知県名古屋市西区名駅7丁目24番7号,名古屋市西区,愛知県,4510008,2023-11-01
5355,斎藤美咲,斎藤美咲5355@gmail.com,090-8254-7540,神奈川県横浜市中区本町2丁目12番2号,横浜市中区,神奈川県,2310036,2024-07-02
5356,村上雄一,村上雄一5356@outlook.com,090-9467-9527,京都府京都市中京区烏丸通3丁目5番6号,京都市中京区,京都府,6040003,2023-06-22
5357,吉田大輔,吉田大輔5357@yahoo.co.jp,090-3710-2453,愛知県名古屋市中区錦7丁目4番9号,名古屋市中区,愛知県,4600003,2024-08-05
5358,渡辺美穂,渡辺美穂5358@outlook.com,090-4224-9671,千葉県千葉市中央区中央5丁目7番10号,千葉市中央区,千葉県,2600041,2024-04-01
5359,松本優子,松本優子5359@outlook.com,090-2973-4289,兵庫県神戸市中央区三宮町9丁目1番4号,神戸市中央区,兵庫県,6500038,2024-11-29
5360,前田恵子,前田恵子5360@gmail.com,090-7302-7509,埼玉県さいたま市浦和区高砂8丁目22番3号,さいたま市浦和区,埼玉県,3300013,2024-06-22
5361,佐藤由美,佐藤由美5361@outlook.com,090-8330-3647,神奈川県横浜市中区本町4丁目29番10号,横浜市中区,神奈川県,2310030,2024-08-09
5362,斎藤大輔,斎藤大輔5362@icloud.com,090-6528-1905,東京都新宿区新宿10丁目21番4号,新宿区,東京都,1600018,2024-09-09
5363,田中由美子,田中由美子5363@icloud.com,090-9568-5235,大阪府大阪市北区梅田1丁目25番8号,大阪市北区,大阪府,5300007,2023-03-23
5364,山本亮,山本亮5364@icloud.com,090-1409-7234,神奈川県横浜市西区みなとみらい3丁目16番8号,横浜市西区,神奈川県,2200002,2023-09-19
5365,鈴木花子,鈴木花子5365@outlook.com,090-9494-6483,東京都渋谷区渋谷6丁目14番10号,渋谷区,東京都,1500024,2024-08-21
5366,森田直樹,森田直樹5366@icloud.com,090-4819-6732,千葉県千葉市中央区中央10丁目12番10号,千葉市中央区,千葉県,2600019,2023-10-12
5367,岡田美咲,岡田美咲5367@yahoo.co.jp,090-1767-5121,愛知県名古屋市西区名駅10丁目4番7号,名古屋市西区,愛知県,4510029,2023-07-16
5368,坂本直樹,坂本直樹5368@gmail.com,090-4904-1736,兵庫県神戸市灘区灘南通7丁目16番9号,神戸市灘区,兵庫県,6570009,2024-11-14
5369,鈴木大輔,鈴木大輔5369@icloud.com,090-3502-3117,東京都千代田区丸の内2丁目29番4号,千代田区,東京都,1000001,2023-09-06
5370,石川花子,石川花子5370@example.com,090-2064-9365,福岡県福岡市博多区博多駅前3丁目14番1号,福岡市博多区,福岡県,8120012,2023-02-05
5371,遠藤香織,遠藤香織5371@example.com,090-2691-9214,千葉県千葉市中央区中央5丁目30番4号,千葉市中央区,千葉県,2600007,2023-10-11
5372,岡田達也,岡田達也5372@yahoo.co.jp,090-2075-2929,京都府京都市下京区四条通3丁目27番4号,京都市下京区,京都府,6000017,2023-06-12
5373,吉田剛,吉田剛5373@example.com,090-5067-7822,大阪府大阪市中央区本町7丁目11番5号,大阪市中央区,大阪府,5410011,2023-06-15
5374,渡辺千佳,渡辺千佳5374@example.com,090-5814-4056,東京都新宿区新宿5丁目26番7号,新宿区,東京都,1600017,2024-03-10
5375,遠藤太郎,遠藤太郎5375@icloud.com,090-6570-8824,兵庫県神戸市灘区灘南通5丁目27番3号,神戸市灘区,兵庫県,6570027,2023-06-30
5376,前田三郎,前田三郎5376@yahoo.co.jp,090-5037-6935,千葉県千葉市中央区中央3丁目13番9号,千葉市中央区,千葉県,2600031,2023-08-24
5377,小林さくら,小林さくら5377@icloud.com,090-7186-6099,神奈川県横浜市中区本町4丁目8番4号,横浜市中区,神奈川県,2310014,2023-12-21
5378,高橋さくら,高橋さくら5378@example.com,090-4370-9471,千葉県千葉市中央区中央8丁目9番8号,千葉市中央区,千葉県,2600019,2024-03-01
5379,藤井花子,藤井花子5379@gmail.com,090-7249-8108,東京都千代田区丸の内2丁目10番7号,千代田区,東京都,1000005,2024-06-07
5380,岡田三郎,岡田三郎5380@gmail.com,090-5857-7295,北海道札幌市北区北6条西9丁目18番5号,札幌市北区,北海道,0600017,2024-03-19
5381,山田達也,山田達也5381@yahoo.co.jp,090-8863-5696,京都府京都市中京区烏丸通9丁目26番2号,京都市中京区,京都府,6040025,2024-06-29
5382,村上美穂,村上美穂5382@yahoo.co.jp,090-2840-9353,千葉県千葉市美浜区美浜3丁目7番2号,千葉市美浜区,千葉県,2610021,2024-08-21
5383,後藤美咲,後藤美咲5383@example.com,090-8696-6118,埼玉県さいたま市浦和区高砂4丁目20番2号,さいたま市浦和区,埼玉県,3300013,2024-11-17
5384,佐藤麻美,佐藤麻美5384@example.com,090-5397-7931,神奈川県横浜市西区みなとみらい2丁目10番2号,横浜市西区,神奈川県,2200034,2023-08-09
5385,高橋香織,高橋香織5385@icloud.com,090-7160-4319,大阪府大阪市北区梅田6丁目18番3号,大阪市北区,大阪府,5300004,2023-12-04
5386,吉田誠,吉田誠5386@yahoo.co.jp,090-3531-2223,大阪府大阪市北区梅田4丁目8番3号,大阪市北区,大阪府,5300021,2023-11-17
5387,後藤拓也,後藤拓也5387@yahoo.co.jp,090-6297-5701,千葉県千葉市美浜区美浜7丁目7番4号,千葉市美浜区,千葉県,2610014,2023-10-01
5388,斎藤麻美,斎藤麻美5388@outlook.com,090-9238-6929,大阪府大阪市中央区本町6丁目22番7号,大阪市中央区,大阪府,5410015,2023-10-21
5389,林麻美,林麻美5389@outlook.com,090-1760-3405,東京都渋谷区渋谷1丁目22番10号,渋谷区,東京都,1500025,2024-08-13
5390,青木亮,青木亮5390@icloud.com,090-6102-5439,京都府京都市下京区四条通7丁目20番7号,京都市下京区,京都府,6000028,2023-04-29
5391,加藤さくら,加藤さくら5391@example.com,090-5206-8970,千葉県千葉市中央区中央5丁目8番6号,千葉市中央区,千葉県,2600031,2024-08-28
5392,小林健一,小林健一5392@yahoo.co.jp,090-1936-1201,京都府京都市下京区四条通7丁目29番8号,京都市下京区,京都府,6000003,2023-01-04
5393,林翔太,林翔太5393@yahoo.co.jp,090-1991-4629,神奈川県横浜市中区本町2丁目29番1号,横浜市中区,神奈川県,2310020,2023-01-30
5394,橋本次郎,橋本次郎5394@example.com,090-9797-4700,大阪府大阪市中央区本町4丁目15番4号,大阪市中央区,大阪府,5410039,2024-12-07
5395,吉田大輔,吉田大輔5395@yahoo.co.jp,090-1638-2626,北海道札幌市北区北6条西8丁目20番8号,札幌市北区,北海道,0600005,2024-12-27
5396,小林由美,小林由美5396@gmail.com,090-4973-9074,千葉県千葉市美浜区美浜2丁目10番9号,千葉市美浜区,千葉県,2610022,2024-10-18
5397,青木真由美,青木真由美5397@yahoo.co.jp,090-5620-1024,千葉県千葉市美浜区美浜2丁目22番5号,千葉市美浜区,千葉県,2610028,2023-07-25
5398,池田千佳,池田千佳5398@yahoo.co.jp,090-7333-3532,埼玉県さいたま市浦和区高砂4丁目27番7号,さいたま市浦和区,埼玉県,3300003,2023-01-08
5399,木村和也,木村和也5399@gmail.com,090-3085-9832,千葉県千葉市中央区中央2丁目19番9号,千葉市中央区,千葉県,2600032,2024-11-14
5400,藤井由美,藤井由美5400@example.com,090-8208-3585,福岡県福岡市博多区博多駅前2丁目20番7号,福岡市博多区,福岡県,8120016,2024-10-03
5401,岡田和也,岡田和也5401@icloud.com,090-4603-8050,東京都渋谷区渋谷3丁目19番5号,渋谷区,東京都,1500025,2024-11-08
5402,井上亮,井上亮5402@example.com,090-5154-3804,北海道札幌市中央区北1条西7丁目5番7号,札幌市中央区,北海道,0600022,2024-08-31
5403,石川慎一,石川慎一5403@outlook.com,090-3570-2865,福岡県福岡市中央区天神8丁目6番1号,福岡市中央区,福岡県,8100016,2023-05-13
5404,藤井直樹,藤井直樹5404@outlook.com,090-7380-8415,京都府京都市中京区烏丸通8丁目30番5号,京都市中京区,京都府,6040038,2023-07-14
5405,伊藤花子,伊藤花子5405@outlook.com,090-7061-2727,福岡県福岡市中央区天神9丁目15番10号,福岡市中央区,福岡県,8100032,2023-01-05
5406,森田優子,森田優子5406@icloud.com,090-5323-6934,愛知県名古屋市中区錦9丁目10番3号,名古屋市中区,愛知県,4600006,2024-10-28
5407,木村花子,木村花子5407@example.com,090-9326-2012,京都府京都市下京区四条通3丁目24番5号,京都市下京区,京都府,6000007,2023-10-09
5408,松本花子,松本花子5408@example.com,090-4423-2337,千葉県千葉市中央区中央9丁目19番8号,千葉市中央区,千葉県,2600017,2024-05-17
5409,前田優子,前田優子5409@icloud.com,090-6024-4316,大阪府大阪市中央区本町3丁目19番3号,大阪市中央区,大阪府,5410020,2023-12-09
5410,青木拓也,青木拓也5410@icloud.com,090-2036-9886,埼玉県さいたま市大宮区大宮7丁目11番7号,さいたま市大宮区,埼玉県,3300004,2024-12-07
5411,木村大輔,木村大輔5411@icloud.com,090-5409-3363,北海道札幌市中央区北1条西8丁目3番8号,札幌市中央区,北海道,0600030,2024-05-30
5412,田中雄一,田中雄一5412@icloud.com,090-6889-2324,千葉県千葉市中央区中央2丁目2番3号,千葉市中央区,千葉県,2600025,2023-04-25
5413,後藤次郎,後藤次郎5413@example.com,090-8890-8117,東京都渋谷区渋谷9丁目13番7号,渋谷区,東京都,1500011,2024-04-18
5414,渡辺誠,渡辺誠5414@outlook.com,090-5374-6306,神奈川県横浜市西区みなとみらい8丁目15番9号,横浜市西区,神奈川県,2200026,2023-12-23
5415,小林直樹,小林直樹5415@gmail.com,090-5747-3188,大阪府大阪市北区梅田8丁目23番8号,大阪市北区,大阪府,5300018,2024-06-22
5416,林翔太,林翔太5416@gmail.com,090-7818-3667,福岡県福岡市中央区天神2丁目29番4号,福岡市中央区,福岡県,8100026,2024-12-01
5417,遠藤慎一,遠藤慎一5417@gmail.com,090-5906-2471,福岡県福岡市中央区天神3丁目29番4号,福岡市中央区,福岡県,8100029,2024-04-05
5418,佐藤愛,佐藤愛5418@gmail.com,090-1791-1973,愛知県名古屋市西区名駅6丁目11番8号,名古屋市西区,愛知県,4510029,2023-03-04
5419,鈴木正,鈴木正5419@gmail.com,090-2293-4014,東京都渋谷区渋谷2丁目2番4号,渋谷区,東京都,1500010,2023-09-07
5420,佐藤麻美,佐藤麻美5420@yahoo.co.jp,090-3332-7706,愛知県名古屋市西区名駅1丁目14番9号,名古屋市西区,愛知県,4510014,2023-06-12
5421,池田愛,池田愛5421@yahoo.co.jp,090-6484-1630,東京都千代田区丸の内4丁目14番6号,千代田区,東京都,1000004,2024-09-11
5422,井上真由美,井上真由美5422@yahoo.co.jp,090-5237-6099,神奈川県横浜市中区本町1丁目7番4号,横浜市中区,神奈川県,2310012,2023-01-27
5423,林和也,林和也5423@gmail.com,090-9056-6601,北海道札幌市北区北6条西7丁目25番3号,札幌市北区,北海道,0600039,2024-07-12
5424,山田千佳,山田千佳5424@icloud.com,090-1246-7200,京都府京都市中京区烏丸通5丁目29番6号,京都市中京区,京都府,6040022,2023-08-09
5425,村上由美子,村上由美子5425@outlook.com,090-7597-3104,東京都千代田区丸の内10丁目26番10号,千代田区,東京都,1000008,2024-05-01
5426,山田次郎,山田次郎5426@example.com,090-3294-4175,兵庫県神戸市中央区三宮町7丁目1番3号,神戸市中央区,兵庫県,6500026,2023-09-19
5427,松本剛,松本剛5427@yahoo.co.jp,090-9886-2993,千葉県千葉市美浜区美浜4丁目12番5号,千葉市美浜区,千葉県,2610009,2023-07-19
5428,斎藤優子,斎藤優子5428@gmail.com,090-3580-5676,神奈川県横浜市西区みなとみらい3丁目13番9号,横浜市西区,神奈川県,2200026,2023-09-13
5429,斎藤美香,斎藤美香5429@outlook.com,090-3715-1977,埼玉県さいたま市浦和区高砂10丁目26番5号,さいたま市浦和区,埼玉県,3300035,2024-11-14
5430,森田雄一,森田雄一5430@icloud.com,090-6086-9305,愛知県名古屋市西区名駅6丁目27番6号,名古屋市西区,愛知県,4510004,2023-08-03
5431,石川千佳,石川千佳5431@outlook.com,090-4138-7725,千葉県千葉市美浜区美浜5丁目4番5号,千葉市美浜区,千葉県,2610010,2024-07-07
5432,青木優子,青木優子5432@icloud.com,090-5894-8112,千葉県千葉市中央区中央4丁目11番6号,千葉市中央区,千葉県,2600031,2024-04-28
5433,松本正,松本正5433@icloud.com,090-8600-4150,埼玉県さいたま市大宮区大宮4丁目11番10号,さいたま市大宮区,埼玉県,3300040,2024-12-22
5434,林さくら,林さくら5434@gmail.com,090-4810-1620,京都府京都市下京区四条通8丁目28番1号,京都市下京区,京都府,6000038,2023-02-26
5435,伊藤剛,伊藤剛5435@gmail.com,090-4139-8227,神奈川県横浜市西区みなとみらい5丁目15番4号,横浜市西区,神奈川県,2200038,2023-08-12
5436,藤井千佳,藤井千佳5436@icloud.com,090-1653-4568,埼玉県さいたま市大宮区大宮2丁目27番1号,さいたま市大宮区,埼玉県,3300040,2023-05-14
5437,近藤剛,近藤剛5437@example.com,090-1566-4821,埼玉県さいたま市浦和区高砂1丁目14番7号,さいたま市浦和区,埼玉県,3300009,2023-04-25
5438,伊藤達也,伊藤達也5438@yahoo.co.jp,090-8074-7104,千葉県千葉市美浜区美浜2丁目25番8号,千葉市美浜区,千葉県,2610037,2024-07-19
5439,渡辺恵子,渡辺恵子5439@icloud.com,090-7279-6948,埼玉県さいたま市大宮区大宮6丁目20番5号,さいたま市大宮区,埼玉県,3300022,2024-09-08
5440,後藤智子,後藤智子5440@yahoo.co.jp,090-6934-8496,東京都千代田区丸の内9丁目17番8号,千代田区,東京都,1000006,2023-07-25
5441,渡辺花子,渡辺花子5441@example.com,090-2829-7924,愛知県名古屋市西区名駅6丁目29番7号,名古屋市西区,愛知県,4510017,2023-11-10
5442,岡田一郎,岡田一郎5442@icloud.com,090-7318-7166,京都府京都市中京区烏丸通10丁目18番10号,京都市中京区,京都府,6040013,2023-05-29
5443,渡辺拓也,渡辺拓也5443@outlook.com,090-4153-8983,千葉県千葉市中央区中央10丁目14番7号,千葉市中央区,千葉県,2600019,2024-01-08
5444,佐藤真由美,佐藤真由美5444@outlook.com,090-8885-4710,大阪府大阪市北区梅田5丁目11番7号,大阪市北区,大阪府,5300015,2023-12-08
5445,山田大輔,山田大輔5445@yahoo.co.jp,090-1673-5031,東京都新宿区新宿3丁目5番7号,新宿区,東京都,1600003,2023-10-05
5446,長谷川正,長谷川正5446@outlook.com,090-3031-7788,北海道札幌市中央区北1条西8丁目28番10号,札幌市中央区,北海道,0600031,2024-01-18
5447,松本真由美,松本真由美5447@icloud.com,090-2862-9984,埼玉県さいたま市浦和区高砂10丁目1番5号,さいたま市浦和区,埼玉県,3300012,2023-04-16
5448,斎藤優子,斎藤優子5448@yahoo.co.jp,090-8090-1271,大阪府大阪市北区梅田1丁目30番5号,大阪市北区,大阪府,5300016,2024-06-18
5449,斎藤由美,斎藤由美5449@outlook.com,090-7494-5082,埼玉県さいたま市大宮区大宮6丁目23番4号,さいたま市大宮区,埼玉県,3300041,2024-11-09
5450,長谷川健太,長谷川健太5450@icloud.com,090-1441-1792,兵庫県神戸市灘区灘南通8丁目23番9号,神戸市灘区,兵庫県,6570009,2024-05-22
5451,木村恵子,木村恵子5451@example.com,090-4929-5245,千葉県千葉市中央区中央9丁目30番10号,千葉市中央区,千葉県,2600025,2024-11-05
5452,藤井剛,藤井剛5452@outlook.com,090-5053-6368,北海道札幌市北区北6条西8丁目23番6号,札幌市北区,北海道,0600032,2023-10-10
5453,加藤美香,加藤美香5453@example.com,090-1338-9753,北海道札幌市北区北6条西7丁目29番10号,札幌市北区,北海道,0600023,2023-06-22
5454,村上大輔,村上大輔5454@yahoo.co.jp,090-6791-7572,兵庫県神戸市灘区灘南通9丁目15番3号,神戸市灘区,兵庫県,6570027,2024-10-27
5455,高橋美香,高橋美香5455@outlook.com,090-8665-9082,東京都千代田区丸の内1丁目23番2号,千代田区,東京都,1000020,2024-01-18
5456,林由美子,林由美子5456@outlook.com,090-9152-1487,京都府京都市下京区四条通7丁目28番5号,京都市下京区,京都府,6000006,2024-10-15
5457,橋本さくら,橋本さくら5457@yahoo.co.jp,090-4735-8016,大阪府大阪市中央区本町2丁目5番1号,大阪市中央区,大阪府,5410037,2023-12-17
5458,井上一郎,井上一郎5458@outlook.com,090-6457-8482,神奈川県横浜市西区みなとみらい2丁目3番7号,横浜市西区,神奈川県,2200028,2024-07-15
5459,長谷川美穂,長谷川美穂5459@gmail.com,090-3513-8229,大阪府大阪市中央区本町9丁目1番4号,大阪市中央区,大阪府,5410013,2024-07-08
5460,吉田正,吉田正5460@example.com,090-7199-6635,千葉県千葉市中央区中央9丁目19番1号,千葉市中央区,千葉県,2600023,2024-12-10
5461,高橋直樹,高橋直樹5461@icloud.com,090-7188-4117,東京都渋谷区渋谷7丁目25番2号,渋谷区,東京都,1500027,2024-03-01
5462,伊藤恵子,伊藤恵子5462@gmail.com,090-1578-4834,東京都新宿区新宿5丁目12番5号,新宿区,東京都,1600012,2023-05-19
5463,佐藤麻衣,佐藤麻衣5463@example.com,090-1579-8738,北海道札幌市中央区北1条西10丁目25番2号,札幌市中央区,北海道,0600025,2023-09-24
5464,中村次郎,中村次郎5464@yahoo.co.jp,090-5996-2967,愛知県名古屋市中区錦3丁目11番4号,名古屋市中区,愛知県,4600003,2023-07-19
5465,斎藤亮,斎藤亮5465@yahoo.co.jp,090-6870-4577,千葉県千葉市美浜区美浜8丁目18番3号,千葉市美浜区,千葉県,2610031,2024-06-17
5466,渡辺太郎,渡辺太郎5466@example.com,090-4961-7486,愛知県名古屋市西区名駅6丁目1番4号,名古屋市西区,愛知県,4510033,2023-02-27
5467,岡田剛,岡田剛5467@outlook.com,090-2477-7264,東京都千代田区丸の内9丁目29番9号,千代田区,東京都,1000021,2023-01-03
5468,加藤智子,加藤智子5468@outlook.com,090-5204-3437,埼玉県さいたま市浦和区高砂1丁目9番10号,さいたま市浦和区,埼玉県,3300039,2023-10-09
5469,山本愛,山本愛5469@example.com,090-3079-8854,兵庫県神戸市中央区三宮町8丁目28番8号,神戸市中央区,兵庫県,6500007,2023-08-09
5470,長谷川三郎,長谷川三郎5470@icloud.com,090-1490-6413,兵庫県神戸市中央区三宮町10丁目12番5号,神戸市中央区,兵庫県,6500010,2023-10-24
5471,鈴木一郎,鈴木一郎5471@example.com,090-2353-3559,北海道札幌市中央区北1条西2丁目19番10号,札幌市中央区,北海道,0600019,2024-08-25
5472,木村美咲,木村美咲5472@example.com,090-1175-7849,大阪府大阪市中央区本町3丁目22番10号,大阪市中央区,大阪府,5410008,2023-05-23
5473,木村雄一,木村雄一5473@outlook.com,090-3592-3951,京都府京都市中京区烏丸通4丁目1番4号,京都市中京区,京都府,6040014,2023-12-03
5474,鈴木達也,鈴木達也5474@example.com,090-9171-5222,愛知県名古屋市西区名駅7丁目4番1号,名古屋市西区,愛知県,4510011,2024-10-23
5475,遠藤恵子,遠藤恵子5475@example.com,090-2241-4634,千葉県千葉市中央区中央5丁目27番2号,千葉市中央区,千葉県,2600036,2024-11-06
5476,石川麻美,石川麻美5476@outlook.com,090-5856-7112,北海道札幌市北区北6条西1丁目17番6号,札幌市北区,北海道,0600016,2024-02-18
5477,田中太郎,田中太郎5477@example.com,090-9612-6085,神奈川県横浜市西区みなとみらい9丁目18番7号,横浜市西区,神奈川県,2200003,2024-12-28
5478,田中慎一,田中慎一5478@outlook.com,090-7277-7244,兵庫県神戸市灘区灘南通10丁目13番9号,神戸市灘区,兵庫県,6570032,2024-11-19
5479,加藤一郎,加藤一郎5479@yahoo.co.jp,090-4762-5058,埼玉県さいたま市大宮区大宮1丁目17番9号,さいたま市大宮区,埼玉県,3300026,2024-12-17
5480,藤原次郎,藤原次郎5480@example.com,090-3971-8500,東京都千代田区丸の内6丁目9番8号,千代田区,東京都,1000008,2023-06-10
5481,中村雄一,中村雄一5481@example.com,090-5365-1598,東京都千代田区丸の内6丁目23番7号,千代田区,東京都,1000008,2024-08-22
5482,藤原香織,藤原香織5482@yahoo.co.jp,090-9692-1379,福岡県福岡市博多区博多駅前9丁目16番5号,福岡市博多区,福岡県,8120012,2024-10-16
5483,藤井慎一,藤井慎一5483@outlook.com,090-7051-8471,兵庫県神戸市灘区灘南通9丁目2番8号,神戸市灘区,兵庫県,6570035,2023-09-21
5484,橋本和也,橋本和也5484@outlook.com,090-8595-9279,東京都渋谷区渋谷8丁目12番8号,渋谷区,東京都,1500032,2024-09-05
5485,松本千佳,松本千佳5485@gmail.com,090-9065-2777,大阪府大阪市北区梅田7丁目30番9号,大阪市北区,大阪府,5300012,2023-09-29
5486,田中さくら,田中さくら5486@outlook.com,090-2588-1984,愛知県名古屋市中区錦7丁目8番7号,名古屋市中区,愛知県,4600004,2023-12-06
5487,伊藤麻衣,伊藤麻衣5487@yahoo.co.jp,090-1634-9392,福岡県福岡市中央区天神10丁目27番9号,福岡市中央区,福岡県,8100022,2024-07-01
5488,井上正,井上正5488@yahoo.co.jp,090-1954-2562,愛知県名古屋市西区名駅6丁目22番8号,名古屋市西区,愛知県,4510028,2023-02-17
5489,伊藤大輔,伊藤大輔5489@icloud.com,090-6498-2619,福岡県福岡市中央区天神7丁目24番1号,福岡市中央区,福岡県,8100005,2024-08-02
5490,林健太,林健太5490@gmail.com,090-7090-2365,神奈川県横浜市西区みなとみらい5丁目18番10号,横浜市西区,神奈川県,2200001,2024-08-26
5491,林一郎,林一郎5491@example.com,090-9367-4776,大阪府大阪市中央区本町8丁目5番2号,大阪市中央区,大阪府,5410039,2023-12-10
5492,佐藤雄一,佐藤雄一5492@outlook.com,090-2757-8338,神奈川県横浜市中区本町9丁目26番2号,横浜市中区,神奈川県,2310036,2024-06-13
5493,田中剛,田中剛5493@icloud.com,090-2609-2224,千葉県千葉市美浜区美浜1丁目25番6号,千葉市美浜区,千葉県,2610004,2024-02-10
5494,小林誠,小林誠5494@gmail.com,090-7965-3207,東京都千代田区丸の内9丁目28番2号,千代田区,東京都,1000019,2024-04-27
5495,林智子,林智子5495@outlook.com,090-5934-6211,東京都千代田区丸の内8丁目30番1号,千代田区,東京都,1000019,2024-01-21
5496,伊藤大輔,伊藤大輔5496@icloud.com,090-8723-9888,埼玉県さいたま市大宮区大宮6丁目7番4号,さいたま市大宮区,埼玉県,3300017,2023-02-08
5497,森田麻衣,森田麻衣5497@icloud.com,090-1477-2249,大阪府大阪市中央区本町1丁目21番10号,大阪市中央区,大阪府,5410016,2023-02-20
5498,青木智子,青木智子5498@icloud.com,090-9220-8488,福岡県福岡市中央区天神7丁目4番2号,福岡市中央区,福岡県,8100027,2023-05-22
5499,吉田雄一,吉田雄一5499@yahoo.co.jp,090-5741-8078,東京都渋谷区渋谷8丁目1番9号,渋谷区,東京都,1500023,2023-03-09
5500,井上剛,井上剛5500@yahoo.co.jp,090-7344-5373,京都府京都市下京区四条通6丁目30番1号,京都市下京区,京都府,6000001,2023-01-06
5501,井上大輔,井上大輔5501@gmail.com,090-5364-8801,神奈川県横浜市西区みなとみらい7丁目21番7号,横浜市西区,神奈川県,2200009,2024-11-21
5502,橋本由美,橋本由美5502@icloud.com,090-7223-2626,大阪府大阪市北区梅田3丁目26番10号,大阪市北区,大阪府,5300001,2023-12-28
5503,斎藤優子,斎藤優子5503@outlook.com,090-1758-7578,福岡県福岡市中央区天神7丁目19番4号,福岡市中央区,福岡県,8100014,2024-11-09
5504,吉田太郎,吉田太郎5504@gmail.com,090-1479-3732,埼玉県さいたま市浦和区高砂4丁目16番8号,さいたま市浦和区,埼玉県,3300011,2023-05-07
5505,伊藤大輔,伊藤大輔5505@gmail.com,090-8684-7049,埼玉県さいたま市大宮区大宮3丁目19番8号,さいたま市大宮区,埼玉県,3300029,2024-06-12
5506,坂本剛,坂本剛5506@gmail.com,090-8908-9147,愛知県名古屋市西区名駅10丁目19番4号,名古屋市西区,愛知県,4510016,2024-10-13
5507,田中麻美,田中麻美5507@gmail.com,090-3746-8235,京都府京都市中京区烏丸通9丁目21番4号,京都市中京区,京都府,6040010,2023-11-30
5508,中村愛,中村愛5508@example.com,090-1912-4592,北海道札幌市中央区北1条西1丁目25番10号,札幌市中央区,北海道,0600025,2023-06-21
5509,加藤健太,加藤健太5509@outlook.com,090-2621-4288,神奈川県横浜市中区本町2丁目7番2号,横浜市中区,神奈川県,2310018,2023-04-13
5510,長谷川亮,長谷川亮5510@yahoo.co.jp,090-1991-5973,福岡県福岡市中央区天神6丁目8番9号,福岡市中央区,福岡県,8100013,2024-01-26
5511,池田美香,池田美香5511@icloud.com,090-2259-8166,福岡県福岡市博多区博多駅前3丁目21番5号,福岡市博多区,福岡県,8120011,2024-06-21
5512,山田三郎,山田三郎5512@gmail.com,090-5662-1245,大阪府大阪市中央区本町3丁目11番5号,大阪市中央区,大阪府,5410034,2024-02-15
5513,坂本愛,坂本愛5513@outlook.com,090-3416-4125,京都府京都市下京区四条通2丁目24番8号,京都市下京区,京都府,6000015,2023-07-21
5514,藤原千佳,藤原千佳5514@icloud.com,090-7373-9424,兵庫県神戸市灘区灘南通6丁目8番5号,神戸市灘区,兵庫県,6570002,2024-01-09
5515,岡田美香,岡田美香5515@outlook.com,090-1203-5701,愛知県名古屋市中区錦10丁目11番1号,名古屋市中区,愛知県,4600004,2024-10-29
5516,林拓也,林拓也5516@example.com,090-8210-5276,大阪府大阪市北区梅田8丁目25番3号,大阪市北区,大阪府,5300003,2023-03-17
5517,田中慎一,田中慎一5517@example.com,090-9796-8976,神奈川県横浜市西区みなとみらい4丁目7番10号,横浜市西区,神奈川県,2200031,2024-02-23
5518,青木美香,青木美香5518@gmail.com,090-9565-9589,京都府京都市下京区四条通7丁目28番3号,京都市下京区,京都府,6000038,2023-12-04
5519,村上花子,村上花子5519@example.com,090-5919-5943,大阪府大阪市北区梅田10丁目7番9号,大阪市北区,大阪府,5300001,2024-07-14
5520,井上恵子,井上恵子5520@gmail.com,090-9088-1887,京都府京都市下京区四条通7丁目24番4号,京都市下京区,京都府,6000033,2024-07-10
5521,鈴木直樹,鈴木直樹5521@gmail.com,090-2566-8857,神奈川県横浜市西区みなとみらい3丁目9番4号,横浜市西区,神奈川県,2200010,2023-08-21
5522,近藤太郎,近藤太郎5522@example.com,090-5946-3666,北海道札幌市中央区北1条西9丁目6番8号,札幌市中央区,北海道,0600037,2023-06-02
5523,青木雄一,青木雄一5523@example.com,090-3235-3162,福岡県福岡市中央区天神5丁目24番10号,福岡市中央区,福岡県,8100002,2024-09-15
5524,池田和也,池田和也5524@yahoo.co.jp,090-4566-8209,千葉県千葉市中央区中央10丁目20番3号,千葉市中央区,千葉県,2600026,2024-09-13
5525,岡田美穂,岡田美穂5525@icloud.com,090-1675-3821,東京都新宿区新宿7丁目10番3号,新宿区,東京都,1600020,2024-05-05
5526,池田由美子,池田由美子5526@yahoo.co.jp,090-4218-8080,大阪府大阪市北区梅田8丁目12番2号,大阪市北区,大阪府,5300002,2023-04-10
5527,小林一郎,小林一郎5527@yahoo.co.jp,090-6689-6938,京都府京都市下京区四条通8丁目12番6号,京都市下京区,京都府,6000024,2024-07-19
5528,村上恵子,村上恵子5528@icloud.com,090-6030-7713,東京都千代田区丸の内4丁目3番10号,千代田区,東京都,1000016,2024-10-15
5529,小林優子,小林優子5529@yahoo.co.jp,090-6909-1140,神奈川県横浜市中区本町3丁目18番5号,横浜市中区,神奈川県,2310040,2024-03-07
5530,井上美咲,井上美咲5530@yahoo.co.jp,090-3335-1751,兵庫県神戸市灘区灘南通8丁目9番9号,神戸市灘区,兵庫県,6570017,2024-05-18
5531,木村健太,木村健太5531@icloud.com,090-1044-2089,兵庫県神戸市灘区灘南通9丁目23番9号,神戸市灘区,兵庫県,6570022,2023-02-06
5532,小林香織,小林香織5532@outlook.com,090-7900-6091,北海道札幌市北区北6条西6丁目1番1号,札幌市北区,北海道,0600040,2024-05-21
5533,高橋さくら,高橋さくら5533@icloud.com,090-6675-2625,東京都渋谷区渋谷4丁目17番1号,渋谷区,東京都,1500028,2023-03-11
5534,前田直樹,前田直樹5534@gmail.com,090-1179-3293,神奈川県横浜市中区本町7丁目7番3号,横浜市中区,神奈川県,2310036,2024-05-23
5535,鈴木三郎,鈴木三郎5535@example.com,090-2175-3227,福岡県福岡市中央区天神10丁目29番6号,福岡市中央区,福岡県,8100023,2024-04-18
5536,田中和也,田中和也5536@yahoo.co.jp,090-1946-3426,北海道札幌市中央区北1条西3丁目9番3号,札幌市中央区,北海道,0600041,2023-06-30
5537,渡辺三郎,渡辺三郎5537@gmail.com,090-9070-7952,北海道札幌市中央区北1条西8丁目21番10号,札幌市中央区,北海道,0600031,2023-05-24
5538,前田さくら,前田さくら5538@yahoo.co.jp,090-6977-6626,京都府京都市下京区四条通6丁目16番3号,京都市下京区,京都府,6000030,2023-09-02
5539,村上三郎,村上三郎5539@gmail.com,090-6147-1498,北海道札幌市中央区北1条西10丁目6番2号,札幌市中央区,北海道,0600037,2024-09-23
5540,後藤美穂,後藤美穂5540@icloud.com,090-6174-1488,福岡県福岡市博多区博多駅前3丁目8番1号,福岡市博多区,福岡県,8120007,2024-02-12
5541,坂本太郎,坂本太郎5541@gmail.com,090-4813-5400,北海道札幌市中央区北1条西7丁目28番5号,札幌市中央区,北海道,0600008,2023-05-26
5542,中村正,中村正5542@outlook.com,090-9223-5619,愛知県名古屋市中区錦7丁目18番6号,名古屋市中区,愛知県,4600001,2024-07-20
5543,木村達也,木村達也5543@example.com,090-5352-5322,神奈川県横浜市中区本町4丁目10番9号,横浜市中区,神奈川県,2310015,2023-01-04
5544,松本大輔,松本大輔5544@yahoo.co.jp,090-8506-5363,東京都新宿区新宿4丁目2番6号,新宿区,東京都,1600004,2023-01-11
5545,吉田美穂,吉田美穂5545@gmail.com,090-7821-3722,千葉県千葉市中央区中央7丁目12番9号,千葉市中央区,千葉県,2600021,2023-03-17
5546,後藤慎一,後藤慎一5546@gmail.com,090-7603-9780,福岡県福岡市中央区天神8丁目18番2号,福岡市中央区,福岡県,8100007,2024-07-16
5547,藤井優子,藤井優子5547@gmail.com,090-8147-4664,東京都千代田区丸の内2丁目19番3号,千代田区,東京都,1000016,2024-07-18
5548,長谷川愛,長谷川愛5548@outlook.com,090-9938-5298,埼玉県さいたま市大宮区大宮3丁目29番5号,さいたま市大宮区,埼玉県,3300012,2023-03-29
5549,遠藤香織,遠藤香織5549@gmail.com,090-6547-6350,東京都新宿区新宿1丁目12番8号,新宿区,東京都,1600001,2024-10-06
5550,近藤さくら,近藤さくら5550@outlook.com,090-6591-2483,兵庫県神戸市灘区灘南通1丁目10番2号,神戸市灘区,兵庫県,6570013,2024-04-29
5551,斎藤麻衣,斎藤麻衣5551@yahoo.co.jp,090-6552-7344,千葉県千葉市美浜区美浜4丁目25番1号,千葉市美浜区,千葉県,2610003,2024-07-06
5552,森田真由美,森田真由美5552@example.com,090-8972-8856,兵庫県神戸市中央区三宮町3丁目20番7号,神戸市中央区,兵庫県,6500036,2023-02-14
5553,石川誠,石川誠5553@example.com,090-4943-1524,愛知県名古屋市中区錦6丁目29番2号,名古屋市中区,愛知県,4600006,2024-07-19
5554,小林千佳,小林千佳5554@yahoo.co.jp,090-3608-5003,東京都千代田区丸の内8丁目5番7号,千代田区,東京都,1000013,2024-08-17
5555,松本太郎,松本太郎5555@example.com,090-2933-3248,埼玉県さいたま市浦和区高砂3丁目19番8号,さいたま市浦和区,埼玉県,3300041,2024-10-17
5556,村上さくら,村上さくら5556@gmail.com,090-5002-5453,愛知県名古屋市西区名駅4丁目4番4号,名古屋市西区,愛知県,4510036,2023-03-26
5557,高橋優子,高橋優子5557@icloud.com,090-3211-1910,兵庫県神戸市中央区三宮町8丁目25番10号,神戸市中央区,兵庫県,6500013,2023-09-05
5558,青木美咲,青木美咲5558@outlook.com,090-1484-9375,埼玉県さいたま市大宮区大宮9丁目6番4号,さいたま市大宮区,埼玉県,3300002,2024-08-28
5559,藤原拓也,藤原拓也5559@icloud.com,090-3949-5420,京都府京都市下京区四条通3丁目29番7号,京都市下京区,京都府,6000027,2023-08-29
5560,鈴木亮,鈴木亮5560@outlook.com,090-6886-4604,東京都千代田区丸の内4丁目18番5号,千代田区,東京都,1000008,2024-11-06
5561,井上亮,井上亮5561@outlook.com,090-1745-7183,福岡県福岡市博多区博多駅前3丁目13番1号,福岡市博多区,福岡県,8120013,2023-03-21
5562,藤原健太,藤原健太5562@gmail.com,090-5997-4460,埼玉県さいたま市浦和区高砂4丁目8番3号,さいたま市浦和区,埼玉県,3300014,2024-09-11
5563,藤井健太,藤井健太5563@icloud.com,090-1164-2324,京都府京都市下京区四条通1丁目19番3号,京都市下京区,京都府,6000017,2023-02-15
5564,中村千佳,中村千佳5564@example.com,090-1331-4835,東京都新宿区新宿7丁目28番5号,新宿区,東京都,1600004,2023-06-30
5565,佐藤達也,佐藤達也5565@yahoo.co.jp,090-8757-1525,神奈川県横浜市西区みなとみらい2丁目13番9号,横浜市西区,神奈川県,2200031,2023-07-24
5566,加藤三郎,加藤三郎5566@example.com,090-3280-3476,福岡県福岡市博多区博多駅前9丁目11番8号,福岡市博多区,福岡県,8120006,2023-05-24
5567,佐藤花子,佐藤花子5567@example.com,090-3569-1637,兵庫県神戸市中央区三宮町3丁目23番9号,神戸市中央区,兵庫県,6500016,2024-09-24
5568,森田恵子,森田恵子5568@gmail.com,090-7688-3242,北海道札幌市北区北6条西7丁目20番4号,札幌市北区,北海道,0600018,2024-11-20
5569,佐藤美穂,佐藤美穂5569@example.com,090-5020-5481,埼玉県さいたま市大宮区大宮10丁目16番6号,さいたま市大宮区,埼玉県,3300029,2023-02-02
5570,前田麻衣,前田麻衣5570@icloud.com,090-2210-7553,千葉県千葉市中央区中央7丁目2番3号,千葉市中央区,千葉県,2600032,2024-02-06
5571,長谷川次郎,長谷川次郎5571@icloud.com,090-3040-2772,千葉県千葉市美浜区美浜7丁目7番8号,千葉市美浜区,千葉県,2610020,2024-12-30
5572,藤井剛,藤井剛5572@icloud.com,090-2638-1897,東京都渋谷区渋谷9丁目12番8号,渋谷区,東京都,1500037,2023-07-16
5573,藤井美穂,藤井美穂5573@example.com,090-1795-4311,大阪府大阪市北区梅田3丁目17番4号,大阪市北区,大阪府,5300012,2023-08-02
5574,石川拓也,石川拓也5574@gmail.com,090-4331-5751,北海道札幌市北区北6条西9丁目6番3号,札幌市北区,北海道,0600023,2023-04-06
5575,藤井麻美,藤井麻美5575@yahoo.co.jp,090-6578-8828,神奈川県横浜市西区みなとみらい1丁目19番9号,横浜市西区,神奈川県,2200024,2024-04-12
5576,山田智子,山田智子5576@icloud.com,090-1514-6738,兵庫県神戸市灘区灘南通7丁目6番3号,神戸市灘区,兵庫県,6570005,2024-07-16
5577,斎藤愛,斎藤愛5577@gmail.com,090-9843-8347,神奈川県横浜市西区みなとみらい7丁目23番7号,横浜市西区,神奈川県,2200030,2023-12-22
5578,遠藤愛,遠藤愛5578@example.com,090-2862-7978,京都府京都市下京区四条通6丁目5番9号,京都市下京区,京都府,6000027,2024-01-10
5579,田中真由美,田中真由美5579@example.com,090-6335-9126,愛知県名古屋市西区名駅3丁目27番1号,名古屋市西区,愛知県,4510022,2023-06-26
5580,井上麻美,井上麻美5580@example.com,090-8186-4831,埼玉県さいたま市浦和区高砂8丁目25番3号,さいたま市浦和区,埼玉県,3300002,2024-02-27
5581,藤原智子,藤原智子5581@outlook.com,090-6381-9207,愛知県名古屋市中区錦9丁目19番10号,名古屋市中区,愛知県,4600002,2024-04-18
5582,池田剛,池田剛5582@example.com,090-5028-9238,兵庫県神戸市灘区灘南通5丁目24番4号,神戸市灘区,兵庫県,6570019,2023-12-02
5583,橋本花子,橋本花子5583@outlook.com,090-7949-2382,東京都千代田区丸の内9丁目3番2号,千代田区,東京都,1000017,2023-07-29
5584,高橋花子,高橋花子5584@example.com,090-3970-5484,埼玉県さいたま市大宮区大宮8丁目4番2号,さいたま市大宮区,埼玉県,3300012,2023-12-09
5585,岡田恵子,岡田恵子5585@icloud.com,090-8140-6690,神奈川県横浜市西区みなとみらい8丁目25番2号,横浜市西区,神奈川県,2200007,2024-08-04
5586,佐藤美香,佐藤美香5586@example.com,090-5402-7628,埼玉県さいたま市大宮区大宮9丁目28番8号,さいたま市大宮区,埼玉県,3300039,2024-01-03
5587,坂本次郎,坂本次郎5587@outlook.com,090-4082-2398,神奈川県横浜市西区みなとみらい7丁目13番10号,横浜市西区,神奈川県,2200006,2024-08-16
5588,鈴木恵子,鈴木恵子5588@yahoo.co.jp,090-5823-3588,東京都渋谷区渋谷5丁目7番6号,渋谷区,東京都,1500039,2023-10-20
5589,橋本麻衣,橋本麻衣5589@example.com,090-3455-8355,京都府京都市下京区四条通8丁目17番9号,京都市下京区,京都府,6000024,2024-12-12
5590,松本麻衣,松本麻衣5590@yahoo.co.jp,090-9375-9612,東京都新宿区新宿3丁目21番5号,新宿区,東京都,1600004,2024-01-26
5591,加藤直樹,加藤直樹5591@outlook.com,090-1232-4622,神奈川県横浜市中区本町5丁目11番3号,横浜市中区,神奈川県,2310002,2024-03-26
5592,青木優子,青木優子5592@icloud.com,090-2971-9374,埼玉県さいたま市浦和区高砂2丁目27番9号,さいたま市浦和区,埼玉県,3300019,2023-04-06
5593,石川由美,石川由美5593@outlook.com,090-7271-9765,大阪府大阪市北区梅田10丁目17番7号,大阪市北区,大阪府,5300011,2024-05-14
5594,吉田三郎,吉田三郎5594@icloud.com,090-2367-8955,埼玉県さいたま市大宮区大宮4丁目22番2号,さいたま市大宮区,埼玉県,3300025,2023-11-13
5595,遠藤健太,遠藤健太5595@example.com,090-2449-4217,愛知県名古屋市中区錦5丁目2番9号,名古屋市中区,愛知県,4600007,2024-01-16
5596,遠藤美咲,遠藤美咲5596@gmail.com,090-4864-1743,福岡県福岡市博多区博多駅前10丁目10番9号,福岡市博多区,福岡県,8120007,2024-06-11
5597,長谷川健一,長谷川健一5597@icloud.com,090-2594-7276,北海道札幌市中央区北1条西3丁目15番7号,札幌市中央区,北海道,0600040,2024-04-16
5598,山本雄一,山本雄一5598@outlook.com,090-8001-3817,北海道札幌市中央区北1条西2丁目14番2号,札幌市中央区,北海道,0600005,2024-11-06
5599,前田直樹,前田直樹5599@yahoo.co.jp,090-4323-9039,京都府京都市中京区烏丸通7丁目9番8号,京都市中京区,京都府,6040025,2024-04-26
5600,藤原雄一,藤原雄一5600@icloud.com,090-2435-5217,東京都千代田区丸の内8丁目4番5号,千代田区,東京都,1000016,2023-12-16
5601,坂本次郎,坂本次郎5601@outlook.com,090-9350-9358,東京都新宿区新宿3丁目3番7号,新宿区,東京都,1600008,2023-03-16
5602,斎藤美香,斎藤美香5602@outlook.com,090-2143-2801,東京都新宿区新宿4丁目18番7号,新宿区,東京都,1600010,2024-01-05
5603,佐藤優子,佐藤優子5603@outlook.com,090-8660-7425,大阪府大阪市北区梅田8丁目28番10号,大阪市北区,大阪府,5300004,2023-06-15
5604,遠藤大輔,遠藤大輔5604@icloud.com,090-9184-3246,大阪府大阪市中央区本町10丁目2番3号,大阪市中央区,大阪府,5410041,2023-01-18
5605,木村雄一,木村雄一5605@example.com,090-6097-7398,愛知県名古屋市中区錦6丁目3番8号,名古屋市中区,愛知県,4600008,2023-04-16
5606,小林花子,小林花子5606@example.com,090-1628-5238,大阪府大阪市北区梅田4丁目6番1号,大阪市北区,大阪府,5300020,2023-03-27
5607,藤井拓也,藤井拓也5607@outlook.com,090-1799-5644,福岡県福岡市中央区天神7丁目25番8号,福岡市中央区,福岡県,8100027,2024-02-14
5608,石川達也,石川達也5608@outlook.com,090-5326-7141,埼玉県さいたま市浦和区高砂7丁目27番5号,さいたま市浦和区,埼玉県,3300006,2024-02-07
5609,村上正,村上正5609@icloud.com,090-7998-8203,神奈川県横浜市西区みなとみらい2丁目9番7号,横浜市西区,神奈川県,2200003,2023-02-13
5610,松本健一,松本健一5610@outlook.com,090-9264-6719,福岡県福岡市中央区天神5丁目28番7号,福岡市中央区,福岡県,8100040,2023-05-14
5611,吉田和也,吉田和也5611@outlook.com,090-6457-6534,東京都千代田区丸の内1丁目2番4号,千代田区,東京都,1000005,2024-02-21
5612,後藤拓也,後藤拓也5612@yahoo.co.jp,090-9818-1250,千葉県千葉市美浜区美浜8丁目7番5号,千葉市美浜区,千葉県,2610004,2024-06-02
5613,林真由美,林真由美5613@gmail.com,090-9739-7266,千葉県千葉市美浜区美浜1丁目22番1号,千葉市美浜区,千葉県,2610028,2024-04-06
5614,後藤一郎,後藤一郎5614@gmail.com,090-1736-2368,埼玉県さいたま市大宮区大宮10丁目4番10号,さいたま市大宮区,埼玉県,3300016,2023-06-23
5615,中村麻衣,中村麻衣5615@icloud.com,090-9332-2949,東京都千代田区丸の内4丁目19番10号,千代田区,東京都,1000009,2023-09-05
5616,村上真由美,村上真由美5616@gmail.com,090-7103-6712,千葉県千葉市美浜区美浜5丁目15番7号,千葉市美浜区,千葉県,2610009,2024-06-27
5617,井上次郎,井上次郎5617@icloud.com,090-6567-4891,愛知県名古屋市中区錦1丁目21番7号,名古屋市中区,愛知県,4600008,2024-08-20
5618,吉田大輔,吉田大輔5618@gmail.com,090-9954-6800,愛知県名古屋市西区名駅5丁目26番2号,名古屋市西区,愛知県,4510017,2023-10-06
5619,藤原直樹,藤原直樹5619@icloud.com,090-8005-3531,千葉県千葉市中央区中央6丁目11番8号,千葉市中央区,千葉県,2600016,2024-07-02
5620,近藤達也,近藤達也5620@outlook.com,090-2555-7742,神奈川県横浜市中区本町9丁目12番5号,横浜市中区,神奈川県,2310007,2024-08-27
5621,森田一郎,森田一郎5621@gmail.com,090-8507-8627,埼玉県さいたま市浦和区高砂3丁目9番6号,さいたま市浦和区,埼玉県,3300030,2024-10-14
5622,前田智子,前田智子5622@outlook.com,090-2412-1361,京都府京都市下京区四条通10丁目11番6号,京都市下京区,京都府,6000028,2023-01-17
5623,木村誠,木村誠5623@gmail.com,090-3799-5385,埼玉県さいたま市大宮区大宮5丁目19番4号,さいたま市大宮区,埼玉県,3300036,2023-08-19
5624,吉田慎一,吉田慎一5624@yahoo.co.jp,090-2046-9848,愛知県名古屋市中区錦4丁目21番6号,名古屋市中区,愛知県,4600002,2023-08-24
5625,森田麻衣,森田麻衣5625@icloud.com,090-6883-8383,兵庫県神戸市灘区灘南通2丁目20番2号,神戸市灘区,兵庫県,6570006,2023-07-31
5626,長谷川香織,長谷川香織5626@yahoo.co.jp,090-6614-9075,北海道札幌市北区北6条西9丁目28番1号,札幌市北区,北海道,0600017,2023-10-03
5627,遠藤美穂,遠藤美穂5627@icloud.com,090-8961-6988,東京都千代田区丸の内4丁目28番8号,千代田区,東京都,1000004,2023-03-17
5628,林健一,林健一5628@example.com,090-2173-5236,愛知県名古屋市中区錦2丁目9番8号,名古屋市中区,愛知県,4600007,2023-10-24
5629,村上亮,村上亮5629@gmail.com,090-6001-6301,京都府京都市中京区烏丸通7丁目21番4号,京都市中京区,京都府,6040030,2023-12-28
5630,青木和也,青木和也5630@yahoo.co.jp,090-5231-1276,大阪府大阪市中央区本町2丁目10番5号,大阪市中央区,大阪府,5410015,2024-07-20
5631,池田優子,池田優子5631@gmail.com,090-3940-4722,京都府京都市下京区四条通9丁目8番5号,京都市下京区,京都府,6000010,2023-04-01
5632,井上美穂,井上美穂5632@icloud.com,090-7239-7715,大阪府大阪市北区梅田5丁目24番8号,大阪市北区,大阪府,5300002,2024-11-16
5633,林健太,林健太5633@icloud.com,090-9727-3038,神奈川県横浜市西区みなとみらい6丁目6番9号,横浜市西区,神奈川県,2200016,2024-08-08
5634,青木直樹,青木直樹5634@icloud.com,090-2946-7102,神奈川県横浜市西区みなとみらい8丁目26番6号,横浜市西区,神奈川県,2200024,2024-02-22
5635,松本智子,松本智子5635@yahoo.co.jp,090-4460-8990,兵庫県神戸市中央区三宮町2丁目22番1号,神戸市中央区,兵庫県,6500010,2024-02-07
5636,前田美咲,前田美咲5636@yahoo.co.jp,090-1793-3644,神奈川県横浜市中区本町3丁目13番3号,横浜市中区,神奈川県,2310028,2024-10-06
5637,山本翔太,山本翔太5637@outlook.com,090-6376-4730,神奈川県横浜市中区本町10丁目25番9号,横浜市中区,神奈川県,2310008,2024-12-17
5638,山田由美子,山田由美子5638@icloud.com,090-1628-2678,神奈川県横浜市西区みなとみらい2丁目19番10号,横浜市西区,神奈川県,2200026,2024-08-18
5639,山田香織,山田香織5639@gmail.com,090-8166-4979,千葉県千葉市中央区中央10丁目15番7号,千葉市中央区,千葉県,2600013,2023-01-30
5640,岡田直樹,岡田直樹5640@yahoo.co.jp,090-3465-3909,兵庫県神戸市灘区灘南通3丁目8番9号,神戸市灘区,兵庫県,6570039,2023-10-10
5641,後藤由美子,後藤由美子5641@icloud.com,090-5776-6933,千葉県千葉市中央区中央8丁目27番10号,千葉市中央区,千葉県,2600019,2023-12-22
5642,坂本花子,坂本花子5642@icloud.com,090-3396-7137,神奈川県横浜市中区本町2丁目13番9号,横浜市中区,神奈川県,2310003,2024-04-21
5643,中村由美,中村由美5643@example.com,090-8567-2296,大阪府大阪市中央区本町9丁目28番7号,大阪市中央区,大阪府,5410032,2023-11-07
5644,木村千佳,木村千佳5644@icloud.com,090-4257-6864,東京都千代田区丸の内5丁目20番2号,千代田区,東京都,1000005,2024-05-19
5645,森田智子,森田智子5645@gmail.com,090-4573-8054,京都府京都市下京区四条通1丁目7番2号,京都市下京区,京都府,6000014,2023-09-10
5646,田中和也,田中和也5646@example.com,090-7432-7122,福岡県福岡市中央区天神10丁目11番1号,福岡市中央区,福岡県,8100004,2024-07-15
5647,長谷川恵子,長谷川恵子5647@icloud.com,090-3160-6499,東京都新宿区新宿6丁目11番7号,新宿区,東京都,1600008,2024-01-16
5648,後藤由美,後藤由美5648@example.com,090-2095-7406,埼玉県さいたま市浦和区高砂5丁目6番8号,さいたま市浦和区,埼玉県,3300020,2024-04-03
5649,木村拓也,木村拓也5649@gmail.com,090-9853-2928,大阪府大阪市北区梅田8丁目28番2号,大阪市北区,大阪府,5300014,2023-04-02
5650,加藤美香,加藤美香5650@outlook.com,090-9077-2688,京都府京都市下京区四条通4丁目4番3号,京都市下京区,京都府,6000016,2024-11-28
5651,伊藤麻衣,伊藤麻衣5651@icloud.com,090-1623-2381,京都府京都市下京区四条通5丁目4番9号,京都市下京区,京都府,6000030,2024-06-23
5652,後藤直樹,後藤直樹5652@icloud.com,090-9250-5928,神奈川県横浜市西区みなとみらい8丁目20番6号,横浜市西区,神奈川県,2200023,2023-03-01
5653,藤原達也,藤原達也5653@icloud.com,090-4946-5086,兵庫県神戸市中央区三宮町1丁目6番4号,神戸市中央区,兵庫県,6500016,2024-11-14
5654,井上亮,井上亮5654@example.com,090-2175-4786,兵庫県神戸市中央区三宮町5丁目14番7号,神戸市中央区,兵庫県,6500001,2023-12-22
5655,前田恵子,前田恵子5655@example.com,090-6667-4496,北海道札幌市北区北6条西3丁目3番4号,札幌市北区,北海道,0600022,2023-03-12
5656,遠藤麻美,遠藤麻美5656@yahoo.co.jp,090-5503-5025,京都府京都市中京区烏丸通3丁目8番2号,京都市中京区,京都府,6040004,2024-12-10
5657,石川愛,石川愛5657@gmail.com,090-9328-8057,京都府京都市中京区烏丸通4丁目1番7号,京都市中京区,京都府,6040026,2023-05-11
5658,小林麻衣,小林麻衣5658@icloud.com,090-9974-6944,埼玉県さいたま市大宮区大宮8丁目14番8号,さいたま市大宮区,埼玉県,3300004,2024-06-01
5659,木村大輔,木村大輔5659@outlook.com,090-6668-4926,大阪府大阪市中央区本町5丁目25番6号,大阪市中央区,大阪府,5410024,2023-02-03
5660,前田和也,前田和也5660@example.com,090-3598-9167,京都府京都市中京区烏丸通2丁目13番9号,京都市中京区,京都府,6040025,2023-10-25
5661,石川太郎,石川太郎5661@outlook.com,090-2491-6048,愛知県名古屋市西区名駅8丁目27番10号,名古屋市西区,愛知県,4510039,2024-12-06
5662,橋本大輔,橋本大輔5662@example.com,090-4436-2075,福岡県福岡市博多区博多駅前8丁目23番3号,福岡市博多区,福岡県,8120002,2024-05-11
5663,田中愛,田中愛5663@outlook.com,090-2851-2049,京都府京都市中京区烏丸通4丁目23番2号,京都市中京区,京都府,6040008,2024-01-26
5664,後藤正,後藤正5664@outlook.com,090-8268-7621,東京都千代田区丸の内1丁目26番7号,千代田区,東京都,1000005,2024-11-22
5665,田中次郎,田中次郎5665@gmail.com,090-4571-1775,兵庫県神戸市中央区三宮町8丁目16番3号,神戸市中央区,兵庫県,6500012,2024-01-03
5666,田中太郎,田中太郎5666@example.com,090-3384-9204,兵庫県神戸市灘区灘南通3丁目16番8号,神戸市灘区,兵庫県,6570032,2023-10-28
5667,後藤さくら,後藤さくら5667@icloud.com,090-5089-9835,福岡県福岡市博多区博多駅前10丁目21番2号,福岡市博多区,福岡県,8120004,2023-01-15
5668,松本美香,松本美香5668@yahoo.co.jp,090-2667-3935,兵庫県神戸市中央区三宮町5丁目9番5号,神戸市中央区,兵庫県,6500041,2024-11-09
5669,長谷川達也,長谷川達也5669@gmail.com,090-4300-7072,京都府京都市中京区烏丸通10丁目1番5号,京都市中京区,京都府,6040009,2023-06-06
5670,佐藤健太,佐藤健太5670@example.com,090-2921-7114,東京都千代田区丸の内8丁目24番2号,千代田区,東京都,1000003,2023-05-19
5671,前田由美,前田由美5671@gmail.com,090-3227-4119,大阪府大阪市中央区本町8丁目19番9号,大阪市中央区,大阪府,5410002,2024-05-13
5672,岡田千佳,岡田千佳5672@icloud.com,090-5713-9786,神奈川県横浜市中区本町3丁目14番8号,横浜市中区,神奈川県,2310022,2024-12-04
5673,橋本美香,橋本美香5673@icloud.com,090-6069-3842,京都府京都市中京区烏丸通8丁目2番3号,京都市中京区,京都府,6040027,2023-07-06
5674,小林和也,小林和也5674@outlook.com,090-6199-4462,兵庫県神戸市灘区灘南通10丁目14番4号,神戸市灘区,兵庫県,6570006,2024-09-01
5675,吉田翔太,吉田翔太5675@outlook.com,090-8622-1215,大阪府大阪市中央区本町8丁目12番10号,大阪市中央区,大阪府,5410041,2023-05-04
5676,吉田由美子,吉田由美子5676@outlook.com,090-2840-4588,愛知県名古屋市西区名駅2丁目21番3号,名古屋市西区,愛知県,4510011,2023-04-26
5677,近藤由美子,近藤由美子5677@outlook.com,090-7019-6137,千葉県千葉市美浜区美浜8丁目21番8号,千葉市美浜区,千葉県,2610027,2024-10-31
5678,田中和也,田中和也5678@icloud.com,090-2381-6992,大阪府大阪市北区梅田1丁目5番5号,大阪市北区,大阪府,5300015,2024-09-25
5679,林太郎,林太郎5679@example.com,090-8735-8581,京都府京都市中京区烏丸通8丁目30番9号,京都市中京区,京都府,6040010,2023-07-13
5680,前田一郎,前田一郎5680@icloud.com,090-8808-2657,東京都新宿区新宿1丁目5番5号,新宿区,東京都,1600018,2023-12-01
5681,中村美香,中村美香5681@yahoo.co.jp,090-2499-1370,埼玉県さいたま市大宮区大宮2丁目12番6号,さいたま市大宮区,埼玉県,3300032,2024-11-28
5682,石川拓也,石川拓也5682@example.com,090-9962-2014,福岡県福岡市中央区天神2丁目4番1号,福岡市中央区,福岡県,8100041,2024-01-23
5683,近藤愛,近藤愛5683@outlook.com,090-1668-4441,福岡県福岡市中央区天神3丁目15番5号,福岡市中央区,福岡県,8100006,2024-05-27
5684,橋本翔太,橋本翔太5684@gmail.com,090-6754-3714,埼玉県さいたま市大宮区大宮7丁目9番5号,さいたま市大宮区,埼玉県,3300006,2024-01-20
5685,松本直樹,松本直樹5685@outlook.com,090-5001-1226,神奈川県横浜市中区本町4丁目16番4号,横浜市中区,神奈川県,2310025,2023-06-12
5686,山田健太,山田健太5686@gmail.com,090-8734-9671,北海道札幌市北区北6条西9丁目9番9号,札幌市北区,北海道,0600018,2024-01-16
5687,遠藤達也,遠藤達也5687@icloud.com,090-2690-6451,東京都渋谷区渋谷4丁目25番4号,渋谷区,東京都,1500013,2023-05-11
5688,橋本和也,橋本和也5688@example.com,090-2976-2830,兵庫県神戸市灘区灘南通10丁目4番5号,神戸市灘区,兵庫県,6570027,2024-11-10
5689,前田一郎,前田一郎5689@yahoo.co.jp,090-8101-7140,神奈川県横浜市西区みなとみらい1丁目23番9号,横浜市西区,神奈川県,2200033,2024-04-24
5690,石川健太,石川健太5690@icloud.com,090-2056-7265,愛知県名古屋市西区名駅1丁目8番5号,名古屋市西区,愛知県,4510009,2023-05-17
5691,藤原雄一,藤原雄一5691@icloud.com,090-8148-9468,東京都千代田区丸の内8丁目17番5号,千代田区,東京都,1000007,2023-12-04
5692,渡辺達也,渡辺達也5692@icloud.com,090-7476-6024,北海道札幌市北区北6条西10丁目19番2号,札幌市北区,北海道,0600006,2024-08-17
5693,橋本愛,橋本愛5693@icloud.com,090-6441-1599,福岡県福岡市博多区博多駅前2丁目13番2号,福岡市博多区,福岡県,8120007,2024-06-12
5694,村上美咲,村上美咲5694@icloud.com,090-1940-1599,千葉県千葉市美浜区美浜4丁目5番2号,千葉市美浜区,千葉県,2610006,2023-12-15
5695,岡田智子,岡田智子5695@outlook.com,090-4601-1761,大阪府大阪市中央区本町6丁目20番10号,大阪市中央区,大阪府,5410007,2023-12-15
5696,吉田由美子,吉田由美子5696@example.com,090-1161-4486,東京都千代田区丸の内5丁目5番7号,千代田区,東京都,1000008,2023-06-22
5697,石川健一,石川健一5697@icloud.com,090-4214-8462,京都府京都市下京区四条通9丁目29番8号,京都市下京区,京都府,6000040,2023-02-24
5698,松本麻衣,松本麻衣5698@icloud.com,090-3939-2307,愛知県名古屋市中区錦9丁目21番1号,名古屋市中区,愛知県,4600004,2024-05-04
5699,斎藤次郎,斎藤次郎5699@yahoo.co.jp,090-7750-4522,東京都新宿区新宿9丁目20番2号,新宿区,東京都,1600020,2023-12-28
5700,青木雄一,青木雄一5700@yahoo.co.jp,090-7099-3023,千葉県千葉市美浜区美浜4丁目24番4号,千葉市美浜区,千葉県,2610001,2023-03-04
5701,長谷川由美,長谷川由美5701@outlook.com,090-2297-5376,東京都渋谷区渋谷3丁目4番6号,渋谷区,東京都,1500016,2023-11-17
5702,藤原麻美,藤原麻美5702@yahoo.co.jp,090-2290-9787,神奈川県横浜市中区本町9丁目3番7号,横浜市中区,神奈川県,2310014,2023-10-23
5703,山田花子,山田花子5703@outlook.com,090-9323-8491,兵庫県神戸市灘区灘南通1丁目30番2号,神戸市灘区,兵庫県,6570031,2023-02-13
5704,中村慎一,中村慎一5704@gmail.com,090-5060-5220,大阪府大阪市中央区本町6丁目29番2号,大阪市中央区,大阪府,5410034,2023-12-28
5705,林慎一,林慎一5705@gmail.com,090-9685-4583,福岡県福岡市中央区天神2丁目7番3号,福岡市中央区,福岡県,8100007,2023-02-21
5706,吉田正,吉田正5706@example.com,090-1491-1776,東京都新宿区新宿3丁目10番1号,新宿区,東京都,1600020,2023-01-02
5707,青木大輔,青木大輔5707@icloud.com,090-4923-3116,埼玉県さいたま市浦和区高砂5丁目20番3号,さいたま市浦和区,埼玉県,3300014,2023-01-30
5708,木村美穂,木村美穂5708@outlook.com,090-9796-3292,神奈川県横浜市西区みなとみらい6丁目23番4号,横浜市西区,神奈川県,2200019,2024-10-31
5709,山本愛,山本愛5709@icloud.com,090-1354-9240,愛知県名古屋市中区錦9丁目27番4号,名古屋市中区,愛知県,4600002,2024-03-11
5710,井上拓也,井上拓也5710@gmail.com,090-5335-2905,北海道札幌市北区北6条西5丁目5番10号,札幌市北区,北海道,0600034,2023-05-22
5711,遠藤健太,遠藤健太5711@outlook.com,090-6074-4468,兵庫県神戸市灘区灘南通6丁目2番5号,神戸市灘区,兵庫県,6570011,2023-06-24
5712,井上美咲,井上美咲5712@yahoo.co.jp,090-3281-2448,神奈川県横浜市西区みなとみらい5丁目3番2号,横浜市西区,神奈川県,2200029,2023-11-30
5713,山本智子,山本智子5713@gmail.com,090-5567-9534,埼玉県さいたま市大宮区大宮9丁目28番10号,さいたま市大宮区,埼玉県,3300037,2024-08-29
5714,後藤美香,後藤美香5714@gmail.com,090-7061-3026,兵庫県神戸市灘区灘南通8丁目28番5号,神戸市灘区,兵庫県,6570027,2024-12-14
5715,池田優子,池田優子5715@yahoo.co.jp,090-9721-7679,北海道札幌市北区北6条西3丁目8番3号,札幌市北区,北海道,0600014,2023-05-17
5716,村上美香,村上美香5716@example.com,090-6116-8742,愛知県名古屋市中区錦3丁目12番4号,名古屋市中区,愛知県,4600005,2023-04-14
5717,前田次郎,前田次郎5717@icloud.com,090-4368-6840,京都府京都市中京区烏丸通4丁目4番7号,京都市中京区,京都府,6040007,2024-03-24
5718,井上雄一,井上雄一5718@yahoo.co.jp,090-6348-9755,神奈川県横浜市西区みなとみらい4丁目30番4号,横浜市西区,神奈川県,2200024,2024-05-27
5719,前田直樹,前田直樹5719@icloud.com,090-7661-5649,福岡県福岡市中央区天神10丁目26番3号,福岡市中央区,福岡県,8100038,2024-01-12
5720,田中誠,田中誠5720@yahoo.co.jp,090-5511-4317,大阪府大阪市中央区本町7丁目9番1号,大阪市中央区,大阪府,5410034,2023-12-30
5721,藤井由美子,藤井由美子5721@gmail.com,090-3032-6075,福岡県福岡市博多区博多駅前10丁目20番4号,福岡市博多区,福岡県,8120003,2024-07-25
5722,井上慎一,井上慎一5722@outlook.com,090-8000-7246,埼玉県さいたま市浦和区高砂8丁目29番2号,さいたま市浦和区,埼玉県,3300033,2023-12-13
5723,遠藤太郎,遠藤太郎5723@gmail.com,090-9988-1393,埼玉県さいたま市大宮区大宮10丁目13番10号,さいたま市大宮区,埼玉県,3300039,2023-05-07
5724,林香織,林香織5724@gmail.com,090-5349-6673,京都府京都市中京区烏丸通7丁目11番6号,京都市中京区,京都府,6040039,2024-03-17
5725,岡田直樹,岡田直樹5725@yahoo.co.jp,090-8705-9977,福岡県福岡市博多区博多駅前4丁目1番2号,福岡市博多区,福岡県,8120017,2023-02-01
5726,青木次郎,青木次郎5726@gmail.com,090-7872-3409,北海道札幌市中央区北1条西5丁目1番5号,札幌市中央区,北海道,0600017,2024-04-03
5727,井上拓也,井上拓也5727@example.com,090-7614-9730,京都府京都市中京区烏丸通10丁目11番7号,京都市中京区,京都府,6040016,2024-05-15
5728,岡田美咲,岡田美咲5728@example.com,090-8294-9780,東京都渋谷区渋谷4丁目6番1号,渋谷区,東京都,1500027,2024-03-16
5729,鈴木剛,鈴木剛5729@gmail.com,090-4789-9454,京都府京都市下京区四条通6丁目28番9号,京都市下京区,京都府,6000023,2023-11-21
5730,前田三郎,前田三郎5730@yahoo.co.jp,090-2125-6397,東京都千代田区丸の内10丁目30番7号,千代田区,東京都,1000006,2023-08-30
5731,高橋剛,高橋剛5731@icloud.com,090-9550-4071,北海道札幌市北区北6条西5丁目24番7号,札幌市北区,北海道,0600036,2024-12-12
5732,加藤正,加藤正5732@gmail.com,090-2370-9776,福岡県福岡市博多区博多駅前8丁目24番4号,福岡市博多区,福岡県,8120019,2024-07-30
5733,渡辺直樹,渡辺直樹5733@yahoo.co.jp,090-2626-4297,千葉県千葉市美浜区美浜7丁目1番1号,千葉市美浜区,千葉県,2610041,2023-03-20
5734,後藤真由美,後藤真由美5734@outlook.com,090-2757-2934,東京都渋谷区渋谷1丁目16番3号,渋谷区,東京都,1500033,2023-11-10
5735,山本誠,山本誠5735@icloud.com,090-6240-9473,愛知県名古屋市西区名駅4丁目29番7号,名古屋市西区,愛知県,4510024,2023-04-10
5736,岡田智子,岡田智子5736@yahoo.co.jp,090-4877-5877,福岡県福岡市中央区天神5丁目7番6号,福岡市中央区,福岡県,8100029,2024-09-08
5737,小林翔太,小林翔太5737@outlook.com,090-7623-5426,千葉県千葉市美浜区美浜10丁目20番7号,千葉市美浜区,千葉県,2610002,2024-04-12
5738,高橋花子,高橋花子5738@example.com,090-1173-6854,東京都千代田区丸の内10丁目9番6号,千代田区,東京都,1000013,2023-08-22
5739,前田雄一,前田雄一5739@outlook.com,090-1216-5149,東京都千代田区丸の内9丁目5番8号,千代田区,東京都,1000017,2024-06-24
5740,渡辺達也,渡辺達也5740@yahoo.co.jp,090-8462-5274,兵庫県神戸市中央区三宮町7丁目25番5号,神戸市中央区,兵庫県,6500018,2023-02-08
5741,鈴木達也,鈴木達也5741@yahoo.co.jp,090-3342-9878,埼玉県さいたま市浦和区高砂1丁目19番2号,さいたま市浦和区,埼玉県,3300014,2023-10-27
5742,近藤麻衣,近藤麻衣5742@icloud.com,090-2236-7203,大阪府大阪市中央区本町8丁目1番2号,大阪市中央区,大阪府,5410040,2024-11-09
5743,佐藤由美子,佐藤由美子5743@example.com,090-1512-6566,福岡県福岡市中央区天神5丁目18番3号,福岡市中央区,福岡県,8100039,2023-03-21
5744,山本香織,山本香織5744@icloud.com,090-5866-5710,福岡県福岡市博多区博多駅前5丁目25番8号,福岡市博多区,福岡県,8120012,2023-09-23
5745,山本花子,山本花子5745@example.com,090-3958-3019,東京都渋谷区渋谷3丁目13番9号,渋谷区,東京都,1500025,2023-02-20
5746,井上恵子,井上恵子5746@example.com,090-6838-3118,愛知県名古屋市西区名駅7丁目5番2号,名古屋市西区,愛知県,4510005,2023-04-09
5747,木村美咲,木村美咲5747@yahoo.co.jp,090-7708-1543,東京都新宿区新宿7丁目28番5号,新宿区,東京都,1600020,2024-03-28
5748,後藤智子,後藤智子5748@example.com,090-9325-8947,神奈川県横浜市西区みなとみらい3丁目11番7号,横浜市西区,神奈川県,2200039,2023-09-17
5749,藤原正,藤原正5749@yahoo.co.jp,090-4914-3718,東京都新宿区新宿10丁目26番5号,新宿区,東京都,1600019,2023-04-11
5750,近藤美咲,近藤美咲5750@example.com,090-5403-7109,京都府京都市下京区四条通7丁目27番7号,京都市下京区,京都府,6000031,2024-08-06
5751,山田誠,山田誠5751@yahoo.co.jp,090-4183-9532,埼玉県さいたま市大宮区大宮1丁目18番10号,さいたま市大宮区,埼玉県,3300024,2024-08-31
5752,近藤亮,近藤亮5752@gmail.com,090-5027-9952,兵庫県神戸市中央区三宮町1丁目29番1号,神戸市中央区,兵庫県,6500034,2024-01-08
5753,遠藤美咲,遠藤美咲5753@example.com,090-6545-9686,千葉県千葉市中央区中央9丁目30番4号,千葉市中央区,千葉県,2600027,2024-10-03
5754,青木恵子,青木恵子5754@gmail.com,090-8035-4584,愛知県名古屋市中区錦7丁目5番6号,名古屋市中区,愛知県,4600001,2023-06-26
5755,高橋恵子,高橋恵子5755@yahoo.co.jp,090-6871-6654,埼玉県さいたま市浦和区高砂5丁目6番9号,さいたま市浦和区,埼玉県,3300019,2023-08-12
5756,橋本和也,橋本和也5756@example.com,090-5954-5753,埼玉県さいたま市大宮区大宮8丁目12番8号,さいたま市大宮区,埼玉県,3300004,2023-11-17
5757,伊藤直樹,伊藤直樹5757@icloud.com,090-5307-6748,千葉県千葉市美浜区美浜6丁目22番5号,千葉市美浜区,千葉県,2610010,2023-09-12
5758,長谷川亮,長谷川亮5758@example.com,090-6545-5131,千葉県千葉市美浜区美浜9丁目24番7号,千葉市美浜区,千葉県,2610025,2024-05-06
5759,小林美穂,小林美穂5759@example.com,090-1797-2707,京都府京都市中京区烏丸通3丁目2番1号,京都市中京区,京都府,6040016,2024-12-19
5760,後藤智子,後藤智子5760@icloud.com,090-8029-1429,埼玉県さいたま市大宮区大宮8丁目22番5号,さいたま市大宮区,埼玉県,3300035,2023-06-23
5761,松本智子,松本智子5761@gmail.com,090-5583-8595,東京都新宿区新宿1丁目30番6号,新宿区,東京都,1600008,2024-09-03
5762,長谷川麻衣,長谷川麻衣5762@yahoo.co.jp,090-5489-6034,福岡県福岡市博多区博多駅前5丁目27番4号,福岡市博多区,福岡県,8120005,2024-01-23
5763,加藤美香,加藤美香5763@outlook.com,090-2259-3848,愛知県名古屋市西区名駅5丁目7番8号,名古屋市西区,愛知県,4510040,2024-10-17
5764,前田香織,前田香織5764@yahoo.co.jp,090-2385-2650,千葉県千葉市美浜区美浜9丁目2番6号,千葉市美浜区,千葉県,2610011,2023-10-03
5765,木村和也,木村和也5765@outlook.com,090-1964-7310,愛知県名古屋市西区名駅2丁目6番8号,名古屋市西区,愛知県,4510035,2024-08-22
5766,青木誠,青木誠5766@gmail.com,090-2635-9545,東京都新宿区新宿9丁目8番3号,新宿区,東京都,1600018,2024-04-12
5767,中村由美,中村由美5767@icloud.com,090-9008-2581,大阪府大阪市北区梅田2丁目24番5号,大阪市北区,大阪府,5300014,2024-01-27
5768,前田慎一,前田慎一5768@yahoo.co.jp,090-3372-5044,神奈川県横浜市中区本町1丁目23番8号,横浜市中区,神奈川県,2310019,2023-01-02
5769,佐藤大輔,佐藤大輔5769@gmail.com,090-4932-5784,東京都渋谷区渋谷4丁目8番5号,渋谷区,東京都,1500005,2024-08-21
5770,松本美香,松本美香5770@example.com,090-2902-1555,大阪府大阪市北区梅田5丁目16番6号,大阪市北区,大阪府,5300005,2024-01-18
5771,田中由美子,田中由美子5771@gmail.com,090-5418-4907,東京都渋谷区渋谷3丁目7番9号,渋谷区,東京都,1500014,2024-01-07
5772,長谷川拓也,長谷川拓也5772@example.com,090-5485-3941,埼玉県さいたま市大宮区大宮2丁目6番7号,さいたま市大宮区,埼玉県,3300041,2024-02-10
5773,伊藤麻美,伊藤麻美5773@example.com,090-6677-2202,京都府京都市中京区烏丸通7丁目8番2号,京都市中京区,京都府,6040027,2023-11-23
5774,森田さくら,森田さくら5774@example.com,090-9781-2732,東京都新宿区新宿7丁目7番4号,新宿区,東京都,1600019,2024-01-24
5775,木村誠,木村誠5775@outlook.com,090-7856-9034,埼玉県さいたま市大宮区大宮9丁目19番9号,さいたま市大宮区,埼玉県,3300039,2023-06-20
5776,松本由美子,松本由美子5776@yahoo.co.jp,090-3839-9107,東京都新宿区新宿1丁目23番4号,新宿区,東京都,1600012,2024-07-25
5777,池田翔太,池田翔太5777@outlook.com,090-9062-3536,兵庫県神戸市灘区灘南通2丁目16番3号,神戸市灘区,兵庫県,6570029,2024-04-02
5778,長谷川健一,長谷川健一5778@gmail.com,090-5491-3988,千葉県千葉市美浜区美浜1丁目19番4号,千葉市美浜区,千葉県,2610012,2024-05-17
5779,近藤誠,近藤誠5779@outlook.com,090-5059-2565,兵庫県神戸市中央区三宮町5丁目25番7号,神戸市中央区,兵庫県,6500023,2024-05-02
5780,井上千佳,井上千佳5780@gmail.com,090-6697-3916,千葉県千葉市中央区中央10丁目30番8号,千葉市中央区,千葉県,2600029,2024-03-05
5781,青木美香,青木美香5781@gmail.com,090-3722-7580,福岡県福岡市博多区博多駅前4丁目30番1号,福岡市博多区,福岡県,8120007,2024-01-16
5782,田中三郎,田中三郎5782@gmail.com,090-3602-9839,東京都新宿区新宿3丁目17番4号,新宿区,東京都,1600006,2023-12-29
5783,村上正,村上正5783@example.com,090-1174-3979,東京都千代田区丸の内2丁目5番8号,千代田区,東京都,1000020,2023-09-25
5784,鈴木真由美,鈴木真由美5784@yahoo.co.jp,090-4210-6737,兵庫県神戸市灘区灘南通5丁目3番5号,神戸市灘区,兵庫県,6570018,2024-01-14
5785,山田香織,山田香織5785@icloud.com,090-8520-2247,兵庫県神戸市灘区灘南通10丁目16番4号,神戸市灘区,兵庫県,6570026,2024-10-03
5786,青木直樹,青木直樹5786@gmail.com,090-6284-6974,大阪府大阪市中央区本町2丁目16番9号,大阪市中央区,大阪府,5410013,2024-09-02
5787,池田正,池田正5787@example.com,090-1124-6809,東京都渋谷区渋谷1丁目10番7号,渋谷区,東京都,1500037,2024-08-25
5788,村上雄一,村上雄一5788@example.com,090-2766-4612,愛知県名古屋市中区錦10丁目30番7号,名古屋市中区,愛知県,4600002,2024-06-04
5789,鈴木和也,鈴木和也5789@icloud.com,090-4390-7951,千葉県千葉市美浜区美浜4丁目24番7号,千葉市美浜区,千葉県,2610020,2024-03-11
5790,木村由美子,木村由美子5790@yahoo.co.jp,090-5880-1324,東京都千代田区丸の内4丁目11番1号,千代田区,東京都,1000019,2023-07-04
5791,渡辺誠,渡辺誠5791@example.com,090-4978-2487,神奈川県横浜市中区本町2丁目5番3号,横浜市中区,神奈川県,2310022,2024-06-04
5792,長谷川健一,長谷川健一5792@outlook.com,090-5451-5913,大阪府大阪市北区梅田8丁目27番6号,大阪市北区,大阪府,5300011,2023-06-30
5793,松本雄一,松本雄一5793@outlook.com,090-6265-5339,大阪府大阪市北区梅田3丁目30番10号,大阪市北区,大阪府,5300011,2023-01-07
5794,森田翔太,森田翔太5794@outlook.com,090-5827-5402,北海道札幌市中央区北1条西3丁目26番8号,札幌市中央区,北海道,0600015,2024-02-22
5795,青木亮,青木亮5795@yahoo.co.jp,090-2920-5423,千葉県千葉市美浜区美浜2丁目18番10号,千葉市美浜区,千葉県,2610030,2024-01-21
5796,伊藤由美,伊藤由美5796@yahoo.co.jp,090-3803-5803,埼玉県さいたま市浦和区高砂5丁目2番2号,さいたま市浦和区,埼玉県,3300026,2024-08-30
5797,長谷川太郎,長谷川太郎5797@outlook.com,090-7619-1022,東京都新宿区新宿2丁目30番2号,新宿区,東京都,1600002,2023-11-01
5798,林恵子,林恵子5798@example.com,090-5905-9058,大阪府大阪市中央区本町5丁目1番5号,大阪市中央区,大阪府,5410031,2023-04-15
5799,山田愛,山田愛5799@outlook.com,090-7665-4678,北海道札幌市北区北6条西4丁目18番1号,札幌市北区,北海道,0600034,2023-12-09
5800,岡田達也,岡田達也5800@gmail.com,090-4446-4989,北海道札幌市北区北6条西3丁目3番8号,札幌市北区,北海道,0600008,2023-08-14
5801,井上達也,井上達也5801@yahoo.co.jp,090-9689-2331,兵庫県神戸市中央区三宮町6丁目17番10号,神戸市中央区,兵庫県,6500020,2023-12-06
5802,後藤慎一,後藤慎一5802@outlook.com,090-2535-2010,京都府京都市中京区烏丸通3丁目16番6号,京都市中京区,京都府,6040032,2024-09-02
5803,長谷川麻衣,長谷川麻衣5803@yahoo.co.jp,090-1788-3614,千葉県千葉市中央区中央8丁目29番2号,千葉市中央区,千葉県,2600021,2024-03-02
5804,林拓也,林拓也5804@icloud.com,090-2549-2948,大阪府大阪市北区梅田2丁目11番7号,大阪市北区,大阪府,5300008,2023-10-14
5805,田中さくら,田中さくら5805@outlook.com,090-2120-7339,東京都渋谷区渋谷8丁目22番3号,渋谷区,東京都,1500012,2023-03-13
5806,山本真由美,山本真由美5806@gmail.com,090-5578-2662,埼玉県さいたま市大宮区大宮7丁目15番3号,さいたま市大宮区,埼玉県,3300016,2023-09-03
5807,佐藤雄一,佐藤雄一5807@example.com,090-7433-4277,京都府京都市中京区烏丸通4丁目16番1号,京都市中京区,京都府,6040039,2024-03-12
5808,中村智子,中村智子5808@example.com,090-2240-5640,京都府京都市中京区烏丸通10丁目16番4号,京都市中京区,京都府,6040035,2024-05-17
5809,吉田愛,吉田愛5809@gmail.com,090-6373-9767,東京都千代田区丸の内1丁目12番1号,千代田区,東京都,1000019,2023-11-25
5810,中村雄一,中村雄一5810@outlook.com,090-9922-1159,埼玉県さいたま市浦和区高砂4丁目3番9号,さいたま市浦和区,埼玉県,3300041,2023-11-13
5811,森田さくら,森田さくら5811@icloud.com,090-1608-5305,福岡県福岡市中央区天神9丁目8番3号,福岡市中央区,福岡県,8100033,2023-04-18
5812,石川優子,石川優子5812@gmail.com,090-3692-5816,東京都千代田区丸の内7丁目30番6号,千代田区,東京都,1000002,2024-08-14
5813,鈴木翔太,鈴木翔太5813@icloud.com,090-8413-9636,京都府京都市下京区四条通2丁目2番7号,京都市下京区,京都府,6000028,2023-11-03
5814,小林正,小林正5814@icloud.com,090-4340-6085,埼玉県さいたま市浦和区高砂1丁目19番8号,さいたま市浦和区,埼玉県,3300011,2024-09-07
5815,斎藤さくら,斎藤さくら5815@outlook.com,090-3697-7833,神奈川県横浜市西区みなとみらい5丁目19番10号,横浜市西区,神奈川県,2200022,2024-08-27
5816,岡田達也,岡田達也5816@gmail.com,090-2408-3081,兵庫県神戸市中央区三宮町6丁目24番7号,神戸市中央区,兵庫県,6500008,2023-04-19
5817,岡田大輔,岡田大輔5817@icloud.com,090-4811-3590,埼玉県さいたま市浦和区高砂2丁目7番4号,さいたま市浦和区,埼玉県,3300010,2024-12-08
5818,吉田美香,吉田美香5818@yahoo.co.jp,090-2139-2951,愛知県名古屋市西区名駅3丁目20番3号,名古屋市西区,愛知県,4510022,2024-04-15
5819,森田拓也,森田拓也5819@outlook.com,090-6791-5417,東京都渋谷区渋谷2丁目2番2号,渋谷区,東京都,1500025,2023-02-24
5820,鈴木翔太,鈴木翔太5820@icloud.com,090-2030-6070,京都府京都市下京区四条通7丁目17番2号,京都市下京区,京都府,6000028,2023-02-08
5821,池田真由美,池田真由美5821@icloud.com,090-7598-6767,大阪府大阪市中央区本町6丁目26番10号,大阪市中央区,大阪府,5410023,2024-08-08
5822,鈴木由美子,鈴木由美子5822@icloud.com,090-7038-4350,埼玉県さいたま市大宮区大宮5丁目28番5号,さいたま市大宮区,埼玉県,3300013,2024-11-18
5823,山本麻美,山本麻美5823@icloud.com,090-1499-7435,福岡県福岡市博多区博多駅前3丁目8番4号,福岡市博多区,福岡県,8120018,2024-11-02
5824,近藤太郎,近藤太郎5824@example.com,090-4134-3129,埼玉県さいたま市大宮区大宮6丁目21番2号,さいたま市大宮区,埼玉県,3300016,2024-04-18
5825,小林智子,小林智子5825@gmail.com,090-5835-8341,北海道札幌市中央区北1条西10丁目12番9号,札幌市中央区,北海道,0600025,2023-12-19
5826,長谷川一郎,長谷川一郎5826@gmail.com,090-2292-3082,埼玉県さいたま市浦和区高砂8丁目2番6号,さいたま市浦和区,埼玉県,3300038,2024-11-06
5827,藤原誠,藤原誠5827@example.com,090-5747-4743,北海道札幌市中央区北1条西2丁目14番8号,札幌市中央区,北海道,0600025,2023-09-15
5828,田中さくら,田中さくら5828@yahoo.co.jp,090-2835-8616,兵庫県神戸市灘区灘南通3丁目7番5号,神戸市灘区,兵庫県,6570020,2023-10-19
5829,村上麻衣,村上麻衣5829@gmail.com,090-5904-7151,埼玉県さいたま市浦和区高砂9丁目27番5号,さいたま市浦和区,埼玉県,3300009,2023-10-28
5830,藤井麻美,藤井麻美5830@example.com,090-6539-8583,神奈川県横浜市中区本町2丁目1番3号,横浜市中区,神奈川県,2310003,2023-03-25
5831,山田由美子,山田由美子5831@icloud.com,090-8393-1770,神奈川県横浜市中区本町5丁目5番10号,横浜市中区,神奈川県,2310001,2023-07-31
5832,山田拓也,山田拓也5832@outlook.com,090-2458-5054,北海道札幌市北区北6条西9丁目17番5号,札幌市北区,北海道,0600020,2024-09-06
5833,藤井健一,藤井健一5833@example.com,090-9054-3223,愛知県名古屋市西区名駅5丁目27番8号,名古屋市西区,愛知県,4510037,2024-12-11
5834,林愛,林愛5834@outlook.com,090-8869-3159,京都府京都市下京区四条通2丁目19番9号,京都市下京区,京都府,6000010,2023-05-22
5835,林真由美,林真由美5835@yahoo.co.jp,090-7741-1917,千葉県千葉市美浜区美浜4丁目18番8号,千葉市美浜区,千葉県,2610005,2024-02-07
5836,岡田健一,岡田健一5836@icloud.com,090-5305-8293,兵庫県神戸市灘区灘南通2丁目29番5号,神戸市灘区,兵庫県,6570040,2024-03-30
5837,佐藤直樹,佐藤直樹5837@icloud.com,090-3030-6067,兵庫県神戸市中央区三宮町8丁目9番10号,神戸市中央区,兵庫県,6500011,2023-12-09
5838,鈴木由美,鈴木由美5838@yahoo.co.jp,090-8236-8827,大阪府大阪市北区梅田5丁目12番10号,大阪市北区,大阪府,5300012,2024-04-24
5839,藤原優子,藤原優子5839@icloud.com,090-3692-3656,神奈川県横浜市西区みなとみらい1丁目30番3号,横浜市西区,神奈川県,2200012,2023-06-21
5840,長谷川健太,長谷川健太5840@yahoo.co.jp,090-5404-1362,兵庫県神戸市中央区三宮町7丁目13番10号,神戸市中央区,兵庫県,6500031,2023-04-30
5841,前田直樹,前田直樹5841@icloud.com,090-5847-8641,東京都新宿区新宿5丁目20番1号,新宿区,東京都,1600008,2024-11-26
5842,岡田恵子,岡田恵子5842@gmail.com,090-1372-1193,東京都千代田区丸の内4丁目9番8号,千代田区,東京都,1000010,2023-03-10
5843,斎藤剛,斎藤剛5843@yahoo.co.jp,090-5921-8549,東京都新宿区新宿10丁目15番2号,新宿区,東京都,1600001,2023-04-19
5844,加藤花子,加藤花子5844@yahoo.co.jp,090-2126-9196,愛知県名古屋市中区錦7丁目14番1号,名古屋市中区,愛知県,4600007,2023-12-27
5845,吉田拓也,吉田拓也5845@icloud.com,090-9027-5037,京都府京都市中京区烏丸通2丁目15番8号,京都市中京区,京都府,6040027,2024-05-09
5846,井上由美子,井上由美子5846@outlook.com,090-1647-2973,愛知県名古屋市中区錦2丁目11番1号,名古屋市中区,愛知県,4600003,2023-03-22
5847,林雄一,林雄一5847@icloud.com,090-3551-4129,福岡県福岡市中央区天神5丁目26番9号,福岡市中央区,福岡県,8100014,2023-02-26
5848,長谷川麻美,長谷川麻美5848@yahoo.co.jp,090-8412-6851,埼玉県さいたま市浦和区高砂3丁目29番7号,さいたま市浦和区,埼玉県,3300011,2024-05-12
5849,石川香織,石川香織5849@gmail.com,090-5788-4758,神奈川県横浜市中区本町9丁目30番10号,横浜市中区,神奈川県,2310014,2023-01-12
5850,前田一郎,前田一郎5850@gmail.com,090-1190-7830,福岡県福岡市中央区天神7丁目13番7号,福岡市中央区,福岡県,8100007,2023-08-06
5851,佐藤翔太,佐藤翔太5851@icloud.com,090-1023-3864,大阪府大阪市北区梅田10丁目12番8号,大阪市北区,大阪府,5300001,2023-06-30
5852,斎藤千佳,斎藤千佳5852@yahoo.co.jp,090-8187-1373,福岡県福岡市博多区博多駅前5丁目5番10号,福岡市博多区,福岡県,8120020,2023-12-19
5853,松本亮,松本亮5853@yahoo.co.jp,090-2778-8865,兵庫県神戸市灘区灘南通9丁目19番4号,神戸市灘区,兵庫県,6570018,2023-03-28
5854,岡田由美子,岡田由美子5854@example.com,090-9738-3792,大阪府大阪市中央区本町5丁目20番3号,大阪市中央区,大阪府,5410009,2024-09-04
5855,山本千佳,山本千佳5855@gmail.com,090-6907-5551,福岡県福岡市博多区博多駅前6丁目6番7号,福岡市博多区,福岡県,8120020,2024-01-27
5856,森田智子,森田智子5856@yahoo.co.jp,090-2613-5536,京都府京都市中京区烏丸通1丁目18番3号,京都市中京区,京都府,6040026,2024-12-11
5857,山本拓也,山本拓也5857@icloud.com,090-7652-7083,埼玉県さいたま市大宮区大宮3丁目3番7号,さいたま市大宮区,埼玉県,3300002,2023-12-06
5858,吉田愛,吉田愛5858@example.com,090-9876-1714,愛知県名古屋市西区名駅4丁目20番8号,名古屋市西区,愛知県,4510037,2023-11-04
5859,後藤雄一,後藤雄一5859@yahoo.co.jp,090-7693-9916,大阪府大阪市中央区本町4丁目17番5号,大阪市中央区,大阪府,5410031,2023-02-22
5860,青木恵子,青木恵子5860@example.com,090-4674-5104,千葉県千葉市美浜区美浜2丁目13番4号,千葉市美浜区,千葉県,2610038,2024-02-07
5861,松本拓也,松本拓也5861@icloud.com,090-6371-8780,埼玉県さいたま市浦和区高砂9丁目1番8号,さいたま市浦和区,埼玉県,3300012,2024-08-12
5862,斎藤智子,斎藤智子5862@outlook.com,090-2795-4598,東京都千代田区丸の内7丁目16番6号,千代田区,東京都,1000012,2023-12-17
5863,山田太郎,山田太郎5863@outlook.com,090-1404-9898,北海道札幌市中央区北1条西2丁目17番5号,札幌市中央区,北海道,0600036,2023-09-29
5864,中村千佳,中村千佳5864@outlook.com,090-5711-3245,兵庫県神戸市灘区灘南通10丁目10番5号,神戸市灘区,兵庫県,6570019,2023-02-01
5865,中村由美子,中村由美子5865@gmail.com,090-5264-9681,兵庫県神戸市灘区灘南通10丁目27番3号,神戸市灘区,兵庫県,6570002,2024-07-04
5866,高橋雄一,高橋雄一5866@example.com,090-6817-5574,神奈川県横浜市西区みなとみらい7丁目17番3号,横浜市西区,神奈川県,2200013,2024-05-10
5867,遠藤真由美,遠藤真由美5867@example.com,090-4124-4597,神奈川県横浜市中区本町7丁目21番8号,横浜市中区,神奈川県,2310040,2024-04-23
5868,長谷川香織,長谷川香織5868@yahoo.co.jp,090-7913-6975,千葉県千葉市中央区中央7丁目3番8号,千葉市中央区,千葉県,2600023,2024-06-08
5869,石川健太,石川健太5869@gmail.com,090-9260-5533,兵庫県神戸市灘区灘南通3丁目10番6号,神戸市灘区,兵庫県,6570023,2023-06-11
5870,松本健一,松本健一5870@gmail.com,090-7440-6928,北海道札幌市北区北6条西1丁目11番10号,札幌市北区,北海道,0600020,2024-08-15
5871,松本誠,松本誠5871@yahoo.co.jp,090-5938-9659,大阪府大阪市北区梅田5丁目8番1号,大阪市北区,大阪府,5300012,2023-03-19
5872,伊藤亮,伊藤亮5872@gmail.com,090-5750-6269,神奈川県横浜市西区みなとみらい10丁目24番3号,横浜市西区,神奈川県,2200032,2024-11-13
5873,遠藤由美,遠藤由美5873@example.com,090-9351-5697,福岡県福岡市中央区天神6丁目5番6号,福岡市中央区,福岡県,8100028,2024-03-12
5874,青木由美,青木由美5874@gmail.com,090-7821-8995,千葉県千葉市中央区中央10丁目27番10号,千葉市中央区,千葉県,2600018,2023-09-13
5875,林正,林正5875@example.com,090-3408-6101,神奈川県横浜市西区みなとみらい3丁目12番1号,横浜市西区,神奈川県,2200009,2024-01-20
5876,松本美穂,松本美穂5876@outlook.com,090-4052-6944,千葉県千葉市美浜区美浜4丁目21番7号,千葉市美浜区,千葉県,2610009,2023-10-12
5877,加藤麻衣,加藤麻衣5877@gmail.com,090-2819-3792,埼玉県さいたま市大宮区大宮3丁目2番5号,さいたま市大宮区,埼玉県,3300029,2024-07-24
5878,吉田さくら,吉田さくら5878@outlook.com,090-5585-5975,福岡県福岡市博多区博多駅前1丁目3番8号,福岡市博多区,福岡県,8120016,2023-08-20
5879,伊藤美咲,伊藤美咲5879@gmail.com,090-5451-5210,東京都渋谷区渋谷7丁目5番3号,渋谷区,東京都,1500026,2023-09-01
5880,池田一郎,池田一郎5880@example.com,090-9610-2388,千葉県千葉市中央区中央9丁目19番2号,千葉市中央区,千葉県,2600011,2023-12-28
5881,伊藤優子,伊藤優子5881@example.com,090-3950-5140,大阪府大阪市中央区本町6丁目16番1号,大阪市中央区,大阪府,5410007,2024-11-17
5882,林麻衣,林麻衣5882@gmail.com,090-9410-4215,東京都渋谷区渋谷2丁目11番7号,渋谷区,東京都,1500021,2023-06-28
5883,斎藤三郎,斎藤三郎5883@example.com,090-6950-1909,兵庫県神戸市灘区灘南通1丁目22番3号,神戸市灘区,兵庫県,6570036,2024-08-09
5884,伊藤千佳,伊藤千佳5884@icloud.com,090-5511-3039,福岡県福岡市博多区博多駅前5丁目28番3号,福岡市博多区,福岡県,8120016,2024-04-25
5885,森田美咲,森田美咲5885@yahoo.co.jp,090-9346-2848,愛知県名古屋市西区名駅2丁目4番8号,名古屋市西区,愛知県,4510007,2024-05-02
5886,藤原太郎,藤原太郎5886@outlook.com,090-2705-2956,千葉県千葉市美浜区美浜8丁目29番6号,千葉市美浜区,千葉県,2610028,2024-10-11
5887,長谷川一郎,長谷川一郎5887@outlook.com,090-2143-8602,千葉県千葉市中央区中央7丁目27番4号,千葉市中央区,千葉県,2600023,2024-12-06
5888,松本大輔,松本大輔5888@yahoo.co.jp,090-2580-5104,京都府京都市下京区四条通2丁目25番3号,京都市下京区,京都府,6000006,2023-04-17
5889,小林真由美,小林真由美5889@gmail.com,090-6847-5978,大阪府大阪市中央区本町3丁目10番2号,大阪市中央区,大阪府,5410005,2024-05-25
5890,後藤次郎,後藤次郎5890@yahoo.co.jp,090-1304-3021,神奈川県横浜市西区みなとみらい5丁目1番2号,横浜市西区,神奈川県,2200025,2023-05-12
5891,松本麻美,松本麻美5891@outlook.com,090-3803-7672,兵庫県神戸市灘区灘南通3丁目28番2号,神戸市灘区,兵庫県,6570035,2023-04-29
5892,村上優子,村上優子5892@outlook.com,090-3790-6966,東京都千代田区丸の内8丁目30番1号,千代田区,東京都,1000008,2023-01-20
5893,吉田慎一,吉田慎一5893@yahoo.co.jp,090-9755-7842,千葉県千葉市中央区中央1丁目22番9号,千葉市中央区,千葉県,2600019,2024-08-06
5894,藤井真由美,藤井真由美5894@example.com,090-7925-1067,愛知県名古屋市西区名駅8丁目2番5号,名古屋市西区,愛知県,4510003,2024-03-16
5895,森田美香,森田美香5895@yahoo.co.jp,090-7216-3033,千葉県千葉市中央区中央2丁目25番2号,千葉市中央区,千葉県,2600010,2024-07-20
5896,中村翔太,中村翔太5896@outlook.com,090-7307-4016,大阪府大阪市中央区本町4丁目17番5号,大阪市中央区,大阪府,5410032,2024-12-08
5897,鈴木真由美,鈴木真由美5897@example.com,090-1557-3603,東京都千代田区丸の内6丁目11番2号,千代田区,東京都,1000017,2024-07-23
5898,鈴木健太,鈴木健太5898@outlook.com,090-8368-9517,埼玉県さいたま市浦和区高砂3丁目14番7号,さいたま市浦和区,埼玉県,3300001,2024-05-14
5899,山田亮,山田亮5899@gmail.com,090-4792-8857,北海道札幌市中央区北1条西7丁目17番9号,札幌市中央区,北海道,0600004,2023-05-07
5900,斎藤恵子,斎藤恵子5900@gmail.com,090-3189-5807,大阪府大阪市北区梅田8丁目17番8号,大阪市北区,大阪府,5300020,2024-04-20
5901,遠藤真由美,遠藤真由美5901@icloud.com,090-5358-5730,北海道札幌市北区北6条西7丁目14番8号,札幌市北区,北海道,0600017,2023-02-06
5902,加藤由美,加藤由美5902@example.com,090-4917-6786,神奈川県横浜市中区本町5丁目14番8号,横浜市中区,神奈川県,2310022,2023-07-14
5903,橋本直樹,橋本直樹5903@gmail.com,090-3868-8489,千葉県千葉市美浜区美浜1丁目3番3号,千葉市美浜区,千葉県,2610036,2024-10-19
5904,小林美咲,小林美咲5904@gmail.com,090-2404-5866,東京都千代田区丸の内2丁目4番5号,千代田区,東京都,1000002,2023-06-21
5905,吉田慎一,吉田慎一5905@outlook.com,090-6709-5061,千葉県千葉市中央区中央1丁目29番2号,千葉市中央区,千葉県,2600016,2024-01-12
5906,林翔太,林翔太5906@yahoo.co.jp,090-7984-1925,兵庫県神戸市中央区三宮町7丁目29番7号,神戸市中央区,兵庫県,6500036,2023-07-08
5907,林千佳,林千佳5907@gmail.com,090-3625-8142,京都府京都市下京区四条通2丁目8番4号,京都市下京区,京都府,6000027,2024-09-12
5908,高橋翔太,高橋翔太5908@gmail.com,090-2445-5965,千葉県千葉市中央区中央5丁目15番1号,千葉市中央区,千葉県,2600009,2023-01-25
5909,伊藤恵子,伊藤恵子5909@icloud.com,090-5894-2150,福岡県福岡市中央区天神4丁目2番10号,福岡市中央区,福岡県,8100021,2024-01-29
5910,吉田真由美,吉田真由美5910@gmail.com,090-8089-4388,東京都千代田区丸の内10丁目27番9号,千代田区,東京都,1000015,2024-01-02
5911,後藤誠,後藤誠5911@gmail.com,090-8922-6603,兵庫県神戸市中央区三宮町10丁目16番3号,神戸市中央区,兵庫県,6500031,2023-03-05
5912,伊藤亮,伊藤亮5912@outlook.com,090-7373-2656,埼玉県さいたま市浦和区高砂6丁目4番6号,さいたま市浦和区,埼玉県,3300038,2023-04-22
5913,青木次郎,青木次郎5913@outlook.com,090-2383-3477,東京都渋谷区渋谷8丁目27番5号,渋谷区,東京都,1500009,2023-05-16
5914,長谷川亮,長谷川亮5914@example.com,090-7561-5276,兵庫県神戸市灘区灘南通7丁目20番1号,神戸市灘区,兵庫県,6570008,2024-06-18
5915,木村真由美,木村真由美5915@yahoo.co.jp,090-3804-3403,愛知県名古屋市中区錦3丁目19番10号,名古屋市中区,愛知県,4600008,2023-10-17
5916,石川健一,石川健一5916@example.com,090-3658-3376,愛知県名古屋市西区名駅10丁目23番5号,名古屋市西区,愛知県,4510001,2023-04-11
5917,小林恵子,小林恵子5917@yahoo.co.jp,090-4435-9402,福岡県福岡市博多区博多駅前5丁目16番9号,福岡市博多区,福岡県,8120014,2024-11-02
5918,遠藤美穂,遠藤美穂5918@outlook.com,090-1920-9184,兵庫県神戸市中央区三宮町8丁目6番2号,神戸市中央区,兵庫県,6500030,2023-12-30
5919,林真由美,林真由美5919@yahoo.co.jp,090-1948-8173,埼玉県さいたま市浦和区高砂7丁目16番3号,さいたま市浦和区,埼玉県,3300010,2023-04-02
5920,藤原美咲,藤原美咲5920@yahoo.co.jp,090-9744-1089,神奈川県横浜市中区本町4丁目2番6号,横浜市中区,神奈川県,2310036,2023-10-22
5921,吉田愛,吉田愛5921@yahoo.co.jp,090-7484-8199,埼玉県さいたま市大宮区大宮5丁目5番4号,さいたま市大宮区,埼玉県,3300040,2024-11-10
5922,坂本一郎,坂本一郎5922@outlook.com,090-9748-9490,大阪府大阪市北区梅田10丁目12番1号,大阪市北区,大阪府,5300004,2023-10-12
5923,伊藤誠,伊藤誠5923@icloud.com,090-2137-4428,京都府京都市中京区烏丸通5丁目4番6号,京都市中京区,京都府,6040011,2023-10-10
5924,佐藤翔太,佐藤翔太5924@example.com,090-5239-4613,愛知県名古屋市中区錦5丁目14番10号,名古屋市中区,愛知県,4600003,2024-08-14
5925,井上三郎,井上三郎5925@outlook.com,090-9845-5886,東京都新宿区新宿10丁目27番8号,新宿区,東京都,1600005,2024-08-02
5926,佐藤千佳,佐藤千佳5926@example.com,090-7659-7450,大阪府大阪市北区梅田1丁目2番4号,大阪市北区,大阪府,5300002,2024-04-23
5927,長谷川愛,長谷川愛5927@gmail.com,090-1542-1553,京都府京都市下京区四条通1丁目22番9号,京都市下京区,京都府,6000001,2024-04-28
5928,青木雄一,青木雄一5928@icloud.com,090-4551-9538,福岡県福岡市博多区博多駅前5丁目23番5号,福岡市博多区,福岡県,8120018,2024-04-25
5929,吉田健一,吉田健一5929@icloud.com,090-8240-1476,京都府京都市中京区烏丸通5丁目27番5号,京都市中京区,京都府,6040027,2024-04-07
5930,池田一郎,池田一郎5930@outlook.com,090-5675-1255,京都府京都市下京区四条通9丁目1番7号,京都市下京区,京都府,6000003,2023-05-02
5931,山本健一,山本健一5931@icloud.com,090-6668-3691,北海道札幌市中央区北1条西10丁目25番4号,札幌市中央区,北海道,0600035,2023-05-13
5932,斎藤三郎,斎藤三郎5932@gmail.com,090-2469-8857,東京都渋谷区渋谷1丁目6番4号,渋谷区,東京都,1500018,2023-05-27
5933,坂本三郎,坂本三郎5933@example.com,090-1379-7180,千葉県千葉市美浜区美浜8丁目25番10号,千葉市美浜区,千葉県,2610041,2024-07-03
5934,岡田愛,岡田愛5934@gmail.com,090-1937-3522,福岡県福岡市中央区天神2丁目15番7号,福岡市中央区,福岡県,8100001,2024-05-12
5935,吉田達也,吉田達也5935@yahoo.co.jp,090-9104-1301,神奈川県横浜市中区本町7丁目15番5号,横浜市中区,神奈川県,2310007,2024-09-05
5936,斎藤次郎,斎藤次郎5936@example.com,090-7913-8907,愛知県名古屋市西区名駅4丁目22番8号,名古屋市西区,愛知県,4510026,2024-12-04
5937,中村花子,中村花子5937@gmail.com,090-1328-6869,千葉県千葉市美浜区美浜4丁目4番7号,千葉市美浜区,千葉県,2610028,2023-04-26
5938,鈴木翔太,鈴木翔太5938@icloud.com,090-3585-9335,千葉県千葉市美浜区美浜10丁目20番7号,千葉市美浜区,千葉県,2610020,2024-11-03
5939,鈴木慎一,鈴木慎一5939@icloud.com,090-4757-3038,北海道札幌市北区北6条西3丁目6番2号,札幌市北区,北海道,0600006,2024-05-21
5940,中村拓也,中村拓也5940@gmail.com,090-8874-3982,埼玉県さいたま市大宮区大宮1丁目29番7号,さいたま市大宮区,埼玉県,3300039,2024-01-22
5941,小林美咲,小林美咲5941@yahoo.co.jp,090-8668-7363,東京都千代田区丸の内8丁目12番3号,千代田区,東京都,1000015,2024-02-08
5942,高橋由美子,高橋由美子5942@icloud.com,090-8225-5933,愛知県名古屋市中区錦6丁目27番7号,名古屋市中区,愛知県,4600007,2024-10-01
5943,中村亮,中村亮5943@yahoo.co.jp,090-1366-4799,千葉県千葉市中央区中央7丁目7番9号,千葉市中央区,千葉県,2600017,2024-02-25
5944,井上翔太,井上翔太5944@gmail.com,090-7251-2219,東京都千代田区丸の内8丁目3番7号,千代田区,東京都,1000012,2023-06-08
5945,岡田次郎,岡田次郎5945@outlook.com,090-5365-1016,大阪府大阪市中央区本町2丁目7番9号,大阪市中央区,大阪府,5410012,2024-01-02
5946,森田由美子,森田由美子5946@example.com,090-1289-1836,愛知県名古屋市中区錦3丁目15番1号,名古屋市中区,愛知県,4600007,2023-07-07
5947,松本美香,松本美香5947@icloud.com,090-3703-9295,東京都新宿区新宿7丁目25番4号,新宿区,東京都,1600014,2023-06-05
5948,加藤真由美,加藤真由美5948@gmail.com,090-4282-8964,埼玉県さいたま市大宮区大宮2丁目27番4号,さいたま市大宮区,埼玉県,3300036,2023-02-03
5949,前田和也,前田和也5949@gmail.com,090-1407-9299,京都府京都市中京区烏丸通4丁目17番4号,京都市中京区,京都府,6040026,2024-07-12
5950,藤井由美子,藤井由美子5950@icloud.com,090-3977-9071,埼玉県さいたま市大宮区大宮5丁目4番3号,さいたま市大宮区,埼玉県,3300025,2024-09-18
5951,坂本次郎,坂本次郎5951@example.com,090-7853-6781,兵庫県神戸市灘区灘南通4丁目21番2号,神戸市灘区,兵庫県,6570015,2023-07-26
5952,木村次郎,木村次郎5952@icloud.com,090-3890-5628,愛知県名古屋市中区錦2丁目18番10号,名古屋市中区,愛知県,4600006,2023-07-24
5953,山本慎一,山本慎一5953@yahoo.co.jp,090-2126-2976,千葉県千葉市中央区中央2丁目10番10号,千葉市中央区,千葉県,2600029,2024-06-15
5954,近藤正,近藤正5954@example.com,090-9059-2497,京都府京都市中京区烏丸通2丁目5番1号,京都市中京区,京都府,6040029,2024-05-22
5955,橋本麻美,橋本麻美5955@yahoo.co.jp,090-2904-5179,東京都千代田区丸の内6丁目17番9号,千代田区,東京都,1000008,2024-11-16
5956,前田美咲,前田美咲5956@yahoo.co.jp,090-9183-6846,福岡県福岡市博多区博多駅前2丁目28番3号,福岡市博多区,福岡県,8120020,2023-06-02
5957,藤原誠,藤原誠5957@outlook.com,090-6295-6578,埼玉県さいたま市浦和区高砂1丁目23番5号,さいたま市浦和区,埼玉県,3300026,2023-08-17
5958,高橋剛,高橋剛5958@example.com,090-1522-1974,千葉県千葉市中央区中央2丁目22番3号,千葉市中央区,千葉県,2600039,2023-10-31
5959,中村正,中村正5959@outlook.com,090-4666-3023,京都府京都市下京区四条通8丁目17番1号,京都市下京区,京都府,6000034,2023-08-21
5960,山本智子,山本智子5960@example.com,090-1655-7280,北海道札幌市北区北6条西3丁目20番7号,札幌市北区,北海道,0600016,2024-11-09
5961,中村亮,中村亮5961@outlook.com,090-2749-8916,千葉県千葉市中央区中央5丁目17番3号,千葉市中央区,千葉県,2600026,2024-01-18
5962,青木健太,青木健太5962@gmail.com,090-5031-9515,神奈川県横浜市西区みなとみらい1丁目1番2号,横浜市西区,神奈川県,2200040,2024-04-17
5963,佐藤次郎,佐藤次郎5963@icloud.com,090-9717-2544,北海道札幌市北区北6条西5丁目15番10号,札幌市北区,北海道,0600021,2023-05-09
5964,山田麻衣,山田麻衣5964@outlook.com,090-6325-5007,兵庫県神戸市灘区灘南通2丁目18番2号,神戸市灘区,兵庫県,6570002,2023-05-25
5965,青木翔太,青木翔太5965@gmail.com,090-5282-6915,東京都渋谷区渋谷2丁目19番6号,渋谷区,東京都,1500022,2023-07-18
5966,林拓也,林拓也5966@outlook.com,090-1161-7786,大阪府大阪市中央区本町1丁目1番7号,大阪市中央区,大阪府,5410015,2024-07-15
5967,長谷川慎一,長谷川慎一5967@example.com,090-2709-7498,京都府京都市下京区四条通6丁目8番9号,京都市下京区,京都府,6000037,2024-11-11
5968,森田美穂,森田美穂5968@outlook.com,090-5777-9133,北海道札幌市北区北6条西8丁目28番9号,札幌市北区,北海道,0600026,2024-01-08
5969,木村太郎,木村太郎5969@icloud.com,090-7773-4366,福岡県福岡市中央区天神9丁目26番3号,福岡市中央区,福岡県,8100038,2024-02-01
5970,鈴木美咲,鈴木美咲5970@icloud.com,090-7024-4739,埼玉県さいたま市浦和区高砂1丁目23番8号,さいたま市浦和区,埼玉県,3300015,2024-03-22
5971,高橋さくら,高橋さくら5971@gmail.com,090-5982-8887,埼玉県さいたま市浦和区高砂9丁目19番1号,さいたま市浦和区,埼玉県,3300005,2024-08-01
5972,山本太郎,山本太郎5972@outlook.com,090-1891-8340,埼玉県さいたま市大宮区大宮10丁目22番4号,さいたま市大宮区,埼玉県,3300007,2023-01-30
5973,佐藤美穂,佐藤美穂5973@yahoo.co.jp,090-2046-3247,東京都新宿区新宿6丁目10番7号,新宿区,東京都,1600020,2023-06-04
5974,長谷川一郎,長谷川一郎5974@icloud.com,090-1322-8237,神奈川県横浜市中区本町10丁目30番6号,横浜市中区,神奈川県,2310030,2023-08-20
5975,後藤香織,後藤香織5975@yahoo.co.jp,090-5029-6939,愛知県名古屋市西区名駅8丁目17番4号,名古屋市西区,愛知県,4510028,2023-07-19
5976,藤井さくら,藤井さくら5976@example.com,090-4273-6587,千葉県千葉市中央区中央5丁目23番4号,千葉市中央区,千葉県,2600013,2023-12-26
5977,後藤太郎,後藤太郎5977@example.com,090-5552-8043,福岡県福岡市中央区天神7丁目24番6号,福岡市中央区,福岡県,8100031,2024-03-05
5978,近藤太郎,近藤太郎5978@outlook.com,090-3437-5139,愛知県名古屋市西区名駅9丁目16番5号,名古屋市西区,愛知県,4510010,2024-05-25
5979,後藤健一,後藤健一5979@gmail.com,090-2367-1672,京都府京都市中京区烏丸通6丁目28番5号,京都市中京区,京都府,6040040,2024-06-12
5980,後藤さくら,後藤さくら5980@outlook.com,090-3882-8240,北海道札幌市中央区北1条西2丁目28番7号,札幌市中央区,北海道,0600018,2023-12-29
5981,池田智子,池田智子5981@outlook.com,090-7053-2115,東京都新宿区新宿7丁目25番8号,新宿区,東京都,1600020,2023-06-06
5982,村上愛,村上愛5982@icloud.com,090-8518-5446,京都府京都市下京区四条通8丁目30番9号,京都市下京区,京都府,6000034,2023-03-21
5983,前田慎一,前田慎一5983@example.com,090-9320-8494,千葉県千葉市美浜区美浜5丁目28番2号,千葉市美浜区,千葉県,2610023,2023-12-13
5984,近藤正,近藤正5984@example.com,090-2334-3307,埼玉県さいたま市浦和区高砂1丁目18番9号,さいたま市浦和区,埼玉県,3300003,2023-02-23
5985,高橋恵子,高橋恵子5985@gmail.com,090-8847-6986,東京都新宿区新宿10丁目29番6号,新宿区,東京都,1600005,2024-09-03
5986,渡辺太郎,渡辺太郎5986@gmail.com,090-1680-2242,千葉県千葉市美浜区美浜6丁目19番2号,千葉市美浜区,千葉県,2610034,2024-07-02
5987,伊藤智子,伊藤智子5987@outlook.com,090-7267-3799,兵庫県神戸市灘区灘南通4丁目23番4号,神戸市灘区,兵庫県,6570015,2024-10-28
5988,遠藤大輔,遠藤大輔5988@outlook.com,090-9871-7401,東京都新宿区新宿3丁目5番10号,新宿区,東京都,1600020,2024-08-23
5989,吉田花子,吉田花子5989@yahoo.co.jp,090-1775-6787,京都府京都市中京区烏丸通9丁目27番8号,京都市中京区,京都府,6040034,2023-09-27
5990,吉田千佳,吉田千佳5990@gmail.com,090-7977-5432,神奈川県横浜市西区みなとみらい6丁目25番7号,横浜市西区,神奈川県,2200003,2024-04-20
5991,中村直樹,中村直樹5991@example.com,090-6459-3438,京都府京都市中京区烏丸通2丁目6番1号,京都市中京区,京都府,6040031,2023-10-23
5992,田中大輔,田中大輔5992@gmail.com,090-3769-1290,愛知県名古屋市西区名駅3丁目5番10号,名古屋市西区,愛知県,4510017,2023-01-06
5993,遠藤優子,遠藤優子5993@yahoo.co.jp,090-2081-8708,埼玉県さいたま市大宮区大宮7丁目26番4号,さいたま市大宮区,埼玉県,3300003,2023-09-03
5994,林正,林正5994@yahoo.co.jp,090-1011-1609,福岡県福岡市博多区博多駅前9丁目1番7号,福岡市博多区,福岡県,8120009,2024-09-15
5995,坂本三郎,坂本三郎5995@outlook.com,090-4699-9085,兵庫県神戸市中央区三宮町1丁目25番1号,神戸市中央区,兵庫県,6500037,2024-02-13
5996,松本美咲,松本美咲5996@outlook.com,090-6933-7086,兵庫県神戸市中央区三宮町3丁目19番4号,神戸市中央区,兵庫県,6500018,2023-03-09
5997,木村真由美,木村真由美5997@gmail.com,090-8696-9948,大阪府大阪市北区梅田4丁目24番5号,大阪市北区,大阪府,5300006,2024-01-14
5998,岡田美咲,岡田美咲5998@gmail.com,090-6929-9559,北海道札幌市中央区北1条西4丁目18番4号,札幌市中央区,北海道,0600035,2024-06-14
5999,松本三郎,松本三郎5999@yahoo.co.jp,090-9732-7184,東京都渋谷区渋谷1丁目10番7号,渋谷区,東京都,1500014,2024-03-30
6000,石川雄一,石川雄一6000@yahoo.co.jp,090-4261-2753,大阪府大阪市中央区本町5丁目13番4号,大阪市中央区,大阪府,5410015,2023-12-05
6001,松本智子,松本智子6001@yahoo.co.jp,090-3910-6374,大阪府大阪市中央区本町7丁目12番9号,大阪市中央区,大阪府,5410004,2024-11-16
6002,藤原和也,藤原和也6002@gmail.com,090-9643-8361,京都府京都市下京区四条通6丁目11番4号,京都市下京区,京都府,6000012,2024-03-17
6003,松本さくら,松本さくら6003@example.com,090-1315-6592,北海道札幌市中央区北1条西6丁目30番6号,札幌市中央区,北海道,0600001,2023-03-19
6004,池田翔太,池田翔太6004@example.com,090-5427-4109,神奈川県横浜市西区みなとみらい8丁目26番1号,横浜市西区,神奈川県,2200021,2023-03-03
6005,山本慎一,山本慎一6005@icloud.com,090-6421-5919,埼玉県さいたま市浦和区高砂1丁目22番2号,さいたま市浦和区,埼玉県,3300040,2023-09-15
6006,井上美穂,井上美穂6006@icloud.com,090-8936-5031,京都府京都市中京区烏丸通9丁目30番7号,京都市中京区,京都府,6040014,2024-07-14
6007,鈴木太郎,鈴木太郎6007@icloud.com,090-3491-1517,東京都千代田区丸の内8丁目19番1号,千代田区,東京都,1000009,2024-03-09
6008,後藤翔太,後藤翔太6008@example.com,090-6453-7772,京都府京都市中京区烏丸通9丁目14番6号,京都市中京区,京都府,6040026,2023-05-02
6009,林由美子,林由美子6009@outlook.com,090-5573-4008,福岡県福岡市中央区天神2丁目30番7号,福岡市中央区,福岡県,8100015,2023-08-28
6010,井上美穂,井上美穂6010@yahoo.co.jp,090-3420-9275,京都府京都市中京区烏丸通5丁目7番2号,京都市中京区,京都府,6040027,2024-03-08
6011,藤原拓也,藤原拓也6011@yahoo.co.jp,090-2408-4146,大阪府大阪市中央区本町4丁目6番9号,大阪市中央区,大阪府,5410027,2024-10-21
6012,森田直樹,森田直樹6012@icloud.com,090-8056-6595,京都府京都市中京区烏丸通1丁目13番4号,京都市中京区,京都府,6040009,2024-07-25
6013,斎藤一郎,斎藤一郎6013@icloud.com,090-4978-8451,東京都新宿区新宿1丁目19番5号,新宿区,東京都,1600009,2024-11-18
6014,松本愛,松本愛6014@icloud.com,090-5939-8817,北海道札幌市中央区北1条西5丁目2番6号,札幌市中央区,北海道,0600029,2023-08-15
6015,山田健一,山田健一6015@example.com,090-3711-9162,千葉県千葉市中央区中央4丁目10番8号,千葉市中央区,千葉県,2600029,2024-03-24
6016,吉田拓也,吉田拓也6016@gmail.com,090-9477-9557,大阪府大阪市北区梅田6丁目12番5号,大阪市北区,大阪府,5300008,2024-06-10
6017,高橋真由美,高橋真由美6017@example.com,090-5335-5793,大阪府大阪市北区梅田10丁目24番6号,大阪市北区,大阪府,5300004,2024-07-26
6018,遠藤恵子,遠藤恵子6018@example.com,090-6685-9446,愛知県名古屋市西区名駅8丁目1番6号,名古屋市西区,愛知県,4510007,2023-09-02
6019,池田亮,池田亮6019@icloud.com,090-4155-5193,北海道札幌市北区北6条西3丁目14番5号,札幌市北区,北海道,0600035,2023-05-30
6020,山田愛,山田愛6020@example.com,090-9788-2597,兵庫県神戸市中央区三宮町4丁目27番1号,神戸市中央区,兵庫県,6500034,2023-09-11
6021,松本優子,松本優子6021@example.com,090-3433-1300,北海道札幌市北区北6条西2丁目18番5号,札幌市北区,北海道,0600015,2023-03-26
6022,池田愛,池田愛6022@outlook.com,090-1362-5979,東京都千代田区丸の内8丁目25番4号,千代田区,東京都,1000015,2024-06-10
6023,村上美香,村上美香6023@example.com,090-2872-8696,兵庫県神戸市灘区灘南通1丁目3番10号,神戸市灘区,兵庫県,6570013,2023-07-01
6024,岡田翔太,岡田翔太6024@gmail.com,090-3325-2388,兵庫県神戸市灘区灘南通8丁目15番3号,神戸市灘区,兵庫県,6570002,2024-10-09
6025,木村麻衣,木村麻衣6025@yahoo.co.jp,090-8229-3463,東京都新宿区新宿5丁目13番7号,新宿区,東京都,1600013,2024-07-13
6026,近藤花子,近藤花子6026@example.com,090-3142-7977,兵庫県神戸市灘区灘南通4丁目1番7号,神戸市灘区,兵庫県,6570011,2023-11-21
6027,藤原花子,藤原花子6027@yahoo.co.jp,090-2497-1404,千葉県千葉市中央区中央6丁目25番1号,千葉市中央区,千葉県,2600040,2023-06-24
6028,佐藤雄一,佐藤雄一6028@icloud.com,090-2837-2945,千葉県千葉市美浜区美浜4丁目1番5号,千葉市美浜区,千葉県,2610014,2023-07-20
6029,松本健一,松本健一6029@yahoo.co.jp,090-8180-5902,神奈川県横浜市西区みなとみらい7丁目4番10号,横浜市西区,神奈川県,2200014,2023-08-01
6030,渡辺三郎,渡辺三郎6030@example.com,090-2085-2600,東京都渋谷区渋谷7丁目21番4号,渋谷区,東京都,1500027,2024-10-20
6031,伊藤誠,伊藤誠6031@icloud.com,090-6225-1519,東京都新宿区新宿6丁目16番10号,新宿区,東京都,1600018,2024-12-10
6032,近藤慎一,近藤慎一6032@example.com,090-3694-6862,神奈川県横浜市中区本町6丁目25番5号,横浜市中区,神奈川県,2310019,2023-05-23
6033,石川雄一,石川雄一6033@example.com,090-2562-5061,神奈川県横浜市中区本町2丁目26番8号,横浜市中区,神奈川県,2310007,2023-05-04
6034,後藤美穂,後藤美穂6034@icloud.com,090-6829-9845,神奈川県横浜市西区みなとみらい8丁目2番2号,横浜市西区,神奈川県,2200003,2023-04-18
6035,渡辺拓也,渡辺拓也6035@yahoo.co.jp,090-3931-2011,北海道札幌市北区北6条西7丁目14番9号,札幌市北区,北海道,0600027,2023-11-11
6036,鈴木香織,鈴木香織6036@yahoo.co.jp,090-6379-6939,京都府京都市下京区四条通6丁目24番3号,京都市下京区,京都府,6000003,2023-10-07
6037,遠藤一郎,遠藤一郎6037@yahoo.co.jp,090-8181-6866,東京都新宿区新宿7丁目13番4号,新宿区,東京都,1600010,2023-01-13
6038,青木翔太,青木翔太6038@gmail.com,090-9346-5658,兵庫県神戸市灘区灘南通6丁目29番1号,神戸市灘区,兵庫県,6570009,2024-03-04
6039,斎藤正,斎藤正6039@gmail.com,090-1207-7801,千葉県千葉市美浜区美浜8丁目1番5号,千葉市美浜区,千葉県,2610030,2024-05-12
6040,山本花子,山本花子6040@outlook.com,090-6764-5789,京都府京都市中京区烏丸通9丁目26番9号,京都市中京区,京都府,6040036,2023-02-24
6041,山本和也,山本和也6041@outlook.com,090-8378-5724,埼玉県さいたま市浦和区高砂7丁目15番1号,さいたま市浦和区,埼玉県,3300034,2023-12-16
6042,佐藤麻美,佐藤麻美6042@icloud.com,090-6538-8590,東京都千代田区丸の内2丁目10番7号,千代田区,東京都,1000013,2024-04-04
6043,松本太郎,松本太郎6043@example.com,090-8647-4377,大阪府大阪市北区梅田7丁目19番1号,大阪市北区,大阪府,5300015,2024-12-23
6044,山田花子,山田花子6044@example.com,090-2283-4226,東京都渋谷区渋谷1丁目27番1号,渋谷区,東京都,1500014,2024-12-12
6045,鈴木麻美,鈴木麻美6045@gmail.com,090-4116-9429,福岡県福岡市博多区博多駅前6丁目7番9号,福岡市博多区,福岡県,8120011,2024-08-31
6046,青木誠,青木誠6046@yahoo.co.jp,090-9258-7134,埼玉県さいたま市浦和区高砂1丁目30番6号,さいたま市浦和区,埼玉県,3300009,2024-12-31
6047,石川美咲,石川美咲6047@yahoo.co.jp,090-4756-7705,福岡県福岡市中央区天神5丁目17番7号,福岡市中央区,福岡県,8100024,2023-06-10
6048,岡田一郎,岡田一郎6048@icloud.com,090-1033-8675,兵庫県神戸市中央区三宮町3丁目6番8号,神戸市中央区,兵庫県,6500040,2023-12-13
6049,前田健太,前田健太6049@example.com,090-7487-9267,埼玉県さいたま市浦和区高砂9丁目5番3号,さいたま市浦和区,埼玉県,3300010,2024-06-19
6050,高橋正,高橋正6050@outlook.com,090-5782-9922,神奈川県横浜市中区本町8丁目2番8号,横浜市中区,神奈川県,2310001,2024-07-21
6051,長谷川直樹,長谷川直樹6051@yahoo.co.jp,090-2567-4959,福岡県福岡市博多区博多駅前1丁目22番4号,福岡市博多区,福岡県,8120015,2024-08-27
6052,吉田美咲,吉田美咲6052@yahoo.co.jp,090-4768-1503,兵庫県神戸市灘区灘南通5丁目14番8号,神戸市灘区,兵庫県,6570011,2024-10-25
6053,池田直樹,池田直樹6053@outlook.com,090-9892-8053,東京都千代田区丸の内6丁目12番2号,千代田区,東京都,1000017,2024-06-18
6054,井上正,井上正6054@gmail.com,090-9103-9434,大阪府大阪市北区梅田7丁目4番5号,大阪市北区,大阪府,5300003,2024-07-11
6055,山本さくら,山本さくら6055@gmail.com,090-8782-1561,東京都渋谷区渋谷1丁目17番9号,渋谷区,東京都,1500014,2023-04-03
6056,木村直樹,木村直樹6056@gmail.com,090-9808-6857,大阪府大阪市中央区本町7丁目4番10号,大阪市中央区,大阪府,5410037,2023-05-22
6057,村上剛,村上剛6057@example.com,090-2541-1603,北海道札幌市中央区北1条西1丁目6番6号,札幌市中央区,北海道,0600030,2023-01-03
6058,松本愛,松本愛6058@icloud.com,090-4170-8608,兵庫県神戸市中央区三宮町1丁目1番4号,神戸市中央区,兵庫県,6500028,2024-02-12
6059,青木優子,青木優子6059@gmail.com,090-4747-6084,大阪府大阪市北区梅田9丁目21番3号,大阪市北区,大阪府,5300008,2023-10-03
6060,伊藤三郎,伊藤三郎6060@yahoo.co.jp,090-9413-7450,千葉県千葉市美浜区美浜3丁目29番7号,千葉市美浜区,千葉県,2610037,2024-06-12
6061,小林和也,小林和也6061@yahoo.co.jp,090-2074-3667,兵庫県神戸市灘区灘南通10丁目23番5号,神戸市灘区,兵庫県,6570007,2023-05-26
6062,藤原大輔,藤原大輔6062@yahoo.co.jp,090-8415-5125,埼玉県さいたま市大宮区大宮5丁目7番10号,さいたま市大宮区,埼玉県,3300007,2024-10-29
6063,林花子,林花子6063@outlook.com,090-9336-3887,神奈川県横浜市中区本町10丁目4番3号,横浜市中区,神奈川県,2310024,2024-09-21
6064,岡田健一,岡田健一6064@icloud.com,090-7765-1293,京都府京都市中京区烏丸通4丁目13番5号,京都市中京区,京都府,6040002,2024-01-13
6065,森田剛,森田剛6065@example.com,090-8447-1890,千葉県千葉市中央区中央1丁目6番3号,千葉市中央区,千葉県,2600001,2024-02-20
6066,佐藤智子,佐藤智子6066@icloud.com,090-4172-4022,兵庫県神戸市灘区灘南通4丁目21番10号,神戸市灘区,兵庫県,6570024,2023-06-18
6067,山本一郎,山本一郎6067@example.com,090-1611-9354,東京都渋谷区渋谷8丁目12番3号,渋谷区,東京都,1500001,2024-01-14
6068,井上正,井上正6068@example.com,090-1397-7637,千葉県千葉市中央区中央9丁目22番2号,千葉市中央区,千葉県,2600011,2023-12-28
6069,渡辺達也,渡辺達也6069@example.com,090-9755-5850,大阪府大阪市中央区本町1丁目14番10号,大阪市中央区,大阪府,5410034,2024-09-01
6070,山田翔太,山田翔太6070@yahoo.co.jp,090-1734-6149,埼玉県さいたま市大宮区大宮5丁目16番4号,さいたま市大宮区,埼玉県,3300016,2023-06-17
6071,木村さくら,木村さくら6071@yahoo.co.jp,090-2800-6516,京都府京都市下京区四条通3丁目10番3号,京都市下京区,京都府,6000022,2024-04-28
6072,林直樹,林直樹6072@example.com,090-5298-1351,千葉県千葉市中央区中央10丁目24番2号,千葉市中央区,千葉県,2600013,2023-02-18
6073,木村翔太,木村翔太6073@example.com,090-6778-6725,埼玉県さいたま市浦和区高砂6丁目7番3号,さいたま市浦和区,埼玉県,3300006,2024-08-26
6074,斎藤大輔,斎藤大輔6074@yahoo.co.jp,090-8418-2562,愛知県名古屋市西区名駅8丁目13番7号,名古屋市西区,愛知県,4510030,2023-09-03
6075,加藤慎一,加藤慎一6075@icloud.com,090-2699-4912,兵庫県神戸市灘区灘南通8丁目18番4号,神戸市灘区,兵庫県,6570024,2023-07-28
6076,渡辺真由美,渡辺真由美6076@example.com,090-1824-4975,京都府京都市下京区四条通8丁目24番8号,京都市下京区,京都府,6000019,2024-08-06
6077,青木大輔,青木大輔6077@example.com,090-3041-8534,埼玉県さいたま市浦和区高砂2丁目15番6号,さいたま市浦和区,埼玉県,3300010,2023-09-14
6078,村上亮,村上亮6078@icloud.com,090-6804-2229,千葉県千葉市中央区中央5丁目10番2号,千葉市中央区,千葉県,2600027,2024-02-19
6079,橋本雄一,橋本雄一6079@yahoo.co.jp,090-1662-5449,北海道札幌市中央区北1条西5丁目13番1号,札幌市中央区,北海道,0600028,2023-05-29
6080,村上恵子,村上恵子6080@gmail.com,090-5504-6054,千葉県千葉市美浜区美浜9丁目23番6号,千葉市美浜区,千葉県,2610028,2023-07-15
6081,前田翔太,前田翔太6081@example.com,090-6134-2977,大阪府大阪市中央区本町9丁目15番4号,大阪市中央区,大阪府,5410020,2024-07-31
6082,坂本美穂,坂本美穂6082@icloud.com,090-7588-7784,福岡県福岡市博多区博多駅前2丁目16番5号,福岡市博多区,福岡県,8120012,2024-08-14
6083,林美香,林美香6083@outlook.com,090-1606-8980,福岡県福岡市中央区天神1丁目3番8号,福岡市中央区,福岡県,8100020,2024-06-19
6084,村上誠,村上誠6084@gmail.com,090-5185-2438,埼玉県さいたま市大宮区大宮8丁目11番10号,さいたま市大宮区,埼玉県,3300015,2024-02-13
6085,斎藤誠,斎藤誠6085@yahoo.co.jp,090-7774-5840,北海道札幌市北区北6条西2丁目18番5号,札幌市北区,北海道,0600037,2023-04-01
6086,藤原香織,藤原香織6086@icloud.com,090-7046-3948,京都府京都市中京区烏丸通8丁目24番2号,京都市中京区,京都府,6040009,2024-07-19
6087,斎藤大輔,斎藤大輔6087@icloud.com,090-2680-7495,兵庫県神戸市灘区灘南通4丁目16番7号,神戸市灘区,兵庫県,6570006,2023-11-26
6088,藤井健太,藤井健太6088@example.com,090-3471-6629,京都府京都市中京区烏丸通1丁目9番2号,京都市中京区,京都府,6040025,2024-08-31
6089,池田美香,池田美香6089@gmail.com,090-8778-2919,北海道札幌市中央区北1条西9丁目5番8号,札幌市中央区,北海道,0600012,2023-08-15
6090,吉田優子,吉田優子6090@icloud.com,090-2734-3334,東京都新宿区新宿2丁目30番5号,新宿区,東京都,1600012,2024-05-09
6091,森田亮,森田亮6091@example.com,090-5005-8169,東京都渋谷区渋谷2丁目4番7号,渋谷区,東京都,1500036,2023-08-10
6092,高橋誠,高橋誠6092@gmail.com,090-3478-6607,東京都千代田区丸の内8丁目24番2号,千代田区,東京都,1000020,2023-12-30
6093,小林拓也,小林拓也6093@icloud.com,090-7491-9553,北海道札幌市北区北6条西4丁目26番7号,札幌市北区,北海道,0600021,2024-04-27
6094,森田由美子,森田由美子6094@yahoo.co.jp,090-7134-4340,神奈川県横浜市西区みなとみらい6丁目7番4号,横浜市西区,神奈川県,2200012,2023-03-07
6095,加藤智子,加藤智子6095@icloud.com,090-3052-8819,愛知県名古屋市中区錦6丁目18番4号,名古屋市中区,愛知県,4600005,2023-07-08
6096,遠藤さくら,遠藤さくら6096@example.com,090-7744-4390,京都府京都市中京区烏丸通4丁目12番4号,京都市中京区,京都府,6040012,2023-02-12
6097,加藤美咲,加藤美咲6097@icloud.com,090-5423-9766,福岡県福岡市博多区博多駅前6丁目13番9号,福岡市博多区,福岡県,8120003,2023-02-04
6098,後藤和也,後藤和也6098@icloud.com,090-2156-8062,愛知県名古屋市中区錦3丁目25番2号,名古屋市中区,愛知県,4600005,2024-04-12
6099,橋本正,橋本正6099@gmail.com,090-5071-6094,東京都渋谷区渋谷7丁目29番4号,渋谷区,東京都,1500015,2024-12-18
6100,斎藤美香,斎藤美香6100@gmail.com,090-6385-8014,京都府京都市下京区四条通6丁目8番5号,京都市下京区,京都府,6000016,2023-05-31
6101,村上麻衣,村上麻衣6101@gmail.com,090-6792-1226,東京都渋谷区渋谷4丁目7番1号,渋谷区,東京都,1500037,2023-09-28
6102,近藤次郎,近藤次郎6102@gmail.com,090-6061-2452,愛知県名古屋市西区名駅10丁目21番3号,名古屋市西区,愛知県,4510041,2023-03-23
6103,森田太郎,森田太郎6103@icloud.com,090-4461-8966,福岡県福岡市中央区天神6丁目16番5号,福岡市中央区,福岡県,8100036,2023-10-02
6104,青木麻衣,青木麻衣6104@outlook.com,090-1743-3534,京都府京都市下京区四条通8丁目11番7号,京都市下京区,京都府,6000016,2023-09-05
6105,小林智子,小林智子6105@example.com,090-4011-3015,兵庫県神戸市灘区灘南通7丁目7番9号,神戸市灘区,兵庫県,6570008,2023-02-16
6106,伊藤さくら,伊藤さくら6106@icloud.com,090-3011-1049,京都府京都市下京区四条通6丁目16番4号,京都市下京区,京都府,6000039,2024-01-05
6107,林美咲,林美咲6107@yahoo.co.jp,090-1644-3676,神奈川県横浜市中区本町9丁目23番7号,横浜市中区,神奈川県,2310001,2023-02-04
6108,後藤直樹,後藤直樹6108@gmail.com,090-8693-3006,東京都千代田区丸の内1丁目15番4号,千代田区,東京都,1000012,2024-12-28
6109,佐藤愛,佐藤愛6109@outlook.com,090-4905-1174,千葉県千葉市中央区中央7丁目27番10号,千葉市中央区,千葉県,2600007,2023-09-20
6110,井上亮,井上亮6110@gmail.com,090-9290-9801,千葉県千葉市美浜区美浜8丁目16番8号,千葉市美浜区,千葉県,2610014,2024-12-18
6111,村上美咲,村上美咲6111@icloud.com,090-9993-1198,大阪府大阪市北区梅田3丁目15番4号,大阪市北区,大阪府,5300018,2023-06-12
6112,藤井雄一,藤井雄一6112@example.com,090-7243-4696,愛知県名古屋市西区名駅2丁目4番2号,名古屋市西区,愛知県,4510040,2023-10-13
6113,青木さくら,青木さくら6113@icloud.com,090-4809-5005,京都府京都市下京区四条通7丁目2番10号,京都市下京区,京都府,6000007,2023-10-25
6114,前田雄一,前田雄一6114@outlook.com,090-5289-9056,東京都千代田区丸の内10丁目26番8号,千代田区,東京都,1000004,2023-07-05
6115,渡辺三郎,渡辺三郎6115@example.com,090-3098-9814,兵庫県神戸市中央区三宮町9丁目10番4号,神戸市中央区,兵庫県,6500025,2023-01-26
6116,加藤健一,加藤健一6116@outlook.com,090-8778-5887,千葉県千葉市美浜区美浜7丁目27番10号,千葉市美浜区,千葉県,2610033,2023-11-22
6117,木村正,木村正6117@example.com,090-8321-6694,東京都渋谷区渋谷5丁目23番8号,渋谷区,東京都,1500025,2023-09-04
6118,木村大輔,木村大輔6118@gmail.com,090-3319-5030,千葉県千葉市中央区中央1丁目29番10号,千葉市中央区,千葉県,2600036,2023-10-04
6119,小林亮,小林亮6119@icloud.com,090-7841-9105,京都府京都市中京区烏丸通6丁目12番5号,京都市中京区,京都府,6040032,2023-05-26
6120,井上健太,井上健太6120@example.com,090-4264-6079,北海道札幌市中央区北1条西8丁目17番2号,札幌市中央区,北海道,0600036,2024-08-31
6121,吉田正,吉田正6121@icloud.com,090-2141-8332,兵庫県神戸市灘区灘南通10丁目30番4号,神戸市灘区,兵庫県,6570008,2024-11-24
6122,後藤達也,後藤達也6122@outlook.com,090-5877-5524,神奈川県横浜市中区本町1丁目13番6号,横浜市中区,神奈川県,2310016,2024-10-22
6123,高橋優子,高橋優子6123@outlook.com,090-2906-4738,京都府京都市下京区四条通1丁目1番8号,京都市下京区,京都府,6000021,2023-09-18
6124,田中達也,田中達也6124@yahoo.co.jp,090-2777-5536,北海道札幌市中央区北1条西3丁目15番3号,札幌市中央区,北海道,0600017,2024-12-27
6125,村上健太,村上健太6125@yahoo.co.jp,090-3290-6751,兵庫県神戸市中央区三宮町10丁目16番4号,神戸市中央区,兵庫県,6500041,2023-01-23
6126,林亮,林亮6126@gmail.com,090-9123-8567,京都府京都市中京区烏丸通8丁目27番2号,京都市中京区,京都府,6040030,2023-01-25
6127,藤井一郎,藤井一郎6127@yahoo.co.jp,090-4012-6397,神奈川県横浜市西区みなとみらい1丁目19番7号,横浜市西区,神奈川県,2200020,2024-10-07
6128,木村和也,木村和也6128@outlook.com,090-8650-5551,埼玉県さいたま市浦和区高砂4丁目21番8号,さいたま市浦和区,埼玉県,3300006,2024-10-01
6129,長谷川太郎,長谷川太郎6129@gmail.com,090-6467-2625,埼玉県さいたま市浦和区高砂9丁目15番3号,さいたま市浦和区,埼玉県,3300010,2023-04-27
6130,伊藤剛,伊藤剛6130@outlook.com,090-5286-8107,北海道札幌市中央区北1条西8丁目20番1号,札幌市中央区,北海道,0600039,2024-07-01
6131,長谷川大輔,長谷川大輔6131@outlook.com,090-4812-9230,神奈川県横浜市西区みなとみらい7丁目8番7号,横浜市西区,神奈川県,2200002,2023-07-31
6132,藤井由美子,藤井由美子6132@yahoo.co.jp,090-7403-6842,千葉県千葉市美浜区美浜10丁目20番1号,千葉市美浜区,千葉県,2610027,2024-04-11
6133,松本一郎,松本一郎6133@icloud.com,090-9932-2474,東京都渋谷区渋谷4丁目2番1号,渋谷区,東京都,1500020,2023-09-22
6134,鈴木慎一,鈴木慎一6134@gmail.com,090-6576-1728,千葉県千葉市中央区中央1丁目18番5号,千葉市中央区,千葉県,2600021,2024-07-31
6135,近藤智子,近藤智子6135@gmail.com,090-3948-2911,東京都渋谷区渋谷1丁目20番10号,渋谷区,東京都,1500012,2023-09-21
6136,佐藤美咲,佐藤美咲6136@gmail.com,090-8312-8725,東京都渋谷区渋谷6丁目13番5号,渋谷区,東京都,1500015,2023-08-26
6137,岡田花子,岡田花子6137@outlook.com,090-2421-4207,埼玉県さいたま市浦和区高砂1丁目6番4号,さいたま市浦和区,埼玉県,3300001,2023-10-02
6138,佐藤次郎,佐藤次郎6138@gmail.com,090-1108-9245,兵庫県神戸市灘区灘南通1丁目25番8号,神戸市灘区,兵庫県,6570028,2023-01-24
6139,山本愛,山本愛6139@yahoo.co.jp,090-2463-1424,東京都千代田区丸の内6丁目25番2号,千代田区,東京都,1000019,2023-03-05
6140,木村誠,木村誠6140@gmail.com,090-8909-7878,千葉県千葉市美浜区美浜5丁目17番4号,千葉市美浜区,千葉県,2610026,2023-01-18
6141,井上花子,井上花子6141@example.com,090-8597-4488,兵庫県神戸市中央区三宮町10丁目26番4号,神戸市中央区,兵庫県,6500001,2024-09-09
6142,吉田花子,吉田花子6142@gmail.com,090-3667-6562,千葉県千葉市美浜区美浜2丁目26番8号,千葉市美浜区,千葉県,2610030,2024-08-20
6143,青木誠,青木誠6143@icloud.com,090-9084-4827,愛知県名古屋市中区錦9丁目9番7号,名古屋市中区,愛知県,4600004,2024-07-11
6144,長谷川優子,長谷川優子6144@gmail.com,090-1676-4666,千葉県千葉市美浜区美浜9丁目12番10号,千葉市美浜区,千葉県,2610002,2024-03-21
6145,渡辺誠,渡辺誠6145@icloud.com,090-5015-1104,大阪府大阪市中央区本町7丁目23番3号,大阪市中央区,大阪府,5410040,2023-09-17
6146,石川恵子,石川恵子6146@example.com,090-3141-4500,千葉県千葉市中央区中央2丁目20番9号,千葉市中央区,千葉県,2600033,2024-12-31
6147,藤原優子,藤原優子6147@gmail.com,090-1948-9405,京都府京都市中京区烏丸通9丁目19番4号,京都市中京区,京都府,6040010,2024-06-14
6148,橋本健太,橋本健太6148@outlook.com,090-9759-7060,東京都新宿区新宿10丁目17番9号,新宿区,東京都,1600012,2024-07-19
6149,後藤亮,後藤亮6149@gmail.com,090-3873-7670,千葉県千葉市中央区中央4丁目8番2号,千葉市中央区,千葉県,2600033,2024-01-31
6150,藤井慎一,藤井慎一6150@outlook.com,090-6018-5747,兵庫県神戸市中央区三宮町2丁目17番7号,神戸市中央区,兵庫県,6500035,2023-03-13
6151,伊藤剛,伊藤剛6151@yahoo.co.jp,090-4673-3104,兵庫県神戸市灘区灘南通3丁目14番1号,神戸市灘区,兵庫県,6570033,2023-10-30
6152,伊藤美咲,伊藤美咲6152@example.com,090-5567-6804,神奈川県横浜市西区みなとみらい6丁目13番7号,横浜市西区,神奈川県,2200018,2024-07-20
6153,後藤亮,後藤亮6153@icloud.com,090-6428-3644,神奈川県横浜市西区みなとみらい1丁目30番2号,横浜市西区,神奈川県,2200028,2024-12-10
6154,田中真由美,田中真由美6154@gmail.com,090-4916-9522,北海道札幌市北区北6条西1丁目18番3号,札幌市北区,北海道,0600003,2024-01-10
6155,山田達也,山田達也6155@gmail.com,090-9247-7839,北海道札幌市北区北6条西10丁目13番7号,札幌市北区,北海道,0600004,2023-04-25
6156,長谷川香織,長谷川香織6156@icloud.com,090-6968-6778,東京都新宿区新宿5丁目17番5号,新宿区,東京都,1600015,2023-12-09
6157,橋本直樹,橋本直樹6157@icloud.com,090-2387-4417,埼玉県さいたま市大宮区大宮7丁目5番10号,さいたま市大宮区,埼玉県,3300040,2024-02-22
6158,近藤剛,近藤剛6158@icloud.com,090-8270-8237,東京都千代田区丸の内7丁目1番6号,千代田区,東京都,1000011,2024-05-22
6159,高橋慎一,高橋慎一6159@outlook.com,090-5376-8704,兵庫県神戸市中央区三宮町4丁目18番2号,神戸市中央区,兵庫県,6500031,2024-08-13
6160,林亮,林亮6160@gmail.com,090-2680-1625,神奈川県横浜市中区本町1丁目13番8号,横浜市中区,神奈川県,2310003,2024-02-24
6161,井上さくら,井上さくら6161@icloud.com,090-2449-4772,福岡県福岡市博多区博多駅前6丁目4番7号,福岡市博多区,福岡県,8120004,2024-01-16
6162,山田恵子,山田恵子6162@icloud.com,090-9262-1902,兵庫県神戸市灘区灘南通3丁目17番8号,神戸市灘区,兵庫県,6570023,2023-10-14
6163,松本麻美,松本麻美6163@example.com,090-7937-2968,愛知県名古屋市中区錦2丁目28番3号,名古屋市中区,愛知県,4600002,2024-04-15
6164,岡田太郎,岡田太郎6164@yahoo.co.jp,090-9987-8146,京都府京都市下京区四条通5丁目21番1号,京都市下京区,京都府,6000015,2023-01-03
6165,山田愛,山田愛6165@example.com,090-9786-6860,千葉県千葉市美浜区美浜7丁目20番3号,千葉市美浜区,千葉県,2610013,2024-09-16
6166,吉田慎一,吉田慎一6166@icloud.com,090-8654-2216,兵庫県神戸市中央区三宮町10丁目12番1号,神戸市中央区,兵庫県,6500036,2023-07-03
6167,遠藤健一,遠藤健一6167@example.com,090-9006-8890,神奈川県横浜市中区本町4丁目24番2号,横浜市中区,神奈川県,2310007,2024-08-25
6168,佐藤雄一,佐藤雄一6168@icloud.com,090-3964-3444,京都府京都市中京区烏丸通2丁目6番8号,京都市中京区,京都府,6040035,2023-01-15
6169,小林千佳,小林千佳6169@yahoo.co.jp,090-8591-7940,福岡県福岡市博多区博多駅前9丁目15番9号,福岡市博多区,福岡県,8120009,2023-03-09
6170,佐藤真由美,佐藤真由美6170@yahoo.co.jp,090-9309-4812,東京都千代田区丸の内6丁目18番3号,千代田区,東京都,1000009,2024-01-24
6171,長谷川さくら,長谷川さくら6171@example.com,090-3456-5513,北海道札幌市中央区北1条西1丁目6番8号,札幌市中央区,北海道,0600018,2024-08-04
6172,中村大輔,中村大輔6172@example.com,090-6872-5321,千葉県千葉市中央区中央3丁目13番7号,千葉市中央区,千葉県,2600041,2024-09-30
6173,田中美香,田中美香6173@icloud.com,090-6392-4212,京都府京都市下京区四条通3丁目17番10号,京都市下京区,京都府,6000009,2024-03-05
6174,佐藤拓也,佐藤拓也6174@icloud.com,090-6460-1285,千葉県千葉市美浜区美浜4丁目7番9号,千葉市美浜区,千葉県,2610024,2023-04-12
6175,後藤拓也,後藤拓也6175@outlook.com,090-3338-7859,東京都新宿区新宿10丁目11番10号,新宿区,東京都,1600009,2023-04-19
6176,高橋由美子,高橋由美子6176@outlook.com,090-7935-6688,神奈川県横浜市中区本町3丁目10番1号,横浜市中区,神奈川県,2310033,2023-03-13
6177,遠藤翔太,遠藤翔太6177@icloud.com,090-9866-3341,愛知県名古屋市中区錦8丁目16番10号,名古屋市中区,愛知県,4600001,2024-04-22
6178,橋本三郎,橋本三郎6178@example.com,090-3566-2547,兵庫県神戸市灘区灘南通9丁目26番2号,神戸市灘区,兵庫県,6570023,2023-04-24
6179,田中麻美,田中麻美6179@example.com,090-7123-3617,大阪府大阪市北区梅田9丁目2番5号,大阪市北区,大阪府,5300017,2024-10-03
6180,森田一郎,森田一郎6180@gmail.com,090-6170-2778,東京都千代田区丸の内2丁目25番9号,千代田区,東京都,1000005,2023-10-20
6181,前田さくら,前田さくら6181@gmail.com,090-2829-5665,埼玉県さいたま市浦和区高砂9丁目4番10号,さいたま市浦和区,埼玉県,3300001,2024-07-10
6182,後藤愛,後藤愛6182@outlook.com,090-1139-6883,東京都新宿区新宿10丁目28番2号,新宿区,東京都,1600001,2024-05-17
6183,斎藤智子,斎藤智子6183@icloud.com,090-3348-7254,神奈川県横浜市西区みなとみらい5丁目7番4号,横浜市西区,神奈川県,2200023,2024-09-02
6184,坂本麻衣,坂本麻衣6184@gmail.com,090-8157-1755,福岡県福岡市中央区天神6丁目30番3号,福岡市中央区,福岡県,8100032,2024-10-26
6185,近藤次郎,近藤次郎6185@icloud.com,090-9994-6556,京都府京都市下京区四条通2丁目29番4号,京都市下京区,京都府,6000007,2023-01-11
6186,伊藤麻衣,伊藤麻衣6186@gmail.com,090-7446-4219,千葉県千葉市美浜区美浜8丁目12番7号,千葉市美浜区,千葉県,2610001,2024-04-05
6187,後藤香織,後藤香織6187@gmail.com,090-5250-6096,北海道札幌市中央区北1条西9丁目25番2号,札幌市中央区,北海道,0600032,2023-05-10
6188,吉田大輔,吉田大輔6188@example.com,090-4247-7686,福岡県福岡市博多区博多駅前2丁目6番2号,福岡市博多区,福岡県,8120007,2023-11-04
6189,森田亮,森田亮6189@yahoo.co.jp,090-6696-6166,東京都千代田区丸の内5丁目1番5号,千代田区,東京都,1000001,2024-10-22
6190,高橋一郎,高橋一郎6190@icloud.com,090-4466-7023,兵庫県神戸市中央区三宮町4丁目21番9号,神戸市中央区,兵庫県,6500004,2023-05-05
6191,近藤大輔,近藤大輔6191@outlook.com,090-7226-5606,兵庫県神戸市中央区三宮町6丁目3番6号,神戸市中央区,兵庫県,6500004,2024-01-20
6192,木村正,木村正6192@yahoo.co.jp,090-6451-6109,大阪府大阪市中央区本町3丁目1番3号,大阪市中央区,大阪府,5410034,2023-09-03
6193,山田美穂,山田美穂6193@yahoo.co.jp,090-2305-5873,埼玉県さいたま市大宮区大宮4丁目16番4号,さいたま市大宮区,埼玉県,3300009,2023-12-23
6194,吉田智子,吉田智子6194@example.com,090-5026-8656,東京都新宿区新宿10丁目8番6号,新宿区,東京都,1600007,2024-10-01
6195,藤原健一,藤原健一6195@outlook.com,090-7149-5955,兵庫県神戸市中央区三宮町6丁目30番10号,神戸市中央区,兵庫県,6500023,2024-12-21
6196,前田真由美,前田真由美6196@example.com,090-7843-1668,福岡県福岡市博多区博多駅前4丁目15番8号,福岡市博多区,福岡県,8120004,2023-09-01
6197,高橋麻美,高橋麻美6197@example.com,090-7660-3335,埼玉県さいたま市大宮区大宮10丁目28番10号,さいたま市大宮区,埼玉県,3300016,2024-09-28
6198,橋本由美子,橋本由美子6198@example.com,090-2618-3843,大阪府大阪市中央区本町10丁目16番10号,大阪市中央区,大阪府,5410024,2024-07-26
6199,橋本美穂,橋本美穂6199@icloud.com,090-7724-7139,兵庫県神戸市中央区三宮町7丁目20番10号,神戸市中央区,兵庫県,6500029,2023-09-15
6200,木村直樹,木村直樹6200@yahoo.co.jp,090-4668-3011,東京都新宿区新宿5丁目15番9号,新宿区,東京都,1600007,2024-03-25
6201,斎藤一郎,斎藤一郎6201@gmail.com,090-1267-3941,福岡県福岡市博多区博多駅前10丁目29番9号,福岡市博多区,福岡県,8120018,2023-06-01
6202,近藤美咲,近藤美咲6202@example.com,090-9604-4697,神奈川県横浜市中区本町3丁目12番3号,横浜市中区,神奈川県,2310030,2024-04-09
6203,松本優子,松本優子6203@gmail.com,090-7502-5149,京都府京都市中京区烏丸通10丁目17番2号,京都市中京区,京都府,6040035,2023-03-26
6204,斎藤恵子,斎藤恵子6204@gmail.com,090-3461-9741,京都府京都市中京区烏丸通7丁目30番9号,京都市中京区,京都府,6040039,2023-05-27
6205,伊藤直樹,伊藤直樹6205@outlook.com,090-1858-2381,京都府京都市下京区四条通1丁目17番2号,京都市下京区,京都府,6000016,2024-08-15
6206,後藤和也,後藤和也6206@example.com,090-5217-4539,京都府京都市中京区烏丸通3丁目13番7号,京都市中京区,京都府,6040009,2024-11-22
6207,坂本太郎,坂本太郎6207@gmail.com,090-5160-8794,兵庫県神戸市灘区灘南通7丁目25番7号,神戸市灘区,兵庫県,6570026,2024-09-20
6208,前田美咲,前田美咲6208@icloud.com,090-3169-3188,大阪府大阪市北区梅田6丁目15番2号,大阪市北区,大阪府,5300007,2024-10-08
6209,坂本次郎,坂本次郎6209@gmail.com,090-6443-8166,京都府京都市中京区烏丸通9丁目5番9号,京都市中京区,京都府,6040017,2023-03-13
6210,山田優子,山田優子6210@gmail.com,090-6029-8064,愛知県名古屋市西区名駅7丁目3番4号,名古屋市西区,愛知県,4510003,2024-05-27
6211,中村拓也,中村拓也6211@yahoo.co.jp,090-8319-3318,兵庫県神戸市灘区灘南通10丁目4番7号,神戸市灘区,兵庫県,6570014,2023-07-16
6212,木村健一,木村健一6212@icloud.com,090-4874-4464,福岡県福岡市中央区天神6丁目13番6号,福岡市中央区,福岡県,8100028,2024-04-10
6213,中村智子,中村智子6213@example.com,090-7814-2698,東京都千代田区丸の内4丁目3番5号,千代田区,東京都,1000005,2023-10-07
6214,松本誠,松本誠6214@example.com,090-3778-8175,大阪府大阪市中央区本町7丁目6番9号,大阪市中央区,大阪府,5410034,2024-08-12
6215,石川直樹,石川直樹6215@icloud.com,090-6877-6475,北海道札幌市中央区北1条西8丁目22番5号,札幌市中央区,北海道,0600033,2024-07-06
6216,山本正,山本正6216@gmail.com,090-7179-7462,大阪府大阪市中央区本町5丁目19番1号,大阪市中央区,大阪府,5410017,2024-10-17
6217,村上太郎,村上太郎6217@icloud.com,090-5800-5997,東京都千代田区丸の内10丁目14番8号,千代田区,東京都,1000011,2024-11-13
6218,山本太郎,山本太郎6218@icloud.com,090-3112-2953,福岡県福岡市博多区博多駅前9丁目20番10号,福岡市博多区,福岡県,8120020,2024-09-20
6219,林直樹,林直樹6219@yahoo.co.jp,090-6042-5145,東京都渋谷区渋谷1丁目26番6号,渋谷区,東京都,1500002,2023-05-12
6220,池田健一,池田健一6220@example.com,090-1761-3887,千葉県千葉市美浜区美浜4丁目9番3号,千葉市美浜区,千葉県,2610026,2023-09-27
6221,高橋雄一,高橋雄一6221@outlook.com,090-3219-4517,京都府京都市中京区烏丸通2丁目27番2号,京都市中京区,京都府,6040010,2023-11-27
6222,加藤由美,加藤由美6222@icloud.com,090-8124-9933,神奈川県横浜市西区みなとみらい6丁目15番2号,横浜市西区,神奈川県,2200013,2024-08-31
6223,藤井香織,藤井香織6223@outlook.com,090-6358-1781,京都府京都市下京区四条通8丁目7番1号,京都市下京区,京都府,6000020,2024-12-22
6224,石川花子,石川花子6224@icloud.com,090-5690-7511,兵庫県神戸市灘区灘南通1丁目12番5号,神戸市灘区,兵庫県,6570034,2023-11-23
6225,加藤翔太,加藤翔太6225@yahoo.co.jp,090-4994-1567,大阪府大阪市北区梅田5丁目11番6号,大阪市北区,大阪府,5300010,2024-06-16
6226,松本真由美,松本真由美6226@icloud.com,090-6493-6006,北海道札幌市北区北6条西7丁目10番4号,札幌市北区,北海道,0600031,2024-08-08
6227,藤井真由美,藤井真由美6227@outlook.com,090-6319-2845,東京都千代田区丸の内9丁目30番2号,千代田区,東京都,1000019,2023-05-18
6228,橋本次郎,橋本次郎6228@outlook.com,090-8698-5701,神奈川県横浜市中区本町6丁目6番10号,横浜市中区,神奈川県,2310041,2024-10-11
6229,井上三郎,井上三郎6229@icloud.com,090-4902-4839,神奈川県横浜市中区本町2丁目28番9号,横浜市中区,神奈川県,2310017,2024-08-19
6230,山本和也,山本和也6230@example.com,090-2700-3145,東京都新宿区新宿1丁目26番6号,新宿区,東京都,1600015,2024-08-04
6231,山本美咲,山本美咲6231@icloud.com,090-9896-7858,愛知県名古屋市西区名駅7丁目13番4号,名古屋市西区,愛知県,4510007,2023-11-24
6232,村上美香,村上美香6232@outlook.com,090-9013-5509,愛知県名古屋市中区錦9丁目11番6号,名古屋市中区,愛知県,4600007,2024-04-25
6233,小林優子,小林優子6233@icloud.com,090-5159-3059,福岡県福岡市中央区天神3丁目7番6号,福岡市中央区,福岡県,8100030,2023-03-01
6234,中村愛,中村愛6234@icloud.com,090-4332-2699,愛知県名古屋市中区錦3丁目6番8号,名古屋市中区,愛知県,4600001,2023-07-18
6235,近藤真由美,近藤真由美6235@example.com,090-4680-3581,東京都新宿区新宿7丁目9番7号,新宿区,東京都,1600019,2024-01-12
6236,加藤三郎,加藤三郎6236@yahoo.co.jp,090-6753-9302,埼玉県さいたま市浦和区高砂9丁目9番8号,さいたま市浦和区,埼玉県,3300024,2023-05-18
6237,坂本健太,坂本健太6237@gmail.com,090-3806-5910,埼玉県さいたま市浦和区高砂8丁目25番5号,さいたま市浦和区,埼玉県,3300020,2023-02-03
6238,中村愛,中村愛6238@yahoo.co.jp,090-7721-5440,北海道札幌市北区北6条西6丁目6番4号,札幌市北区,北海道,0600019,2024-09-29
6239,近藤麻美,近藤麻美6239@icloud.com,090-1282-8141,神奈川県横浜市中区本町1丁目23番9号,横浜市中区,神奈川県,2310008,2023-04-20
6240,青木一郎,青木一郎6240@gmail.com,090-6931-1413,埼玉県さいたま市大宮区大宮5丁目9番2号,さいたま市大宮区,埼玉県,3300020,2023-06-22
6241,石川正,石川正6241@outlook.com,090-8042-4737,福岡県福岡市博多区博多駅前3丁目29番1号,福岡市博多区,福岡県,8120001,2023-06-06
6242,伊藤太郎,伊藤太郎6242@gmail.com,090-9954-8267,北海道札幌市中央区北1条西3丁目6番5号,札幌市中央区,北海道,0600035,2024-04-20
6243,佐藤雄一,佐藤雄一6243@icloud.com,090-1418-2413,千葉県千葉市美浜区美浜2丁目24番4号,千葉市美浜区,千葉県,2610010,2024-06-29
6244,田中大輔,田中大輔6244@outlook.com,090-2254-6589,京都府京都市下京区四条通10丁目28番4号,京都市下京区,京都府,6000013,2024-03-07
6245,青木亮,青木亮6245@yahoo.co.jp,090-8540-9321,福岡県福岡市博多区博多駅前6丁目18番2号,福岡市博多区,福岡県,8120006,2024-05-16
6246,山本麻衣,山本麻衣6246@outlook.com,090-8439-8321,埼玉県さいたま市浦和区高砂10丁目3番3号,さいたま市浦和区,埼玉県,3300004,2023-07-12
6247,松本剛,松本剛6247@gmail.com,090-6839-9963,大阪府大阪市北区梅田10丁目30番2号,大阪市北区,大阪府,5300008,2023-02-03
6248,遠藤恵子,遠藤恵子6248@icloud.com,090-8347-2328,大阪府大阪市北区梅田6丁目25番6号,大阪市北区,大阪府,5300002,2023-09-03
6249,石川美穂,石川美穂6249@gmail.com,090-3531-9994,福岡県福岡市中央区天神3丁目10番9号,福岡市中央区,福岡県,8100005,2023-11-20
6250,池田智子,池田智子6250@icloud.com,090-8130-9448,兵庫県神戸市中央区三宮町1丁目4番7号,神戸市中央区,兵庫県,6500009,2024-05-15
6251,村上智子,村上智子6251@icloud.com,090-4627-8634,兵庫県神戸市中央区三宮町1丁目4番5号,神戸市中央区,兵庫県,6500002,2024-07-02
6252,林三郎,林三郎6252@icloud.com,090-2346-6288,東京都新宿区新宿5丁目30番10号,新宿区,東京都,1600017,2023-12-14
6253,近藤美香,近藤美香6253@example.com,090-6298-4394,福岡県福岡市中央区天神5丁目11番1号,福岡市中央区,福岡県,8100002,2023-05-11
6254,岡田雄一,岡田雄一6254@yahoo.co.jp,090-8748-9690,神奈川県横浜市中区本町7丁目20番8号,横浜市中区,神奈川県,2310006,2023-09-21
6255,近藤慎一,近藤慎一6255@icloud.com,090-4552-5118,神奈川県横浜市西区みなとみらい2丁目3番2号,横浜市西区,神奈川県,2200041,2024-03-31
6256,伊藤一郎,伊藤一郎6256@yahoo.co.jp,090-2937-6897,北海道札幌市北区北6条西8丁目14番6号,札幌市北区,北海道,0600031,2023-05-23
6257,林達也,林達也6257@yahoo.co.jp,090-8525-4577,千葉県千葉市中央区中央7丁目7番7号,千葉市中央区,千葉県,2600016,2023-05-16
6258,斎藤智子,斎藤智子6258@icloud.com,090-4749-3403,神奈川県横浜市中区本町7丁目26番1号,横浜市中区,神奈川県,2310025,2024-08-04
6259,山田直樹,山田直樹6259@example.com,090-3099-2280,埼玉県さいたま市浦和区高砂2丁目4番9号,さいたま市浦和区,埼玉県,3300035,2024-11-25
6260,中村慎一,中村慎一6260@icloud.com,090-8390-5258,北海道札幌市中央区北1条西10丁目2番5号,札幌市中央区,北海道,0600014,2023-06-19
6261,山本三郎,山本三郎6261@yahoo.co.jp,090-2607-7577,福岡県福岡市中央区天神6丁目17番3号,福岡市中央区,福岡県,8100031,2024-04-17
6262,村上由美子,村上由美子6262@gmail.com,090-4248-7430,愛知県名古屋市西区名駅1丁目28番3号,名古屋市西区,愛知県,4510011,2024-09-19
6263,田中和也,田中和也6263@yahoo.co.jp,090-1547-5323,京都府京都市下京区四条通9丁目24番5号,京都市下京区,京都府,6000007,2024-09-17
6264,藤原香織,藤原香織6264@example.com,090-2942-8871,愛知県名古屋市中区錦5丁目8番2号,名古屋市中区,愛知県,4600005,2024-06-11
6265,近藤恵子,近藤恵子6265@gmail.com,090-7758-8512,千葉県千葉市中央区中央2丁目10番10号,千葉市中央区,千葉県,2600040,2024-05-30
6266,前田健太,前田健太6266@gmail.com,090-5296-4531,北海道札幌市北区北6条西6丁目6番8号,札幌市北区,北海道,0600030,2024-01-05
6267,山田美香,山田美香6267@outlook.com,090-4653-9841,福岡県福岡市博多区博多駅前8丁目10番1号,福岡市博多区,福岡県,8120016,2024-07-03
6268,斎藤麻衣,斎藤麻衣6268@gmail.com,090-3462-9002,北海道札幌市中央区北1条西2丁目6番9号,札幌市中央区,北海道,0600003,2023-03-13
6269,伊藤大輔,伊藤大輔6269@icloud.com,090-8921-7909,北海道札幌市北区北6条西4丁目2番9号,札幌市北区,北海道,0600028,2024-09-04
6270,近藤花子,近藤花子6270@outlook.com,090-6160-4739,埼玉県さいたま市大宮区大宮2丁目21番5号,さいたま市大宮区,埼玉県,3300014,2024-06-22
6271,山本由美子,山本由美子6271@icloud.com,090-8994-5761,千葉県千葉市中央区中央2丁目21番4号,千葉市中央区,千葉県,2600029,2024-01-06
6272,青木次郎,青木次郎6272@yahoo.co.jp,090-5216-1394,埼玉県さいたま市大宮区大宮1丁目25番3号,さいたま市大宮区,埼玉県,3300027,2024-07-05
6273,橋本一郎,橋本一郎6273@example.com,090-7630-4061,北海道札幌市北区北6条西6丁目22番10号,札幌市北区,北海道,0600039,2023-06-23
6274,藤原由美,藤原由美6274@example.com,090-5388-3888,埼玉県さいたま市大宮区大宮2丁目8番5号,さいたま市大宮区,埼玉県,3300024,2023-10-29
6275,井上優子,井上優子6275@icloud.com,090-4731-3621,兵庫県神戸市灘区灘南通10丁目28番8号,神戸市灘区,兵庫県,6570023,2023-10-20
6276,林優子,林優子6276@gmail.com,090-4813-3597,神奈川県横浜市西区みなとみらい3丁目16番1号,横浜市西区,神奈川県,2200019,2024-06-23
6277,鈴木花子,鈴木花子6277@outlook.com,090-8753-9108,東京都千代田区丸の内3丁目4番6号,千代田区,東京都,1000006,2023-11-28
6278,伊藤亮,伊藤亮6278@outlook.com,090-6283-3276,千葉県千葉市中央区中央10丁目27番6号,千葉市中央区,千葉県,2600040,2023-05-08
6279,池田美咲,池田美咲6279@outlook.com,090-9976-1710,東京都千代田区丸の内9丁目6番4号,千代田区,東京都,1000013,2023-11-18
6280,岡田恵子,岡田恵子6280@gmail.com,090-4939-7689,京都府京都市下京区四条通8丁目9番10号,京都市下京区,京都府,6000002,2023-07-11
6281,山本さくら,山本さくら6281@outlook.com,090-1420-6919,愛知県名古屋市西区名駅9丁目20番10号,名古屋市西区,愛知県,4510040,2024-03-13
6282,鈴木和也,鈴木和也6282@icloud.com,090-3186-9288,兵庫県神戸市灘区灘南通2丁目15番7号,神戸市灘区,兵庫県,6570007,2024-07-06
6283,斎藤和也,斎藤和也6283@gmail.com,090-9307-2157,京都府京都市下京区四条通6丁目30番1号,京都市下京区,京都府,6000016,2024-05-27
6284,松本由美子,松本由美子6284@icloud.com,090-2070-7435,北海道札幌市北区北6条西7丁目19番9号,札幌市北区,北海道,0600026,2023-03-27
6285,山田真由美,山田真由美6285@yahoo.co.jp,090-1233-8056,北海道札幌市中央区北1条西5丁目19番8号,札幌市中央区,北海道,0600032,2023-02-23
6286,前田美香,前田美香6286@gmail.com,090-8699-5496,埼玉県さいたま市浦和区高砂5丁目26番5号,さいたま市浦和区,埼玉県,3300032,2024-08-10
6287,小林健一,小林健一6287@gmail.com,090-7797-6437,大阪府大阪市中央区本町4丁目27番9号,大阪市中央区,大阪府,5410028,2024-07-16
6288,佐藤美咲,佐藤美咲6288@icloud.com,090-6924-5711,東京都渋谷区渋谷9丁目21番5号,渋谷区,東京都,1500030,2023-05-09
6289,林太郎,林太郎6289@icloud.com,090-2429-4743,北海道札幌市中央区北1条西2丁目29番6号,札幌市中央区,北海道,0600020,2024-07-20
6290,木村直樹,木村直樹6290@icloud.com,090-6700-9799,東京都渋谷区渋谷6丁目14番1号,渋谷区,東京都,1500040,2024-08-13
6291,斎藤拓也,斎藤拓也6291@yahoo.co.jp,090-4143-7704,東京都新宿区新宿6丁目30番5号,新宿区,東京都,1600002,2023-01-30
6292,橋本直樹,橋本直樹6292@gmail.com,090-5172-3311,愛知県名古屋市西区名駅3丁目3番5号,名古屋市西区,愛知県,4510021,2024-03-15
6293,村上麻衣,村上麻衣6293@gmail.com,090-5952-1197,福岡県福岡市中央区天神4丁目27番6号,福岡市中央区,福岡県,8100014,2023-09-04
6294,佐藤真由美,佐藤真由美6294@outlook.com,090-2399-1837,京都府京都市中京区烏丸通7丁目13番6号,京都市中京区,京都府,6040040,2023-08-20
6295,渡辺智子,渡辺智子6295@outlook.com,090-8843-5445,神奈川県横浜市中区本町8丁目19番7号,横浜市中区,神奈川県,2310014,2023-04-23
6296,遠藤麻美,遠藤麻美6296@icloud.com,090-5831-8709,兵庫県神戸市灘区灘南通2丁目7番5号,神戸市灘区,兵庫県,6570025,2024-09-20
6297,前田さくら,前田さくら6297@outlook.com,090-4877-2241,神奈川県横浜市中区本町6丁目14番8号,横浜市中区,神奈川県,2310023,2024-01-09
6298,藤原美穂,藤原美穂6298@outlook.com,090-7684-2272,埼玉県さいたま市大宮区大宮9丁目18番4号,さいたま市大宮区,埼玉県,3300024,2023-09-16
6299,藤井次郎,藤井次郎6299@example.com,090-6110-2271,千葉県千葉市美浜区美浜6丁目16番5号,千葉市美浜区,千葉県,2610026,2024-10-25
6300,岡田雄一,岡田雄一6300@yahoo.co.jp,090-6186-5402,福岡県福岡市中央区天神6丁目24番5号,福岡市中央区,福岡県,8100025,2023-11-19
6301,井上健太,井上健太6301@yahoo.co.jp,090-1544-4897,兵庫県神戸市中央区三宮町2丁目15番4号,神戸市中央区,兵庫県,6500015,2023-10-23
6302,林正,林正6302@example.com,090-3357-9375,愛知県名古屋市中区錦5丁目17番9号,名古屋市中区,愛知県,4600006,2023-09-21
6303,加藤拓也,加藤拓也6303@yahoo.co.jp,090-1303-1568,京都府京都市下京区四条通8丁目16番5号,京都市下京区,京都府,6000033,2024-12-29
6304,村上香織,村上香織6304@yahoo.co.jp,090-5712-9654,京都府京都市下京区四条通3丁目28番8号,京都市下京区,京都府,6000015,2024-11-05
6305,佐藤智子,佐藤智子6305@gmail.com,090-1425-3376,東京都千代田区丸の内8丁目22番10号,千代田区,東京都,1000013,2023-02-24
6306,木村美香,木村美香6306@example.com,090-4638-3228,大阪府大阪市北区梅田2丁目19番7号,大阪市北区,大阪府,5300004,2024-11-18
6307,田中達也,田中達也6307@yahoo.co.jp,090-4036-6191,北海道札幌市北区北6条西8丁目28番3号,札幌市北区,北海道,0600023,2024-07-17
6308,渡辺和也,渡辺和也6308@gmail.com,090-7111-4413,北海道札幌市北区北6条西4丁目18番7号,札幌市北区,北海道,0600029,2024-04-23
6309,鈴木麻衣,鈴木麻衣6309@gmail.com,090-8821-6652,福岡県福岡市博多区博多駅前7丁目25番8号,福岡市博多区,福岡県,8120002,2024-11-03
6310,森田剛,森田剛6310@outlook.com,090-2840-3770,東京都新宿区新宿10丁目20番1号,新宿区,東京都,1600007,2024-12-22
6311,小林美穂,小林美穂6311@yahoo.co.jp,090-4845-2151,東京都新宿区新宿7丁目6番4号,新宿区,東京都,1600001,2023-04-30
6312,近藤直樹,近藤直樹6312@example.com,090-4400-5833,福岡県福岡市中央区天神7丁目6番7号,福岡市中央区,福岡県,8100032,2023-03-27
6313,木村花子,木村花子6313@example.com,090-1851-3105,神奈川県横浜市中区本町1丁目13番4号,横浜市中区,神奈川県,2310036,2024-09-01
6314,遠藤真由美,遠藤真由美6314@icloud.com,090-9612-5568,千葉県千葉市中央区中央6丁目10番1号,千葉市中央区,千葉県,2600019,2024-05-20
6315,長谷川正,長谷川正6315@gmail.com,090-9921-9245,福岡県福岡市中央区天神7丁目13番3号,福岡市中央区,福岡県,8100007,2023-01-10
6316,遠藤美香,遠藤美香6316@outlook.com,090-3251-4325,福岡県福岡市中央区天神6丁目5番7号,福岡市中央区,福岡県,8100027,2024-11-08
6317,鈴木千佳,鈴木千佳6317@example.com,090-5670-3558,神奈川県横浜市西区みなとみらい9丁目24番9号,横浜市西区,神奈川県,2200027,2024-02-19
6318,伊藤剛,伊藤剛6318@gmail.com,090-2633-1491,神奈川県横浜市西区みなとみらい5丁目3番9号,横浜市西区,神奈川県,2200040,2023-02-06
6319,山田美香,山田美香6319@gmail.com,090-6316-3165,埼玉県さいたま市浦和区高砂8丁目13番2号,さいたま市浦和区,埼玉県,3300011,2023-02-27
6320,坂本雄一,坂本雄一6320@gmail.com,090-8806-6396,兵庫県神戸市灘区灘南通4丁目27番7号,神戸市灘区,兵庫県,6570039,2024-10-18
6321,佐藤美咲,佐藤美咲6321@example.com,090-9574-4616,東京都渋谷区渋谷4丁目21番6号,渋谷区,東京都,1500038,2024-11-11
6322,渡辺美香,渡辺美香6322@icloud.com,090-6341-6938,北海道札幌市中央区北1条西2丁目9番4号,札幌市中央区,北海道,0600014,2023-10-15
6323,長谷川誠,長谷川誠6323@outlook.com,090-4584-7267,埼玉県さいたま市浦和区高砂6丁目22番4号,さいたま市浦和区,埼玉県,3300032,2023-07-15
6324,池田和也,池田和也6324@yahoo.co.jp,090-7659-6413,東京都渋谷区渋谷6丁目5番3号,渋谷区,東京都,1500005,2023-12-01
6325,山本大輔,山本大輔6325@yahoo.co.jp,090-5399-7626,京都府京都市下京区四条通4丁目25番10号,京都市下京区,京都府,6000013,2024-03-05
6326,加藤恵子,加藤恵子6326@outlook.com,090-5185-9482,京都府京都市中京区烏丸通7丁目12番1号,京都市中京区,京都府,6040026,2024-05-04
6327,青木直樹,青木直樹6327@yahoo.co.jp,090-5927-1253,京都府京都市中京区烏丸通3丁目1番3号,京都市中京区,京都府,6040001,2024-04-02
6328,佐藤さくら,佐藤さくら6328@icloud.com,090-5178-8892,埼玉県さいたま市大宮区大宮1丁目21番8号,さいたま市大宮区,埼玉県,3300037,2024-09-20
6329,藤原美穂,藤原美穂6329@example.com,090-3795-2097,埼玉県さいたま市浦和区高砂10丁目1番10号,さいたま市浦和区,埼玉県,3300015,2024-07-06
6330,伊藤恵子,伊藤恵子6330@icloud.com,090-6857-1190,大阪府大阪市北区梅田6丁目17番6号,大阪市北区,大阪府,5300020,2024-12-25
6331,山田恵子,山田恵子6331@gmail.com,090-8762-3758,北海道札幌市北区北6条西6丁目16番9号,札幌市北区,北海道,0600003,2023-05-05
6332,山田亮,山田亮6332@gmail.com,090-5455-4457,東京都渋谷区渋谷2丁目7番5号,渋谷区,東京都,1500008,2023-09-13
6333,林麻衣,林麻衣6333@icloud.com,090-7197-8346,大阪府大阪市北区梅田7丁目16番8号,大阪市北区,大阪府,5300006,2024-05-28
6334,近藤雄一,近藤雄一6334@outlook.com,090-6072-4008,東京都千代田区丸の内8丁目13番8号,千代田区,東京都,1000008,2023-03-31
6335,山本健太,山本健太6335@outlook.com,090-1649-7253,埼玉県さいたま市浦和区高砂1丁目9番6号,さいたま市浦和区,埼玉県,3300013,2024-12-01
6336,藤井美咲,藤井美咲6336@example.com,090-5006-1503,愛知県名古屋市中区錦8丁目6番2号,名古屋市中区,愛知県,4600004,2024-11-17
6337,村上次郎,村上次郎6337@yahoo.co.jp,090-9726-8920,北海道札幌市中央区北1条西3丁目7番9号,札幌市中央区,北海道,0600037,2024-05-24
6338,藤原太郎,藤原太郎6338@example.com,090-5120-8556,東京都渋谷区渋谷9丁目1番6号,渋谷区,東京都,1500015,2023-11-07
6339,遠藤香織,遠藤香織6339@gmail.com,090-2059-6965,東京都渋谷区渋谷5丁目23番9号,渋谷区,東京都,1500009,2024-03-31
6340,後藤真由美,後藤真由美6340@gmail.com,090-5134-1279,千葉県千葉市中央区中央10丁目1番7号,千葉市中央区,千葉県,2600024,2023-08-31
6341,森田雄一,森田雄一6341@outlook.com,090-1412-8384,千葉県千葉市美浜区美浜4丁目20番4号,千葉市美浜区,千葉県,2610011,2023-11-10
6342,佐藤由美,佐藤由美6342@yahoo.co.jp,090-3955-3750,愛知県名古屋市中区錦3丁目8番2号,名古屋市中区,愛知県,4600005,2024-05-11
6343,青木優子,青木優子6343@gmail.com,090-2324-1738,福岡県福岡市中央区天神2丁目28番4号,福岡市中央区,福岡県,8100025,2023-08-10
6344,坂本千佳,坂本千佳6344@outlook.com,090-4190-2258,埼玉県さいたま市浦和区高砂7丁目2番8号,さいたま市浦和区,埼玉県,3300037,2024-04-21
6345,林美咲,林美咲6345@icloud.com,090-7486-7710,大阪府大阪市北区梅田2丁目3番2号,大阪市北区,大阪府,5300010,2024-06-16
6346,青木千佳,青木千佳6346@yahoo.co.jp,090-8570-9982,東京都渋谷区渋谷5丁目3番5号,渋谷区,東京都,1500036,2024-03-05
6347,井上さくら,井上さくら6347@yahoo.co.jp,090-3665-7385,兵庫県神戸市灘区灘南通7丁目22番9号,神戸市灘区,兵庫県,6570009,2024-04-17
6348,山田正,山田正6348@outlook.com,090-7923-6350,東京都千代田区丸の内3丁目28番10号,千代田区,東京都,1000005,2023-11-13
6349,渡辺美咲,渡辺美咲6349@icloud.com,090-7557-3856,京都府京都市中京区烏丸通5丁目2番6号,京都市中京区,京都府,6040001,2024-03-19
6350,井上拓也,井上拓也6350@yahoo.co.jp,090-2971-1448,東京都新宿区新宿6丁目4番8号,新宿区,東京都,1600014,2023-08-01
6351,村上千佳,村上千佳6351@icloud.com,090-2385-2829,北海道札幌市中央区北1条西6丁目8番6号,札幌市中央区,北海道,0600011,2024-10-05
6352,山田千佳,山田千佳6352@example.com,090-4057-2056,北海道札幌市北区北6条西8丁目12番6号,札幌市北区,北海道,0600037,2023-06-19
6353,遠藤大輔,遠藤大輔6353@yahoo.co.jp,090-8436-2830,埼玉県さいたま市大宮区大宮6丁目27番6号,さいたま市大宮区,埼玉県,3300037,2023-09-09
6354,青木真由美,青木真由美6354@outlook.com,090-1533-4481,埼玉県さいたま市浦和区高砂7丁目7番3号,さいたま市浦和区,埼玉県,3300034,2024-10-16
6355,林優子,林優子6355@icloud.com,090-9947-1498,神奈川県横浜市西区みなとみらい1丁目12番1号,横浜市西区,神奈川県,2200027,2024-11-08
6356,藤原麻美,藤原麻美6356@icloud.com,090-1124-2397,大阪府大阪市中央区本町5丁目26番9号,大阪市中央区,大阪府,5410036,2023-09-27
6357,長谷川麻衣,長谷川麻衣6357@icloud.com,090-2262-2740,京都府京都市中京区烏丸通2丁目6番2号,京都市中京区,京都府,6040039,2024-04-18
6358,伊藤千佳,伊藤千佳6358@yahoo.co.jp,090-7888-9940,千葉県千葉市中央区中央2丁目5番4号,千葉市中央区,千葉県,2600025,2023-12-14
6359,橋本麻衣,橋本麻衣6359@yahoo.co.jp,090-9503-2775,兵庫県神戸市灘区灘南通1丁目14番1号,神戸市灘区,兵庫県,6570010,2023-03-27
6360,藤井美咲,藤井美咲6360@example.com,090-9393-1724,大阪府大阪市北区梅田4丁目23番6号,大阪市北区,大阪府,5300007,2023-07-16
6361,高橋三郎,高橋三郎6361@outlook.com,090-7463-5233,愛知県名古屋市西区名駅6丁目27番8号,名古屋市西区,愛知県,4510023,2024-02-15
6362,吉田千佳,吉田千佳6362@gmail.com,090-1738-1147,京都府京都市中京区烏丸通8丁目12番8号,京都市中京区,京都府,6040006,2023-01-28
6363,松本さくら,松本さくら6363@example.com,090-2634-6204,東京都千代田区丸の内6丁目29番9号,千代田区,東京都,1000013,2024-07-20
6364,斎藤剛,斎藤剛6364@icloud.com,090-9632-9135,北海道札幌市北区北6条西3丁目9番3号,札幌市北区,北海道,0600008,2024-08-17
6365,加藤優子,加藤優子6365@example.com,090-7049-6517,京都府京都市中京区烏丸通6丁目4番3号,京都市中京区,京都府,6040036,2024-08-08
6366,中村一郎,中村一郎6366@gmail.com,090-9136-1377,神奈川県横浜市西区みなとみらい7丁目9番3号,横浜市西区,神奈川県,2200002,2023-09-18
6367,青木太郎,青木太郎6367@icloud.com,090-5070-3795,大阪府大阪市中央区本町1丁目7番7号,大阪市中央区,大阪府,5410011,2023-05-06
6368,長谷川美咲,長谷川美咲6368@icloud.com,090-3833-6292,東京都千代田区丸の内7丁目1番1号,千代田区,東京都,1000018,2023-09-27
6369,森田雄一,森田雄一6369@outlook.com,090-3596-4737,東京都渋谷区渋谷3丁目1番6号,渋谷区,東京都,1500033,2023-07-05
6370,中村健太,中村健太6370@gmail.com,090-9651-6730,兵庫県神戸市中央区三宮町1丁目28番4号,神戸市中央区,兵庫県,6500002,2024-12-05
6371,林達也,林達也6371@example.com,090-3148-4660,京都府京都市下京区四条通8丁目12番4号,京都市下京区,京都府,6000015,2024-09-18
6372,石川麻衣,石川麻衣6372@icloud.com,090-1293-9128,埼玉県さいたま市浦和区高砂10丁目1番1号,さいたま市浦和区,埼玉県,3300007,2023-07-01
6373,渡辺由美,渡辺由美6373@icloud.com,090-2103-5539,大阪府大阪市中央区本町5丁目23番2号,大阪市中央区,大阪府,5410009,2023-06-29
6374,森田健太,森田健太6374@icloud.com,090-5028-1431,千葉県千葉市中央区中央3丁目13番7号,千葉市中央区,千葉県,2600010,2024-04-09
6375,橋本由美子,橋本由美子6375@example.com,090-8556-4930,東京都千代田区丸の内10丁目8番5号,千代田区,東京都,1000014,2024-08-16
6376,橋本智子,橋本智子6376@icloud.com,090-1664-3544,千葉県千葉市美浜区美浜4丁目11番7号,千葉市美浜区,千葉県,2610029,2023-10-31
6377,石川さくら,石川さくら6377@yahoo.co.jp,090-6174-8669,東京都渋谷区渋谷8丁目9番3号,渋谷区,東京都,1500006,2024-03-24
6378,村上慎一,村上慎一6378@yahoo.co.jp,090-4810-1211,埼玉県さいたま市浦和区高砂4丁目9番8号,さいたま市浦和区,埼玉県,3300035,2023-08-11
6379,村上美穂,村上美穂6379@example.com,090-4446-1571,京都府京都市下京区四条通7丁目5番10号,京都市下京区,京都府,6000025,2024-09-25
6380,佐藤優子,佐藤優子6380@outlook.com,090-7606-9652,大阪府大阪市北区梅田5丁目12番8号,大阪市北区,大阪府,5300012,2024-02-18
6381,加藤恵子,加藤恵子6381@outlook.com,090-7255-2179,千葉県千葉市美浜区美浜9丁目27番1号,千葉市美浜区,千葉県,2610023,2024-05-22
6382,吉田三郎,吉田三郎6382@outlook.com,090-2834-3157,北海道札幌市北区北6条西5丁目14番4号,札幌市北区,北海道,0600008,2023-01-19
6383,前田由美子,前田由美子6383@outlook.com,090-4188-9136,東京都千代田区丸の内2丁目28番7号,千代田区,東京都,1000002,2024-06-20
6384,後藤さくら,後藤さくら6384@icloud.com,090-7768-8362,福岡県福岡市中央区天神7丁目30番1号,福岡市中央区,福岡県,8100019,2024-08-28
6385,田中達也,田中達也6385@icloud.com,090-5445-2765,東京都新宿区新宿6丁目28番9号,新宿区,東京都,1600016,2024-09-16
6386,石川太郎,石川太郎6386@yahoo.co.jp,090-8443-6842,大阪府大阪市北区梅田10丁目27番9号,大阪市北区,大阪府,5300009,2023-10-21
6387,林達也,林達也6387@icloud.com,090-4395-2279,北海道札幌市北区北6条西7丁目17番7号,札幌市北区,北海道,0600003,2023-08-27
6388,後藤和也,後藤和也6388@example.com,090-8663-1434,神奈川県横浜市西区みなとみらい7丁目19番6号,横浜市西区,神奈川県,2200032,2023-07-30
6389,坂本誠,坂本誠6389@gmail.com,090-6155-1629,神奈川県横浜市西区みなとみらい5丁目17番5号,横浜市西区,神奈川県,2200018,2023-01-02
6390,青木真由美,青木真由美6390@outlook.com,090-4844-4024,東京都千代田区丸の内1丁目28番4号,千代田区,東京都,1000007,2024-03-09
6391,佐藤由美子,佐藤由美子6391@example.com,090-3192-4950,京都府京都市下京区四条通8丁目1番2号,京都市下京区,京都府,6000038,2024-04-10
6392,青木太郎,青木太郎6392@example.com,090-7799-7558,埼玉県さいたま市浦和区高砂4丁目16番1号,さいたま市浦和区,埼玉県,3300023,2024-04-29
6393,林由美子,林由美子6393@outlook.com,090-3698-7382,兵庫県神戸市灘区灘南通10丁目1番9号,神戸市灘区,兵庫県,6570007,2023-10-23
6394,橋本翔太,橋本翔太6394@outlook.com,090-4191-4662,埼玉県さいたま市大宮区大宮6丁目17番8号,さいたま市大宮区,埼玉県,3300036,2023-12-18
6395,渡辺愛,渡辺愛6395@outlook.com,090-6480-1098,埼玉県さいたま市浦和区高砂9丁目19番6号,さいたま市浦和区,埼玉県,3300010,2023-07-04
6396,前田拓也,前田拓也6396@icloud.com,090-7786-2460,兵庫県神戸市中央区三宮町3丁目17番5号,神戸市中央区,兵庫県,6500031,2023-08-21
6397,松本由美,松本由美6397@gmail.com,090-5994-7691,大阪府大阪市北区梅田3丁目9番9号,大阪市北区,大阪府,5300005,2023-10-13
6398,林三郎,林三郎6398@yahoo.co.jp,090-1462-2818,神奈川県横浜市中区本町8丁目8番4号,横浜市中区,神奈川県,2310018,2024-01-24
6399,吉田愛,吉田愛6399@yahoo.co.jp,090-3964-8715,大阪府大阪市北区梅田8丁目22番3号,大阪市北区,大阪府,5300009,2024-10-20
6400,青木次郎,青木次郎6400@yahoo.co.jp,090-8096-9678,千葉県千葉市美浜区美浜3丁目30番2号,千葉市美浜区,千葉県,2610013,2023-05-09
6401,木村美咲,木村美咲6401@gmail.com,090-2143-4299,京都府京都市中京区烏丸通5丁目11番6号,京都市中京区,京都府,6040015,2024-06-22
6402,加藤拓也,加藤拓也6402@outlook.com,090-6677-3461,兵庫県神戸市中央区三宮町5丁目14番10号,神戸市中央区,兵庫県,6500030,2024-12-30
6403,近藤和也,近藤和也6403@yahoo.co.jp,090-8077-3390,京都府京都市中京区烏丸通9丁目21番6号,京都市中京区,京都府,6040028,2023-04-15
6404,林美穂,林美穂6404@icloud.com,090-8901-2788,埼玉県さいたま市浦和区高砂6丁目12番6号,さいたま市浦和区,埼玉県,3300018,2024-05-12
6405,鈴木花子,鈴木花子6405@outlook.com,090-5404-4809,愛知県名古屋市中区錦5丁目24番4号,名古屋市中区,愛知県,4600001,2023-05-19
6406,後藤翔太,後藤翔太6406@yahoo.co.jp,090-8109-9210,埼玉県さいたま市大宮区大宮7丁目3番4号,さいたま市大宮区,埼玉県,3300016,2023-05-24
6407,森田一郎,森田一郎6407@gmail.com,090-7213-5984,埼玉県さいたま市大宮区大宮4丁目28番7号,さいたま市大宮区,埼玉県,3300032,2023-12-25
6408,井上花子,井上花子6408@icloud.com,090-7624-8947,京都府京都市中京区烏丸通4丁目7番4号,京都市中京区,京都府,6040002,2023-04-24
6409,藤井慎一,藤井慎一6409@yahoo.co.jp,090-4073-6531,愛知県名古屋市中区錦1丁目23番9号,名古屋市中区,愛知県,4600005,2023-07-06
6410,林香織,林香織6410@yahoo.co.jp,090-5385-3788,大阪府大阪市中央区本町5丁目10番3号,大阪市中央区,大阪府,5410028,2023-04-17
6411,池田美咲,池田美咲6411@outlook.com,090-4602-6203,大阪府大阪市中央区本町8丁目29番4号,大阪市中央区,大阪府,5410031,2023-08-11
6412,青木亮,青木亮6412@yahoo.co.jp,090-4881-9375,愛知県名古屋市西区名駅8丁目11番3号,名古屋市西区,愛知県,4510006,2023-12-08
6413,松本美咲,松本美咲6413@icloud.com,090-4821-5206,福岡県福岡市中央区天神1丁目4番9号,福岡市中央区,福岡県,8100019,2023-12-05
6414,石川太郎,石川太郎6414@icloud.com,090-1425-4281,大阪府大阪市中央区本町6丁目30番7号,大阪市中央区,大阪府,5410037,2023-01-01
6415,長谷川美穂,長谷川美穂6415@icloud.com,090-7914-2305,愛知県名古屋市西区名駅1丁目13番6号,名古屋市西区,愛知県,4510032,2023-06-14
6416,坂本拓也,坂本拓也6416@outlook.com,090-7205-8691,北海道札幌市北区北6条西10丁目12番2号,札幌市北区,北海道,0600034,2023-04-23
6417,林恵子,林恵子6417@yahoo.co.jp,090-9217-6108,福岡県福岡市博多区博多駅前5丁目4番1号,福岡市博多区,福岡県,8120017,2023-03-18
6418,木村直樹,木村直樹6418@gmail.com,090-2314-9415,北海道札幌市中央区北1条西9丁目20番5号,札幌市中央区,北海道,0600027,2023-05-10
6419,藤原健一,藤原健一6419@yahoo.co.jp,090-9051-4070,北海道札幌市北区北6条西10丁目15番9号,札幌市北区,北海道,0600021,2024-09-30
6420,中村太郎,中村太郎6420@gmail.com,090-2889-9579,神奈川県横浜市西区みなとみらい4丁目2番3号,横浜市西区,神奈川県,2200029,2023-10-28
6421,藤原さくら,藤原さくら6421@gmail.com,090-8910-3211,東京都渋谷区渋谷3丁目26番3号,渋谷区,東京都,1500020,2024-05-16
6422,後藤麻衣,後藤麻衣6422@yahoo.co.jp,090-7527-1909,埼玉県さいたま市浦和区高砂5丁目25番5号,さいたま市浦和区,埼玉県,3300037,2024-06-06
6423,藤井愛,藤井愛6423@yahoo.co.jp,090-8886-6679,福岡県福岡市中央区天神2丁目21番4号,福岡市中央区,福岡県,8100009,2024-01-30
6424,長谷川智子,長谷川智子6424@icloud.com,090-7972-7390,東京都新宿区新宿2丁目29番7号,新宿区,東京都,1600006,2023-08-07
6425,斎藤美咲,斎藤美咲6425@example.com,090-9728-9964,埼玉県さいたま市浦和区高砂8丁目8番8号,さいたま市浦和区,埼玉県,3300005,2023-03-02
6426,藤原拓也,藤原拓也6426@outlook.com,090-8732-9284,大阪府大阪市北区梅田4丁目29番3号,大阪市北区,大阪府,5300004,2023-06-14
6427,石川直樹,石川直樹6427@gmail.com,090-9708-5532,大阪府大阪市北区梅田9丁目14番1号,大阪市北区,大阪府,5300007,2023-06-14
6428,林正,林正6428@icloud.com,090-2517-4720,北海道札幌市中央区北1条西9丁目30番8号,札幌市中央区,北海道,0600001,2024-04-16
6429,中村健太,中村健太6429@yahoo.co.jp,090-8350-5169,千葉県千葉市美浜区美浜4丁目30番10号,千葉市美浜区,千葉県,2610027,2024-01-30
6430,中村慎一,中村慎一6430@example.com,090-4695-7398,東京都新宿区新宿9丁目28番4号,新宿区,東京都,1600011,2024-01-12
6431,藤原さくら,藤原さくら6431@gmail.com,090-3443-1811,福岡県福岡市博多区博多駅前2丁目7番4号,福岡市博多区,福岡県,8120009,2023-08-20
6432,近藤達也,近藤達也6432@gmail.com,090-9254-1331,愛知県名古屋市西区名駅4丁目25番5号,名古屋市西区,愛知県,4510031,2023-09-26
6433,岡田香織,岡田香織6433@outlook.com,090-8401-4280,京都府京都市下京区四条通3丁目8番1号,京都市下京区,京都府,6000025,2024-01-17
6434,加藤さくら,加藤さくら6434@gmail.com,090-7140-1039,愛知県名古屋市中区錦10丁目21番10号,名古屋市中区,愛知県,4600008,2023-03-20
6435,近藤大輔,近藤大輔6435@yahoo.co.jp,090-4838-5816,神奈川県横浜市西区みなとみらい8丁目11番3号,横浜市西区,神奈川県,2200030,2023-02-18
6436,近藤亮,近藤亮6436@example.com,090-4636-8679,愛知県名古屋市中区錦5丁目26番2号,名古屋市中区,愛知県,4600002,2023-03-31
6437,遠藤香織,遠藤香織6437@example.com,090-5120-3424,東京都渋谷区渋谷5丁目18番4号,渋谷区,東京都,1500022,2024-02-22
6438,藤原恵子,藤原恵子6438@yahoo.co.jp,090-3983-7088,千葉県千葉市美浜区美浜10丁目27番6号,千葉市美浜区,千葉県,2610015,2024-04-05
6439,木村美香,木村美香6439@yahoo.co.jp,090-7737-8324,京都府京都市中京区烏丸通6丁目17番8号,京都市中京区,京都府,6040033,2023-08-25
6440,加藤真由美,加藤真由美6440@gmail.com,090-4690-5255,兵庫県神戸市灘区灘南通3丁目7番2号,神戸市灘区,兵庫県,6570011,2024-10-23
6441,中村亮,中村亮6441@yahoo.co.jp,090-8437-9192,埼玉県さいたま市浦和区高砂6丁目5番10号,さいたま市浦和区,埼玉県,3300017,2023-05-15
6442,鈴木大輔,鈴木大輔6442@icloud.com,090-1256-7145,千葉県千葉市中央区中央7丁目16番5号,千葉市中央区,千葉県,2600021,2024-01-30
6443,松本由美,松本由美6443@gmail.com,090-4150-1572,北海道札幌市中央区北1条西10丁目16番4号,札幌市中央区,北海道,0600024,2023-07-07
6444,前田和也,前田和也6444@icloud.com,090-5191-1357,埼玉県さいたま市大宮区大宮10丁目26番9号,さいたま市大宮区,埼玉県,3300005,2024-05-25
6445,石川拓也,石川拓也6445@outlook.com,090-7526-1344,東京都千代田区丸の内9丁目12番1号,千代田区,東京都,1000010,2023-07-30
6446,森田さくら,森田さくら6446@example.com,090-6625-5885,愛知県名古屋市西区名駅1丁目21番5号,名古屋市西区,愛知県,4510003,2023-12-30
6447,後藤次郎,後藤次郎6447@example.com,090-9286-4689,北海道札幌市北区北6条西5丁目4番10号,札幌市北区,北海道,0600024,2024-04-08
6448,長谷川健一,長谷川健一6448@yahoo.co.jp,090-5602-1708,大阪府大阪市中央区本町2丁目9番10号,大阪市中央区,大阪府,5410010,2023-07-14
6449,近藤拓也,近藤拓也6449@icloud.com,090-2033-1309,千葉県千葉市中央区中央7丁目8番10号,千葉市中央区,千葉県,2600030,2024-11-22
6450,遠藤由美子,遠藤由美子6450@example.com,090-9482-7272,兵庫県神戸市中央区三宮町1丁目2番5号,神戸市中央区,兵庫県,6500020,2024-09-16
6451,鈴木慎一,鈴木慎一6451@outlook.com,090-2819-5295,大阪府大阪市中央区本町2丁目3番10号,大阪市中央区,大阪府,5410005,2023-09-25
6452,森田麻美,森田麻美6452@example.com,090-8895-2722,大阪府大阪市北区梅田6丁目23番10号,大阪市北区,大阪府,5300020,2024-09-01
6453,中村智子,中村智子6453@example.com,090-9879-1295,北海道札幌市中央区北1条西1丁目26番10号,札幌市中央区,北海道,0600030,2024-09-23
6454,加藤誠,加藤誠6454@icloud.com,090-8396-6937,大阪府大阪市北区梅田7丁目15番1号,大阪市北区,大阪府,5300002,2023-11-01
6455,近藤一郎,近藤一郎6455@icloud.com,090-7984-2117,埼玉県さいたま市大宮区大宮7丁目1番1号,さいたま市大宮区,埼玉県,3300015,2024-01-15
6456,鈴木健一,鈴木健一6456@gmail.com,090-6556-6987,東京都新宿区新宿8丁目28番7号,新宿区,東京都,1600014,2023-06-08
6457,田中智子,田中智子6457@icloud.com,090-3804-8422,愛知県名古屋市中区錦1丁目24番2号,名古屋市中区,愛知県,4600008,2024-04-24
6458,青木花子,青木花子6458@yahoo.co.jp,090-8803-8464,兵庫県神戸市灘区灘南通10丁目16番8号,神戸市灘区,兵庫県,6570008,2023-02-24
6459,藤井大輔,藤井大輔6459@gmail.com,090-3258-5832,東京都千代田区丸の内4丁目25番10号,千代田区,東京都,1000009,2023-09-07
6460,近藤拓也,近藤拓也6460@example.com,090-5579-8545,神奈川県横浜市西区みなとみらい8丁目27番3号,横浜市西区,神奈川県,2200014,2023-06-20
6461,小林達也,小林達也6461@gmail.com,090-2911-8873,大阪府大阪市北区梅田6丁目26番7号,大阪市北区,大阪府,5300013,2024-12-07
6462,佐藤慎一,佐藤慎一6462@example.com,090-4535-3331,神奈川県横浜市中区本町6丁目2番5号,横浜市中区,神奈川県,2310008,2023-03-26
6463,佐藤慎一,佐藤慎一6463@gmail.com,090-9340-9865,福岡県福岡市博多区博多駅前3丁目26番9号,福岡市博多区,福岡県,8120009,2024-05-22
6464,近藤慎一,近藤慎一6464@example.com,090-4960-7714,愛知県名古屋市西区名駅5丁目11番6号,名古屋市西区,愛知県,4510036,2024-08-20
6465,村上千佳,村上千佳6465@example.com,090-9554-4437,神奈川県横浜市中区本町6丁目21番9号,横浜市中区,神奈川県,2310034,2023-07-12
6466,藤原恵子,藤原恵子6466@yahoo.co.jp,090-5098-7061,神奈川県横浜市中区本町8丁目15番1号,横浜市中区,神奈川県,2310040,2023-03-09
6467,吉田次郎,吉田次郎6467@gmail.com,090-2398-1138,東京都渋谷区渋谷7丁目25番5号,渋谷区,東京都,1500007,2023-03-22
6468,藤井三郎,藤井三郎6468@gmail.com,090-5470-1125,京都府京都市下京区四条通7丁目15番2号,京都市下京区,京都府,6000004,2023-12-02
6469,林翔太,林翔太6469@gmail.com,090-9514-5707,愛知県名古屋市中区錦9丁目30番1号,名古屋市中区,愛知県,4600003,2024-04-28
6470,木村三郎,木村三郎6470@icloud.com,090-4582-6156,神奈川県横浜市西区みなとみらい5丁目17番5号,横浜市西区,神奈川県,2200031,2023-05-08
6471,村上香織,村上香織6471@gmail.com,090-1180-2418,神奈川県横浜市中区本町8丁目22番3号,横浜市中区,神奈川県,2310022,2024-04-30
6472,山田千佳,山田千佳6472@example.com,090-6847-6390,北海道札幌市北区北6条西5丁目27番8号,札幌市北区,北海道,0600004,2023-02-21
6473,近藤誠,近藤誠6473@icloud.com,090-3581-5231,神奈川県横浜市中区本町4丁目12番2号,横浜市中区,神奈川県,2310032,2023-05-15
6474,岡田大輔,岡田大輔6474@yahoo.co.jp,090-8177-4140,東京都千代田区丸の内3丁目28番2号,千代田区,東京都,1000010,2023-10-26
6475,前田智子,前田智子6475@outlook.com,090-3171-5061,大阪府大阪市北区梅田1丁目4番3号,大阪市北区,大阪府,5300014,2023-06-08
6476,近藤千佳,近藤千佳6476@gmail.com,090-2062-8862,兵庫県神戸市灘区灘南通4丁目3番7号,神戸市灘区,兵庫県,6570003,2023-03-12
6477,坂本さくら,坂本さくら6477@example.com,090-9650-2087,東京都渋谷区渋谷7丁目14番8号,渋谷区,東京都,1500013,2023-03-19
6478,長谷川香織,長谷川香織6478@yahoo.co.jp,090-1341-7533,千葉県千葉市美浜区美浜4丁目16番3号,千葉市美浜区,千葉県,2610003,2023-10-30
6479,長谷川美穂,長谷川美穂6479@gmail.com,090-9991-4891,愛知県名古屋市中区錦7丁目8番6号,名古屋市中区,愛知県,4600008,2024-01-19
6480,田中正,田中正6480@yahoo.co.jp,090-3578-9065,愛知県名古屋市西区名駅4丁目4番7号,名古屋市西区,愛知県,4510020,2024-05-03
6481,小林美穂,小林美穂6481@gmail.com,090-6941-1930,埼玉県さいたま市浦和区高砂10丁目24番4号,さいたま市浦和区,埼玉県,3300028,2023-07-24
6482,井上雄一,井上雄一6482@example.com,090-9659-8384,千葉県千葉市美浜区美浜5丁目22番1号,千葉市美浜区,千葉県,2610025,2023-05-14
6483,前田三郎,前田三郎6483@yahoo.co.jp,090-9801-1607,北海道札幌市中央区北1条西10丁目11番8号,札幌市中央区,北海道,0600011,2024-12-25
6484,後藤正,後藤正6484@outlook.com,090-1674-2023,大阪府大阪市中央区本町2丁目27番5号,大阪市中央区,大阪府,5410005,2024-01-05
6485,高橋三郎,高橋三郎6485@icloud.com,090-3836-4512,東京都新宿区新宿6丁目27番3号,新宿区,東京都,1600014,2024-03-16
6486,橋本亮,橋本亮6486@outlook.com,090-9949-5830,埼玉県さいたま市浦和区高砂9丁目14番7号,さいたま市浦和区,埼玉県,3300038,2024-10-14
6487,伊藤健太,伊藤健太6487@example.com,090-4959-9445,京都府京都市中京区烏丸通1丁目5番10号,京都市中京区,京都府,6040033,2023-03-07
6488,高橋さくら,高橋さくら6488@icloud.com,090-5584-9888,京都府京都市下京区四条通8丁目16番9号,京都市下京区,京都府,6000036,2024-08-15
6489,井上達也,井上達也6489@icloud.com,090-2809-1856,京都府京都市中京区烏丸通8丁目11番8号,京都市中京区,京都府,6040040,2023-09-10
6490,石川優子,石川優子6490@gmail.com,090-9213-2585,北海道札幌市中央区北1条西7丁目6番1号,札幌市中央区,北海道,0600014,2023-02-12
6491,青木直樹,青木直樹6491@yahoo.co.jp,090-2842-8986,東京都千代田区丸の内3丁目29番1号,千代田区,東京都,1000008,2024-03-07
6492,渡辺千佳,渡辺千佳6492@example.com,090-2637-7156,福岡県福岡市中央区天神3丁目4番9号,福岡市中央区,福岡県,8100030,2024-06-04
6493,中村三郎,中村三郎6493@gmail.com,090-8484-6280,愛知県名古屋市西区名駅5丁目13番2号,名古屋市西区,愛知県,4510024,2023-06-21
6494,遠藤拓也,遠藤拓也6494@icloud.com,090-6346-4865,埼玉県さいたま市大宮区大宮3丁目6番4号,さいたま市大宮区,埼玉県,3300016,2024-05-09
6495,林誠,林誠6495@icloud.com,090-4050-7093,埼玉県さいたま市浦和区高砂10丁目3番7号,さいたま市浦和区,埼玉県,3300021,2024-05-18
6496,吉田麻衣,吉田麻衣6496@icloud.com,090-5346-6534,北海道札幌市中央区北1条西5丁目28番10号,札幌市中央区,北海道,0600019,2024-01-05
6497,長谷川拓也,長谷川拓也6497@gmail.com,090-9244-7486,兵庫県神戸市灘区灘南通1丁目16番8号,神戸市灘区,兵庫県,6570041,2023-09-15
6498,近藤次郎,近藤次郎6498@gmail.com,090-8655-9254,神奈川県横浜市西区みなとみらい7丁目26番10号,横浜市西区,神奈川県,2200008,2024-07-17
6499,藤井愛,藤井愛6499@outlook.com,090-2081-9974,福岡県福岡市博多区博多駅前5丁目20番8号,福岡市博多区,福岡県,8120010,2023-02-06
6500,前田香織,前田香織6500@yahoo.co.jp,090-8150-3899,愛知県名古屋市中区錦9丁目6番3号,名古屋市中区,愛知県,4600006,2024-12-29
6501,山本三郎,山本三郎6501@icloud.com,090-8633-9321,東京都渋谷区渋谷10丁目2番5号,渋谷区,東京都,1500026,2024-01-25
6502,池田大輔,池田大輔6502@icloud.com,090-4166-2843,神奈川県横浜市西区みなとみらい3丁目9番3号,横浜市西区,神奈川県,2200027,2024-08-29
6503,吉田和也,吉田和也6503@icloud.com,090-7014-4150,福岡県福岡市中央区天神9丁目4番8号,福岡市中央区,福岡県,8100038,2023-11-27
6504,橋本花子,橋本花子6504@outlook.com,090-4245-8857,兵庫県神戸市中央区三宮町4丁目7番6号,神戸市中央区,兵庫県,6500040,2024-09-20
6505,加藤由美子,加藤由美子6505@gmail.com,090-5089-9599,北海道札幌市中央区北1条西5丁目26番10号,札幌市中央区,北海道,0600029,2024-08-20
6506,斎藤千佳,斎藤千佳6506@example.com,090-2358-4330,埼玉県さいたま市大宮区大宮4丁目28番7号,さいたま市大宮区,埼玉県,3300040,2024-03-17
6507,藤井次郎,藤井次郎6507@yahoo.co.jp,090-3542-8584,北海道札幌市中央区北1条西1丁目24番3号,札幌市中央区,北海道,0600006,2023-01-03
6508,村上和也,村上和也6508@outlook.com,090-8684-7586,京都府京都市下京区四条通3丁目12番4号,京都市下京区,京都府,6000023,2024-07-25
6509,加藤誠,加藤誠6509@icloud.com,090-9996-2540,東京都渋谷区渋谷7丁目10番10号,渋谷区,東京都,1500039,2023-07-28
6510,斎藤翔太,斎藤翔太6510@icloud.com,090-2170-3524,大阪府大阪市中央区本町2丁目25番4号,大阪市中央区,大阪府,5410005,2023-06-06
6511,近藤和也,近藤和也6511@example.com,090-8193-7343,福岡県福岡市博多区博多駅前10丁目7番6号,福岡市博多区,福岡県,8120019,2024-11-26
6512,松本由美子,松本由美子6512@gmail.com,090-4327-4458,東京都新宿区新宿10丁目12番3号,新宿区,東京都,1600001,2023-05-24
6513,村上愛,村上愛6513@outlook.com,090-3457-1481,大阪府大阪市北区梅田10丁目17番5号,大阪市北区,大阪府,5300019,2023-08-14
6514,村上正,村上正6514@icloud.com,090-3194-1068,愛知県名古屋市西区名駅4丁目3番9号,名古屋市西区,愛知県,4510034,2023-11-13
6515,佐藤花子,佐藤花子6515@outlook.com,090-5740-9890,北海道札幌市中央区北1条西4丁目24番4号,札幌市中央区,北海道,0600010,2024-02-20
6516,木村香織,木村香織6516@icloud.com,090-3767-1052,大阪府大阪市中央区本町1丁目5番5号,大阪市中央区,大阪府,5410040,2023-07-04
6517,斎藤雄一,斎藤雄一6517@outlook.com,090-2366-6743,愛知県名古屋市中区錦9丁目24番2号,名古屋市中区,愛知県,4600007,2023-01-16
6518,遠藤健太,遠藤健太6518@example.com,090-6021-8140,兵庫県神戸市灘区灘南通2丁目21番4号,神戸市灘区,兵庫県,6570008,2024-03-14
6519,木村由美子,木村由美子6519@icloud.com,090-2264-5582,東京都新宿区新宿2丁目6番1号,新宿区,東京都,1600002,2024-03-01
6520,岡田真由美,岡田真由美6520@gmail.com,090-1160-9284,東京都新宿区新宿6丁目13番3号,新宿区,東京都,1600001,2023-08-09
6521,石川達也,石川達也6521@yahoo.co.jp,090-5089-8116,福岡県福岡市中央区天神8丁目11番7号,福岡市中央区,福岡県,8100027,2023-11-01
6522,遠藤優子,遠藤優子6522@example.com,090-9323-2219,神奈川県横浜市中区本町2丁目14番8号,横浜市中区,神奈川県,2310019,2023-03-23
6523,小林正,小林正6523@icloud.com,090-1289-6228,千葉県千葉市中央区中央6丁目11番1号,千葉市中央区,千葉県,2600020,2023-01-04
6524,木村健太,木村健太6524@outlook.com,090-4072-6079,東京都新宿区新宿9丁目19番8号,新宿区,東京都,1600011,2023-11-02
6525,藤原千佳,藤原千佳6525@outlook.com,090-8545-5235,北海道札幌市北区北6条西6丁目29番3号,札幌市北区,北海道,0600027,2024-12-30
6526,後藤美香,後藤美香6526@outlook.com,090-4343-2357,北海道札幌市中央区北1条西10丁目24番2号,札幌市中央区,北海道,0600010,2024-03-05
6527,田中智子,田中智子6527@gmail.com,090-2450-2275,福岡県福岡市中央区天神4丁目22番6号,福岡市中央区,福岡県,8100032,2024-06-29
6528,松本美咲,松本美咲6528@outlook.com,090-3255-8113,北海道札幌市中央区北1条西6丁目9番9号,札幌市中央区,北海道,0600029,2023-03-01
6529,田中和也,田中和也6529@icloud.com,090-2536-1989,神奈川県横浜市中区本町1丁目30番1号,横浜市中区,神奈川県,2310036,2023-11-03
6530,吉田麻美,吉田麻美6530@outlook.com,090-9929-7593,東京都千代田区丸の内5丁目5番7号,千代田区,東京都,1000006,2023-05-08
6531,加藤健一,加藤健一6531@yahoo.co.jp,090-7482-4092,福岡県福岡市中央区天神10丁目15番10号,福岡市中央区,福岡県,8100012,2023-04-30
6532,山本三郎,山本三郎6532@example.com,090-3592-8332,埼玉県さいたま市浦和区高砂7丁目26番6号,さいたま市浦和区,埼玉県,3300022,2023-02-02
6533,長谷川美咲,長谷川美咲6533@gmail.com,090-7573-3834,福岡県福岡市中央区天神10丁目25番7号,福岡市中央区,福岡県,8100010,2024-12-21
6534,藤原誠,藤原誠6534@yahoo.co.jp,090-2748-2349,愛知県名古屋市西区名駅4丁目18番6号,名古屋市西区,愛知県,4510039,2024-01-12
6535,長谷川優子,長谷川優子6535@example.com,090-7781-4679,東京都新宿区新宿10丁目7番8号,新宿区,東京都,1600008,2024-03-08
6536,藤井美穂,藤井美穂6536@icloud.com,090-4808-6747,北海道札幌市北区北6条西4丁目29番8号,札幌市北区,北海道,0600017,2023-07-17
6537,林亮,林亮6537@yahoo.co.jp,090-5059-8653,兵庫県神戸市灘区灘南通9丁目20番3号,神戸市灘区,兵庫県,6570001,2024-07-25
6538,石川誠,石川誠6538@example.com,090-2634-7980,大阪府大阪市中央区本町8丁目3番1号,大阪市中央区,大阪府,5410041,2024-12-20
6539,石川由美子,石川由美子6539@icloud.com,090-9637-4691,埼玉県さいたま市大宮区大宮6丁目7番5号,さいたま市大宮区,埼玉県,3300041,2023-09-12
6540,青木拓也,青木拓也6540@example.com,090-1487-7129,北海道札幌市北区北6条西1丁目16番5号,札幌市北区,北海道,0600033,2023-05-09
6541,石川美香,石川美香6541@gmail.com,090-2815-5348,京都府京都市中京区烏丸通1丁目4番8号,京都市中京区,京都府,6040034,2023-10-19
6542,藤井由美子,藤井由美子6542@outlook.com,090-2359-5035,大阪府大阪市北区梅田3丁目25番9号,大阪市北区,大阪府,5300021,2024-05-12
6543,井上雄一,井上雄一6543@outlook.com,090-9999-3770,千葉県千葉市美浜区美浜9丁目30番2号,千葉市美浜区,千葉県,2610005,2024-06-24
6544,森田直樹,森田直樹6544@outlook.com,090-3505-3034,京都府京都市下京区四条通7丁目15番9号,京都市下京区,京都府,6000041,2024-09-30
6545,斎藤由美子,斎藤由美子6545@outlook.com,090-1083-8216,北海道札幌市中央区北1条西8丁目8番10号,札幌市中央区,北海道,0600029,2024-08-18
6546,田中雄一,田中雄一6546@icloud.com,090-7756-8682,京都府京都市下京区四条通10丁目16番1号,京都市下京区,京都府,6000040,2024-12-12
6547,石川三郎,石川三郎6547@example.com,090-1519-1815,埼玉県さいたま市大宮区大宮10丁目28番5号,さいたま市大宮区,埼玉県,3300034,2023-08-09
6548,藤原亮,藤原亮6548@icloud.com,090-3118-8650,東京都千代田区丸の内5丁目30番4号,千代田区,東京都,1000014,2023-03-28
6549,佐藤美穂,佐藤美穂6549@icloud.com,090-9299-8321,北海道札幌市北区北6条西9丁目17番1号,札幌市北区,北海道,0600035,2024-11-13
6550,村上麻美,村上麻美6550@example.com,090-3305-1167,兵庫県神戸市灘区灘南通4丁目3番5号,神戸市灘区,兵庫県,6570021,2023-01-09
6551,村上恵子,村上恵子6551@example.com,090-7334-5046,兵庫県神戸市灘区灘南通8丁目13番1号,神戸市灘区,兵庫県,6570012,2023-03-10
6552,橋本一郎,橋本一郎6552@example.com,090-3745-7644,神奈川県横浜市西区みなとみらい7丁目16番10号,横浜市西区,神奈川県,2200041,2024-06-01
6553,橋本直樹,橋本直樹6553@outlook.com,090-7995-4183,大阪府大阪市北区梅田10丁目17番3号,大阪市北区,大阪府,5300002,2024-03-01
6554,池田優子,池田優子6554@yahoo.co.jp,090-1305-5525,兵庫県神戸市灘区灘南通4丁目4番7号,神戸市灘区,兵庫県,6570028,2024-08-18
6555,鈴木健太,鈴木健太6555@yahoo.co.jp,090-5288-3655,愛知県名古屋市中区錦3丁目15番9号,名古屋市中区,愛知県,4600001,2023-02-27
6556,青木由美子,青木由美子6556@example.com,090-7623-3100,兵庫県神戸市灘区灘南通2丁目9番8号,神戸市灘区,兵庫県,6570030,2023-09-29
6557,加藤亮,加藤亮6557@yahoo.co.jp,090-3143-6476,千葉県千葉市美浜区美浜5丁目1番5号,千葉市美浜区,千葉県,2610017,2023-10-10
6558,前田一郎,前田一郎6558@icloud.com,090-4750-1364,北海道札幌市北区北6条西4丁目1番10号,札幌市北区,北海道,0600040,2024-05-16
6559,森田さくら,森田さくら6559@example.com,090-4697-3646,福岡県福岡市中央区天神2丁目4番5号,福岡市中央区,福岡県,8100003,2024-12-27
6560,渡辺翔太,渡辺翔太6560@outlook.com,090-3584-9197,千葉県千葉市中央区中央7丁目17番2号,千葉市中央区,千葉県,2600018,2024-10-26
6561,山田正,山田正6561@gmail.com,090-7929-5460,愛知県名古屋市中区錦5丁目6番3号,名古屋市中区,愛知県,4600004,2024-10-15
6562,山本大輔,山本大輔6562@example.com,090-2641-6396,愛知県名古屋市中区錦1丁目30番10号,名古屋市中区,愛知県,4600006,2024-03-30
6563,村上花子,村上花子6563@example.com,090-1849-5272,兵庫県神戸市中央区三宮町4丁目11番2号,神戸市中央区,兵庫県,6500001,2024-02-26
6564,吉田由美,吉田由美6564@outlook.com,090-6484-6867,神奈川県横浜市西区みなとみらい8丁目14番5号,横浜市西区,神奈川県,2200036,2024-04-02
6565,小林大輔,小林大輔6565@yahoo.co.jp,090-9195-9054,福岡県福岡市博多区博多駅前10丁目11番2号,福岡市博多区,福岡県,8120005,2023-12-26
6566,高橋千佳,高橋千佳6566@gmail.com,090-4605-6471,大阪府大阪市北区梅田1丁目18番2号,大阪市北区,大阪府,5300013,2024-10-26
6567,石川太郎,石川太郎6567@gmail.com,090-3826-4893,愛知県名古屋市西区名駅1丁目20番5号,名古屋市西区,愛知県,4510004,2024-05-29
6568,林健一,林健一6568@yahoo.co.jp,090-6816-6870,大阪府大阪市北区梅田1丁目24番10号,大阪市北区,大阪府,5300016,2023-08-04
6569,中村美穂,中村美穂6569@yahoo.co.jp,090-8636-6781,大阪府大阪市中央区本町3丁目26番1号,大阪市中央区,大阪府,5410037,2024-06-16
6570,青木健一,青木健一6570@outlook.com,090-7251-7849,東京都千代田区丸の内6丁目2番6号,千代田区,東京都,1000021,2023-05-23
6571,橋本麻美,橋本麻美6571@icloud.com,090-7593-3072,北海道札幌市北区北6条西3丁目21番7号,札幌市北区,北海道,0600021,2023-05-12
6572,小林大輔,小林大輔6572@example.com,090-9644-4961,神奈川県横浜市中区本町10丁目11番4号,横浜市中区,神奈川県,2310002,2024-01-10
6573,田中健太,田中健太6573@gmail.com,090-9344-5768,兵庫県神戸市中央区三宮町4丁目29番1号,神戸市中央区,兵庫県,6500005,2024-11-24
6574,長谷川三郎,長谷川三郎6574@icloud.com,090-4847-7244,福岡県福岡市博多区博多駅前9丁目22番5号,福岡市博多区,福岡県,8120019,2023-05-23
6575,伊藤美香,伊藤美香6575@icloud.com,090-5175-5468,埼玉県さいたま市浦和区高砂8丁目20番4号,さいたま市浦和区,埼玉県,3300007,2023-10-07
6576,藤井麻衣,藤井麻衣6576@example.com,090-5979-3080,神奈川県横浜市中区本町5丁目2番9号,横浜市中区,神奈川県,2310002,2023-05-15
6577,長谷川健一,長谷川健一6577@gmail.com,090-5717-2093,千葉県千葉市美浜区美浜4丁目2番5号,千葉市美浜区,千葉県,2610027,2023-11-18
6578,伊藤恵子,伊藤恵子6578@outlook.com,090-2086-3397,福岡県福岡市中央区天神4丁目12番4号,福岡市中央区,福岡県,8100033,2024-06-20
6579,坂本美香,坂本美香6579@gmail.com,090-1018-7241,大阪府大阪市北区梅田9丁目18番1号,大阪市北区,大阪府,5300010,2024-09-27
6580,林剛,林剛6580@example.com,090-1989-6268,神奈川県横浜市中区本町4丁目23番7号,横浜市中区,神奈川県,2310023,2024-10-14
6581,田中智子,田中智子6581@example.com,090-2608-1154,埼玉県さいたま市大宮区大宮4丁目6番2号,さいたま市大宮区,埼玉県,3300009,2023-12-27
6582,田中恵子,田中恵子6582@example.com,090-2324-2992,東京都新宿区新宿1丁目29番10号,新宿区,東京都,1600014,2024-09-02
6583,藤井智子,藤井智子6583@yahoo.co.jp,090-5539-1736,愛知県名古屋市西区名駅6丁目1番10号,名古屋市西区,愛知県,4510025,2024-05-24
6584,前田智子,前田智子6584@example.com,090-8380-6418,東京都新宿区新宿7丁目26番10号,新宿区,東京都,1600016,2023-08-24
6585,鈴木達也,鈴木達也6585@example.com,090-8357-5734,東京都千代田区丸の内6丁目30番6号,千代田区,東京都,1000009,2024-05-14
6586,遠藤達也,遠藤達也6586@gmail.com,090-7654-8962,愛知県名古屋市西区名駅7丁目28番6号,名古屋市西区,愛知県,4510009,2023-03-14
6587,後藤一郎,後藤一郎6587@yahoo.co.jp,090-7287-2430,兵庫県神戸市灘区灘南通3丁目13番3号,神戸市灘区,兵庫県,6570005,2023-07-20
6588,遠藤愛,遠藤愛6588@icloud.com,090-5990-3664,東京都千代田区丸の内10丁目17番8号,千代田区,東京都,1000016,2023-04-14
6589,斎藤美咲,斎藤美咲6589@outlook.com,090-5168-4554,北海道札幌市北区北6条西6丁目11番2号,札幌市北区,北海道,0600003,2024-03-23
6590,村上美穂,村上美穂6590@yahoo.co.jp,090-2684-2221,京都府京都市下京区四条通10丁目22番2号,京都市下京区,京都府,6000004,2023-07-16
6591,長谷川正,長谷川正6591@example.com,090-5739-1344,千葉県千葉市中央区中央9丁目26番9号,千葉市中央区,千葉県,2600032,2024-12-26
6592,田中直樹,田中直樹6592@example.com,090-1983-6755,愛知県名古屋市中区錦1丁目10番7号,名古屋市中区,愛知県,4600006,2023-06-10
6593,鈴木優子,鈴木優子6593@yahoo.co.jp,090-3710-1422,東京都渋谷区渋谷2丁目25番8号,渋谷区,東京都,1500025,2023-08-14
6594,森田三郎,森田三郎6594@icloud.com,090-7316-2912,兵庫県神戸市灘区灘南通10丁目6番1号,神戸市灘区,兵庫県,6570041,2024-05-26
6595,斎藤千佳,斎藤千佳6595@gmail.com,090-5475-8465,埼玉県さいたま市浦和区高砂2丁目12番9号,さいたま市浦和区,埼玉県,3300033,2023-11-27
6596,後藤翔太,後藤翔太6596@example.com,090-4388-3398,福岡県福岡市博多区博多駅前4丁目17番10号,福岡市博多区,福岡県,8120008,2024-02-14
6597,橋本美香,橋本美香6597@example.com,090-3164-6269,愛知県名古屋市中区錦6丁目25番3号,名古屋市中区,愛知県,4600002,2024-11-04
6598,遠藤大輔,遠藤大輔6598@yahoo.co.jp,090-2027-9999,福岡県福岡市博多区博多駅前7丁目22番5号,福岡市博多区,福岡県,8120015,2023-03-14
6599,村上由美子,村上由美子6599@outlook.com,090-7783-1655,兵庫県神戸市中央区三宮町10丁目15番6号,神戸市中央区,兵庫県,6500016,2024-01-10
6600,鈴木正,鈴木正6600@outlook.com,090-1457-5286,愛知県名古屋市中区錦8丁目15番2号,名古屋市中区,愛知県,4600003,2024-04-19
6601,村上麻美,村上麻美6601@outlook.com,090-4001-6470,大阪府大阪市北区梅田10丁目27番5号,大阪市北区,大阪府,5300016,2024-08-20
6602,山本愛,山本愛6602@yahoo.co.jp,090-6922-3641,京都府京都市下京区四条通9丁目16番3号,京都市下京区,京都府,6000025,2023-08-29
6603,遠藤美穂,遠藤美穂6603@yahoo.co.jp,090-2024-3967,愛知県名古屋市西区名駅8丁目19番9号,名古屋市西区,愛知県,4510029,2024-08-21
6604,田中香織,田中香織6604@icloud.com,090-3875-8133,京都府京都市中京区烏丸通7丁目1番5号,京都市中京区,京都府,6040020,2023-09-24
6605,遠藤雄一,遠藤雄一6605@gmail.com,090-5903-2762,埼玉県さいたま市大宮区大宮6丁目17番6号,さいたま市大宮区,埼玉県,3300031,2023-12-23
6606,渡辺麻衣,渡辺麻衣6606@outlook.com,090-3860-5534,東京都新宿区新宿9丁目23番1号,新宿区,東京都,1600011,2024-02-24
6607,坂本三郎,坂本三郎6607@yahoo.co.jp,090-7175-9726,大阪府大阪市中央区本町1丁目28番7号,大阪市中央区,大阪府,5410009,2024-07-29
6608,井上さくら,井上さくら6608@outlook.com,090-9680-8505,北海道札幌市中央区北1条西7丁目20番7号,札幌市中央区,北海道,0600039,2024-01-09
6609,斎藤愛,斎藤愛6609@example.com,090-1695-3118,神奈川県横浜市西区みなとみらい3丁目23番5号,横浜市西区,神奈川県,2200034,2024-06-17
6610,田中恵子,田中恵子6610@icloud.com,090-7130-1726,北海道札幌市中央区北1条西5丁目2番2号,札幌市中央区,北海道,0600007,2023-09-28
6611,藤原優子,藤原優子6611@yahoo.co.jp,090-3112-8528,北海道札幌市北区北6条西5丁目19番5号,札幌市北区,北海道,0600017,2024-09-24
6612,中村拓也,中村拓也6612@outlook.com,090-2571-3791,千葉県千葉市美浜区美浜7丁目6番4号,千葉市美浜区,千葉県,2610015,2024-10-29
6613,渡辺拓也,渡辺拓也6613@example.com,090-8566-9801,兵庫県神戸市中央区三宮町4丁目16番5号,神戸市中央区,兵庫県,6500026,2023-01-30
6614,高橋大輔,高橋大輔6614@example.com,090-9790-6891,福岡県福岡市博多区博多駅前2丁目14番4号,福岡市博多区,福岡県,8120005,2023-03-09
6615,近藤麻美,近藤麻美6615@icloud.com,090-7701-5902,兵庫県神戸市灘区灘南通5丁目28番4号,神戸市灘区,兵庫県,6570015,2024-12-27
6616,池田雄一,池田雄一6616@icloud.com,090-4206-8148,愛知県名古屋市中区錦2丁目3番3号,名古屋市中区,愛知県,4600006,2024-01-17
6617,坂本優子,坂本優子6617@example.com,090-6629-6985,東京都千代田区丸の内9丁目3番4号,千代田区,東京都,1000010,2023-02-08
6618,遠藤誠,遠藤誠6618@example.com,090-6976-7715,千葉県千葉市美浜区美浜5丁目25番2号,千葉市美浜区,千葉県,2610014,2024-03-31
6619,青木剛,青木剛6619@example.com,090-5376-6493,兵庫県神戸市中央区三宮町10丁目4番10号,神戸市中央区,兵庫県,6500031,2024-07-10
6620,山本麻衣,山本麻衣6620@outlook.com,090-9166-6267,兵庫県神戸市灘区灘南通1丁目22番7号,神戸市灘区,兵庫県,6570002,2023-09-11
6621,佐藤達也,佐藤達也6621@example.com,090-9648-5341,埼玉県さいたま市浦和区高砂3丁目6番8号,さいたま市浦和区,埼玉県,3300035,2023-04-18
6622,吉田拓也,吉田拓也6622@icloud.com,090-4235-6509,神奈川県横浜市中区本町2丁目1番4号,横浜市中区,神奈川県,2310013,2024-10-01
6623,木村正,木村正6623@icloud.com,090-3904-2208,愛知県名古屋市中区錦6丁目17番8号,名古屋市中区,愛知県,4600002,2024-05-21
6624,吉田次郎,吉田次郎6624@gmail.com,090-3888-7879,京都府京都市下京区四条通9丁目10番10号,京都市下京区,京都府,6000009,2023-08-19
6625,山本優子,山本優子6625@icloud.com,090-3093-5998,神奈川県横浜市西区みなとみらい10丁目28番1号,横浜市西区,神奈川県,2200012,2024-01-28
6626,山田麻衣,山田麻衣6626@example.com,090-7406-5705,千葉県千葉市美浜区美浜1丁目12番6号,千葉市美浜区,千葉県,2610015,2024-05-26
6627,伊藤正,伊藤正6627@example.com,090-1761-4737,兵庫県神戸市中央区三宮町1丁目15番8号,神戸市中央区,兵庫県,6500024,2023-03-28
6628,高橋翔太,高橋翔太6628@example.com,090-6207-6336,大阪府大阪市中央区本町2丁目3番10号,大阪市中央区,大阪府,5410034,2023-09-12
6629,長谷川花子,長谷川花子6629@icloud.com,090-6080-4445,北海道札幌市北区北6条西4丁目6番9号,札幌市北区,北海道,0600036,2023-07-19
6630,渡辺恵子,渡辺恵子6630@yahoo.co.jp,090-4585-5274,大阪府大阪市中央区本町2丁目15番2号,大阪市中央区,大阪府,5410027,2023-11-29
6631,村上美穂,村上美穂6631@yahoo.co.jp,090-9167-8833,兵庫県神戸市中央区三宮町6丁目18番1号,神戸市中央区,兵庫県,6500028,2024-04-04
6632,吉田和也,吉田和也6632@example.com,090-4530-9827,愛知県名古屋市西区名駅5丁目11番9号,名古屋市西区,愛知県,4510030,2024-05-01
6633,林一郎,林一郎6633@example.com,090-4609-1897,京都府京都市中京区烏丸通2丁目7番6号,京都市中京区,京都府,6040018,2023-12-20
6634,吉田誠,吉田誠6634@outlook.com,090-5608-6779,北海道札幌市北区北6条西1丁目11番4号,札幌市北区,北海道,0600022,2023-07-23
6635,池田健一,池田健一6635@yahoo.co.jp,090-9334-6760,京都府京都市中京区烏丸通9丁目25番2号,京都市中京区,京都府,6040040,2023-06-09
6636,井上慎一,井上慎一6636@yahoo.co.jp,090-5254-7947,東京都千代田区丸の内5丁目23番5号,千代田区,東京都,1000019,2023-11-05
6637,長谷川一郎,長谷川一郎6637@yahoo.co.jp,090-9788-9033,神奈川県横浜市西区みなとみらい1丁目26番5号,横浜市西区,神奈川県,2200039,2023-03-11
6638,伊藤優子,伊藤優子6638@example.com,090-8166-3759,北海道札幌市中央区北1条西6丁目13番6号,札幌市中央区,北海道,0600001,2024-03-15
6639,石川亮,石川亮6639@gmail.com,090-1851-9707,京都府京都市下京区四条通7丁目18番4号,京都市下京区,京都府,6000022,2023-01-12
6640,鈴木健一,鈴木健一6640@yahoo.co.jp,090-9628-5925,東京都渋谷区渋谷7丁目27番5号,渋谷区,東京都,1500006,2024-03-12
6641,佐藤麻美,佐藤麻美6641@gmail.com,090-7832-5922,福岡県福岡市中央区天神3丁目7番7号,福岡市中央区,福岡県,8100034,2024-04-08
6642,渡辺さくら,渡辺さくら6642@outlook.com,090-9916-9259,東京都千代田区丸の内7丁目24番4号,千代田区,東京都,1000009,2024-06-10
6643,加藤健一,加藤健一6643@gmail.com,090-6032-5473,福岡県福岡市博多区博多駅前1丁目13番4号,福岡市博多区,福岡県,8120020,2023-01-25
6644,小林美咲,小林美咲6644@yahoo.co.jp,090-9004-1887,東京都渋谷区渋谷2丁目29番3号,渋谷区,東京都,1500013,2024-09-26
6645,岡田剛,岡田剛6645@icloud.com,090-4561-1768,兵庫県神戸市灘区灘南通10丁目10番4号,神戸市灘区,兵庫県,6570018,2024-04-09
6646,加藤さくら,加藤さくら6646@yahoo.co.jp,090-6131-7915,北海道札幌市北区北6条西7丁目19番1号,札幌市北区,北海道,0600016,2024-08-06
6647,佐藤麻衣,佐藤麻衣6647@gmail.com,090-9582-8986,兵庫県神戸市灘区灘南通1丁目1番6号,神戸市灘区,兵庫県,6570013,2024-09-14
6648,高橋花子,高橋花子6648@yahoo.co.jp,090-4009-8220,愛知県名古屋市西区名駅9丁目17番5号,名古屋市西区,愛知県,4510031,2023-05-19
6649,橋本誠,橋本誠6649@gmail.com,090-3231-4514,北海道札幌市中央区北1条西10丁目20番6号,札幌市中央区,北海道,0600026,2024-09-26
6650,加藤大輔,加藤大輔6650@icloud.com,090-5529-9533,大阪府大阪市中央区本町8丁目30番6号,大阪市中央区,大阪府,5410026,2024-03-26
6651,木村花子,木村花子6651@example.com,090-7829-2437,東京都新宿区新宿4丁目10番5号,新宿区,東京都,1600015,2023-11-22
6652,渡辺亮,渡辺亮6652@example.com,090-3260-2461,愛知県名古屋市西区名駅10丁目21番10号,名古屋市西区,愛知県,4510029,2024-03-26
6653,渡辺美咲,渡辺美咲6653@yahoo.co.jp,090-1360-5619,東京都渋谷区渋谷5丁目21番2号,渋谷区,東京都,1500004,2023-04-07
6654,藤井美穂,藤井美穂6654@icloud.com,090-7727-5332,東京都渋谷区渋谷5丁目2番3号,渋谷区,東京都,1500017,2023-12-13
6655,石川一郎,石川一郎6655@outlook.com,090-7263-3637,愛知県名古屋市西区名駅2丁目29番10号,名古屋市西区,愛知県,4510028,2024-09-03
6656,鈴木翔太,鈴木翔太6656@example.com,090-4616-1365,北海道札幌市北区北6条西6丁目25番9号,札幌市北区,北海道,0600024,2023-10-23
6657,石川和也,石川和也6657@example.com,090-1728-1282,愛知県名古屋市中区錦7丁目4番10号,名古屋市中区,愛知県,4600004,2023-03-25
6658,佐藤美穂,佐藤美穂6658@gmail.com,090-4264-8902,兵庫県神戸市灘区灘南通9丁目14番9号,神戸市灘区,兵庫県,6570020,2024-09-19
6659,石川さくら,石川さくら6659@icloud.com,090-7750-6638,大阪府大阪市北区梅田1丁目4番5号,大阪市北区,大阪府,5300010,2023-07-08
6660,松本翔太,松本翔太6660@yahoo.co.jp,090-5489-9105,愛知県名古屋市中区錦1丁目24番9号,名古屋市中区,愛知県,4600002,2024-08-12
6661,長谷川美咲,長谷川美咲6661@outlook.com,090-5014-5788,愛知県名古屋市中区錦6丁目17番3号,名古屋市中区,愛知県,4600008,2023-03-08
6662,松本雄一,松本雄一6662@outlook.com,090-6075-7057,大阪府大阪市中央区本町6丁目14番10号,大阪市中央区,大阪府,5410036,2024-12-02
6663,池田恵子,池田恵子6663@outlook.com,090-4214-4249,神奈川県横浜市中区本町7丁目4番7号,横浜市中区,神奈川県,2310027,2024-03-24
6664,藤原真由美,藤原真由美6664@icloud.com,090-3521-7305,千葉県千葉市美浜区美浜6丁目16番7号,千葉市美浜区,千葉県,2610040,2023-06-01
6665,前田慎一,前田慎一6665@gmail.com,090-2950-9122,埼玉県さいたま市浦和区高砂3丁目28番8号,さいたま市浦和区,埼玉県,3300016,2024-04-03
6666,佐藤智子,佐藤智子6666@example.com,090-5149-5199,兵庫県神戸市中央区三宮町6丁目21番6号,神戸市中央区,兵庫県,6500002,2024-09-12
6667,林麻衣,林麻衣6667@yahoo.co.jp,090-9027-8091,埼玉県さいたま市浦和区高砂4丁目22番3号,さいたま市浦和区,埼玉県,3300007,2023-06-07
6668,佐藤愛,佐藤愛6668@yahoo.co.jp,090-7539-7412,埼玉県さいたま市大宮区大宮6丁目17番9号,さいたま市大宮区,埼玉県,3300023,2024-11-17
6669,山本由美子,山本由美子6669@gmail.com,090-4273-2501,東京都千代田区丸の内2丁目5番1号,千代田区,東京都,1000020,2023-08-26
6670,山田拓也,山田拓也6670@yahoo.co.jp,090-3448-5776,神奈川県横浜市西区みなとみらい5丁目2番9号,横浜市西区,神奈川県,2200011,2023-08-17
6671,後藤誠,後藤誠6671@outlook.com,090-8852-4029,兵庫県神戸市灘区灘南通8丁目17番3号,神戸市灘区,兵庫県,6570021,2023-08-24
6672,橋本達也,橋本達也6672@outlook.com,090-3015-6866,埼玉県さいたま市大宮区大宮10丁目30番3号,さいたま市大宮区,埼玉県,3300032,2024-07-07
6673,橋本亮,橋本亮6673@outlook.com,090-5811-9947,愛知県名古屋市中区錦7丁目13番9号,名古屋市中区,愛知県,4600005,2024-09-09
6674,山本香織,山本香織6674@example.com,090-6255-8060,福岡県福岡市博多区博多駅前3丁目12番1号,福岡市博多区,福岡県,8120005,2023-06-07
6675,吉田太郎,吉田太郎6675@yahoo.co.jp,090-7281-7579,大阪府大阪市中央区本町3丁目1番2号,大阪市中央区,大阪府,5410025,2023-11-03
6676,斎藤美咲,斎藤美咲6676@outlook.com,090-4519-7038,大阪府大阪市中央区本町1丁目13番2号,大阪市中央区,大阪府,5410022,2023-08-30
6677,斎藤千佳,斎藤千佳6677@yahoo.co.jp,090-1817-6378,千葉県千葉市中央区中央3丁目20番6号,千葉市中央区,千葉県,2600023,2023-07-10
6678,林拓也,林拓也6678@yahoo.co.jp,090-9914-9575,北海道札幌市中央区北1条西4丁目1番5号,札幌市中央区,北海道,0600036,2024-08-14
6679,鈴木由美子,鈴木由美子6679@icloud.com,090-2232-3636,東京都千代田区丸の内7丁目15番7号,千代田区,東京都,1000007,2023-11-13
6680,小林誠,小林誠6680@icloud.com,090-3658-2530,東京都千代田区丸の内4丁目7番7号,千代田区,東京都,1000011,2024-09-19
6681,後藤千佳,後藤千佳6681@example.com,090-3736-8188,京都府京都市中京区烏丸通6丁目29番8号,京都市中京区,京都府,6040014,2023-02-05
6682,森田美咲,森田美咲6682@gmail.com,090-1457-7403,北海道札幌市北区北6条西4丁目14番9号,札幌市北区,北海道,0600015,2024-07-08
6683,伊藤美香,伊藤美香6683@icloud.com,090-7184-4756,大阪府大阪市中央区本町2丁目11番5号,大阪市中央区,大阪府,5410025,2023-07-11
6684,石川美穂,石川美穂6684@outlook.com,090-3702-8272,東京都新宿区新宿3丁目19番1号,新宿区,東京都,1600011,2024-03-20
6685,伊藤誠,伊藤誠6685@gmail.com,090-9457-8821,北海道札幌市中央区北1条西7丁目27番9号,札幌市中央区,北海道,0600015,2024-08-23
6686,前田亮,前田亮6686@icloud.com,090-6889-7510,愛知県名古屋市中区錦9丁目16番8号,名古屋市中区,愛知県,4600006,2024-04-02
6687,林由美,林由美6687@example.com,090-1323-3678,福岡県福岡市中央区天神4丁目28番8号,福岡市中央区,福岡県,8100029,2023-04-17
6688,石川愛,石川愛6688@gmail.com,090-3166-5746,福岡県福岡市中央区天神10丁目8番2号,福岡市中央区,福岡県,8100036,2024-01-15
6689,坂本恵子,坂本恵子6689@outlook.com,090-1917-8681,京都府京都市下京区四条通3丁目17番6号,京都市下京区,京都府,6000008,2023-02-11
6690,伊藤正,伊藤正6690@gmail.com,090-4223-6381,千葉県千葉市美浜区美浜3丁目13番6号,千葉市美浜区,千葉県,2610011,2023-09-03
6691,藤原健一,藤原健一6691@icloud.com,090-1308-7405,東京都千代田区丸の内6丁目24番4号,千代田区,東京都,1000018,2023-11-18
6692,鈴木優子,鈴木優子6692@yahoo.co.jp,090-7454-7383,愛知県名古屋市中区錦8丁目10番2号,名古屋市中区,愛知県,4600007,2024-01-16
6693,後藤花子,後藤花子6693@icloud.com,090-6066-7771,兵庫県神戸市灘区灘南通9丁目22番7号,神戸市灘区,兵庫県,6570011,2024-12-01
6694,石川千佳,石川千佳6694@icloud.com,090-1562-1910,兵庫県神戸市中央区三宮町9丁目19番2号,神戸市中央区,兵庫県,6500011,2023-03-05
6695,高橋花子,高橋花子6695@yahoo.co.jp,090-4347-8386,埼玉県さいたま市浦和区高砂2丁目28番2号,さいたま市浦和区,埼玉県,3300012,2023-10-22
6696,村上由美,村上由美6696@example.com,090-2913-8350,福岡県福岡市中央区天神1丁目14番9号,福岡市中央区,福岡県,8100011,2024-11-08
6697,青木三郎,青木三郎6697@outlook.com,090-9577-4873,神奈川県横浜市中区本町6丁目19番8号,横浜市中区,神奈川県,2310008,2023-02-13
6698,林香織,林香織6698@example.com,090-3412-3865,兵庫県神戸市中央区三宮町7丁目30番10号,神戸市中央区,兵庫県,6500027,2024-03-27
6699,井上さくら,井上さくら6699@gmail.com,090-4151-4882,兵庫県神戸市中央区三宮町9丁目10番5号,神戸市中央区,兵庫県,6500024,2024-06-07
6700,後藤和也,後藤和也6700@gmail.com,090-5209-7735,福岡県福岡市博多区博多駅前5丁目13番5号,福岡市博多区,福岡県,8120007,2023-04-08
6701,小林花子,小林花子6701@outlook.com,090-7182-5628,北海道札幌市中央区北1条西3丁目20番2号,札幌市中央区,北海道,0600027,2023-12-08
6702,中村香織,中村香織6702@example.com,090-3194-3788,京都府京都市下京区四条通10丁目13番2号,京都市下京区,京都府,6000004,2023-09-09
6703,木村誠,木村誠6703@example.com,090-1002-7764,東京都千代田区丸の内10丁目18番9号,千代田区,東京都,1000006,2024-12-30
6704,木村千佳,木村千佳6704@example.com,090-5116-8705,神奈川県横浜市西区みなとみらい5丁目9番4号,横浜市西区,神奈川県,2200013,2024-12-06
6705,林翔太,林翔太6705@example.com,090-6031-5970,京都府京都市下京区四条通5丁目27番7号,京都市下京区,京都府,6000012,2023-08-06
6706,坂本由美子,坂本由美子6706@gmail.com,090-9684-8220,京都府京都市中京区烏丸通2丁目14番5号,京都市中京区,京都府,6040008,2023-08-25
6707,高橋千佳,高橋千佳6707@example.com,090-2422-4234,大阪府大阪市北区梅田3丁目15番10号,大阪市北区,大阪府,5300011,2024-10-16
6708,木村麻美,木村麻美6708@gmail.com,090-4534-1909,東京都千代田区丸の内1丁目24番6号,千代田区,東京都,1000007,2024-05-30
6709,石川亮,石川亮6709@icloud.com,090-2142-3829,神奈川県横浜市西区みなとみらい3丁目30番3号,横浜市西区,神奈川県,2200032,2023-10-04
6710,佐藤健一,佐藤健一6710@example.com,090-6805-8874,愛知県名古屋市西区名駅8丁目15番8号,名古屋市西区,愛知県,4510005,2024-11-08
6711,前田麻美,前田麻美6711@yahoo.co.jp,090-8414-3297,大阪府大阪市北区梅田9丁目27番4号,大阪市北区,大阪府,5300007,2024-09-14
6712,坂本直樹,坂本直樹6712@gmail.com,090-1222-7532,神奈川県横浜市中区本町9丁目26番4号,横浜市中区,神奈川県,2310020,2024-10-21
6713,後藤雄一,後藤雄一6713@gmail.com,090-3165-3903,神奈川県横浜市西区みなとみらい10丁目24番9号,横浜市西区,神奈川県,2200028,2024-06-23
6714,鈴木恵子,鈴木恵子6714@outlook.com,090-4956-7406,北海道札幌市中央区北1条西8丁目22番3号,札幌市中央区,北海道,0600006,2023-03-16
6715,佐藤麻衣,佐藤麻衣6715@gmail.com,090-2812-8596,大阪府大阪市北区梅田1丁目19番10号,大阪市北区,大阪府,5300010,2024-03-15
6716,長谷川美穂,長谷川美穂6716@yahoo.co.jp,090-3421-5430,埼玉県さいたま市大宮区大宮4丁目2番8号,さいたま市大宮区,埼玉県,3300041,2024-12-04
6717,遠藤正,遠藤正6717@gmail.com,090-8661-4130,愛知県名古屋市中区錦5丁目29番3号,名古屋市中区,愛知県,4600004,2024-09-30
6718,加藤由美,加藤由美6718@example.com,090-3558-3389,愛知県名古屋市西区名駅4丁目9番8号,名古屋市西区,愛知県,4510027,2023-08-25
6719,村上次郎,村上次郎6719@yahoo.co.jp,090-9833-2118,東京都渋谷区渋谷9丁目28番1号,渋谷区,東京都,1500034,2024-08-22
6720,佐藤達也,佐藤達也6720@example.com,090-5236-4257,北海道札幌市北区北6条西3丁目28番5号,札幌市北区,北海道,0600023,2023-07-31
6721,後藤亮,後藤亮6721@gmail.com,090-3660-4273,大阪府大阪市中央区本町7丁目30番3号,大阪市中央区,大阪府,5410036,2023-01-28
6722,村上智子,村上智子6722@outlook.com,090-7436-1275,北海道札幌市中央区北1条西9丁目26番4号,札幌市中央区,北海道,0600006,2023-04-09
6723,池田麻美,池田麻美6723@gmail.com,090-1882-7454,東京都渋谷区渋谷3丁目23番6号,渋谷区,東京都,1500009,2024-05-16
6724,吉田翔太,吉田翔太6724@example.com,090-3917-1066,北海道札幌市中央区北1条西7丁目6番8号,札幌市中央区,北海道,0600024,2024-09-28
6725,藤井由美子,藤井由美子6725@gmail.com,090-3870-2310,神奈川県横浜市中区本町7丁目29番5号,横浜市中区,神奈川県,2310005,2023-03-08
6726,田中健太,田中健太6726@outlook.com,090-3007-8830,兵庫県神戸市灘区灘南通4丁目26番9号,神戸市灘区,兵庫県,6570002,2023-07-30
6727,橋本麻衣,橋本麻衣6727@example.com,090-6150-2906,愛知県名古屋市中区錦9丁目13番10号,名古屋市中区,愛知県,4600001,2024-09-19
6728,斎藤美穂,斎藤美穂6728@outlook.com,090-8147-9110,埼玉県さいたま市大宮区大宮4丁目2番2号,さいたま市大宮区,埼玉県,3300010,2024-11-10
6729,森田愛,森田愛6729@gmail.com,090-4367-6441,兵庫県神戸市灘区灘南通3丁目10番4号,神戸市灘区,兵庫県,6570034,2023-01-09
6730,森田三郎,森田三郎6730@yahoo.co.jp,090-8622-9336,神奈川県横浜市中区本町9丁目14番8号,横浜市中区,神奈川県,2310024,2024-04-18
6731,長谷川愛,長谷川愛6731@outlook.com,090-3900-2574,大阪府大阪市北区梅田6丁目25番5号,大阪市北区,大阪府,5300002,2024-11-05
6732,後藤恵子,後藤恵子6732@gmail.com,090-1865-6925,神奈川県横浜市中区本町8丁目20番6号,横浜市中区,神奈川県,2310026,2023-01-01
6733,山本健一,山本健一6733@outlook.com,090-7738-7948,千葉県千葉市中央区中央5丁目27番2号,千葉市中央区,千葉県,2600039,2024-09-08
6734,池田優子,池田優子6734@yahoo.co.jp,090-9416-4843,神奈川県横浜市西区みなとみらい6丁目27番1号,横浜市西区,神奈川県,2200032,2024-03-21
6735,鈴木真由美,鈴木真由美6735@gmail.com,090-8252-5229,東京都新宿区新宿1丁目25番10号,新宿区,東京都,1600016,2023-10-31
6736,藤原愛,藤原愛6736@icloud.com,090-9207-2727,兵庫県神戸市中央区三宮町9丁目16番1号,神戸市中央区,兵庫県,6500004,2023-03-05
6737,木村次郎,木村次郎6737@outlook.com,090-1301-9192,埼玉県さいたま市大宮区大宮9丁目19番6号,さいたま市大宮区,埼玉県,3300032,2023-05-20
6738,森田麻美,森田麻美6738@outlook.com,090-8850-7185,兵庫県神戸市中央区三宮町5丁目27番6号,神戸市中央区,兵庫県,6500040,2023-09-01
6739,村上剛,村上剛6739@yahoo.co.jp,090-3162-7067,京都府京都市下京区四条通10丁目14番7号,京都市下京区,京都府,6000035,2024-06-29
6740,伊藤翔太,伊藤翔太6740@outlook.com,090-4395-5971,東京都新宿区新宿10丁目1番2号,新宿区,東京都,1600009,2023-05-05
6741,斎藤麻衣,斎藤麻衣6741@yahoo.co.jp,090-4760-4168,千葉県千葉市美浜区美浜6丁目17番8号,千葉市美浜区,千葉県,2610002,2024-11-17
6742,藤原剛,藤原剛6742@yahoo.co.jp,090-7299-2965,埼玉県さいたま市大宮区大宮9丁目4番5号,さいたま市大宮区,埼玉県,3300030,2024-01-19
6743,加藤一郎,加藤一郎6743@yahoo.co.jp,090-2697-4095,大阪府大阪市北区梅田6丁目28番3号,大阪市北区,大阪府,5300009,2024-06-26
6744,前田恵子,前田恵子6744@icloud.com,090-4003-7357,福岡県福岡市中央区天神7丁目8番1号,福岡市中央区,福岡県,8100026,2024-01-01
6745,斎藤剛,斎藤剛6745@icloud.com,090-6909-6877,京都府京都市中京区烏丸通10丁目14番8号,京都市中京区,京都府,6040012,2023-07-28
6746,森田太郎,森田太郎6746@outlook.com,090-6687-5473,東京都渋谷区渋谷6丁目21番6号,渋谷区,東京都,1500028,2023-09-25
6747,青木由美,青木由美6747@outlook.com,090-1826-2457,東京都千代田区丸の内5丁目17番3号,千代田区,東京都,1000015,2023-04-25
6748,伊藤美咲,伊藤美咲6748@icloud.com,090-6468-3097,北海道札幌市北区北6条西3丁目2番4号,札幌市北区,北海道,0600027,2023-10-19
6749,藤井香織,藤井香織6749@icloud.com,090-9578-7252,埼玉県さいたま市浦和区高砂3丁目30番7号,さいたま市浦和区,埼玉県,3300016,2023-06-12
6750,加藤雄一,加藤雄一6750@icloud.com,090-3971-3337,愛知県名古屋市西区名駅7丁目5番9号,名古屋市西区,愛知県,4510032,2023-12-13
6751,鈴木一郎,鈴木一郎6751@yahoo.co.jp,090-5476-3849,愛知県名古屋市中区錦1丁目12番8号,名古屋市中区,愛知県,4600005,2023-10-05
6752,渡辺一郎,渡辺一郎6752@icloud.com,090-8508-8419,北海道札幌市北区北6条西6丁目6番5号,札幌市北区,北海道,0600021,2024-08-18
6753,石川達也,石川達也6753@icloud.com,090-2826-2530,東京都千代田区丸の内1丁目11番9号,千代田区,東京都,1000002,2024-04-28
6754,渡辺直樹,渡辺直樹6754@outlook.com,090-9930-9807,埼玉県さいたま市浦和区高砂9丁目9番7号,さいたま市浦和区,埼玉県,3300011,2024-12-03
6755,高橋健一,高橋健一6755@icloud.com,090-2278-4251,千葉県千葉市美浜区美浜9丁目20番7号,千葉市美浜区,千葉県,2610020,2023-03-19
6756,渡辺香織,渡辺香織6756@icloud.com,090-6278-8825,東京都渋谷区渋谷7丁目12番8号,渋谷区,東京都,1500031,2024-12-20
6757,木村慎一,木村慎一6757@gmail.com,090-9585-8777,東京都新宿区新宿4丁目6番6号,新宿区,東京都,1600008,2023-10-24
6758,木村次郎,木村次郎6758@gmail.com,090-1650-5033,東京都新宿区新宿9丁目3番1号,新宿区,東京都,1600001,2024-06-17
6759,渡辺美穂,渡辺美穂6759@icloud.com,090-1446-2057,京都府京都市下京区四条通8丁目26番6号,京都市下京区,京都府,6000010,2024-12-14
6760,坂本拓也,坂本拓也6760@outlook.com,090-4093-5898,東京都千代田区丸の内6丁目22番8号,千代田区,東京都,1000016,2023-12-22
6761,松本剛,松本剛6761@yahoo.co.jp,090-1609-6018,大阪府大阪市中央区本町1丁目20番2号,大阪市中央区,大阪府,5410009,2024-03-22
6762,森田香織,森田香織6762@outlook.com,090-1253-5904,埼玉県さいたま市浦和区高砂2丁目1番2号,さいたま市浦和区,埼玉県,3300021,2024-03-26
6763,石川由美子,石川由美子6763@yahoo.co.jp,090-3172-2253,兵庫県神戸市中央区三宮町3丁目7番6号,神戸市中央区,兵庫県,6500011,2024-08-02
6764,木村美香,木村美香6764@icloud.com,090-8019-3684,北海道札幌市北区北6条西3丁目14番8号,札幌市北区,北海道,0600027,2024-01-06
6765,斎藤翔太,斎藤翔太6765@yahoo.co.jp,090-2393-4256,東京都千代田区丸の内3丁目3番4号,千代田区,東京都,1000017,2024-08-01
6766,木村剛,木村剛6766@icloud.com,090-6358-5092,京都府京都市中京区烏丸通7丁目27番6号,京都市中京区,京都府,6040036,2024-05-03
6767,池田真由美,池田真由美6767@gmail.com,090-3184-6721,愛知県名古屋市西区名駅6丁目23番5号,名古屋市西区,愛知県,4510009,2023-09-26
6768,池田大輔,池田大輔6768@outlook.com,090-8926-2832,兵庫県神戸市中央区三宮町5丁目9番4号,神戸市中央区,兵庫県,6500002,2023-03-07
6769,近藤大輔,近藤大輔6769@example.com,090-3617-2559,埼玉県さいたま市浦和区高砂10丁目10番9号,さいたま市浦和区,埼玉県,3300031,2024-06-15
6770,池田千佳,池田千佳6770@icloud.com,090-4194-7290,愛知県名古屋市中区錦7丁目13番4号,名古屋市中区,愛知県,4600002,2023-06-21
6771,林健太,林健太6771@gmail.com,090-8666-2845,東京都新宿区新宿4丁目1番9号,新宿区,東京都,1600004,2023-02-22
6772,青木正,青木正6772@example.com,090-8389-3700,東京都渋谷区渋谷10丁目10番8号,渋谷区,東京都,1500028,2024-05-03
6773,池田千佳,池田千佳6773@gmail.com,090-8447-2191,東京都新宿区新宿7丁目18番5号,新宿区,東京都,1600013,2024-11-08
6774,岡田恵子,岡田恵子6774@outlook.com,090-9344-3325,東京都千代田区丸の内1丁目18番6号,千代田区,東京都,1000010,2024-03-28
6775,遠藤美香,遠藤美香6775@gmail.com,090-3467-2418,神奈川県横浜市西区みなとみらい3丁目30番2号,横浜市西区,神奈川県,2200028,2024-06-24
6776,岡田誠,岡田誠6776@gmail.com,090-9050-4073,千葉県千葉市中央区中央9丁目30番4号,千葉市中央区,千葉県,2600001,2024-08-04
6777,岡田太郎,岡田太郎6777@gmail.com,090-2982-7730,千葉県千葉市美浜区美浜5丁目2番9号,千葉市美浜区,千葉県,2610039,2024-04-23
6778,中村一郎,中村一郎6778@yahoo.co.jp,090-4738-7400,兵庫県神戸市中央区三宮町6丁目15番10号,神戸市中央区,兵庫県,6500028,2023-08-18
6779,藤井美穂,藤井美穂6779@icloud.com,090-1425-9502,愛知県名古屋市中区錦6丁目18番2号,名古屋市中区,愛知県,4600008,2024-11-17
6780,山田大輔,山田大輔6780@icloud.com,090-5383-4269,北海道札幌市中央区北1条西8丁目8番9号,札幌市中央区,北海道,0600012,2023-04-12
6781,山田拓也,山田拓也6781@outlook.com,090-5424-7795,愛知県名古屋市西区名駅9丁目11番1号,名古屋市西区,愛知県,4510014,2024-06-14
6782,前田美香,前田美香6782@yahoo.co.jp,090-4653-1460,大阪府大阪市北区梅田5丁目11番2号,大阪市北区,大阪府,5300012,2024-01-15
6783,橋本恵子,橋本恵子6783@example.com,090-5243-9064,埼玉県さいたま市浦和区高砂3丁目9番4号,さいたま市浦和区,埼玉県,3300006,2023-08-04
6784,渡辺千佳,渡辺千佳6784@outlook.com,090-5587-9741,愛知県名古屋市西区名駅1丁目15番5号,名古屋市西区,愛知県,4510003,2024-03-05
6785,中村麻衣,中村麻衣6785@yahoo.co.jp,090-2955-8601,大阪府大阪市北区梅田4丁目19番1号,大阪市北区,大阪府,5300004,2024-05-20
6786,近藤三郎,近藤三郎6786@icloud.com,090-1869-7894,愛知県名古屋市中区錦6丁目8番2号,名古屋市中区,愛知県,4600003,2024-04-24
6787,藤井正,藤井正6787@icloud.com,090-8580-2179,大阪府大阪市中央区本町10丁目16番3号,大阪市中央区,大阪府,5410017,2024-12-16
6788,遠藤三郎,遠藤三郎6788@example.com,090-7642-3238,京都府京都市下京区四条通2丁目15番1号,京都市下京区,京都府,6000030,2024-04-25
6789,高橋美香,高橋美香6789@outlook.com,090-4724-5374,東京都千代田区丸の内10丁目5番5号,千代田区,東京都,1000020,2023-01-15
6790,加藤麻衣,加藤麻衣6790@yahoo.co.jp,090-8995-7188,千葉県千葉市中央区中央7丁目7番4号,千葉市中央区,千葉県,2600041,2024-11-01
6791,伊藤さくら,伊藤さくら6791@example.com,090-6065-3391,東京都渋谷区渋谷7丁目8番6号,渋谷区,東京都,1500027,2023-11-01
6792,橋本香織,橋本香織6792@example.com,090-4466-7870,北海道札幌市中央区北1条西4丁目20番9号,札幌市中央区,北海道,0600041,2023-11-28
6793,林真由美,林真由美6793@icloud.com,090-2601-2925,千葉県千葉市中央区中央7丁目22番3号,千葉市中央区,千葉県,2600039,2024-08-22
6794,青木拓也,青木拓也6794@icloud.com,090-7783-4533,千葉県千葉市中央区中央1丁目2番4号,千葉市中央区,千葉県,2600019,2024-02-24
6795,長谷川智子,長谷川智子6795@yahoo.co.jp,090-6712-4424,東京都千代田区丸の内5丁目2番7号,千代田区,東京都,1000021,2023-12-22
6796,橋本誠,橋本誠6796@example.com,090-7650-9255,千葉県千葉市美浜区美浜5丁目2番10号,千葉市美浜区,千葉県,2610036,2023-12-07
6797,松本香織,松本香織6797@example.com,090-2943-4624,兵庫県神戸市中央区三宮町10丁目8番7号,神戸市中央区,兵庫県,6500020,2023-08-15
6798,近藤花子,近藤花子6798@outlook.com,090-5635-9367,東京都千代田区丸の内7丁目30番9号,千代田区,東京都,1000019,2023-05-29
6799,田中直樹,田中直樹6799@yahoo.co.jp,090-4059-9115,千葉県千葉市中央区中央8丁目17番8号,千葉市中央区,千葉県,2600030,2024-02-01
6800,田中由美,田中由美6800@example.com,090-9603-7367,福岡県福岡市中央区天神6丁目27番6号,福岡市中央区,福岡県,8100035,2023-12-30
6801,中村達也,中村達也6801@yahoo.co.jp,090-9289-2546,福岡県福岡市中央区天神10丁目6番8号,福岡市中央区,福岡県,8100007,2024-04-30
6802,渡辺恵子,渡辺恵子6802@icloud.com,090-7738-7142,福岡県福岡市博多区博多駅前3丁目21番2号,福岡市博多区,福岡県,8120013,2024-03-09
6803,加藤次郎,加藤次郎6803@gmail.com,090-5036-4771,大阪府大阪市中央区本町5丁目14番1号,大阪市中央区,大阪府,5410014,2024-10-16
6804,中村真由美,中村真由美6804@gmail.com,090-6338-9315,千葉県千葉市美浜区美浜7丁目8番6号,千葉市美浜区,千葉県,2610023,2023-05-11
6805,渡辺誠,渡辺誠6805@icloud.com,090-6692-5289,神奈川県横浜市西区みなとみらい10丁目18番3号,横浜市西区,神奈川県,2200040,2023-05-24
6806,藤原美香,藤原美香6806@icloud.com,090-1093-6054,埼玉県さいたま市浦和区高砂3丁目3番10号,さいたま市浦和区,埼玉県,3300001,2023-08-31
6807,岡田健一,岡田健一6807@outlook.com,090-3456-2918,兵庫県神戸市灘区灘南通3丁目3番2号,神戸市灘区,兵庫県,6570030,2023-06-18
6808,森田智子,森田智子6808@outlook.com,090-7970-4508,京都府京都市下京区四条通9丁目10番3号,京都市下京区,京都府,6000029,2024-04-07
6809,林優子,林優子6809@yahoo.co.jp,090-3866-3033,千葉県千葉市美浜区美浜4丁目29番3号,千葉市美浜区,千葉県,2610027,2024-11-25
6810,鈴木麻衣,鈴木麻衣6810@gmail.com,090-3806-4449,兵庫県神戸市灘区灘南通3丁目24番7号,神戸市灘区,兵庫県,6570034,2024-08-26
6811,渡辺智子,渡辺智子6811@example.com,090-4494-3523,福岡県福岡市博多区博多駅前5丁目2番8号,福岡市博多区,福岡県,8120016,2023-11-13
6812,吉田麻衣,吉田麻衣6812@gmail.com,090-3406-3049,神奈川県横浜市中区本町4丁目23番10号,横浜市中区,神奈川県,2310022,2024-09-26
6813,藤井由美,藤井由美6813@icloud.com,090-9022-5708,愛知県名古屋市西区名駅9丁目15番2号,名古屋市西区,愛知県,4510006,2024-05-13
6814,遠藤大輔,遠藤大輔6814@example.com,090-4725-2938,兵庫県神戸市中央区三宮町9丁目17番4号,神戸市中央区,兵庫県,6500041,2023-09-29
6815,青木由美,青木由美6815@example.com,090-7441-9541,兵庫県神戸市灘区灘南通3丁目23番6号,神戸市灘区,兵庫県,6570030,2023-08-22
6816,中村雄一,中村雄一6816@outlook.com,090-5137-2645,大阪府大阪市中央区本町8丁目5番8号,大阪市中央区,大阪府,5410018,2024-02-11
6817,林麻美,林麻美6817@outlook.com,090-7770-6281,北海道札幌市中央区北1条西9丁目6番10号,札幌市中央区,北海道,0600014,2023-02-13
6818,田中真由美,田中真由美6818@gmail.com,090-4629-6447,北海道札幌市北区北6条西3丁目30番5号,札幌市北区,北海道,0600023,2023-06-27
6819,佐藤香織,佐藤香織6819@yahoo.co.jp,090-6797-8027,兵庫県神戸市灘区灘南通10丁目6番2号,神戸市灘区,兵庫県,6570027,2024-08-23
6820,橋本和也,橋本和也6820@gmail.com,090-4115-6257,大阪府大阪市北区梅田8丁目16番4号,大阪市北区,大阪府,5300008,2024-11-04
6821,青木翔太,青木翔太6821@gmail.com,090-3292-7307,京都府京都市下京区四条通8丁目9番9号,京都市下京区,京都府,6000028,2024-10-26
6822,岡田大輔,岡田大輔6822@gmail.com,090-3301-7472,埼玉県さいたま市大宮区大宮5丁目19番1号,さいたま市大宮区,埼玉県,3300034,2024-07-05
6823,吉田亮,吉田亮6823@example.com,090-2090-2366,兵庫県神戸市灘区灘南通5丁目22番8号,神戸市灘区,兵庫県,6570026,2024-08-12
6824,池田花子,池田花子6824@yahoo.co.jp,090-5495-7087,埼玉県さいたま市浦和区高砂7丁目24番3号,さいたま市浦和区,埼玉県,3300011,2023-12-25
6825,高橋千佳,高橋千佳6825@outlook.com,090-7309-1042,埼玉県さいたま市浦和区高砂10丁目4番1号,さいたま市浦和区,埼玉県,3300003,2024-03-30
6826,池田拓也,池田拓也6826@example.com,090-4194-1101,千葉県千葉市中央区中央2丁目13番3号,千葉市中央区,千葉県,2600022,2024-02-07
6827,高橋香織,高橋香織6827@icloud.com,090-5243-7427,福岡県福岡市博多区博多駅前7丁目18番10号,福岡市博多区,福岡県,8120015,2024-04-21
6828,山本由美,山本由美6828@icloud.com,090-4182-4492,千葉県千葉市中央区中央3丁目19番10号,千葉市中央区,千葉県,2600011,2024-04-27
6829,石川剛,石川剛6829@yahoo.co.jp,090-3900-6276,北海道札幌市中央区北1条西8丁目13番1号,札幌市中央区,北海道,0600041,2024-11-30
6830,林亮,林亮6830@example.com,090-3040-1106,千葉県千葉市中央区中央2丁目15番1号,千葉市中央区,千葉県,2600009,2023-03-11
6831,藤井大輔,藤井大輔6831@gmail.com,090-3945-5454,埼玉県さいたま市大宮区大宮2丁目10番6号,さいたま市大宮区,埼玉県,3300014,2023-04-12
6832,村上剛,村上剛6832@example.com,090-1326-2515,大阪府大阪市北区梅田6丁目9番6号,大阪市北区,大阪府,5300001,2024-04-11
6833,藤井雄一,藤井雄一6833@icloud.com,090-9963-6561,北海道札幌市北区北6条西3丁目18番2号,札幌市北区,北海道,0600018,2023-09-01
6834,森田次郎,森田次郎6834@yahoo.co.jp,090-6462-1453,愛知県名古屋市西区名駅10丁目17番4号,名古屋市西区,愛知県,4510015,2023-03-28
6835,橋本美咲,橋本美咲6835@outlook.com,090-5692-3708,兵庫県神戸市中央区三宮町1丁目1番7号,神戸市中央区,兵庫県,6500002,2023-07-16
6836,吉田次郎,吉田次郎6836@yahoo.co.jp,090-4640-1428,東京都千代田区丸の内1丁目18番3号,千代田区,東京都,1000007,2024-11-18
6837,伊藤美穂,伊藤美穂6837@outlook.com,090-3463-4397,神奈川県横浜市西区みなとみらい3丁目25番8号,横浜市西区,神奈川県,2200012,2023-10-15
6838,前田花子,前田花子6838@gmail.com,090-9761-4032,北海道札幌市北区北6条西5丁目19番10号,札幌市北区,北海道,0600013,2023-01-10
6839,松本健一,松本健一6839@yahoo.co.jp,090-5239-7909,東京都新宿区新宿5丁目2番2号,新宿区,東京都,1600018,2023-02-16
6840,斎藤真由美,斎藤真由美6840@icloud.com,090-2417-5959,愛知県名古屋市中区錦10丁目11番1号,名古屋市中区,愛知県,4600008,2023-06-20
6841,坂本直樹,坂本直樹6841@icloud.com,090-4552-6120,神奈川県横浜市中区本町10丁目5番10号,横浜市中区,神奈川県,2310014,2023-04-21
6842,吉田さくら,吉田さくら6842@gmail.com,090-1121-2307,大阪府大阪市中央区本町2丁目26番2号,大阪市中央区,大阪府,5410034,2024-09-05
6843,渡辺愛,渡辺愛6843@yahoo.co.jp,090-6576-7305,福岡県福岡市博多区博多駅前3丁目13番10号,福岡市博多区,福岡県,8120014,2023-09-30
6844,中村花子,中村花子6844@example.com,090-6616-4809,千葉県千葉市美浜区美浜7丁目5番3号,千葉市美浜区,千葉県,2610033,2023-10-06
6845,森田直樹,森田直樹6845@outlook.com,090-8196-4709,埼玉県さいたま市浦和区高砂5丁目12番3号,さいたま市浦和区,埼玉県,3300012,2023-12-10
6846,林香織,林香織6846@yahoo.co.jp,090-2684-6564,兵庫県神戸市中央区三宮町10丁目3番8号,神戸市中央区,兵庫県,6500040,2023-05-17
6847,佐藤美咲,佐藤美咲6847@outlook.com,090-9257-9665,兵庫県神戸市灘区灘南通8丁目10番2号,神戸市灘区,兵庫県,6570038,2023-07-05
6848,藤原次郎,藤原次郎6848@icloud.com,090-6045-5041,京都府京都市下京区四条通10丁目13番9号,京都市下京区,京都府,6000005,2023-07-02
6849,山田達也,山田達也6849@example.com,090-7585-9651,福岡県福岡市博多区博多駅前7丁目20番9号,福岡市博多区,福岡県,8120020,2023-11-18
6850,斎藤大輔,斎藤大輔6850@example.com,090-6112-4966,福岡県福岡市博多区博多駅前8丁目1番1号,福岡市博多区,福岡県,8120020,2023-02-13
6851,遠藤正,遠藤正6851@example.com,090-6191-9724,東京都千代田区丸の内3丁目14番9号,千代田区,東京都,1000008,2024-02-22
6852,岡田美香,岡田美香6852@example.com,090-7506-2391,愛知県名古屋市中区錦7丁目10番8号,名古屋市中区,愛知県,4600005,2024-11-29
6853,岡田恵子,岡田恵子6853@outlook.com,090-6645-4255,京都府京都市下京区四条通6丁目23番4号,京都市下京区,京都府,6000017,2024-10-19
6854,青木太郎,青木太郎6854@example.com,090-6235-8436,京都府京都市中京区烏丸通8丁目24番8号,京都市中京区,京都府,6040018,2023-10-13
6855,近藤正,近藤正6855@yahoo.co.jp,090-3018-4412,東京都千代田区丸の内6丁目18番7号,千代田区,東京都,1000004,2024-04-01
6856,小林健一,小林健一6856@example.com,090-1826-6975,東京都渋谷区渋谷8丁目22番4号,渋谷区,東京都,1500040,2024-04-04
6857,山本正,山本正6857@outlook.com,090-8732-1477,東京都新宿区新宿7丁目1番10号,新宿区,東京都,1600009,2024-06-22
6858,伊藤翔太,伊藤翔太6858@yahoo.co.jp,090-3254-9429,京都府京都市下京区四条通5丁目25番7号,京都市下京区,京都府,6000002,2023-12-18
6859,吉田雄一,吉田雄一6859@icloud.com,090-9661-6614,大阪府大阪市北区梅田7丁目21番9号,大阪市北区,大阪府,5300020,2024-02-12
6860,前田花子,前田花子6860@icloud.com,090-6263-2164,福岡県福岡市博多区博多駅前9丁目1番2号,福岡市博多区,福岡県,8120013,2023-07-08
6861,小林誠,小林誠6861@outlook.com,090-4718-4735,東京都千代田区丸の内2丁目16番1号,千代田区,東京都,1000006,2023-09-04
6862,山本香織,山本香織6862@yahoo.co.jp,090-1435-9655,大阪府大阪市中央区本町7丁目27番6号,大阪市中央区,大阪府,5410022,2024-06-04
6863,渡辺直樹,渡辺直樹6863@outlook.com,090-2875-8269,埼玉県さいたま市大宮区大宮1丁目18番8号,さいたま市大宮区,埼玉県,3300004,2024-01-22
6864,遠藤次郎,遠藤次郎6864@outlook.com,090-3964-7299,東京都千代田区丸の内1丁目11番9号,千代田区,東京都,1000016,2023-12-01
6865,伊藤由美,伊藤由美6865@icloud.com,090-7361-1056,福岡県福岡市中央区天神6丁目28番5号,福岡市中央区,福岡県,8100003,2024-02-18
6866,藤原正,藤原正6866@gmail.com,090-6071-4155,福岡県福岡市博多区博多駅前3丁目24番7号,福岡市博多区,福岡県,8120021,2023-04-11
6867,遠藤正,遠藤正6867@gmail.com,090-5683-7311,東京都千代田区丸の内5丁目29番6号,千代田区,東京都,1000010,2024-01-14
6868,加藤亮,加藤亮6868@example.com,090-8604-3952,兵庫県神戸市灘区灘南通2丁目2番4号,神戸市灘区,兵庫県,6570018,2024-02-16
6869,後藤さくら,後藤さくら6869@gmail.com,090-8764-7815,千葉県千葉市中央区中央9丁目15番6号,千葉市中央区,千葉県,2600032,2024-12-29
6870,山本麻美,山本麻美6870@yahoo.co.jp,090-4131-8244,千葉県千葉市中央区中央8丁目22番10号,千葉市中央区,千葉県,2600006,2023-03-08
6871,佐藤和也,佐藤和也6871@outlook.com,090-6579-1864,北海道札幌市中央区北1条西3丁目9番10号,札幌市中央区,北海道,0600041,2023-02-18
6872,後藤直樹,後藤直樹6872@example.com,090-9214-5044,兵庫県神戸市中央区三宮町6丁目28番2号,神戸市中央区,兵庫県,6500035,2024-10-06
6873,松本さくら,松本さくら6873@gmail.com,090-9371-4402,兵庫県神戸市灘区灘南通4丁目12番1号,神戸市灘区,兵庫県,6570004,2023-10-31
6874,近藤正,近藤正6874@yahoo.co.jp,090-1365-1748,千葉県千葉市美浜区美浜6丁目4番3号,千葉市美浜区,千葉県,2610030,2023-11-06
6875,長谷川和也,長谷川和也6875@gmail.com,090-3668-7269,東京都千代田区丸の内5丁目19番5号,千代田区,東京都,1000014,2023-02-12
6876,井上和也,井上和也6876@outlook.com,090-9759-1782,埼玉県さいたま市浦和区高砂4丁目25番1号,さいたま市浦和区,埼玉県,3300007,2023-10-06
6877,長谷川翔太,長谷川翔太6877@example.com,090-9929-8457,千葉県千葉市中央区中央3丁目24番3号,千葉市中央区,千葉県,2600005,2024-11-29
6878,後藤香織,後藤香織6878@icloud.com,090-2663-7634,愛知県名古屋市西区名駅8丁目13番4号,名古屋市西区,愛知県,4510038,2024-07-26
6879,石川和也,石川和也6879@yahoo.co.jp,090-8404-3630,埼玉県さいたま市大宮区大宮1丁目2番5号,さいたま市大宮区,埼玉県,3300028,2024-08-28
6880,渡辺達也,渡辺達也6880@icloud.com,090-8774-8821,埼玉県さいたま市大宮区大宮9丁目12番6号,さいたま市大宮区,埼玉県,3300015,2024-09-09
6881,青木花子,青木花子6881@icloud.com,090-5757-8297,京都府京都市中京区烏丸通9丁目24番4号,京都市中京区,京都府,6040011,2024-05-27
6882,小林智子,小林智子6882@icloud.com,090-7692-1592,神奈川県横浜市中区本町10丁目13番9号,横浜市中区,神奈川県,2310034,2024-10-29
6883,吉田真由美,吉田真由美6883@icloud.com,090-2077-5535,神奈川県横浜市西区みなとみらい7丁目17番8号,横浜市西区,神奈川県,2200034,2023-03-22
6884,長谷川智子,長谷川智子6884@example.com,090-9297-9029,北海道札幌市中央区北1条西4丁目8番9号,札幌市中央区,北海道,0600033,2023-06-06
6885,村上慎一,村上慎一6885@outlook.com,090-6054-3211,東京都新宿区新宿2丁目4番9号,新宿区,東京都,1600016,2024-05-17
6886,吉田愛,吉田愛6886@icloud.com,090-7078-8546,東京都千代田区丸の内10丁目1番4号,千代田区,東京都,1000015,2023-05-26
6887,青木さくら,青木さくら6887@yahoo.co.jp,090-8574-2946,兵庫県神戸市中央区三宮町3丁目4番4号,神戸市中央区,兵庫県,6500026,2023-05-15
6888,長谷川次郎,長谷川次郎6888@outlook.com,090-1311-9966,神奈川県横浜市西区みなとみらい1丁目14番6号,横浜市西区,神奈川県,2200002,2023-10-04
6889,藤井恵子,藤井恵子6889@yahoo.co.jp,090-2393-1732,兵庫県神戸市灘区灘南通9丁目23番5号,神戸市灘区,兵庫県,6570002,2024-07-08
6890,小林麻美,小林麻美6890@example.com,090-8766-5249,京都府京都市中京区烏丸通5丁目19番10号,京都市中京区,京都府,6040026,2024-05-13
6891,森田美穂,森田美穂6891@example.com,090-3140-5282,北海道札幌市中央区北1条西2丁目30番1号,札幌市中央区,北海道,0600032,2024-01-29
6892,伊藤恵子,伊藤恵子6892@outlook.com,090-1500-3443,東京都新宿区新宿3丁目16番1号,新宿区,東京都,1600017,2024-05-21
6893,渡辺次郎,渡辺次郎6893@icloud.com,090-6137-5403,埼玉県さいたま市大宮区大宮4丁目6番6号,さいたま市大宮区,埼玉県,3300029,2023-09-07
6894,藤原正,藤原正6894@gmail.com,090-5829-5644,京都府京都市下京区四条通9丁目16番6号,京都市下京区,京都府,6000019,2023-02-05
6895,林雄一,林雄一6895@gmail.com,090-5892-8029,兵庫県神戸市中央区三宮町2丁目10番9号,神戸市中央区,兵庫県,6500033,2023-10-27
6896,吉田慎一,吉田慎一6896@yahoo.co.jp,090-5102-4658,兵庫県神戸市中央区三宮町10丁目16番8号,神戸市中央区,兵庫県,6500024,2023-04-16
6897,後藤麻美,後藤麻美6897@outlook.com,090-1273-4603,千葉県千葉市美浜区美浜6丁目29番10号,千葉市美浜区,千葉県,2610030,2023-10-31
6898,松本慎一,松本慎一6898@gmail.com,090-2927-2996,兵庫県神戸市中央区三宮町7丁目20番8号,神戸市中央区,兵庫県,6500034,2024-09-13
6899,井上花子,井上花子6899@yahoo.co.jp,090-3179-3798,愛知県名古屋市西区名駅1丁目23番7号,名古屋市西区,愛知県,4510005,2023-04-21
6900,鈴木美穂,鈴木美穂6900@yahoo.co.jp,090-6167-1470,京都府京都市中京区烏丸通9丁目19番5号,京都市中京区,京都府,6040027,2023-06-11
6901,後藤美穂,後藤美穂6901@icloud.com,090-4219-3043,兵庫県神戸市灘区灘南通10丁目5番4号,神戸市灘区,兵庫県,6570038,2024-04-10
6902,林雄一,林雄一6902@example.com,090-2660-4523,北海道札幌市中央区北1条西8丁目29番7号,札幌市中央区,北海道,0600023,2023-01-09
6903,松本次郎,松本次郎6903@yahoo.co.jp,090-8149-3994,福岡県福岡市博多区博多駅前8丁目28番7号,福岡市博多区,福岡県,8120015,2023-01-29
6904,森田真由美,森田真由美6904@icloud.com,090-4343-5131,千葉県千葉市中央区中央5丁目26番7号,千葉市中央区,千葉県,2600012,2023-05-30
6905,中村直樹,中村直樹6905@yahoo.co.jp,090-1923-2853,大阪府大阪市中央区本町2丁目3番9号,大阪市中央区,大阪府,5410015,2024-06-07
6906,伊藤直樹,伊藤直樹6906@outlook.com,090-8982-6626,北海道札幌市北区北6条西6丁目1番9号,札幌市北区,北海道,0600021,2024-06-09
6907,岡田健一,岡田健一6907@yahoo.co.jp,090-7252-6259,東京都千代田区丸の内9丁目12番4号,千代田区,東京都,1000001,2023-05-02
6908,松本麻美,松本麻美6908@example.com,090-6056-7174,大阪府大阪市北区梅田2丁目22番2号,大阪市北区,大阪府,5300018,2023-09-07
6909,近藤翔太,近藤翔太6909@yahoo.co.jp,090-8146-4529,兵庫県神戸市灘区灘南通2丁目18番8号,神戸市灘区,兵庫県,6570002,2023-10-27
6910,高橋慎一,高橋慎一6910@outlook.com,090-1503-9848,愛知県名古屋市中区錦8丁目28番2号,名古屋市中区,愛知県,4600008,2024-10-12
6911,小林慎一,小林慎一6911@example.com,090-5114-7629,大阪府大阪市北区梅田5丁目25番7号,大阪市北区,大阪府,5300020,2023-05-27
6912,近藤恵子,近藤恵子6912@icloud.com,090-1916-2934,東京都新宿区新宿1丁目8番3号,新宿区,東京都,1600018,2024-12-11
6913,前田雄一,前田雄一6913@gmail.com,090-8667-7843,北海道札幌市北区北6条西8丁目17番9号,札幌市北区,北海道,0600007,2024-08-14
6914,遠藤真由美,遠藤真由美6914@icloud.com,090-9838-7545,大阪府大阪市中央区本町8丁目30番6号,大阪市中央区,大阪府,5410034,2023-09-13
6915,藤井千佳,藤井千佳6915@gmail.com,090-6749-9663,神奈川県横浜市中区本町2丁目3番5号,横浜市中区,神奈川県,2310003,2024-11-01
6916,鈴木美穂,鈴木美穂6916@yahoo.co.jp,090-1563-4361,神奈川県横浜市中区本町8丁目18番2号,横浜市中区,神奈川県,2310039,2023-04-26
6917,長谷川亮,長谷川亮6917@icloud.com,090-9641-2644,埼玉県さいたま市浦和区高砂6丁目4番8号,さいたま市浦和区,埼玉県,3300024,2023-10-26
6918,山本翔太,山本翔太6918@example.com,090-5792-9174,愛知県名古屋市中区錦4丁目23番10号,名古屋市中区,愛知県,4600002,2023-05-16
6919,森田麻美,森田麻美6919@outlook.com,090-2563-3836,福岡県福岡市中央区天神1丁目3番7号,福岡市中央区,福岡県,8100027,2024-07-21
6920,松本次郎,松本次郎6920@yahoo.co.jp,090-3813-7632,千葉県千葉市中央区中央8丁目23番1号,千葉市中央区,千葉県,2600016,2023-10-06
6921,橋本雄一,橋本雄一6921@icloud.com,090-3611-9589,大阪府大阪市北区梅田10丁目28番4号,大阪市北区,大阪府,5300006,2023-12-31
6922,藤原翔太,藤原翔太6922@yahoo.co.jp,090-1198-6531,兵庫県神戸市灘区灘南通9丁目22番9号,神戸市灘区,兵庫県,6570019,2023-07-09
6923,加藤麻美,加藤麻美6923@outlook.com,090-9994-6683,愛知県名古屋市中区錦4丁目18番9号,名古屋市中区,愛知県,4600007,2024-03-05
6924,藤原拓也,藤原拓也6924@gmail.com,090-4582-6502,東京都新宿区新宿6丁目18番10号,新宿区,東京都,1600017,2024-11-14
6925,藤原正,藤原正6925@icloud.com,090-2179-8822,福岡県福岡市博多区博多駅前2丁目12番6号,福岡市博多区,福岡県,8120010,2024-12-30
6926,近藤麻衣,近藤麻衣6926@icloud.com,090-1759-3637,京都府京都市中京区烏丸通7丁目12番3号,京都市中京区,京都府,6040036,2024-03-15
6927,近藤三郎,近藤三郎6927@icloud.com,090-8664-3933,埼玉県さいたま市浦和区高砂8丁目3番5号,さいたま市浦和区,埼玉県,3300017,2023-07-15
6928,林誠,林誠6928@yahoo.co.jp,090-1291-9075,東京都新宿区新宿1丁目21番8号,新宿区,東京都,1600011,2024-11-08
6929,伊藤恵子,伊藤恵子6929@icloud.com,090-9414-5516,大阪府大阪市北区梅田1丁目24番10号,大阪市北区,大阪府,5300005,2023-06-04
6930,橋本正,橋本正6930@icloud.com,090-4271-2993,京都府京都市下京区四条通4丁目1番3号,京都市下京区,京都府,6000028,2024-12-16
6931,遠藤美香,遠藤美香6931@example.com,090-4121-2077,埼玉県さいたま市浦和区高砂2丁目2番6号,さいたま市浦和区,埼玉県,3300030,2024-08-10
6932,木村健太,木村健太6932@icloud.com,090-3698-1717,京都府京都市下京区四条通10丁目13番2号,京都市下京区,京都府,6000041,2024-11-30
6933,渡辺三郎,渡辺三郎6933@icloud.com,090-1617-1126,千葉県千葉市美浜区美浜8丁目10番8号,千葉市美浜区,千葉県,2610039,2024-08-11
6934,山本千佳,山本千佳6934@gmail.com,090-9434-6175,兵庫県神戸市中央区三宮町6丁目30番5号,神戸市中央区,兵庫県,6500040,2024-02-23
6935,井上拓也,井上拓也6935@outlook.com,090-6543-4528,東京都渋谷区渋谷3丁目19番4号,渋谷区,東京都,1500021,2024-10-26
6936,林拓也,林拓也6936@outlook.com,090-9113-8669,北海道札幌市北区北6条西1丁目12番1号,札幌市北区,北海道,0600007,2023-07-06
6937,吉田智子,吉田智子6937@yahoo.co.jp,090-9286-8653,北海道札幌市北区北6条西2丁目2番6号,札幌市北区,北海道,0600025,2024-06-20
6938,山本直樹,山本直樹6938@example.com,090-1853-8331,東京都渋谷区渋谷3丁目24番2号,渋谷区,東京都,1500014,2024-10-15
6939,森田拓也,森田拓也6939@icloud.com,090-8440-7688,東京都新宿区新宿7丁目9番10号,新宿区,東京都,1600015,2024-05-01
6940,佐藤慎一,佐藤慎一6940@outlook.com,090-1613-1159,千葉県千葉市美浜区美浜4丁目22番8号,千葉市美浜区,千葉県,2610028,2024-01-28
6941,藤原美咲,藤原美咲6941@example.com,090-7183-6711,京都府京都市下京区四条通2丁目11番1号,京都市下京区,京都府,6000041,2023-12-22
6942,渡辺さくら,渡辺さくら6942@icloud.com,090-9019-2819,愛知県名古屋市西区名駅7丁目4番9号,名古屋市西区,愛知県,4510021,2024-10-26
6943,山田美香,山田美香6943@example.com,090-4663-7924,神奈川県横浜市西区みなとみらい8丁目14番2号,横浜市西区,神奈川県,2200029,2023-03-21
6944,吉田麻美,吉田麻美6944@outlook.com,090-9349-3002,神奈川県横浜市中区本町2丁目2番10号,横浜市中区,神奈川県,2310031,2024-03-25
6945,鈴木真由美,鈴木真由美6945@example.com,090-8668-9061,福岡県福岡市中央区天神3丁目14番2号,福岡市中央区,福岡県,8100007,2023-07-17
6946,橋本一郎,橋本一郎6946@gmail.com,090-9104-9098,大阪府大阪市北区梅田2丁目17番6号,大阪市北区,大阪府,5300010,2023-10-07
6947,前田恵子,前田恵子6947@gmail.com,090-6531-8283,東京都渋谷区渋谷8丁目16番7号,渋谷区,東京都,1500040,2023-07-21
6948,池田健一,池田健一6948@outlook.com,090-9031-6707,大阪府大阪市北区梅田4丁目5番5号,大阪市北区,大阪府,5300007,2024-11-09
6949,佐藤花子,佐藤花子6949@yahoo.co.jp,090-4866-1443,京都府京都市下京区四条通6丁目19番6号,京都市下京区,京都府,6000016,2024-05-29
6950,青木和也,青木和也6950@icloud.com,090-9740-3062,京都府京都市下京区四条通9丁目27番10号,京都市下京区,京都府,6000040,2024-06-20
6951,井上亮,井上亮6951@icloud.com,090-7391-3682,北海道札幌市北区北6条西5丁目7番2号,札幌市北区,北海道,0600013,2023-09-20
6952,青木正,青木正6952@gmail.com,090-7318-5500,千葉県千葉市中央区中央7丁目8番1号,千葉市中央区,千葉県,2600032,2023-09-13
6953,青木三郎,青木三郎6953@icloud.com,090-4749-2598,大阪府大阪市北区梅田4丁目8番1号,大阪市北区,大阪府,5300010,2023-10-30
6954,石川大輔,石川大輔6954@example.com,090-3408-3000,東京都渋谷区渋谷1丁目12番6号,渋谷区,東京都,1500016,2023-01-25
6955,佐藤達也,佐藤達也6955@outlook.com,090-8912-4406,東京都千代田区丸の内10丁目14番6号,千代田区,東京都,1000013,2023-02-16
6956,吉田健太,吉田健太6956@example.com,090-7458-9351,東京都渋谷区渋谷3丁目18番7号,渋谷区,東京都,1500004,2024-02-16
6957,中村美穂,中村美穂6957@icloud.com,090-9877-9489,神奈川県横浜市中区本町9丁目23番3号,横浜市中区,神奈川県,2310003,2023-03-31
6958,吉田雄一,吉田雄一6958@outlook.com,090-4540-5678,東京都千代田区丸の内3丁目27番4号,千代田区,東京都,1000001,2024-11-13
6959,吉田直樹,吉田直樹6959@gmail.com,090-7773-7667,福岡県福岡市中央区天神8丁目18番6号,福岡市中央区,福岡県,8100028,2024-03-20
6960,渡辺麻美,渡辺麻美6960@gmail.com,090-8923-1214,福岡県福岡市中央区天神2丁目21番1号,福岡市中央区,福岡県,8100030,2023-06-27
6961,田中翔太,田中翔太6961@yahoo.co.jp,090-2748-5814,愛知県名古屋市中区錦5丁目2番8号,名古屋市中区,愛知県,4600005,2024-04-12
6962,木村麻美,木村麻美6962@gmail.com,090-1919-3798,福岡県福岡市中央区天神3丁目19番8号,福岡市中央区,福岡県,8100011,2023-05-03
6963,森田直樹,森田直樹6963@example.com,090-7313-6683,千葉県千葉市美浜区美浜10丁目23番3号,千葉市美浜区,千葉県,2610029,2024-09-27
6964,山田雄一,山田雄一6964@icloud.com,090-9193-6136,福岡県福岡市中央区天神9丁目19番8号,福岡市中央区,福岡県,8100029,2023-03-23
6965,橋本恵子,橋本恵子6965@yahoo.co.jp,090-2248-1002,千葉県千葉市中央区中央1丁目25番3号,千葉市中央区,千葉県,2600007,2024-10-12
6966,井上大輔,井上大輔6966@yahoo.co.jp,090-1689-5628,千葉県千葉市美浜区美浜5丁目20番1号,千葉市美浜区,千葉県,2610020,2023-03-30
6967,森田三郎,森田三郎6967@icloud.com,090-3078-8197,千葉県千葉市中央区中央6丁目17番7号,千葉市中央区,千葉県,2600038,2024-11-07
6968,林直樹,林直樹6968@example.com,090-1694-4659,神奈川県横浜市中区本町2丁目1番9号,横浜市中区,神奈川県,2310035,2024-03-22
6969,斎藤由美,斎藤由美6969@gmail.com,090-6719-1162,京都府京都市中京区烏丸通1丁目7番10号,京都市中京区,京都府,6040033,2024-02-17
6970,渡辺愛,渡辺愛6970@outlook.com,090-2091-9327,北海道札幌市北区北6条西2丁目4番8号,札幌市北区,北海道,0600030,2023-12-21
6971,長谷川麻美,長谷川麻美6971@gmail.com,090-3559-8488,京都府京都市下京区四条通6丁目27番6号,京都市下京区,京都府,6000027,2024-09-06
6972,松本雄一,松本雄一6972@icloud.com,090-2972-6178,京都府京都市中京区烏丸通4丁目18番8号,京都市中京区,京都府,6040003,2023-09-05
6973,石川優子,石川優子6973@gmail.com,090-7344-8785,北海道札幌市北区北6条西4丁目18番2号,札幌市北区,北海道,0600020,2024-06-13
6974,森田直樹,森田直樹6974@icloud.com,090-1056-9150,福岡県福岡市中央区天神3丁目21番9号,福岡市中央区,福岡県,8100040,2023-05-24
6975,斎藤由美子,斎藤由美子6975@example.com,090-5021-7153,北海道札幌市中央区北1条西1丁目14番7号,札幌市中央区,北海道,0600032,2023-01-02
6976,加藤翔太,加藤翔太6976@icloud.com,090-8486-8635,北海道札幌市中央区北1条西10丁目27番5号,札幌市中央区,北海道,0600033,2024-12-11
6977,村上誠,村上誠6977@outlook.com,090-4412-7198,京都府京都市中京区烏丸通5丁目4番7号,京都市中京区,京都府,6040027,2024-01-07
6978,前田誠,前田誠6978@outlook.com,090-1925-9374,京都府京都市中京区烏丸通3丁目19番7号,京都市中京区,京都府,6040038,2023-06-06
6979,斎藤麻衣,斎藤麻衣6979@icloud.com,090-1299-6992,北海道札幌市北区北6条西9丁目29番7号,札幌市北区,北海道,0600023,2024-08-09
6980,近藤愛,近藤愛6980@icloud.com,090-2733-6424,大阪府大阪市中央区本町4丁目29番2号,大阪市中央区,大阪府,5410040,2023-01-07
6981,青木太郎,青木太郎6981@icloud.com,090-4179-3113,兵庫県神戸市中央区三宮町7丁目30番2号,神戸市中央区,兵庫県,6500035,2024-12-13
6982,伊藤健一,伊藤健一6982@gmail.com,090-5370-7914,愛知県名古屋市西区名駅8丁目28番10号,名古屋市西区,愛知県,4510009,2023-12-04
6983,森田さくら,森田さくら6983@yahoo.co.jp,090-3134-7117,千葉県千葉市中央区中央7丁目22番10号,千葉市中央区,千葉県,2600013,2024-05-01
6984,田中さくら,田中さくら6984@gmail.com,090-8974-9619,愛知県名古屋市中区錦8丁目15番4号,名古屋市中区,愛知県,4600006,2023-05-25
6985,近藤次郎,近藤次郎6985@example.com,090-2424-2463,東京都千代田区丸の内9丁目19番5号,千代田区,東京都,1000010,2023-09-14
6986,中村優子,中村優子6986@icloud.com,090-2030-3723,埼玉県さいたま市浦和区高砂10丁目19番6号,さいたま市浦和区,埼玉県,3300013,2024-05-02
6987,山田一郎,山田一郎6987@outlook.com,090-2646-2489,神奈川県横浜市中区本町10丁目17番4号,横浜市中区,神奈川県,2310026,2024-02-27
6988,加藤千佳,加藤千佳6988@example.com,090-1437-9223,福岡県福岡市中央区天神5丁目29番8号,福岡市中央区,福岡県,8100023,2024-07-19
6989,松本愛,松本愛6989@outlook.com,090-9053-7482,埼玉県さいたま市大宮区大宮8丁目18番7号,さいたま市大宮区,埼玉県,3300013,2024-08-16
6990,渡辺達也,渡辺達也6990@icloud.com,090-6237-6055,京都府京都市中京区烏丸通8丁目12番4号,京都市中京区,京都府,6040004,2024-12-19
6991,小林美穂,小林美穂6991@yahoo.co.jp,090-4214-6589,埼玉県さいたま市大宮区大宮7丁目29番9号,さいたま市大宮区,埼玉県,3300006,2024-04-18
6992,井上誠,井上誠6992@yahoo.co.jp,090-4710-5103,愛知県名古屋市中区錦9丁目17番5号,名古屋市中区,愛知県,4600008,2024-04-17
6993,伊藤麻衣,伊藤麻衣6993@gmail.com,090-1193-8937,東京都新宿区新宿1丁目1番8号,新宿区,東京都,1600004,2024-08-25
6994,林香織,林香織6994@gmail.com,090-1270-3256,大阪府大阪市北区梅田2丁目10番6号,大阪市北区,大阪府,5300020,2024-10-22
6995,加藤花子,加藤花子6995@gmail.com,090-1521-6800,千葉県千葉市美浜区美浜9丁目12番2号,千葉市美浜区,千葉県,2610012,2023-11-07
6996,前田達也,前田達也6996@example.com,090-9794-5631,埼玉県さいたま市浦和区高砂1丁目24番1号,さいたま市浦和区,埼玉県,3300029,2023-12-20
6997,鈴木由美,鈴木由美6997@yahoo.co.jp,090-5128-4696,千葉県千葉市美浜区美浜8丁目14番7号,千葉市美浜区,千葉県,2610009,2024-04-02
6998,鈴木智子,鈴木智子6998@outlook.com,090-6355-9571,京都府京都市下京区四条通3丁目24番1号,京都市下京区,京都府,6000012,2024-08-02
6999,田中太郎,田中太郎6999@icloud.com,090-9602-2530,千葉県千葉市美浜区美浜8丁目4番9号,千葉市美浜区,千葉県,2610027,2023-03-13
7000,青木麻衣,青木麻衣7000@gmail.com,090-4326-4560,京都府京都市中京区烏丸通4丁目4番10号,京都市中京区,京都府,6040019,2023-04-19
7001,橋本一郎,橋本一郎7001@outlook.com,090-4664-7776,千葉県千葉市美浜区美浜9丁目5番10号,千葉市美浜区,千葉県,2610004,2023-10-13
7002,小林雄一,小林雄一7002@outlook.com,090-3234-7085,大阪府大阪市北区梅田4丁目21番8号,大阪市北区,大阪府,5300012,2023-08-26
7003,佐藤三郎,佐藤三郎7003@example.com,090-5879-8348,東京都渋谷区渋谷5丁目27番1号,渋谷区,東京都,1500001,2023-11-19
7004,小林由美子,小林由美子7004@gmail.com,090-5582-7347,北海道札幌市中央区北1条西10丁目5番6号,札幌市中央区,北海道,0600009,2024-10-06
7005,吉田さくら,吉田さくら7005@yahoo.co.jp,090-4176-4496,神奈川県横浜市中区本町5丁目2番10号,横浜市中区,神奈川県,2310005,2023-09-13
7006,近藤麻美,近藤麻美7006@outlook.com,090-9508-1939,東京都千代田区丸の内2丁目9番9号,千代田区,東京都,1000021,2023-11-14
7007,石川花子,石川花子7007@icloud.com,090-1107-3190,千葉県千葉市美浜区美浜7丁目8番4号,千葉市美浜区,千葉県,2610033,2023-11-02
7008,後藤健一,後藤健一7008@example.com,090-2305-6759,京都府京都市中京区烏丸通8丁目21番7号,京都市中京区,京都府,6040010,2024-05-16
7009,森田翔太,森田翔太7009@example.com,090-5712-8375,大阪府大阪市北区梅田4丁目6番1号,大阪市北区,大阪府,5300005,2023-08-31
7010,橋本香織,橋本香織7010@icloud.com,090-5335-1101,埼玉県さいたま市浦和区高砂7丁目21番6号,さいたま市浦和区,埼玉県,3300041,2023-05-03
7011,中村雄一,中村雄一7011@icloud.com,090-6134-2225,兵庫県神戸市中央区三宮町7丁目4番1号,神戸市中央区,兵庫県,6500008,2023-10-13
7012,石川拓也,石川拓也7012@example.com,090-4032-4185,千葉県千葉市美浜区美浜1丁目27番9号,千葉市美浜区,千葉県,2610027,2023-01-15
7013,青木由美,青木由美7013@example.com,090-3834-3827,大阪府大阪市北区梅田10丁目27番4号,大阪市北区,大阪府,5300011,2024-09-16
7014,鈴木亮,鈴木亮7014@example.com,090-2623-4218,東京都千代田区丸の内3丁目21番1号,千代田区,東京都,1000001,2023-07-17
7015,田中次郎,田中次郎7015@yahoo.co.jp,090-5323-5827,兵庫県神戸市中央区三宮町2丁目2番1号,神戸市中央区,兵庫県,6500039,2023-03-09
7016,斎藤和也,斎藤和也7016@example.com,090-5297-6223,兵庫県神戸市灘区灘南通2丁目3番10号,神戸市灘区,兵庫県,6570035,2023-12-11
7017,小林さくら,小林さくら7017@yahoo.co.jp,090-9131-8360,北海道札幌市北区北6条西5丁目1番2号,札幌市北区,北海道,0600005,2024-02-16
7018,坂本優子,坂本優子7018@icloud.com,090-9000-7967,神奈川県横浜市西区みなとみらい3丁目11番5号,横浜市西区,神奈川県,2200009,2023-09-14
7019,藤原麻衣,藤原麻衣7019@example.com,090-3867-3454,京都府京都市下京区四条通5丁目10番6号,京都市下京区,京都府,6000002,2023-06-30
7020,小林健一,小林健一7020@example.com,090-6595-9424,東京都渋谷区渋谷8丁目13番6号,渋谷区,東京都,1500015,2023-05-20
7021,渡辺花子,渡辺花子7021@yahoo.co.jp,090-7589-2131,埼玉県さいたま市浦和区高砂8丁目16番9号,さいたま市浦和区,埼玉県,3300038,2024-05-04
7022,遠藤誠,遠藤誠7022@example.com,090-3010-9341,北海道札幌市中央区北1条西3丁目1番9号,札幌市中央区,北海道,0600007,2024-02-26
7023,田中智子,田中智子7023@example.com,090-1987-2273,埼玉県さいたま市大宮区大宮10丁目5番1号,さいたま市大宮区,埼玉県,3300002,2024-01-09
7024,池田麻美,池田麻美7024@icloud.com,090-1021-9002,大阪府大阪市中央区本町9丁目13番10号,大阪市中央区,大阪府,5410020,2024-05-05
7025,岡田麻衣,岡田麻衣7025@gmail.com,090-1575-3817,福岡県福岡市中央区天神1丁目12番5号,福岡市中央区,福岡県,8100021,2024-03-16
7026,加藤麻衣,加藤麻衣7026@gmail.com,090-2790-9943,北海道札幌市北区北6条西4丁目8番7号,札幌市北区,北海道,0600006,2023-05-19
7027,藤原恵子,藤原恵子7027@outlook.com,090-6999-6865,北海道札幌市中央区北1条西2丁目30番10号,札幌市中央区,北海道,0600024,2024-09-06
7028,長谷川麻美,長谷川麻美7028@gmail.com,090-7687-4743,大阪府大阪市中央区本町2丁目13番5号,大阪市中央区,大阪府,5410012,2023-04-25
7029,村上優子,村上優子7029@outlook.com,090-4079-7242,兵庫県神戸市中央区三宮町7丁目3番1号,神戸市中央区,兵庫県,6500011,2024-07-05
7030,池田美香,池田美香7030@example.com,090-1301-4066,兵庫県神戸市灘区灘南通4丁目20番5号,神戸市灘区,兵庫県,6570017,2023-03-23
7031,斎藤雄一,斎藤雄一7031@gmail.com,090-1607-4616,埼玉県さいたま市大宮区大宮6丁目7番8号,さいたま市大宮区,埼玉県,3300007,2024-09-29
7032,橋本太郎,橋本太郎7032@gmail.com,090-1196-7920,東京都渋谷区渋谷7丁目18番8号,渋谷区,東京都,1500039,2024-06-09
7033,山本拓也,山本拓也7033@outlook.com,090-2329-7221,大阪府大阪市中央区本町8丁目3番4号,大阪市中央区,大阪府,5410017,2023-07-23
7034,加藤太郎,加藤太郎7034@gmail.com,090-1740-8274,東京都千代田区丸の内10丁目18番8号,千代田区,東京都,1000009,2024-05-11
7035,近藤香織,近藤香織7035@gmail.com,090-7763-1321,埼玉県さいたま市浦和区高砂10丁目26番3号,さいたま市浦和区,埼玉県,3300015,2023-06-09
7036,山本亮,山本亮7036@gmail.com,090-5098-5445,北海道札幌市北区北6条西6丁目9番9号,札幌市北区,北海道,0600014,2023-01-01
7037,青木達也,青木達也7037@example.com,090-8575-8464,愛知県名古屋市中区錦6丁目15番9号,名古屋市中区,愛知県,4600002,2023-11-28
7038,鈴木麻美,鈴木麻美7038@outlook.com,090-2692-9023,埼玉県さいたま市浦和区高砂3丁目22番5号,さいたま市浦和区,埼玉県,3300016,2023-07-02
7039,森田次郎,森田次郎7039@outlook.com,090-7725-4961,京都府京都市下京区四条通8丁目3番1号,京都市下京区,京都府,6000039,2024-08-24
7040,田中直樹,田中直樹7040@outlook.com,090-1548-8593,大阪府大阪市北区梅田9丁目14番5号,大阪市北区,大阪府,5300004,2024-11-13
7041,山田剛,山田剛7041@icloud.com,090-1557-3777,北海道札幌市北区北6条西2丁目13番10号,札幌市北区,北海道,0600027,2024-01-22
7042,遠藤三郎,遠藤三郎7042@gmail.com,090-4247-2470,神奈川県横浜市西区みなとみらい3丁目22番3号,横浜市西区,神奈川県,2200025,2023-05-17
7043,鈴木恵子,鈴木恵子7043@yahoo.co.jp,090-1331-5348,北海道札幌市北区北6条西6丁目27番3号,札幌市北区,北海道,0600030,2023-05-10
7044,中村太郎,中村太郎7044@yahoo.co.jp,090-9174-7084,愛知県名古屋市西区名駅5丁目19番5号,名古屋市西区,愛知県,4510036,2023-02-27
7045,石川和也,石川和也7045@icloud.com,090-8954-6876,神奈川県横浜市中区本町3丁目20番5号,横浜市中区,神奈川県,2310004,2024-04-13
7046,渡辺正,渡辺正7046@outlook.com,090-6786-2950,福岡県福岡市博多区博多駅前2丁目20番7号,福岡市博多区,福岡県,8120010,2024-03-18
7047,池田さくら,池田さくら7047@gmail.com,090-8061-4090,福岡県福岡市中央区天神9丁目6番6号,福岡市中央区,福岡県,8100010,2023-05-17
7048,小林麻衣,小林麻衣7048@example.com,090-3983-9949,大阪府大阪市中央区本町3丁目4番2号,大阪市中央区,大阪府,5410033,2024-11-09
7049,岡田直樹,岡田直樹7049@yahoo.co.jp,090-6613-8263,千葉県千葉市美浜区美浜5丁目20番1号,千葉市美浜区,千葉県,2610012,2024-07-18
7050,吉田一郎,吉田一郎7050@outlook.com,090-3920-6525,福岡県福岡市中央区天神6丁目5番10号,福岡市中央区,福岡県,8100018,2024-08-17
7051,石川美咲,石川美咲7051@yahoo.co.jp,090-3679-3471,埼玉県さいたま市浦和区高砂10丁目7番8号,さいたま市浦和区,埼玉県,3300028,2024-12-24
7052,石川麻衣,石川麻衣7052@gmail.com,090-5832-7422,東京都渋谷区渋谷7丁目8番4号,渋谷区,東京都,1500003,2024-03-05
7053,岡田和也,岡田和也7053@yahoo.co.jp,090-9531-3572,埼玉県さいたま市浦和区高砂3丁目10番10号,さいたま市浦和区,埼玉県,3300007,2024-05-06
7054,前田正,前田正7054@example.com,090-3157-8375,京都府京都市中京区烏丸通4丁目4番8号,京都市中京区,京都府,6040027,2023-08-07
7055,藤原一郎,藤原一郎7055@example.com,090-6292-2043,北海道札幌市北区北6条西8丁目6番10号,札幌市北区,北海道,0600018,2023-10-06
7056,吉田健一,吉田健一7056@outlook.com,090-5254-8949,東京都千代田区丸の内9丁目26番7号,千代田区,東京都,1000005,2023-07-13
7057,加藤慎一,加藤慎一7057@example.com,090-2849-9609,東京都新宿区新宿6丁目16番10号,新宿区,東京都,1600015,2023-01-21
7058,村上一郎,村上一郎7058@icloud.com,090-1369-3777,北海道札幌市中央区北1条西2丁目1番9号,札幌市中央区,北海道,0600031,2024-09-16
7059,伊藤翔太,伊藤翔太7059@yahoo.co.jp,090-5018-8828,神奈川県横浜市西区みなとみらい2丁目25番7号,横浜市西区,神奈川県,2200002,2023-01-01
7060,坂本美穂,坂本美穂7060@outlook.com,090-2586-4428,兵庫県神戸市中央区三宮町1丁目27番3号,神戸市中央区,兵庫県,6500009,2023-12-21
7061,坂本太郎,坂本太郎7061@gmail.com,090-3693-5135,東京都渋谷区渋谷4丁目13番6号,渋谷区,東京都,1500019,2023-11-07
7062,石川花子,石川花子7062@yahoo.co.jp,090-5103-9168,京都府京都市中京区烏丸通9丁目5番7号,京都市中京区,京都府,6040008,2023-03-19
7063,田中太郎,田中太郎7063@gmail.com,090-2711-6064,北海道札幌市北区北6条西3丁目22番7号,札幌市北区,北海道,0600025,2023-10-07
7064,佐藤優子,佐藤優子7064@gmail.com,090-7950-3661,東京都渋谷区渋谷4丁目25番5号,渋谷区,東京都,1500007,2024-12-19
7065,近藤太郎,近藤太郎7065@outlook.com,090-3687-7168,兵庫県神戸市中央区三宮町9丁目18番8号,神戸市中央区,兵庫県,6500028,2023-03-01
7066,後藤翔太,後藤翔太7066@outlook.com,090-4005-5911,京都府京都市中京区烏丸通3丁目22番9号,京都市中京区,京都府,6040020,2024-11-03
7067,池田達也,池田達也7067@example.com,090-5571-9680,埼玉県さいたま市浦和区高砂8丁目6番8号,さいたま市浦和区,埼玉県,3300035,2023-12-29
7068,森田翔太,森田翔太7068@outlook.com,090-3628-4840,東京都千代田区丸の内3丁目25番7号,千代田区,東京都,1000003,2023-08-19
7069,橋本和也,橋本和也7069@gmail.com,090-2176-9136,愛知県名古屋市西区名駅3丁目22番4号,名古屋市西区,愛知県,4510002,2024-06-16
7070,高橋智子,高橋智子7070@icloud.com,090-8418-5536,千葉県千葉市中央区中央6丁目13番7号,千葉市中央区,千葉県,2600025,2024-07-26
7071,石川さくら,石川さくら7071@yahoo.co.jp,090-1140-7498,愛知県名古屋市中区錦2丁目13番6号,名古屋市中区,愛知県,4600005,2024-07-06
7072,松本誠,松本誠7072@outlook.com,090-6532-1596,福岡県福岡市博多区博多駅前2丁目17番1号,福岡市博多区,福岡県,8120003,2023-06-11
7073,渡辺直樹,渡辺直樹7073@icloud.com,090-6820-3334,埼玉県さいたま市浦和区高砂10丁目13番9号,さいたま市浦和区,埼玉県,3300001,2024-12-27
7074,林美穂,林美穂7074@example.com,090-5468-8065,大阪府大阪市中央区本町9丁目1番2号,大阪市中央区,大阪府,5410008,2024-06-02
7075,前田健太,前田健太7075@yahoo.co.jp,090-9720-9981,埼玉県さいたま市大宮区大宮8丁目17番8号,さいたま市大宮区,埼玉県,3300036,2024-03-14
7076,橋本美香,橋本美香7076@outlook.com,090-5379-9940,北海道札幌市中央区北1条西10丁目29番2号,札幌市中央区,北海道,0600019,2023-11-25
7077,松本正,松本正7077@outlook.com,090-5066-8216,北海道札幌市北区北6条西1丁目7番3号,札幌市北区,北海道,0600019,2024-10-25
7078,中村正,中村正7078@gmail.com,090-4987-3448,京都府京都市下京区四条通5丁目7番1号,京都市下京区,京都府,6000018,2023-07-20
7079,鈴木健一,鈴木健一7079@example.com,090-9310-1632,兵庫県神戸市中央区三宮町8丁目3番6号,神戸市中央区,兵庫県,6500018,2024-06-03
7080,松本拓也,松本拓也7080@icloud.com,090-7810-6404,北海道札幌市北区北6条西6丁目24番2号,札幌市北区,北海道,0600012,2024-08-27
7081,池田翔太,池田翔太7081@yahoo.co.jp,090-4557-9033,京都府京都市中京区烏丸通8丁目29番2号,京都市中京区,京都府,6040025,2024-07-06
7082,長谷川恵子,長谷川恵子7082@example.com,090-8814-9067,埼玉県さいたま市大宮区大宮7丁目6番2号,さいたま市大宮区,埼玉県,3300026,2023-06-19
7083,林美香,林美香7083@gmail.com,090-3698-6227,京都府京都市下京区四条通6丁目27番7号,京都市下京区,京都府,6000008,2023-04-27
7084,斎藤智子,斎藤智子7084@icloud.com,090-8874-6442,東京都渋谷区渋谷5丁目2番10号,渋谷区,東京都,1500028,2024-08-27
7085,青木麻美,青木麻美7085@icloud.com,090-2605-6720,大阪府大阪市北区梅田9丁目19番10号,大阪市北区,大阪府,5300016,2024-07-03
7086,長谷川優子,長谷川優子7086@example.com,090-6121-1867,東京都渋谷区渋谷6丁目24番3号,渋谷区,東京都,1500039,2024-04-21
7087,前田慎一,前田慎一7087@outlook.com,090-5155-2843,福岡県福岡市博多区博多駅前9丁目11番10号,福岡市博多区,福岡県,8120017,2024-01-13
7088,木村麻美,木村麻美7088@gmail.com,090-1564-8242,神奈川県横浜市中区本町4丁目22番8号,横浜市中区,神奈川県,2310005,2023-09-23
7089,鈴木美香,鈴木美香7089@gmail.com,090-4514-6085,埼玉県さいたま市大宮区大宮1丁目1番8号,さいたま市大宮区,埼玉県,3300008,2023-12-10
7090,岡田智子,岡田智子7090@icloud.com,090-8081-4293,福岡県福岡市中央区天神5丁目13番2号,福岡市中央区,福岡県,8100007,2024-01-04
7091,林達也,林達也7091@yahoo.co.jp,090-1173-9012,京都府京都市中京区烏丸通7丁目21番8号,京都市中京区,京都府,6040016,2023-07-24
7092,田中達也,田中達也7092@icloud.com,090-1480-2421,埼玉県さいたま市大宮区大宮1丁目7番1号,さいたま市大宮区,埼玉県,3300030,2023-11-25
7093,藤原一郎,藤原一郎7093@example.com,090-9095-2177,埼玉県さいたま市浦和区高砂5丁目6番3号,さいたま市浦和区,埼玉県,3300001,2024-11-23
7094,長谷川優子,長谷川優子7094@icloud.com,090-8979-1546,兵庫県神戸市中央区三宮町3丁目22番2号,神戸市中央区,兵庫県,6500011,2023-01-03
7095,加藤誠,加藤誠7095@yahoo.co.jp,090-6811-2141,埼玉県さいたま市大宮区大宮8丁目5番10号,さいたま市大宮区,埼玉県,3300023,2023-01-08
7096,青木一郎,青木一郎7096@example.com,090-3492-5191,埼玉県さいたま市浦和区高砂2丁目9番2号,さいたま市浦和区,埼玉県,3300038,2024-03-10
7097,藤原千佳,藤原千佳7097@yahoo.co.jp,090-3071-4929,千葉県千葉市美浜区美浜9丁目3番7号,千葉市美浜区,千葉県,2610021,2024-08-14
7098,伊藤真由美,伊藤真由美7098@gmail.com,090-2244-8546,北海道札幌市北区北6条西8丁目12番5号,札幌市北区,北海道,0600017,2024-08-31
7099,伊藤太郎,伊藤太郎7099@gmail.com,090-2176-2098,千葉県千葉市中央区中央8丁目1番2号,千葉市中央区,千葉県,2600028,2023-05-19
7100,近藤誠,近藤誠7100@outlook.com,090-3549-9096,神奈川県横浜市中区本町3丁目30番9号,横浜市中区,神奈川県,2310026,2023-09-19
7101,岡田次郎,岡田次郎7101@gmail.com,090-6022-8575,北海道札幌市北区北6条西3丁目18番4号,札幌市北区,北海道,0600029,2023-03-30
7102,池田花子,池田花子7102@example.com,090-9070-6193,兵庫県神戸市灘区灘南通10丁目22番8号,神戸市灘区,兵庫県,6570004,2024-02-01
7103,木村慎一,木村慎一7103@outlook.com,090-3118-6895,愛知県名古屋市西区名駅10丁目10番1号,名古屋市西区,愛知県,4510015,2023-06-20
7104,池田愛,池田愛7104@icloud.com,090-7711-6683,福岡県福岡市中央区天神5丁目15番5号,福岡市中央区,福岡県,8100025,2024-04-06
7105,近藤麻衣,近藤麻衣7105@outlook.com,090-3939-9149,神奈川県横浜市西区みなとみらい7丁目2番6号,横浜市西区,神奈川県,2200015,2024-07-31
7106,青木麻衣,青木麻衣7106@outlook.com,090-8639-3736,埼玉県さいたま市大宮区大宮5丁目29番1号,さいたま市大宮区,埼玉県,3300005,2023-03-25
7107,藤原由美子,藤原由美子7107@icloud.com,090-7609-7985,神奈川県横浜市西区みなとみらい9丁目10番3号,横浜市西区,神奈川県,2200021,2023-08-23
7108,佐藤愛,佐藤愛7108@yahoo.co.jp,090-6698-5985,兵庫県神戸市中央区三宮町8丁目11番7号,神戸市中央区,兵庫県,6500003,2024-12-14
7109,藤原亮,藤原亮7109@icloud.com,090-7249-9216,大阪府大阪市中央区本町4丁目11番4号,大阪市中央区,大阪府,5410012,2024-10-21
7110,鈴木優子,鈴木優子7110@outlook.com,090-4640-2170,神奈川県横浜市中区本町7丁目26番5号,横浜市中区,神奈川県,2310001,2024-11-09
7111,高橋翔太,高橋翔太7111@example.com,090-1946-6954,東京都新宿区新宿5丁目28番5号,新宿区,東京都,1600002,2024-11-23
7112,藤井翔太,藤井翔太7112@yahoo.co.jp,090-3258-4184,愛知県名古屋市中区錦7丁目15番2号,名古屋市中区,愛知県,4600003,2024-11-06
7113,遠藤正,遠藤正7113@gmail.com,090-4568-9123,神奈川県横浜市西区みなとみらい6丁目20番9号,横浜市西区,神奈川県,2200028,2023-06-29
7114,林亮,林亮7114@outlook.com,090-2543-6132,神奈川県横浜市中区本町3丁目29番4号,横浜市中区,神奈川県,2310003,2024-02-09
7115,林慎一,林慎一7115@yahoo.co.jp,090-7117-2219,大阪府大阪市北区梅田3丁目8番6号,大阪市北区,大阪府,5300005,2023-07-07
7116,加藤一郎,加藤一郎7116@gmail.com,090-3986-3279,兵庫県神戸市灘区灘南通4丁目9番6号,神戸市灘区,兵庫県,6570026,2023-02-09
7117,林美香,林美香7117@example.com,090-4085-6829,東京都新宿区新宿7丁目30番2号,新宿区,東京都,1600016,2023-12-17
7118,伊藤太郎,伊藤太郎7118@example.com,090-4242-9073,神奈川県横浜市中区本町7丁目16番1号,横浜市中区,神奈川県,2310006,2024-05-26
7119,橋本美咲,橋本美咲7119@yahoo.co.jp,090-6626-2407,兵庫県神戸市中央区三宮町2丁目28番1号,神戸市中央区,兵庫県,6500020,2023-02-03
7120,石川愛,石川愛7120@gmail.com,090-2452-1570,北海道札幌市中央区北1条西10丁目14番3号,札幌市中央区,北海道,0600028,2023-06-20
7121,木村一郎,木村一郎7121@icloud.com,090-8596-7802,北海道札幌市北区北6条西6丁目5番2号,札幌市北区,北海道,0600023,2023-09-26
7122,吉田健太,吉田健太7122@yahoo.co.jp,090-2923-9214,千葉県千葉市美浜区美浜2丁目16番7号,千葉市美浜区,千葉県,2610009,2024-11-25
7123,藤井直樹,藤井直樹7123@yahoo.co.jp,090-3222-6268,愛知県名古屋市中区錦8丁目22番8号,名古屋市中区,愛知県,4600003,2023-12-10
7124,藤井翔太,藤井翔太7124@yahoo.co.jp,090-8143-3249,兵庫県神戸市中央区三宮町10丁目28番5号,神戸市中央区,兵庫県,6500013,2023-11-06
7125,前田麻衣,前田麻衣7125@yahoo.co.jp,090-1346-8415,福岡県福岡市博多区博多駅前1丁目6番5号,福岡市博多区,福岡県,8120016,2023-06-22
7126,林誠,林誠7126@gmail.com,090-6047-7623,東京都新宿区新宿4丁目3番6号,新宿区,東京都,1600015,2023-08-26
7127,森田由美,森田由美7127@icloud.com,090-8708-6470,大阪府大阪市北区梅田5丁目17番3号,大阪市北区,大阪府,5300010,2023-02-05
7128,高橋由美,高橋由美7128@gmail.com,090-1416-4693,愛知県名古屋市西区名駅2丁目20番4号,名古屋市西区,愛知県,4510016,2024-11-05
7129,佐藤恵子,佐藤恵子7129@outlook.com,090-2924-6182,東京都新宿区新宿1丁目21番1号,新宿区,東京都,1600015,2024-01-21
7130,渡辺正,渡辺正7130@gmail.com,090-4524-7208,埼玉県さいたま市浦和区高砂3丁目14番1号,さいたま市浦和区,埼玉県,3300017,2023-09-16
7131,鈴木達也,鈴木達也7131@example.com,090-2966-2330,兵庫県神戸市中央区三宮町4丁目6番1号,神戸市中央区,兵庫県,6500033,2024-08-06
7132,田中三郎,田中三郎7132@outlook.com,090-1900-7626,神奈川県横浜市中区本町7丁目27番7号,横浜市中区,神奈川県,2310008,2023-07-17
7133,松本愛,松本愛7133@icloud.com,090-9558-9875,京都府京都市下京区四条通2丁目18番6号,京都市下京区,京都府,6000020,2023-03-27
7134,石川誠,石川誠7134@outlook.com,090-5544-6926,京都府京都市下京区四条通8丁目12番5号,京都市下京区,京都府,6000016,2023-09-17
7135,渡辺麻衣,渡辺麻衣7135@icloud.com,090-5982-7344,福岡県福岡市中央区天神5丁目5番7号,福岡市中央区,福岡県,8100025,2024-02-09
7136,橋本和也,橋本和也7136@gmail.com,090-7639-8303,京都府京都市下京区四条通8丁目2番3号,京都市下京区,京都府,6000019,2023-10-27
7137,中村慎一,中村慎一7137@icloud.com,090-4731-8971,愛知県名古屋市中区錦3丁目22番3号,名古屋市中区,愛知県,4600007,2023-12-12
7138,山本美咲,山本美咲7138@gmail.com,090-7864-8530,東京都渋谷区渋谷8丁目5番1号,渋谷区,東京都,1500004,2024-10-20
7139,渡辺美咲,渡辺美咲7139@gmail.com,090-9982-3952,愛知県名古屋市中区錦4丁目23番2号,名古屋市中区,愛知県,4600004,2024-08-28
7140,松本麻美,松本麻美7140@icloud.com,090-7253-2813,埼玉県さいたま市大宮区大宮5丁目19番4号,さいたま市大宮区,埼玉県,3300030,2024-04-30
7141,遠藤花子,遠藤花子7141@outlook.com,090-8669-5261,兵庫県神戸市灘区灘南通5丁目20番1号,神戸市灘区,兵庫県,6570008,2023-03-04
7142,森田美穂,森田美穂7142@gmail.com,090-6603-3762,愛知県名古屋市西区名駅10丁目26番10号,名古屋市西区,愛知県,4510008,2023-01-06
7143,林恵子,林恵子7143@gmail.com,090-1034-8011,神奈川県横浜市西区みなとみらい6丁目2番3号,横浜市西区,神奈川県,2200008,2023-05-07
7144,坂本正,坂本正7144@icloud.com,090-4294-4417,神奈川県横浜市西区みなとみらい8丁目24番10号,横浜市西区,神奈川県,2200032,2024-05-08
7145,中村三郎,中村三郎7145@yahoo.co.jp,090-3985-2316,兵庫県神戸市中央区三宮町10丁目17番7号,神戸市中央区,兵庫県,6500019,2024-08-22
7146,藤井翔太,藤井翔太7146@outlook.com,090-1189-7884,千葉県千葉市中央区中央5丁目27番1号,千葉市中央区,千葉県,2600006,2023-01-18
7147,斎藤亮,斎藤亮7147@gmail.com,090-6931-8093,愛知県名古屋市西区名駅6丁目5番10号,名古屋市西区,愛知県,4510016,2024-05-09
7148,池田一郎,池田一郎7148@gmail.com,090-2476-4938,兵庫県神戸市灘区灘南通1丁目19番4号,神戸市灘区,兵庫県,6570033,2023-01-27
7149,青木恵子,青木恵子7149@example.com,090-8118-6045,兵庫県神戸市中央区三宮町7丁目18番6号,神戸市中央区,兵庫県,6500032,2023-09-27
7150,吉田三郎,吉田三郎7150@yahoo.co.jp,090-5008-7168,京都府京都市下京区四条通3丁目22番8号,京都市下京区,京都府,6000039,2023-03-08
7151,伊藤さくら,伊藤さくら7151@example.com,090-4094-9562,京都府京都市中京区烏丸通4丁目19番1号,京都市中京区,京都府,6040025,2023-08-29
7152,木村次郎,木村次郎7152@gmail.com,090-7733-5212,京都府京都市中京区烏丸通1丁目17番4号,京都市中京区,京都府,6040001,2023-05-18
7153,藤原拓也,藤原拓也7153@yahoo.co.jp,090-3312-9126,神奈川県横浜市西区みなとみらい8丁目20番3号,横浜市西区,神奈川県,2200001,2023-10-22
7154,村上智子,村上智子7154@icloud.com,090-4735-9640,千葉県千葉市美浜区美浜8丁目11番2号,千葉市美浜区,千葉県,2610038,2024-07-04
7155,遠藤由美,遠藤由美7155@icloud.com,090-8278-6706,愛知県名古屋市西区名駅1丁目6番5号,名古屋市西区,愛知県,4510019,2023-12-11
7156,石川和也,石川和也7156@outlook.com,090-2039-4115,東京都千代田区丸の内9丁目25番6号,千代田区,東京都,1000002,2024-03-01
7157,山田亮,山田亮7157@outlook.com,090-8356-4518,北海道札幌市北区北6条西8丁目21番1号,札幌市北区,北海道,0600029,2024-10-22
7158,近藤次郎,近藤次郎7158@gmail.com,090-8263-4642,京都府京都市中京区烏丸通10丁目3番9号,京都市中京区,京都府,6040029,2024-03-29
7159,中村誠,中村誠7159@gmail.com,090-1655-5667,北海道札幌市北区北6条西9丁目21番5号,札幌市北区,北海道,0600026,2023-03-10
7160,藤原三郎,藤原三郎7160@yahoo.co.jp,090-9461-6918,埼玉県さいたま市大宮区大宮8丁目9番4号,さいたま市大宮区,埼玉県,3300012,2024-04-05
7161,山田太郎,山田太郎7161@example.com,090-1447-9365,大阪府大阪市北区梅田1丁目25番7号,大阪市北区,大阪府,5300015,2024-02-08
7162,藤井花子,藤井花子7162@yahoo.co.jp,090-5508-4670,愛知県名古屋市西区名駅10丁目9番1号,名古屋市西区,愛知県,4510035,2024-05-20
7163,高橋美穂,高橋美穂7163@icloud.com,090-7330-8284,京都府京都市下京区四条通9丁目8番6号,京都市下京区,京都府,6000013,2023-01-20
7164,松本千佳,松本千佳7164@gmail.com,090-3534-9213,兵庫県神戸市灘区灘南通1丁目18番3号,神戸市灘区,兵庫県,6570014,2024-09-20
7165,村上翔太,村上翔太7165@icloud.com,090-1818-2124,愛知県名古屋市中区錦3丁目7番5号,名古屋市中区,愛知県,4600004,2023-12-12
7166,石川誠,石川誠7166@example.com,090-7744-7276,愛知県名古屋市中区錦6丁目7番3号,名古屋市中区,愛知県,4600004,2024-09-27
7167,石川雄一,石川雄一7167@gmail.com,090-3799-6675,福岡県福岡市博多区博多駅前1丁目21番10号,福岡市博多区,福岡県,8120021,2024-01-02
7168,鈴木雄一,鈴木雄一7168@yahoo.co.jp,090-9632-6037,千葉県千葉市中央区中央8丁目10番1号,千葉市中央区,千葉県,2600032,2023-04-07
7169,前田誠,前田誠7169@outlook.com,090-4160-5592,千葉県千葉市中央区中央9丁目3番2号,千葉市中央区,千葉県,2600006,2024-01-12
7170,村上誠,村上誠7170@gmail.com,090-9932-5914,京都府京都市中京区烏丸通8丁目4番10号,京都市中京区,京都府,6040016,2024-09-08
7171,高橋由美,高橋由美7171@yahoo.co.jp,090-4083-5025,大阪府大阪市北区梅田9丁目10番9号,大阪市北区,大阪府,5300002,2024-06-12
7172,村上達也,村上達也7172@yahoo.co.jp,090-4559-8607,北海道札幌市中央区北1条西3丁目16番4号,札幌市中央区,北海道,0600026,2024-02-27
7173,岡田由美,岡田由美7173@gmail.com,090-9998-9914,埼玉県さいたま市浦和区高砂5丁目1番1号,さいたま市浦和区,埼玉県,3300009,2023-05-13
7174,村上和也,村上和也7174@gmail.com,090-2255-3875,東京都渋谷区渋谷5丁目14番5号,渋谷区,東京都,1500029,2024-09-15
7175,田中正,田中正7175@outlook.com,090-5747-2856,福岡県福岡市博多区博多駅前1丁目14番6号,福岡市博多区,福岡県,8120008,2023-07-12
7176,青木智子,青木智子7176@yahoo.co.jp,090-1019-1097,千葉県千葉市中央区中央2丁目19番8号,千葉市中央区,千葉県,2600041,2023-07-31
7177,伊藤美香,伊藤美香7177@gmail.com,090-1006-8353,埼玉県さいたま市浦和区高砂10丁目21番1号,さいたま市浦和区,埼玉県,3300010,2024-10-26
7178,高橋由美,高橋由美7178@icloud.com,090-9632-3800,京都府京都市中京区烏丸通10丁目27番2号,京都市中京区,京都府,6040028,2024-02-19
7179,小林花子,小林花子7179@gmail.com,090-1452-2159,福岡県福岡市中央区天神8丁目26番2号,福岡市中央区,福岡県,8100041,2023-04-15
7180,加藤達也,加藤達也7180@yahoo.co.jp,090-7999-6767,京都府京都市下京区四条通3丁目9番6号,京都市下京区,京都府,6000030,2024-02-03
7181,田中次郎,田中次郎7181@example.com,090-9079-3990,東京都渋谷区渋谷7丁目10番8号,渋谷区,東京都,1500019,2023-09-27
7182,井上誠,井上誠7182@icloud.com,090-9886-3167,兵庫県神戸市灘区灘南通7丁目2番10号,神戸市灘区,兵庫県,6570013,2023-11-28
7183,岡田和也,岡田和也7183@yahoo.co.jp,090-7128-5175,愛知県名古屋市西区名駅6丁目15番3号,名古屋市西区,愛知県,4510038,2024-11-04
7184,田中千佳,田中千佳7184@gmail.com,090-4602-4846,兵庫県神戸市灘区灘南通6丁目22番8号,神戸市灘区,兵庫県,6570024,2024-07-06
7185,藤原亮,藤原亮7185@example.com,090-4780-3069,千葉県千葉市美浜区美浜10丁目10番2号,千葉市美浜区,千葉県,2610032,2024-06-05
7186,鈴木正,鈴木正7186@example.com,090-5358-9608,京都府京都市下京区四条通2丁目28番8号,京都市下京区,京都府,6000013,2023-05-19
7187,伊藤恵子,伊藤恵子7187@example.com,090-4666-8753,愛知県名古屋市西区名駅5丁目18番5号,名古屋市西区,愛知県,4510032,2023-08-16
7188,松本一郎,松本一郎7188@icloud.com,090-9629-2273,東京都渋谷区渋谷10丁目5番4号,渋谷区,東京都,1500011,2024-10-18
7189,斎藤美香,斎藤美香7189@outlook.com,090-8357-5481,大阪府大阪市北区梅田4丁目7番5号,大阪市北区,大阪府,5300015,2023-09-20
7190,井上美咲,井上美咲7190@gmail.com,090-1149-1386,兵庫県神戸市灘区灘南通3丁目18番3号,神戸市灘区,兵庫県,6570009,2023-07-16
7191,斎藤達也,斎藤達也7191@example.com,090-7284-5917,神奈川県横浜市西区みなとみらい9丁目11番10号,横浜市西区,神奈川県,2200003,2023-01-03
7192,木村剛,木村剛7192@example.com,090-5759-6905,京都府京都市中京区烏丸通6丁目26番4号,京都市中京区,京都府,6040038,2024-03-14
7193,松本三郎,松本三郎7193@yahoo.co.jp,090-1097-4083,兵庫県神戸市中央区三宮町7丁目21番2号,神戸市中央区,兵庫県,6500008,2024-09-27
7194,近藤太郎,近藤太郎7194@yahoo.co.jp,090-1214-6387,埼玉県さいたま市浦和区高砂8丁目23番5号,さいたま市浦和区,埼玉県,3300004,2024-10-03
7195,前田翔太,前田翔太7195@example.com,090-6064-1628,神奈川県横浜市中区本町4丁目23番9号,横浜市中区,神奈川県,2310003,2023-06-15
7196,橋本さくら,橋本さくら7196@icloud.com,090-8970-5064,兵庫県神戸市中央区三宮町5丁目6番7号,神戸市中央区,兵庫県,6500010,2023-05-25
7197,前田花子,前田花子7197@outlook.com,090-7544-3571,愛知県名古屋市中区錦6丁目18番3号,名古屋市中区,愛知県,4600005,2024-10-14
7198,石川真由美,石川真由美7198@yahoo.co.jp,090-4563-5485,兵庫県神戸市中央区三宮町10丁目22番8号,神戸市中央区,兵庫県,6500036,2024-08-06
7199,長谷川美穂,長谷川美穂7199@icloud.com,090-4287-8581,埼玉県さいたま市浦和区高砂2丁目20番9号,さいたま市浦和区,埼玉県,3300024,2023-05-26
7200,吉田千佳,吉田千佳7200@gmail.com,090-8772-9171,大阪府大阪市北区梅田9丁目3番2号,大阪市北区,大阪府,5300007,2024-11-28
7201,前田達也,前田達也7201@icloud.com,090-2674-2174,千葉県千葉市中央区中央4丁目3番4号,千葉市中央区,千葉県,2600037,2023-07-10
7202,山田翔太,山田翔太7202@icloud.com,090-5443-8477,愛知県名古屋市西区名駅4丁目8番9号,名古屋市西区,愛知県,4510006,2024-12-25
7203,井上次郎,井上次郎7203@yahoo.co.jp,090-7666-6988,福岡県福岡市中央区天神5丁目20番10号,福岡市中央区,福岡県,8100039,2023-02-08
7204,渡辺花子,渡辺花子7204@icloud.com,090-6307-8850,埼玉県さいたま市浦和区高砂4丁目4番8号,さいたま市浦和区,埼玉県,3300011,2024-02-20
7205,伊藤正,伊藤正7205@outlook.com,090-6628-7056,福岡県福岡市博多区博多駅前4丁目3番3号,福岡市博多区,福岡県,8120004,2023-09-26
7206,木村花子,木村花子7206@outlook.com,090-3603-5420,神奈川県横浜市中区本町8丁目1番5号,横浜市中区,神奈川県,2310002,2023-11-01
7207,中村和也,中村和也7207@outlook.com,090-3758-5437,神奈川県横浜市中区本町8丁目13番3号,横浜市中区,神奈川県,2310024,2023-07-29
7208,近藤達也,近藤達也7208@icloud.com,090-6875-8503,埼玉県さいたま市浦和区高砂6丁目9番10号,さいたま市浦和区,埼玉県,3300011,2024-09-01
7209,橋本千佳,橋本千佳7209@gmail.com,090-4700-8349,東京都渋谷区渋谷10丁目5番8号,渋谷区,東京都,1500028,2023-11-21
7210,遠藤誠,遠藤誠7210@yahoo.co.jp,090-6812-2459,千葉県千葉市美浜区美浜1丁目23番5号,千葉市美浜区,千葉県,2610001,2024-04-26
7211,遠藤愛,遠藤愛7211@example.com,090-3546-3449,大阪府大阪市中央区本町4丁目2番5号,大阪市中央区,大阪府,5410018,2023-08-10
7212,藤原麻美,藤原麻美7212@outlook.com,090-1189-8056,愛知県名古屋市西区名駅5丁目21番3号,名古屋市西区,愛知県,4510034,2024-04-16
7213,山本由美子,山本由美子7213@icloud.com,090-9296-9838,兵庫県神戸市灘区灘南通7丁目18番6号,神戸市灘区,兵庫県,6570040,2024-04-30
7214,坂本和也,坂本和也7214@icloud.com,090-6410-9454,東京都千代田区丸の内7丁目19番1号,千代田区,東京都,1000019,2023-09-04
7215,後藤恵子,後藤恵子7215@example.com,090-3467-8507,埼玉県さいたま市浦和区高砂8丁目27番1号,さいたま市浦和区,埼玉県,3300039,2024-06-09
7216,小林花子,小林花子7216@yahoo.co.jp,090-8743-2458,兵庫県神戸市中央区三宮町2丁目10番7号,神戸市中央区,兵庫県,6500039,2024-04-06
7217,池田千佳,池田千佳7217@gmail.com,090-3253-4735,東京都新宿区新宿8丁目30番2号,新宿区,東京都,1600011,2023-08-05
7218,木村剛,木村剛7218@example.com,090-4023-6601,埼玉県さいたま市浦和区高砂5丁目10番10号,さいたま市浦和区,埼玉県,3300017,2024-12-15
7219,村上三郎,村上三郎7219@outlook.com,090-9666-7584,東京都渋谷区渋谷8丁目2番2号,渋谷区,東京都,1500004,2024-03-23
7220,井上さくら,井上さくら7220@outlook.com,090-2508-7859,埼玉県さいたま市大宮区大宮7丁目28番5号,さいたま市大宮区,埼玉県,3300026,2024-02-16
7221,後藤和也,後藤和也7221@example.com,090-9964-2515,北海道札幌市中央区北1条西9丁目23番2号,札幌市中央区,北海道,0600004,2024-09-13
7222,前田拓也,前田拓也7222@gmail.com,090-3285-8121,東京都渋谷区渋谷9丁目20番10号,渋谷区,東京都,1500023,2023-05-19
7223,村上太郎,村上太郎7223@icloud.com,090-2081-2231,埼玉県さいたま市浦和区高砂10丁目5番1号,さいたま市浦和区,埼玉県,3300030,2024-06-06
7224,山田麻衣,山田麻衣7224@gmail.com,090-6186-6233,愛知県名古屋市中区錦10丁目22番10号,名古屋市中区,愛知県,4600008,2023-10-02
7225,後藤正,後藤正7225@gmail.com,090-1658-2616,埼玉県さいたま市浦和区高砂10丁目21番2号,さいたま市浦和区,埼玉県,3300002,2023-07-18
7226,藤井真由美,藤井真由美7226@example.com,090-6057-9653,北海道札幌市中央区北1条西8丁目4番4号,札幌市中央区,北海道,0600007,2023-03-23
7227,鈴木健一,鈴木健一7227@icloud.com,090-3676-3800,北海道札幌市北区北6条西6丁目11番10号,札幌市北区,北海道,0600004,2023-01-26
7228,後藤三郎,後藤三郎7228@yahoo.co.jp,090-2733-1764,兵庫県神戸市灘区灘南通2丁目11番8号,神戸市灘区,兵庫県,6570027,2024-06-14
7229,山本亮,山本亮7229@outlook.com,090-7392-7942,大阪府大阪市中央区本町4丁目2番3号,大阪市中央区,大阪府,5410039,2023-12-29
7230,斎藤由美子,斎藤由美子7230@gmail.com,090-6710-1867,京都府京都市下京区四条通5丁目25番5号,京都市下京区,京都府,6000017,2024-04-26
7231,斎藤香織,斎藤香織7231@yahoo.co.jp,090-4645-3612,愛知県名古屋市西区名駅8丁目15番10号,名古屋市西区,愛知県,4510023,2023-03-06
7232,渡辺翔太,渡辺翔太7232@icloud.com,090-9039-8550,神奈川県横浜市中区本町2丁目16番1号,横浜市中区,神奈川県,2310041,2024-11-01
7233,林優子,林優子7233@gmail.com,090-3941-1992,愛知県名古屋市西区名駅5丁目5番3号,名古屋市西区,愛知県,4510028,2024-01-14
7234,近藤香織,近藤香織7234@outlook.com,090-1987-1406,埼玉県さいたま市大宮区大宮9丁目19番1号,さいたま市大宮区,埼玉県,3300041,2023-04-19
7235,井上三郎,井上三郎7235@outlook.com,090-3659-5007,愛知県名古屋市中区錦1丁目3番9号,名古屋市中区,愛知県,4600007,2023-05-03
7236,佐藤慎一,佐藤慎一7236@example.com,090-4610-7942,福岡県福岡市中央区天神6丁目14番10号,福岡市中央区,福岡県,8100034,2024-03-29
7237,加藤次郎,加藤次郎7237@yahoo.co.jp,090-2582-2910,東京都渋谷区渋谷6丁目25番4号,渋谷区,東京都,1500010,2023-05-29
7238,池田健太,池田健太7238@example.com,090-2424-7021,愛知県名古屋市中区錦4丁目2番3号,名古屋市中区,愛知県,4600001,2023-12-16
7239,村上美穂,村上美穂7239@outlook.com,090-7649-7867,愛知県名古屋市西区名駅1丁目16番2号,名古屋市西区,愛知県,4510026,2023-08-09
7240,高橋大輔,高橋大輔7240@icloud.com,090-4726-5447,京都府京都市下京区四条通7丁目18番3号,京都市下京区,京都府,6000022,2024-10-27
7241,木村和也,木村和也7241@gmail.com,090-3071-9047,埼玉県さいたま市大宮区大宮8丁目23番6号,さいたま市大宮区,埼玉県,3300026,2023-01-07
7242,伊藤愛,伊藤愛7242@outlook.com,090-7857-5239,千葉県千葉市美浜区美浜8丁目25番1号,千葉市美浜区,千葉県,2610012,2024-01-25
7243,藤井さくら,藤井さくら7243@icloud.com,090-4649-2412,京都府京都市中京区烏丸通1丁目30番4号,京都市中京区,京都府,6040034,2024-05-28
7244,石川さくら,石川さくら7244@yahoo.co.jp,090-8097-7806,兵庫県神戸市中央区三宮町8丁目8番8号,神戸市中央区,兵庫県,6500029,2023-06-18
7245,後藤優子,後藤優子7245@yahoo.co.jp,090-5641-8650,埼玉県さいたま市大宮区大宮6丁目14番10号,さいたま市大宮区,埼玉県,3300039,2023-08-18
7246,藤井麻衣,藤井麻衣7246@outlook.com,090-5017-2472,福岡県福岡市博多区博多駅前10丁目17番7号,福岡市博多区,福岡県,8120015,2023-07-06
7247,村上由美,村上由美7247@gmail.com,090-2560-6458,千葉県千葉市中央区中央7丁目14番8号,千葉市中央区,千葉県,2600010,2023-11-09
7248,松本美咲,松本美咲7248@icloud.com,090-5097-6296,神奈川県横浜市中区本町10丁目4番3号,横浜市中区,神奈川県,2310037,2024-05-15
7249,遠藤由美子,遠藤由美子7249@outlook.com,090-4856-6297,福岡県福岡市博多区博多駅前7丁目23番8号,福岡市博多区,福岡県,8120001,2023-09-30
7250,林真由美,林真由美7250@outlook.com,090-8446-1770,東京都新宿区新宿4丁目8番6号,新宿区,東京都,1600013,2023-02-17
7251,林由美子,林由美子7251@outlook.com,090-6015-5880,埼玉県さいたま市浦和区高砂6丁目13番2号,さいたま市浦和区,埼玉県,3300019,2024-08-16
7252,坂本千佳,坂本千佳7252@outlook.com,090-1376-7063,大阪府大阪市北区梅田3丁目9番7号,大阪市北区,大阪府,5300021,2023-08-21
7253,池田誠,池田誠7253@outlook.com,090-8011-2636,大阪府大阪市中央区本町8丁目26番2号,大阪市中央区,大阪府,5410004,2024-01-26
7254,小林由美,小林由美7254@outlook.com,090-6178-9855,大阪府大阪市中央区本町4丁目12番8号,大阪市中央区,大阪府,5410004,2024-09-04
7255,加藤花子,加藤花子7255@example.com,090-5761-6265,東京都千代田区丸の内4丁目15番10号,千代田区,東京都,1000018,2024-01-14
7256,橋本亮,橋本亮7256@yahoo.co.jp,090-5536-2528,東京都渋谷区渋谷10丁目29番10号,渋谷区,東京都,1500001,2023-06-17
7257,長谷川太郎,長谷川太郎7257@icloud.com,090-5380-2544,千葉県千葉市中央区中央3丁目24番8号,千葉市中央区,千葉県,2600012,2023-01-14
7258,長谷川太郎,長谷川太郎7258@gmail.com,090-2351-9587,東京都千代田区丸の内10丁目23番9号,千代田区,東京都,1000013,2024-12-03
7259,中村花子,中村花子7259@outlook.com,090-9480-8736,東京都新宿区新宿10丁目3番7号,新宿区,東京都,1600012,2024-11-17
7260,坂本健太,坂本健太7260@gmail.com,090-9888-6265,京都府京都市中京区烏丸通3丁目23番4号,京都市中京区,京都府,6040007,2023-03-31
7261,遠藤優子,遠藤優子7261@gmail.com,090-4453-3134,北海道札幌市中央区北1条西9丁目24番1号,札幌市中央区,北海道,0600031,2023-05-05
7262,松本香織,松本香織7262@example.com,090-9060-9206,神奈川県横浜市西区みなとみらい4丁目5番2号,横浜市西区,神奈川県,2200003,2024-12-07
7263,小林慎一,小林慎一7263@outlook.com,090-8790-2419,千葉県千葉市美浜区美浜3丁目2番8号,千葉市美浜区,千葉県,2610035,2024-08-31
7264,木村剛,木村剛7264@yahoo.co.jp,090-4860-5598,大阪府大阪市北区梅田2丁目24番5号,大阪市北区,大阪府,5300014,2024-02-27
7265,後藤美香,後藤美香7265@icloud.com,090-8304-9390,東京都渋谷区渋谷2丁目26番10号,渋谷区,東京都,1500022,2023-07-28
7266,林香織,林香織7266@outlook.com,090-5138-2943,埼玉県さいたま市大宮区大宮9丁目2番2号,さいたま市大宮区,埼玉県,3300016,2024-07-30
7267,長谷川美穂,長谷川美穂7267@gmail.com,090-8372-8663,東京都新宿区新宿8丁目22番4号,新宿区,東京都,1600017,2023-07-30
7268,加藤麻衣,加藤麻衣7268@example.com,090-6408-8737,京都府京都市下京区四条通4丁目13番9号,京都市下京区,京都府,6000003,2024-08-28
7269,加藤真由美,加藤真由美7269@gmail.com,090-9890-4356,兵庫県神戸市灘区灘南通4丁目5番10号,神戸市灘区,兵庫県,6570035,2023-04-11
7270,森田優子,森田優子7270@gmail.com,090-5299-7539,京都府京都市中京区烏丸通10丁目29番10号,京都市中京区,京都府,6040015,2024-10-23
7271,橋本美香,橋本美香7271@gmail.com,090-7560-5373,兵庫県神戸市中央区三宮町7丁目30番9号,神戸市中央区,兵庫県,6500011,2023-10-02
7272,松本千佳,松本千佳7272@icloud.com,090-8560-6256,東京都渋谷区渋谷4丁目24番2号,渋谷区,東京都,1500035,2024-08-14
7273,長谷川三郎,長谷川三郎7273@yahoo.co.jp,090-7013-5708,東京都渋谷区渋谷6丁目11番9号,渋谷区,東京都,1500038,2023-05-20
7274,青木美穂,青木美穂7274@icloud.com,090-4765-7586,大阪府大阪市中央区本町9丁目22番8号,大阪市中央区,大阪府,5410037,2024-10-19
7275,佐藤剛,佐藤剛7275@gmail.com,090-2649-5279,大阪府大阪市北区梅田2丁目25番6号,大阪市北区,大阪府,5300005,2024-10-07
7276,加藤愛,加藤愛7276@icloud.com,090-3318-1102,大阪府大阪市中央区本町10丁目29番10号,大阪市中央区,大阪府,5410011,2024-04-11
7277,岡田優子,岡田優子7277@gmail.com,090-9849-9036,大阪府大阪市北区梅田1丁目25番9号,大阪市北区,大阪府,5300005,2023-08-11
7278,斎藤千佳,斎藤千佳7278@gmail.com,090-9330-2257,埼玉県さいたま市浦和区高砂1丁目13番2号,さいたま市浦和区,埼玉県,3300005,2024-08-06
7279,藤井恵子,藤井恵子7279@icloud.com,090-6482-2075,東京都千代田区丸の内10丁目1番6号,千代田区,東京都,1000018,2023-04-09
7280,吉田健太,吉田健太7280@outlook.com,090-1296-7357,愛知県名古屋市中区錦6丁目6番8号,名古屋市中区,愛知県,4600008,2024-01-25
7281,伊藤健太,伊藤健太7281@yahoo.co.jp,090-7581-7371,福岡県福岡市中央区天神8丁目25番9号,福岡市中央区,福岡県,8100018,2024-04-24
7282,藤原達也,藤原達也7282@gmail.com,090-3904-9858,千葉県千葉市美浜区美浜6丁目23番7号,千葉市美浜区,千葉県,2610041,2024-08-12
7283,青木拓也,青木拓也7283@icloud.com,090-3752-4529,埼玉県さいたま市大宮区大宮5丁目21番4号,さいたま市大宮区,埼玉県,3300002,2023-02-11
7284,村上亮,村上亮7284@yahoo.co.jp,090-4555-5653,千葉県千葉市美浜区美浜2丁目7番9号,千葉市美浜区,千葉県,2610026,2024-05-26
7285,小林美穂,小林美穂7285@outlook.com,090-9327-9866,兵庫県神戸市中央区三宮町1丁目30番5号,神戸市中央区,兵庫県,6500021,2024-07-02
7286,藤井次郎,藤井次郎7286@yahoo.co.jp,090-9712-7742,福岡県福岡市中央区天神10丁目19番9号,福岡市中央区,福岡県,8100013,2023-03-13
7287,山田慎一,山田慎一7287@yahoo.co.jp,090-5868-7212,東京都千代田区丸の内10丁目1番2号,千代田区,東京都,1000004,2023-03-31
7288,松本太郎,松本太郎7288@example.com,090-3138-2219,埼玉県さいたま市大宮区大宮4丁目17番6号,さいたま市大宮区,埼玉県,3300002,2023-05-11
7289,橋本次郎,橋本次郎7289@yahoo.co.jp,090-6203-9625,福岡県福岡市中央区天神7丁目29番9号,福岡市中央区,福岡県,8100021,2024-04-15
7290,後藤正,後藤正7290@example.com,090-5444-8975,千葉県千葉市中央区中央3丁目23番6号,千葉市中央区,千葉県,2600009,2023-01-16
7291,渡辺香織,渡辺香織7291@yahoo.co.jp,090-1707-7889,京都府京都市中京区烏丸通10丁目28番3号,京都市中京区,京都府,6040006,2023-09-24
7292,前田和也,前田和也7292@yahoo.co.jp,090-8041-9270,大阪府大阪市北区梅田10丁目30番5号,大阪市北区,大阪府,5300011,2023-02-26
7293,近藤花子,近藤花子7293@example.com,090-9825-4384,福岡県福岡市博多区博多駅前3丁目6番6号,福岡市博多区,福岡県,8120007,2024-06-02
7294,渡辺慎一,渡辺慎一7294@gmail.com,090-3724-9172,神奈川県横浜市西区みなとみらい10丁目10番4号,横浜市西区,神奈川県,2200007,2024-12-24
7295,田中健一,田中健一7295@icloud.com,090-5018-8186,千葉県千葉市美浜区美浜9丁目13番2号,千葉市美浜区,千葉県,2610017,2023-09-17
7296,橋本美咲,橋本美咲7296@example.com,090-5660-4053,神奈川県横浜市西区みなとみらい5丁目26番1号,横浜市西区,神奈川県,2200040,2024-11-29
7297,加藤達也,加藤達也7297@outlook.com,090-3101-3837,大阪府大阪市中央区本町10丁目8番8号,大阪市中央区,大阪府,5410030,2024-08-21
7298,山本直樹,山本直樹7298@outlook.com,090-8488-2025,北海道札幌市中央区北1条西4丁目6番2号,札幌市中央区,北海道,0600029,2024-11-17
7299,岡田大輔,岡田大輔7299@yahoo.co.jp,090-5398-6779,埼玉県さいたま市浦和区高砂9丁目9番5号,さいたま市浦和区,埼玉県,3300033,2024-02-16
7300,森田健太,森田健太7300@example.com,090-4572-5245,北海道札幌市中央区北1条西1丁目8番10号,札幌市中央区,北海道,0600002,2024-10-11
7301,高橋千佳,高橋千佳7301@icloud.com,090-2349-9766,愛知県名古屋市中区錦1丁目15番5号,名古屋市中区,愛知県,4600004,2023-07-09
7302,藤原直樹,藤原直樹7302@icloud.com,090-5095-5196,京都府京都市中京区烏丸通5丁目27番3号,京都市中京区,京都府,6040012,2023-10-25
7303,田中次郎,田中次郎7303@example.com,090-7212-9320,千葉県千葉市美浜区美浜5丁目21番4号,千葉市美浜区,千葉県,2610013,2023-05-11
7304,池田香織,池田香織7304@yahoo.co.jp,090-6344-2017,福岡県福岡市博多区博多駅前1丁目20番9号,福岡市博多区,福岡県,8120001,2024-06-13
7305,森田麻美,森田麻美7305@yahoo.co.jp,090-8783-3899,千葉県千葉市中央区中央2丁目14番2号,千葉市中央区,千葉県,2600028,2024-03-21
7306,小林健太,小林健太7306@example.com,090-1661-7233,北海道札幌市中央区北1条西5丁目14番4号,札幌市中央区,北海道,0600020,2023-03-07
7307,伊藤雄一,伊藤雄一7307@icloud.com,090-7078-3037,福岡県福岡市博多区博多駅前1丁目26番5号,福岡市博多区,福岡県,8120012,2023-09-03
7308,鈴木直樹,鈴木直樹7308@example.com,090-1548-3672,大阪府大阪市中央区本町2丁目17番2号,大阪市中央区,大阪府,5410007,2024-08-02
7309,木村三郎,木村三郎7309@yahoo.co.jp,090-7234-2046,埼玉県さいたま市浦和区高砂8丁目14番9号,さいたま市浦和区,埼玉県,3300009,2023-08-28
7310,岡田太郎,岡田太郎7310@example.com,090-2119-5976,福岡県福岡市中央区天神4丁目25番4号,福岡市中央区,福岡県,8100039,2023-08-04
7311,松本拓也,松本拓也7311@icloud.com,090-1957-8775,北海道札幌市北区北6条西4丁目21番3号,札幌市北区,北海道,0600029,2024-03-21
7312,高橋花子,高橋花子7312@outlook.com,090-1306-8091,兵庫県神戸市灘区灘南通2丁目4番7号,神戸市灘区,兵庫県,6570027,2023-02-07
7313,鈴木太郎,鈴木太郎7313@gmail.com,090-8914-1199,北海道札幌市中央区北1条西7丁目13番5号,札幌市中央区,北海道,0600024,2024-03-03
7314,山田由美,山田由美7314@yahoo.co.jp,090-3132-6284,福岡県福岡市博多区博多駅前10丁目23番8号,福岡市博多区,福岡県,8120012,2024-09-07
7315,鈴木和也,鈴木和也7315@yahoo.co.jp,090-2324-6734,東京都渋谷区渋谷2丁目15番1号,渋谷区,東京都,1500001,2023-12-03
7316,中村和也,中村和也7316@example.com,090-8006-8491,大阪府大阪市中央区本町10丁目15番2号,大阪市中央区,大阪府,5410041,2024-11-06
7317,前田雄一,前田雄一7317@yahoo.co.jp,090-9609-3336,京都府京都市中京区烏丸通4丁目25番7号,京都市中京区,京都府,6040005,2024-08-27
7318,小林和也,小林和也7318@outlook.com,090-9738-4342,埼玉県さいたま市大宮区大宮6丁目19番2号,さいたま市大宮区,埼玉県,3300018,2023-05-12
7319,森田達也,森田達也7319@gmail.com,090-3024-4527,東京都千代田区丸の内2丁目22番10号,千代田区,東京都,1000018,2023-11-11
7320,森田優子,森田優子7320@example.com,090-3670-4435,京都府京都市中京区烏丸通2丁目2番4号,京都市中京区,京都府,6040039,2024-11-16
7321,伊藤麻美,伊藤麻美7321@example.com,090-4844-7664,兵庫県神戸市中央区三宮町3丁目12番1号,神戸市中央区,兵庫県,6500014,2023-06-07
7322,村上剛,村上剛7322@example.com,090-5548-1506,福岡県福岡市博多区博多駅前5丁目22番3号,福岡市博多区,福岡県,8120008,2024-08-13
7323,村上麻美,村上麻美7323@gmail.com,090-1096-6344,東京都千代田区丸の内1丁目17番10号,千代田区,東京都,1000005,2024-08-11
7324,井上雄一,井上雄一7324@icloud.com,090-5779-9853,愛知県名古屋市中区錦3丁目6番10号,名古屋市中区,愛知県,4600006,2024-02-23
7325,田中智子,田中智子7325@icloud.com,090-2528-2390,千葉県千葉市中央区中央4丁目20番2号,千葉市中央区,千葉県,2600029,2023-01-31
7326,藤原健一,藤原健一7326@yahoo.co.jp,090-7143-2170,愛知県名古屋市中区錦3丁目13番10号,名古屋市中区,愛知県,4600004,2024-07-25
7327,岡田亮,岡田亮7327@yahoo.co.jp,090-2328-1451,埼玉県さいたま市大宮区大宮1丁目30番3号,さいたま市大宮区,埼玉県,3300015,2023-12-10
7328,山田香織,山田香織7328@outlook.com,090-8258-3309,東京都新宿区新宿1丁目19番10号,新宿区,東京都,1600007,2024-06-06
7329,山田さくら,山田さくら7329@icloud.com,090-1519-4479,千葉県千葉市中央区中央10丁目28番3号,千葉市中央区,千葉県,2600034,2024-04-15
7330,藤原慎一,藤原慎一7330@yahoo.co.jp,090-2487-9214,埼玉県さいたま市大宮区大宮4丁目18番4号,さいたま市大宮区,埼玉県,3300013,2023-05-10
7331,藤原正,藤原正7331@icloud.com,090-1183-6918,北海道札幌市中央区北1条西5丁目19番1号,札幌市中央区,北海道,0600011,2023-09-30
7332,池田翔太,池田翔太7332@example.com,090-4395-3659,大阪府大阪市中央区本町2丁目28番5号,大阪市中央区,大阪府,5410040,2023-11-10
7333,松本太郎,松本太郎7333@yahoo.co.jp,090-4106-8397,愛知県名古屋市西区名駅2丁目20番4号,名古屋市西区,愛知県,4510008,2023-12-10
7334,橋本健太,橋本健太7334@example.com,090-8470-5327,千葉県千葉市美浜区美浜7丁目3番7号,千葉市美浜区,千葉県,2610020,2024-06-13
7335,伊藤一郎,伊藤一郎7335@example.com,090-2991-7194,京都府京都市中京区烏丸通3丁目26番7号,京都市中京区,京都府,6040016,2023-06-22
7336,遠藤次郎,遠藤次郎7336@outlook.com,090-7997-9580,愛知県名古屋市中区錦6丁目25番8号,名古屋市中区,愛知県,4600001,2024-08-20
7337,村上由美子,村上由美子7337@icloud.com,090-9317-9365,千葉県千葉市美浜区美浜7丁目7番9号,千葉市美浜区,千葉県,2610017,2023-07-12
7338,松本美穂,松本美穂7338@outlook.com,090-8854-6912,福岡県福岡市中央区天神4丁目1番5号,福岡市中央区,福岡県,8100018,2023-03-27
7339,青木麻衣,青木麻衣7339@example.com,090-7987-9927,兵庫県神戸市灘区灘南通5丁目5番3号,神戸市灘区,兵庫県,6570019,2023-03-27
7340,後藤美香,後藤美香7340@example.com,090-9812-4411,京都府京都市下京区四条通7丁目30番6号,京都市下京区,京都府,6000009,2024-08-31
7341,坂本一郎,坂本一郎7341@gmail.com,090-8091-7639,北海道札幌市中央区北1条西5丁目26番2号,札幌市中央区,北海道,0600006,2024-10-17
7342,長谷川美香,長谷川美香7342@gmail.com,090-7659-2376,北海道札幌市北区北6条西1丁目24番6号,札幌市北区,北海道,0600028,2024-05-20
7343,斎藤太郎,斎藤太郎7343@icloud.com,090-5197-3488,愛知県名古屋市中区錦3丁目25番9号,名古屋市中区,愛知県,4600001,2023-06-08
7344,松本美香,松本美香7344@yahoo.co.jp,090-6471-3495,京都府京都市中京区烏丸通3丁目29番2号,京都市中京区,京都府,6040036,2023-04-27
7345,池田美咲,池田美咲7345@yahoo.co.jp,090-5794-7226,東京都千代田区丸の内6丁目12番9号,千代田区,東京都,1000021,2024-01-02
7346,佐藤亮,佐藤亮7346@icloud.com,090-5752-1601,福岡県福岡市博多区博多駅前1丁目10番7号,福岡市博多区,福岡県,8120006,2023-10-27
7347,藤原千佳,藤原千佳7347@gmail.com,090-5395-1387,兵庫県神戸市中央区三宮町10丁目2番2号,神戸市中央区,兵庫県,6500015,2023-02-27
7348,前田健一,前田健一7348@example.com,090-6435-6243,北海道札幌市北区北6条西6丁目26番10号,札幌市北区,北海道,0600037,2023-07-28
7349,佐藤次郎,佐藤次郎7349@outlook.com,090-1555-9831,愛知県名古屋市中区錦9丁目10番4号,名古屋市中区,愛知県,4600001,2023-01-22
7350,高橋拓也,高橋拓也7350@icloud.com,090-6967-6055,東京都新宿区新宿2丁目12番1号,新宿区,東京都,1600016,2023-05-18
7351,山本香織,山本香織7351@gmail.com,090-2887-3268,千葉県千葉市中央区中央9丁目21番7号,千葉市中央区,千葉県,2600014,2023-04-25
7352,石川千佳,石川千佳7352@icloud.com,090-1187-2119,神奈川県横浜市中区本町6丁目20番6号,横浜市中区,神奈川県,2310015,2023-01-15
7353,青木真由美,青木真由美7353@example.com,090-4329-3213,神奈川県横浜市西区みなとみらい10丁目6番7号,横浜市西区,神奈川県,2200040,2024-09-18
7354,藤井直樹,藤井直樹7354@yahoo.co.jp,090-5174-4691,埼玉県さいたま市大宮区大宮5丁目18番3号,さいたま市大宮区,埼玉県,3300016,2024-04-18
7355,長谷川麻衣,長谷川麻衣7355@outlook.com,090-8656-3745,愛知県名古屋市中区錦1丁目6番7号,名古屋市中区,愛知県,4600007,2023-05-18
7356,坂本翔太,坂本翔太7356@outlook.com,090-5225-9588,神奈川県横浜市西区みなとみらい3丁目19番7号,横浜市西区,神奈川県,2200031,2024-10-05
7357,井上剛,井上剛7357@outlook.com,090-3759-3477,京都府京都市中京区烏丸通4丁目30番3号,京都市中京区,京都府,6040039,2023-08-09
7358,後藤麻衣,後藤麻衣7358@gmail.com,090-9041-2863,大阪府大阪市中央区本町6丁目3番8号,大阪市中央区,大阪府,5410024,2023-09-28
7359,近藤達也,近藤達也7359@outlook.com,090-4804-8293,福岡県福岡市中央区天神5丁目23番1号,福岡市中央区,福岡県,8100014,2023-10-26
7360,高橋亮,高橋亮7360@gmail.com,090-2806-6674,愛知県名古屋市西区名駅8丁目23番1号,名古屋市西区,愛知県,4510022,2023-05-27
7361,森田達也,森田達也7361@example.com,090-9622-5192,大阪府大阪市中央区本町5丁目26番5号,大阪市中央区,大阪府,5410013,2024-04-04
7362,中村慎一,中村慎一7362@gmail.com,090-9793-3550,神奈川県横浜市西区みなとみらい2丁目25番3号,横浜市西区,神奈川県,2200026,2023-07-26
7363,松本次郎,松本次郎7363@example.com,090-7486-2019,兵庫県神戸市灘区灘南通3丁目30番9号,神戸市灘区,兵庫県,6570033,2024-08-06
7364,青木大輔,青木大輔7364@icloud.com,090-2279-1022,福岡県福岡市博多区博多駅前8丁目21番4号,福岡市博多区,福岡県,8120010,2024-04-01
7365,村上直樹,村上直樹7365@icloud.com,090-7195-9856,北海道札幌市中央区北1条西7丁目27番6号,札幌市中央区,北海道,0600010,2023-11-12
7366,石川美香,石川美香7366@example.com,090-2146-7087,埼玉県さいたま市浦和区高砂5丁目21番10号,さいたま市浦和区,埼玉県,3300030,2023-10-21
7367,村上正,村上正7367@outlook.com,090-8161-4559,東京都渋谷区渋谷10丁目13番6号,渋谷区,東京都,1500004,2023-12-16
7368,加藤健太,加藤健太7368@gmail.com,090-1394-3505,東京都千代田区丸の内6丁目7番4号,千代田区,東京都,1000011,2024-01-24
7369,小林由美子,小林由美子7369@example.com,090-4429-4393,福岡県福岡市博多区博多駅前2丁目11番1号,福岡市博多区,福岡県,8120014,2023-04-13
7370,鈴木香織,鈴木香織7370@example.com,090-8993-1214,北海道札幌市中央区北1条西3丁目29番4号,札幌市中央区,北海道,0600014,2023-10-04
7371,藤井翔太,藤井翔太7371@icloud.com,090-1128-8926,神奈川県横浜市西区みなとみらい4丁目29番2号,横浜市西区,神奈川県,2200001,2023-06-29
7372,斎藤亮,斎藤亮7372@icloud.com,090-7403-3287,兵庫県神戸市灘区灘南通3丁目20番2号,神戸市灘区,兵庫県,6570012,2024-06-12
7373,橋本さくら,橋本さくら7373@icloud.com,090-6745-5173,北海道札幌市北区北6条西6丁目17番8号,札幌市北区,北海道,0600018,2024-08-08
7374,石川千佳,石川千佳7374@gmail.com,090-9468-3692,兵庫県神戸市中央区三宮町3丁目29番1号,神戸市中央区,兵庫県,6500031,2024-08-01
7375,井上誠,井上誠7375@yahoo.co.jp,090-9839-6320,神奈川県横浜市西区みなとみらい6丁目8番2号,横浜市西区,神奈川県,2200017,2023-12-24
7376,石川恵子,石川恵子7376@gmail.com,090-9915-7767,埼玉県さいたま市大宮区大宮6丁目12番10号,さいたま市大宮区,埼玉県,3300031,2024-01-18
7377,藤原慎一,藤原慎一7377@yahoo.co.jp,090-9644-8615,福岡県福岡市博多区博多駅前3丁目9番8号,福岡市博多区,福岡県,8120009,2023-07-28
7378,橋本三郎,橋本三郎7378@icloud.com,090-6534-3114,東京都新宿区新宿1丁目15番9号,新宿区,東京都,1600018,2024-01-16
7379,後藤健太,後藤健太7379@icloud.com,090-3992-4713,千葉県千葉市中央区中央5丁目11番1号,千葉市中央区,千葉県,2600012,2024-04-17
7380,遠藤剛,遠藤剛7380@gmail.com,090-3723-5835,北海道札幌市中央区北1条西2丁目11番1号,札幌市中央区,北海道,0600020,2024-11-22
7381,藤井慎一,藤井慎一7381@outlook.com,090-7479-4724,神奈川県横浜市中区本町8丁目29番7号,横浜市中区,神奈川県,2310006,2023-07-16
7382,中村智子,中村智子7382@yahoo.co.jp,090-6149-2812,福岡県福岡市中央区天神6丁目17番6号,福岡市中央区,福岡県,8100020,2023-06-24
7383,鈴木三郎,鈴木三郎7383@icloud.com,090-2747-9981,東京都千代田区丸の内4丁目15番8号,千代田区,東京都,1000017,2023-08-31
7384,松本太郎,松本太郎7384@outlook.com,090-2904-4839,京都府京都市中京区烏丸通2丁目27番10号,京都市中京区,京都府,6040008,2023-12-23
7385,藤井直樹,藤井直樹7385@gmail.com,090-7907-9553,東京都渋谷区渋谷7丁目29番8号,渋谷区,東京都,1500004,2023-05-25
7386,吉田花子,吉田花子7386@icloud.com,090-3716-9203,千葉県千葉市美浜区美浜9丁目12番1号,千葉市美浜区,千葉県,2610018,2023-09-16
7387,後藤美香,後藤美香7387@icloud.com,090-2474-3956,大阪府大阪市北区梅田1丁目18番10号,大阪市北区,大阪府,5300017,2023-12-07
7388,坂本慎一,坂本慎一7388@yahoo.co.jp,090-3790-2752,東京都渋谷区渋谷3丁目17番10号,渋谷区,東京都,1500002,2024-03-20
7389,田中慎一,田中慎一7389@yahoo.co.jp,090-8531-4218,兵庫県神戸市灘区灘南通2丁目11番2号,神戸市灘区,兵庫県,6570012,2023-09-26
7390,前田健太,前田健太7390@icloud.com,090-8922-6609,愛知県名古屋市中区錦5丁目5番8号,名古屋市中区,愛知県,4600005,2023-11-19
7391,橋本雄一,橋本雄一7391@gmail.com,090-1140-9690,埼玉県さいたま市浦和区高砂8丁目18番4号,さいたま市浦和区,埼玉県,3300027,2023-06-12
7392,木村誠,木村誠7392@outlook.com,090-3169-9794,神奈川県横浜市中区本町1丁目27番10号,横浜市中区,神奈川県,2310041,2024-11-10
7393,山田美穂,山田美穂7393@yahoo.co.jp,090-1528-4776,北海道札幌市中央区北1条西5丁目7番4号,札幌市中央区,北海道,0600003,2023-05-29
7394,山本麻衣,山本麻衣7394@example.com,090-7942-8779,東京都渋谷区渋谷10丁目22番4号,渋谷区,東京都,1500003,2024-12-16
7395,斎藤美咲,斎藤美咲7395@outlook.com,090-8336-4679,東京都新宿区新宿5丁目10番2号,新宿区,東京都,1600004,2024-11-24
7396,藤原和也,藤原和也7396@gmail.com,090-6400-7832,千葉県千葉市中央区中央7丁目16番8号,千葉市中央区,千葉県,2600011,2023-01-21
7397,高橋翔太,高橋翔太7397@outlook.com,090-1276-2345,北海道札幌市北区北6条西5丁目22番5号,札幌市北区,北海道,0600021,2023-05-03
7398,藤原太郎,藤原太郎7398@yahoo.co.jp,090-3321-2987,福岡県福岡市博多区博多駅前1丁目26番6号,福岡市博多区,福岡県,8120021,2023-03-26
7399,長谷川和也,長谷川和也7399@icloud.com,090-2118-7330,東京都千代田区丸の内4丁目18番1号,千代田区,東京都,1000003,2023-05-26
7400,坂本亮,坂本亮7400@icloud.com,090-3323-2868,京都府京都市下京区四条通1丁目17番9号,京都市下京区,京都府,6000032,2023-02-16
7401,高橋翔太,高橋翔太7401@yahoo.co.jp,090-8204-4277,愛知県名古屋市中区錦3丁目13番5号,名古屋市中区,愛知県,4600008,2024-07-19
7402,前田翔太,前田翔太7402@outlook.com,090-3441-8760,千葉県千葉市美浜区美浜6丁目20番4号,千葉市美浜区,千葉県,2610033,2023-12-25
7403,加藤由美,加藤由美7403@example.com,090-2021-1381,北海道札幌市中央区北1条西4丁目6番7号,札幌市中央区,北海道,0600003,2024-05-14
7404,山田剛,山田剛7404@gmail.com,090-8863-3524,埼玉県さいたま市浦和区高砂9丁目25番8号,さいたま市浦和区,埼玉県,3300020,2024-12-04
7405,石川翔太,石川翔太7405@yahoo.co.jp,090-9288-7734,神奈川県横浜市西区みなとみらい1丁目24番6号,横浜市西区,神奈川県,2200030,2024-11-20
7406,鈴木亮,鈴木亮7406@yahoo.co.jp,090-2990-6471,埼玉県さいたま市大宮区大宮5丁目16番3号,さいたま市大宮区,埼玉県,3300008,2023-04-05
7407,前田千佳,前田千佳7407@outlook.com,090-4103-6394,神奈川県横浜市中区本町4丁目9番5号,横浜市中区,神奈川県,2310024,2024-02-26
7408,森田正,森田正7408@gmail.com,090-4989-1403,大阪府大阪市北区梅田6丁目7番1号,大阪市北区,大阪府,5300020,2024-12-13
7409,佐藤拓也,佐藤拓也7409@icloud.com,090-7514-2293,京都府京都市中京区烏丸通7丁目30番10号,京都市中京区,京都府,6040041,2023-06-26
7410,吉田由美,吉田由美7410@icloud.com,090-7626-9511,兵庫県神戸市中央区三宮町9丁目29番4号,神戸市中央区,兵庫県,6500015,2023-03-31
7411,村上剛,村上剛7411@yahoo.co.jp,090-2542-9641,京都府京都市下京区四条通5丁目3番1号,京都市下京区,京都府,6000007,2023-09-04
7412,佐藤一郎,佐藤一郎7412@yahoo.co.jp,090-3441-1274,神奈川県横浜市中区本町9丁目18番6号,横浜市中区,神奈川県,2310018,2023-09-01
7413,近藤達也,近藤達也7413@icloud.com,090-8479-7296,福岡県福岡市博多区博多駅前7丁目9番4号,福岡市博多区,福岡県,8120009,2023-02-12
7414,小林雄一,小林雄一7414@icloud.com,090-8428-8920,千葉県千葉市美浜区美浜4丁目8番8号,千葉市美浜区,千葉県,2610022,2023-08-13
7415,中村翔太,中村翔太7415@example.com,090-8387-8664,埼玉県さいたま市浦和区高砂3丁目18番8号,さいたま市浦和区,埼玉県,3300004,2024-08-29
7416,藤井優子,藤井優子7416@yahoo.co.jp,090-5879-2665,京都府京都市中京区烏丸通7丁目17番5号,京都市中京区,京都府,6040040,2024-06-05
7417,中村次郎,中村次郎7417@example.com,090-3571-6248,京都府京都市中京区烏丸通3丁目2番3号,京都市中京区,京都府,6040010,2024-06-03
7418,遠藤大輔,遠藤大輔7418@icloud.com,090-2049-4709,神奈川県横浜市西区みなとみらい5丁目14番1号,横浜市西区,神奈川県,2200023,2024-10-29
7419,山田一郎,山田一郎7419@example.com,090-2456-3181,東京都新宿区新宿3丁目5番3号,新宿区,東京都,1600006,2023-11-02
7420,木村大輔,木村大輔7420@gmail.com,090-5791-9895,福岡県福岡市博多区博多駅前6丁目17番2号,福岡市博多区,福岡県,8120015,2023-08-18
7421,藤井正,藤井正7421@example.com,090-2615-5834,神奈川県横浜市西区みなとみらい3丁目19番9号,横浜市西区,神奈川県,2200017,2024-06-13
7422,松本恵子,松本恵子7422@example.com,090-4956-3648,福岡県福岡市博多区博多駅前5丁目14番2号,福岡市博多区,福岡県,8120018,2023-06-15
7423,鈴木愛,鈴木愛7423@yahoo.co.jp,090-8387-1152,埼玉県さいたま市浦和区高砂9丁目4番6号,さいたま市浦和区,埼玉県,3300007,2024-09-25
7424,橋本美咲,橋本美咲7424@outlook.com,090-5446-3460,北海道札幌市北区北6条西7丁目5番5号,札幌市北区,北海道,0600008,2023-01-19
7425,渡辺正,渡辺正7425@outlook.com,090-2556-4780,神奈川県横浜市中区本町10丁目16番7号,横浜市中区,神奈川県,2310006,2024-10-07
7426,佐藤翔太,佐藤翔太7426@gmail.com,090-9928-6726,東京都千代田区丸の内5丁目10番1号,千代田区,東京都,1000016,2023-11-29
7427,山本美咲,山本美咲7427@example.com,090-2715-7707,埼玉県さいたま市大宮区大宮1丁目4番1号,さいたま市大宮区,埼玉県,3300032,2024-02-15
7428,村上美穂,村上美穂7428@example.com,090-2339-7027,千葉県千葉市中央区中央9丁目18番4号,千葉市中央区,千葉県,2600041,2024-03-15
7429,藤原一郎,藤原一郎7429@icloud.com,090-6667-8771,兵庫県神戸市灘区灘南通4丁目13番4号,神戸市灘区,兵庫県,6570040,2024-07-29
7430,村上麻衣,村上麻衣7430@example.com,090-8122-6382,福岡県福岡市博多区博多駅前10丁目11番6号,福岡市博多区,福岡県,8120011,2023-02-12
7431,長谷川優子,長谷川優子7431@yahoo.co.jp,090-3935-5140,福岡県福岡市中央区天神8丁目24番7号,福岡市中央区,福岡県,8100018,2024-03-10
7432,近藤花子,近藤花子7432@example.com,090-1098-4623,埼玉県さいたま市大宮区大宮6丁目30番4号,さいたま市大宮区,埼玉県,3300027,2024-03-15
7433,吉田美香,吉田美香7433@example.com,090-2603-5950,神奈川県横浜市西区みなとみらい1丁目8番10号,横浜市西区,神奈川県,2200016,2023-07-07
7434,森田雄一,森田雄一7434@gmail.com,090-5173-9548,京都府京都市中京区烏丸通3丁目8番4号,京都市中京区,京都府,6040021,2023-12-01
7435,坂本誠,坂本誠7435@icloud.com,090-9020-8348,京都府京都市中京区烏丸通7丁目11番9号,京都市中京区,京都府,6040040,2024-01-13
7436,佐藤さくら,佐藤さくら7436@example.com,090-4794-1241,大阪府大阪市中央区本町3丁目26番7号,大阪市中央区,大阪府,5410032,2024-11-29
7437,松本真由美,松本真由美7437@icloud.com,090-3020-8119,京都府京都市中京区烏丸通5丁目26番8号,京都市中京区,京都府,6040005,2024-10-03
7438,鈴木剛,鈴木剛7438@icloud.com,090-4633-3161,福岡県福岡市博多区博多駅前3丁目29番4号,福岡市博多区,福岡県,8120004,2023-09-11
7439,前田剛,前田剛7439@gmail.com,090-6240-5960,京都府京都市下京区四条通9丁目14番9号,京都市下京区,京都府,6000006,2024-07-18
7440,林次郎,林次郎7440@gmail.com,090-6472-3908,東京都千代田区丸の内6丁目7番6号,千代田区,東京都,1000014,2023-02-13
7441,中村誠,中村誠7441@outlook.com,090-1170-9615,東京都新宿区新宿7丁目6番7号,新宿区,東京都,1600003,2024-03-29
7442,藤原慎一,藤原慎一7442@yahoo.co.jp,090-4632-8897,北海道札幌市中央区北1条西4丁目30番2号,札幌市中央区,北海道,0600001,2023-02-08
7443,青木さくら,青木さくら7443@example.com,090-4197-9899,大阪府大阪市北区梅田7丁目13番7号,大阪市北区,大阪府,5300014,2023-01-16
7444,藤原誠,藤原誠7444@gmail.com,090-3991-6150,兵庫県神戸市中央区三宮町4丁目22番8号,神戸市中央区,兵庫県,6500036,2024-07-21
7445,高橋拓也,高橋拓也7445@example.com,090-6260-6535,京都府京都市下京区四条通5丁目24番5号,京都市下京区,京都府,6000010,2023-08-01
7446,藤原真由美,藤原真由美7446@example.com,090-1794-7812,千葉県千葉市中央区中央3丁目26番7号,千葉市中央区,千葉県,2600018,2024-10-13
7447,田中剛,田中剛7447@example.com,090-2773-6294,北海道札幌市中央区北1条西9丁目22番2号,札幌市中央区,北海道,0600023,2024-10-18
7448,松本美香,松本美香7448@example.com,090-1816-6071,兵庫県神戸市灘区灘南通7丁目23番4号,神戸市灘区,兵庫県,6570014,2023-02-26
7449,鈴木優子,鈴木優子7449@example.com,090-1444-8640,京都府京都市下京区四条通5丁目30番3号,京都市下京区,京都府,6000007,2023-05-30
7450,遠藤由美,遠藤由美7450@yahoo.co.jp,090-3834-3894,愛知県名古屋市中区錦5丁目5番4号,名古屋市中区,愛知県,4600002,2024-04-24
7451,田中大輔,田中大輔7451@yahoo.co.jp,090-2457-6820,東京都新宿区新宿7丁目16番4号,新宿区,東京都,1600003,2024-11-10
7452,山田真由美,山田真由美7452@icloud.com,090-4131-7820,愛知県名古屋市西区名駅7丁目23番1号,名古屋市西区,愛知県,4510013,2023-11-23
7453,小林正,小林正7453@gmail.com,090-3511-7588,神奈川県横浜市西区みなとみらい10丁目1番7号,横浜市西区,神奈川県,2200012,2024-08-28
7454,斎藤慎一,斎藤慎一7454@icloud.com,090-7090-3036,千葉県千葉市中央区中央6丁目18番7号,千葉市中央区,千葉県,2600003,2024-01-11
7455,伊藤拓也,伊藤拓也7455@gmail.com,090-7324-3626,京都府京都市下京区四条通6丁目20番9号,京都市下京区,京都府,6000037,2023-03-12
7456,青木由美子,青木由美子7456@yahoo.co.jp,090-3741-5934,神奈川県横浜市中区本町7丁目14番9号,横浜市中区,神奈川県,2310021,2024-10-18
7457,田中和也,田中和也7457@gmail.com,090-8382-5593,大阪府大阪市中央区本町2丁目8番4号,大阪市中央区,大阪府,5410018,2023-03-02
7458,坂本太郎,坂本太郎7458@example.com,090-7861-2848,福岡県福岡市中央区天神7丁目19番9号,福岡市中央区,福岡県,8100026,2024-09-13
7459,井上恵子,井上恵子7459@outlook.com,090-8502-1252,北海道札幌市中央区北1条西9丁目2番1号,札幌市中央区,北海道,0600030,2023-10-23
7460,木村拓也,木村拓也7460@gmail.com,090-2198-7807,兵庫県神戸市中央区三宮町9丁目6番3号,神戸市中央区,兵庫県,6500014,2023-05-09
7461,田中慎一,田中慎一7461@gmail.com,090-2915-8648,埼玉県さいたま市浦和区高砂1丁目27番3号,さいたま市浦和区,埼玉県,3300011,2023-05-15
7462,松本麻衣,松本麻衣7462@yahoo.co.jp,090-5163-5205,大阪府大阪市中央区本町10丁目17番9号,大阪市中央区,大阪府,5410040,2024-07-16
7463,井上直樹,井上直樹7463@gmail.com,090-4440-7107,神奈川県横浜市西区みなとみらい5丁目23番6号,横浜市西区,神奈川県,2200015,2024-04-13
7464,吉田剛,吉田剛7464@example.com,090-9791-5303,神奈川県横浜市中区本町3丁目6番6号,横浜市中区,神奈川県,2310017,2024-09-06
7465,渡辺拓也,渡辺拓也7465@gmail.com,090-2421-5072,京都府京都市中京区烏丸通4丁目11番8号,京都市中京区,京都府,6040041,2023-09-06
7466,山本由美,山本由美7466@yahoo.co.jp,090-4357-7034,愛知県名古屋市西区名駅6丁目11番6号,名古屋市西区,愛知県,4510040,2023-12-13
7467,斎藤恵子,斎藤恵子7467@example.com,090-6083-8265,福岡県福岡市博多区博多駅前8丁目12番9号,福岡市博多区,福岡県,8120012,2023-12-15
7468,藤原直樹,藤原直樹7468@icloud.com,090-1415-2541,埼玉県さいたま市大宮区大宮5丁目13番2号,さいたま市大宮区,埼玉県,3300005,2024-09-26
7469,田中正,田中正7469@example.com,090-2854-7920,北海道札幌市北区北6条西6丁目11番1号,札幌市北区,北海道,0600031,2023-04-15
7470,山田真由美,山田真由美7470@icloud.com,090-3781-3396,千葉県千葉市中央区中央2丁目11番1号,千葉市中央区,千葉県,2600007,2023-01-27
7471,長谷川千佳,長谷川千佳7471@example.com,090-1374-7141,兵庫県神戸市中央区三宮町7丁目8番9号,神戸市中央区,兵庫県,6500014,2024-03-01
7472,藤井さくら,藤井さくら7472@icloud.com,090-8020-5828,大阪府大阪市北区梅田3丁目30番7号,大阪市北区,大阪府,5300007,2023-10-15
7473,藤井美香,藤井美香7473@yahoo.co.jp,090-2238-6064,愛知県名古屋市西区名駅2丁目18番1号,名古屋市西区,愛知県,4510013,2023-08-11
7474,小林美香,小林美香7474@example.com,090-7378-8908,神奈川県横浜市中区本町9丁目8番9号,横浜市中区,神奈川県,2310039,2024-05-10
7475,藤井由美子,藤井由美子7475@outlook.com,090-3800-5156,北海道札幌市中央区北1条西9丁目15番2号,札幌市中央区,北海道,0600038,2023-04-20
7476,加藤剛,加藤剛7476@yahoo.co.jp,090-8727-2222,兵庫県神戸市中央区三宮町7丁目15番3号,神戸市中央区,兵庫県,6500021,2023-09-21
7477,坂本次郎,坂本次郎7477@outlook.com,090-5150-8916,福岡県福岡市博多区博多駅前3丁目6番2号,福岡市博多区,福岡県,8120012,2024-09-18
7478,藤原大輔,藤原大輔7478@gmail.com,090-8349-4538,東京都新宿区新宿7丁目17番7号,新宿区,東京都,1600013,2024-10-29
7479,松本麻美,松本麻美7479@icloud.com,090-1238-2267,兵庫県神戸市中央区三宮町4丁目19番6号,神戸市中央区,兵庫県,6500006,2024-08-23
7480,橋本美咲,橋本美咲7480@yahoo.co.jp,090-3129-5197,神奈川県横浜市西区みなとみらい1丁目16番1号,横浜市西区,神奈川県,2200019,2024-12-04
7481,田中香織,田中香織7481@gmail.com,090-1092-3411,東京都新宿区新宿8丁目27番6号,新宿区,東京都,1600005,2023-12-24
7482,吉田三郎,吉田三郎7482@outlook.com,090-9025-1203,愛知県名古屋市西区名駅1丁目5番4号,名古屋市西区,愛知県,4510032,2023-12-16
7483,鈴木三郎,鈴木三郎7483@gmail.com,090-4297-9203,大阪府大阪市中央区本町10丁目14番2号,大阪市中央区,大阪府,5410007,2024-02-02
7484,長谷川正,長谷川正7484@outlook.com,090-2349-6722,東京都新宿区新宿6丁目18番1号,新宿区,東京都,1600014,2024-04-25
7485,林健一,林健一7485@example.com,090-8074-4700,兵庫県神戸市中央区三宮町5丁目18番5号,神戸市中央区,兵庫県,6500002,2024-10-02
7486,松本三郎,松本三郎7486@outlook.com,090-7488-3712,神奈川県横浜市中区本町10丁目23番6号,横浜市中区,神奈川県,2310015,2023-04-24
7487,小林正,小林正7487@gmail.com,090-4697-7486,千葉県千葉市中央区中央2丁目14番6号,千葉市中央区,千葉県,2600028,2023-05-03
7488,田中千佳,田中千佳7488@yahoo.co.jp,090-6858-4593,大阪府大阪市中央区本町4丁目14番10号,大阪市中央区,大阪府,5410014,2023-02-18
7489,藤井美穂,藤井美穂7489@gmail.com,090-7358-4148,東京都新宿区新宿6丁目27番6号,新宿区,東京都,1600005,2024-11-09
7490,後藤由美,後藤由美7490@outlook.com,090-7636-2273,愛知県名古屋市西区名駅10丁目15番1号,名古屋市西区,愛知県,4510027,2024-02-12
7491,前田花子,前田花子7491@icloud.com,090-3897-6064,神奈川県横浜市中区本町10丁目21番10号,横浜市中区,神奈川県,2310040,2023-05-04
7492,佐藤三郎,佐藤三郎7492@example.com,090-1285-2972,愛知県名古屋市西区名駅1丁目26番3号,名古屋市西区,愛知県,4510039,2023-06-04
7493,山本大輔,山本大輔7493@gmail.com,090-4220-6228,京都府京都市下京区四条通10丁目12番6号,京都市下京区,京都府,6000037,2023-05-25
7494,鈴木香織,鈴木香織7494@outlook.com,090-9511-5345,千葉県千葉市中央区中央1丁目21番9号,千葉市中央区,千葉県,2600032,2023-10-31
7495,村上由美,村上由美7495@example.com,090-2769-1539,北海道札幌市北区北6条西6丁目15番10号,札幌市北区,北海道,0600020,2024-04-03
7496,森田麻衣,森田麻衣7496@gmail.com,090-8142-8521,福岡県福岡市中央区天神3丁目13番3号,福岡市中央区,福岡県,8100040,2024-07-13
7497,加藤香織,加藤香織7497@icloud.com,090-2521-1578,埼玉県さいたま市大宮区大宮1丁目12番1号,さいたま市大宮区,埼玉県,3300023,2024-04-24
7498,岡田誠,岡田誠7498@outlook.com,090-1111-8679,北海道札幌市中央区北1条西8丁目30番7号,札幌市中央区,北海道,0600040,2023-05-29
7499,井上麻衣,井上麻衣7499@icloud.com,090-1834-3237,愛知県名古屋市西区名駅4丁目29番9号,名古屋市西区,愛知県,4510008,2023-11-02
7500,遠藤愛,遠藤愛7500@icloud.com,090-8006-2779,神奈川県横浜市中区本町5丁目23番1号,横浜市中区,神奈川県,2310026,2024-11-11
7501,井上和也,井上和也7501@outlook.com,090-3311-5030,神奈川県横浜市中区本町3丁目3番10号,横浜市中区,神奈川県,2310007,2023-04-12
7502,井上雄一,井上雄一7502@gmail.com,090-1960-7548,埼玉県さいたま市浦和区高砂5丁目10番2号,さいたま市浦和区,埼玉県,3300018,2023-10-06
7503,中村大輔,中村大輔7503@yahoo.co.jp,090-1789-4820,福岡県福岡市博多区博多駅前9丁目6番4号,福岡市博多区,福岡県,8120018,2023-04-12
7504,後藤和也,後藤和也7504@outlook.com,090-1650-4198,京都府京都市中京区烏丸通5丁目25番9号,京都市中京区,京都府,6040024,2024-12-25
7505,前田大輔,前田大輔7505@outlook.com,090-9861-1316,埼玉県さいたま市浦和区高砂4丁目30番9号,さいたま市浦和区,埼玉県,3300022,2024-11-06
7506,小林雄一,小林雄一7506@yahoo.co.jp,090-3722-1639,大阪府大阪市中央区本町4丁目28番6号,大阪市中央区,大阪府,5410001,2024-04-03
7507,林亮,林亮7507@icloud.com,090-6019-3774,兵庫県神戸市中央区三宮町5丁目14番1号,神戸市中央区,兵庫県,6500040,2024-09-28
7508,遠藤美穂,遠藤美穂7508@gmail.com,090-8711-6749,大阪府大阪市北区梅田4丁目2番9号,大阪市北区,大阪府,5300009,2024-11-30
7509,橋本和也,橋本和也7509@example.com,090-6975-9596,埼玉県さいたま市浦和区高砂7丁目21番2号,さいたま市浦和区,埼玉県,3300015,2023-02-09
7510,前田麻衣,前田麻衣7510@icloud.com,090-9724-2226,福岡県福岡市博多区博多駅前4丁目16番5号,福岡市博多区,福岡県,8120002,2024-06-17
7511,木村恵子,木村恵子7511@yahoo.co.jp,090-1127-1030,大阪府大阪市中央区本町10丁目13番9号,大阪市中央区,大阪府,5410030,2024-06-07
7512,岡田麻衣,岡田麻衣7512@yahoo.co.jp,090-6837-5378,兵庫県神戸市灘区灘南通10丁目25番9号,神戸市灘区,兵庫県,6570008,2024-03-13
7513,坂本さくら,坂本さくら7513@icloud.com,090-8464-9760,東京都千代田区丸の内1丁目11番9号,千代田区,東京都,1000008,2023-10-07
7514,前田達也,前田達也7514@icloud.com,090-9500-8422,千葉県千葉市中央区中央7丁目26番10号,千葉市中央区,千葉県,2600001,2023-08-25
7515,佐藤さくら,佐藤さくら7515@gmail.com,090-7392-5224,愛知県名古屋市西区名駅2丁目21番1号,名古屋市西区,愛知県,4510013,2024-11-17
7516,吉田優子,吉田優子7516@icloud.com,090-9250-3817,東京都千代田区丸の内3丁目14番2号,千代田区,東京都,1000007,2024-03-30
7517,長谷川智子,長谷川智子7517@icloud.com,090-6807-8566,福岡県福岡市中央区天神1丁目29番2号,福岡市中央区,福岡県,8100005,2024-03-26
7518,近藤健一,近藤健一7518@icloud.com,090-3806-8286,京都府京都市下京区四条通6丁目9番6号,京都市下京区,京都府,6000026,2023-11-02
7519,吉田愛,吉田愛7519@yahoo.co.jp,090-6275-6547,愛知県名古屋市西区名駅3丁目27番4号,名古屋市西区,愛知県,4510015,2024-12-13
7520,石川美咲,石川美咲7520@outlook.com,090-7724-6655,埼玉県さいたま市大宮区大宮7丁目16番8号,さいたま市大宮区,埼玉県,3300028,2023-05-11
7521,藤原優子,藤原優子7521@example.com,090-6746-5104,兵庫県神戸市中央区三宮町10丁目8番10号,神戸市中央区,兵庫県,6500004,2023-06-22
7522,山本千佳,山本千佳7522@outlook.com,090-9229-1265,愛知県名古屋市西区名駅5丁目10番4号,名古屋市西区,愛知県,4510034,2024-03-17
7523,遠藤次郎,遠藤次郎7523@yahoo.co.jp,090-4836-9188,大阪府大阪市北区梅田4丁目18番5号,大阪市北区,大阪府,5300004,2024-06-04
7524,近藤由美,近藤由美7524@icloud.com,090-9696-7530,神奈川県横浜市西区みなとみらい7丁目29番10号,横浜市西区,神奈川県,2200001,2023-08-28
7525,中村慎一,中村慎一7525@outlook.com,090-8900-1972,東京都新宿区新宿10丁目11番5号,新宿区,東京都,1600020,2023-01-10
7526,石川美穂,石川美穂7526@gmail.com,090-7646-3169,京都府京都市中京区烏丸通9丁目10番4号,京都市中京区,京都府,6040023,2023-08-09
7527,高橋恵子,高橋恵子7527@yahoo.co.jp,090-7229-7547,東京都新宿区新宿5丁目22番8号,新宿区,東京都,1600016,2023-09-24
7528,高橋大輔,高橋大輔7528@yahoo.co.jp,090-7734-5952,大阪府大阪市北区梅田6丁目4番9号,大阪市北区,大阪府,5300006,2023-08-21
7529,斎藤翔太,斎藤翔太7529@gmail.com,090-7754-9220,埼玉県さいたま市浦和区高砂10丁目20番2号,さいたま市浦和区,埼玉県,3300033,2023-07-30
7530,青木優子,青木優子7530@yahoo.co.jp,090-1057-6735,千葉県千葉市中央区中央6丁目1番7号,千葉市中央区,千葉県,2600034,2024-10-29
7531,佐藤美咲,佐藤美咲7531@outlook.com,090-4936-3773,福岡県福岡市博多区博多駅前8丁目1番1号,福岡市博多区,福岡県,8120011,2024-06-19
7532,鈴木由美,鈴木由美7532@outlook.com,090-2586-3302,愛知県名古屋市西区名駅8丁目20番6号,名古屋市西区,愛知県,4510032,2024-01-16
7533,山田健太,山田健太7533@gmail.com,090-8508-3406,大阪府大阪市中央区本町4丁目3番10号,大阪市中央区,大阪府,5410041,2024-06-25
7534,渡辺正,渡辺正7534@icloud.com,090-4948-8285,東京都新宿区新宿8丁目13番9号,新宿区,東京都,1600006,2024-12-26
7535,藤井雄一,藤井雄一7535@icloud.com,090-8838-7980,福岡県福岡市中央区天神9丁目6番9号,福岡市中央区,福岡県,8100019,2024-06-01
7536,林誠,林誠7536@gmail.com,090-2284-2447,兵庫県神戸市中央区三宮町6丁目9番4号,神戸市中央区,兵庫県,6500002,2024-01-30
7537,青木剛,青木剛7537@yahoo.co.jp,090-3486-9384,大阪府大阪市中央区本町2丁目6番3号,大阪市中央区,大阪府,5410004,2024-09-21
7538,鈴木花子,鈴木花子7538@example.com,090-6687-2773,埼玉県さいたま市大宮区大宮10丁目3番10号,さいたま市大宮区,埼玉県,3300002,2024-09-11
7539,加藤千佳,加藤千佳7539@example.com,090-7566-9135,愛知県名古屋市中区錦5丁目5番3号,名古屋市中区,愛知県,4600001,2023-08-09
7540,橋本美穂,橋本美穂7540@gmail.com,090-6904-4672,神奈川県横浜市西区みなとみらい8丁目11番10号,横浜市西区,神奈川県,2200020,2024-03-05
7541,中村雄一,中村雄一7541@example.com,090-5183-6493,神奈川県横浜市西区みなとみらい3丁目25番3号,横浜市西区,神奈川県,2200030,2023-12-05
7542,伊藤達也,伊藤達也7542@icloud.com,090-1355-5514,北海道札幌市中央区北1条西10丁目14番2号,札幌市中央区,北海道,0600029,2023-03-28
7543,藤原優子,藤原優子7543@icloud.com,090-1493-5844,兵庫県神戸市中央区三宮町8丁目13番3号,神戸市中央区,兵庫県,6500022,2023-06-20
7544,長谷川花子,長谷川花子7544@example.com,090-1828-9011,愛知県名古屋市西区名駅2丁目6番5号,名古屋市西区,愛知県,4510005,2024-06-27
7545,佐藤真由美,佐藤真由美7545@outlook.com,090-7850-8116,兵庫県神戸市中央区三宮町5丁目18番8号,神戸市中央区,兵庫県,6500036,2024-12-28
7546,坂本美穂,坂本美穂7546@yahoo.co.jp,090-2634-7462,神奈川県横浜市西区みなとみらい8丁目8番9号,横浜市西区,神奈川県,2200004,2023-06-01
7547,前田優子,前田優子7547@outlook.com,090-5853-7260,千葉県千葉市中央区中央9丁目5番4号,千葉市中央区,千葉県,2600014,2024-04-10
7548,石川和也,石川和也7548@gmail.com,090-9358-6717,兵庫県神戸市中央区三宮町5丁目23番10号,神戸市中央区,兵庫県,6500032,2023-07-12
7549,高橋花子,高橋花子7549@yahoo.co.jp,090-3973-6896,京都府京都市下京区四条通2丁目28番5号,京都市下京区,京都府,6000037,2024-05-14
7550,田中健一,田中健一7550@icloud.com,090-1819-8823,京都府京都市中京区烏丸通1丁目27番7号,京都市中京区,京都府,6040024,2023-01-31
7551,渡辺智子,渡辺智子7551@icloud.com,090-7660-3510,福岡県福岡市中央区天神2丁目8番7号,福岡市中央区,福岡県,8100019,2023-07-10
7552,石川三郎,石川三郎7552@icloud.com,090-4004-3181,千葉県千葉市中央区中央1丁目27番8号,千葉市中央区,千葉県,2600008,2024-09-14
7553,長谷川一郎,長谷川一郎7553@outlook.com,090-1705-3078,東京都渋谷区渋谷2丁目23番3号,渋谷区,東京都,1500001,2024-01-29
7554,吉田智子,吉田智子7554@icloud.com,090-8008-8425,愛知県名古屋市中区錦7丁目29番8号,名古屋市中区,愛知県,4600007,2023-04-04
7555,池田直樹,池田直樹7555@gmail.com,090-9839-7909,千葉県千葉市中央区中央9丁目5番2号,千葉市中央区,千葉県,2600033,2023-02-25
7556,山田千佳,山田千佳7556@outlook.com,090-1134-9797,京都府京都市中京区烏丸通8丁目22番1号,京都市中京区,京都府,6040034,2024-04-26
7557,佐藤真由美,佐藤真由美7557@example.com,090-1620-8515,神奈川県横浜市中区本町6丁目22番10号,横浜市中区,神奈川県,2310028,2023-05-15
7558,池田三郎,池田三郎7558@outlook.com,090-3516-1627,兵庫県神戸市灘区灘南通10丁目13番10号,神戸市灘区,兵庫県,6570034,2024-06-19
7559,青木恵子,青木恵子7559@gmail.com,090-8424-5820,愛知県名古屋市西区名駅4丁目21番8号,名古屋市西区,愛知県,4510018,2024-05-12
7560,森田次郎,森田次郎7560@icloud.com,090-3095-2793,千葉県千葉市中央区中央2丁目29番9号,千葉市中央区,千葉県,2600013,2023-12-26
7561,坂本達也,坂本達也7561@icloud.com,090-2188-7632,大阪府大阪市北区梅田3丁目27番10号,大阪市北区,大阪府,5300004,2024-08-12
7562,遠藤由美子,遠藤由美子7562@icloud.com,090-6948-3395,東京都新宿区新宿1丁目28番1号,新宿区,東京都,1600010,2023-01-22
7563,加藤雄一,加藤雄一7563@outlook.com,090-4510-7865,神奈川県横浜市西区みなとみらい2丁目28番7号,横浜市西区,神奈川県,2200033,2023-07-06
7564,近藤一郎,近藤一郎7564@gmail.com,090-1210-6930,埼玉県さいたま市浦和区高砂10丁目25番8号,さいたま市浦和区,埼玉県,3300040,2023-08-11
7565,木村健一,木村健一7565@outlook.com,090-9170-8065,大阪府大阪市中央区本町9丁目28番3号,大阪市中央区,大阪府,5410028,2024-04-25
7566,加藤正,加藤正7566@gmail.com,090-7798-1288,北海道札幌市中央区北1条西9丁目14番8号,札幌市中央区,北海道,0600021,2023-06-07
7567,池田直樹,池田直樹7567@outlook.com,090-7741-1031,大阪府大阪市北区梅田9丁目9番7号,大阪市北区,大阪府,5300002,2023-03-23
7568,坂本美咲,坂本美咲7568@yahoo.co.jp,090-3797-8665,埼玉県さいたま市大宮区大宮5丁目29番10号,さいたま市大宮区,埼玉県,3300022,2024-08-16
7569,鈴木大輔,鈴木大輔7569@gmail.com,090-3946-5439,愛知県名古屋市西区名駅5丁目3番6号,名古屋市西区,愛知県,4510026,2024-08-25
7570,高橋剛,高橋剛7570@outlook.com,090-9514-3893,兵庫県神戸市中央区三宮町8丁目14番3号,神戸市中央区,兵庫県,6500007,2023-06-18
7571,山田美咲,山田美咲7571@gmail.com,090-5046-3704,京都府京都市下京区四条通5丁目29番10号,京都市下京区,京都府,6000012,2024-10-25
7572,小林誠,小林誠7572@outlook.com,090-4963-3233,福岡県福岡市中央区天神2丁目24番2号,福岡市中央区,福岡県,8100012,2024-07-23
7573,長谷川正,長谷川正7573@gmail.com,090-7288-1852,大阪府大阪市中央区本町1丁目16番3号,大阪市中央区,大阪府,5410003,2024-12-19
7574,中村千佳,中村千佳7574@gmail.com,090-9618-6837,京都府京都市中京区烏丸通1丁目26番9号,京都市中京区,京都府,6040023,2023-10-23
7575,後藤由美子,後藤由美子7575@gmail.com,090-2056-4928,愛知県名古屋市中区錦1丁目23番6号,名古屋市中区,愛知県,4600003,2023-04-21
7576,小林太郎,小林太郎7576@gmail.com,090-3250-6054,東京都渋谷区渋谷2丁目4番6号,渋谷区,東京都,1500015,2023-09-02
7577,加藤亮,加藤亮7577@yahoo.co.jp,090-9710-3686,京都府京都市下京区四条通8丁目4番3号,京都市下京区,京都府,6000002,2023-07-25
7578,後藤直樹,後藤直樹7578@icloud.com,090-6508-8964,東京都千代田区丸の内1丁目16番6号,千代田区,東京都,1000019,2024-03-06
7579,渡辺由美子,渡辺由美子7579@gmail.com,090-7145-2960,千葉県千葉市中央区中央3丁目23番3号,千葉市中央区,千葉県,2600031,2024-04-12
7580,近藤雄一,近藤雄一7580@outlook.com,090-5562-1976,埼玉県さいたま市浦和区高砂9丁目18番5号,さいたま市浦和区,埼玉県,3300006,2024-07-09
7581,遠藤麻衣,遠藤麻衣7581@yahoo.co.jp,090-5617-1132,埼玉県さいたま市浦和区高砂5丁目19番4号,さいたま市浦和区,埼玉県,3300003,2024-04-08
7582,井上美香,井上美香7582@yahoo.co.jp,090-2212-8485,京都府京都市中京区烏丸通3丁目7番9号,京都市中京区,京都府,6040006,2024-07-06
7583,山田美穂,山田美穂7583@gmail.com,090-4826-6294,愛知県名古屋市西区名駅3丁目15番9号,名古屋市西区,愛知県,4510034,2024-10-14
7584,鈴木誠,鈴木誠7584@example.com,090-1601-5084,兵庫県神戸市中央区三宮町9丁目17番2号,神戸市中央区,兵庫県,6500041,2023-06-09
7585,中村亮,中村亮7585@yahoo.co.jp,090-1667-1720,京都府京都市下京区四条通7丁目29番7号,京都市下京区,京都府,6000032,2023-03-27
7586,長谷川三郎,長谷川三郎7586@outlook.com,090-1406-1037,愛知県名古屋市西区名駅2丁目17番7号,名古屋市西区,愛知県,4510029,2023-01-07
7587,鈴木恵子,鈴木恵子7587@yahoo.co.jp,090-2503-4850,大阪府大阪市中央区本町9丁目8番2号,大阪市中央区,大阪府,5410003,2023-04-26
7588,近藤由美子,近藤由美子7588@yahoo.co.jp,090-3137-2601,千葉県千葉市美浜区美浜10丁目8番7号,千葉市美浜区,千葉県,2610035,2023-09-04
7589,村上健太,村上健太7589@example.com,090-3339-2881,京都府京都市下京区四条通4丁目16番9号,京都市下京区,京都府,6000017,2023-02-18
7590,斎藤正,斎藤正7590@outlook.com,090-8795-4165,千葉県千葉市中央区中央3丁目5番9号,千葉市中央区,千葉県,2600025,2023-01-16
7591,坂本愛,坂本愛7591@outlook.com,090-5392-4661,埼玉県さいたま市浦和区高砂8丁目21番10号,さいたま市浦和区,埼玉県,3300022,2023-11-06
7592,中村優子,中村優子7592@yahoo.co.jp,090-8978-8858,福岡県福岡市中央区天神10丁目11番10号,福岡市中央区,福岡県,8100023,2023-06-25
7593,石川次郎,石川次郎7593@outlook.com,090-5038-5290,京都府京都市下京区四条通1丁目10番8号,京都市下京区,京都府,6000038,2024-04-20
7594,藤原達也,藤原達也7594@icloud.com,090-3794-8189,東京都渋谷区渋谷7丁目8番6号,渋谷区,東京都,1500015,2024-05-30
7595,青木大輔,青木大輔7595@gmail.com,090-4960-3312,神奈川県横浜市中区本町4丁目12番3号,横浜市中区,神奈川県,2310010,2024-10-26
7596,近藤真由美,近藤真由美7596@yahoo.co.jp,090-8146-7840,京都府京都市下京区四条通6丁目4番10号,京都市下京区,京都府,6000006,2024-02-29
7597,後藤麻衣,後藤麻衣7597@example.com,090-6948-9595,東京都新宿区新宿4丁目8番5号,新宿区,東京都,1600020,2024-11-22
7598,斎藤恵子,斎藤恵子7598@icloud.com,090-6577-2770,千葉県千葉市中央区中央5丁目29番4号,千葉市中央区,千葉県,2600032,2023-10-14
7599,藤原直樹,藤原直樹7599@icloud.com,090-9123-5845,兵庫県神戸市中央区三宮町6丁目9番3号,神戸市中央区,兵庫県,6500025,2024-08-14
7600,長谷川由美,長谷川由美7600@example.com,090-1689-8456,福岡県福岡市博多区博多駅前9丁目20番1号,福岡市博多区,福岡県,8120013,2023-06-09
7601,鈴木拓也,鈴木拓也7601@example.com,090-1647-2924,福岡県福岡市中央区天神1丁目11番2号,福岡市中央区,福岡県,8100039,2024-01-15
7602,高橋智子,高橋智子7602@outlook.com,090-1273-9357,京都府京都市中京区烏丸通6丁目8番10号,京都市中京区,京都府,6040023,2024-05-18
7603,伊藤慎一,伊藤慎一7603@outlook.com,090-7227-1213,神奈川県横浜市中区本町7丁目6番8号,横浜市中区,神奈川県,2310018,2023-01-15
7604,森田誠,森田誠7604@gmail.com,090-6071-8000,福岡県福岡市博多区博多駅前7丁目25番6号,福岡市博多区,福岡県,8120011,2024-08-10
7605,井上美穂,井上美穂7605@gmail.com,090-8767-6035,大阪府大阪市中央区本町3丁目4番1号,大阪市中央区,大阪府,5410039,2023-02-21
7606,藤井大輔,藤井大輔7606@gmail.com,090-4224-6292,神奈川県横浜市中区本町4丁目27番4号,横浜市中区,神奈川県,2310008,2023-05-15
7607,佐藤花子,佐藤花子7607@gmail.com,090-2674-6732,福岡県福岡市博多区博多駅前1丁目7番5号,福岡市博多区,福岡県,8120009,2024-06-27
7608,遠藤麻美,遠藤麻美7608@outlook.com,090-6937-8857,北海道札幌市北区北6条西8丁目5番7号,札幌市北区,北海道,0600037,2024-10-31
7609,坂本三郎,坂本三郎7609@gmail.com,090-8756-3437,大阪府大阪市北区梅田6丁目14番6号,大阪市北区,大阪府,5300016,2023-08-21
7610,斎藤誠,斎藤誠7610@example.com,090-7519-6775,愛知県名古屋市中区錦7丁目16番2号,名古屋市中区,愛知県,4600001,2023-10-23
7611,橋本智子,橋本智子7611@example.com,090-1968-2792,大阪府大阪市中央区本町2丁目17番5号,大阪市中央区,大阪府,5410022,2023-03-25
7612,中村由美,中村由美7612@gmail.com,090-5203-5427,北海道札幌市中央区北1条西4丁目3番9号,札幌市中央区,北海道,0600025,2024-03-12
7613,池田智子,池田智子7613@example.com,090-8312-8171,大阪府大阪市中央区本町1丁目4番9号,大阪市中央区,大阪府,5410029,2023-12-31
7614,池田翔太,池田翔太7614@outlook.com,090-6533-9382,大阪府大阪市中央区本町10丁目24番5号,大阪市中央区,大阪府,5410021,2023-07-27
7615,林和也,林和也7615@example.com,090-5472-8223,大阪府大阪市北区梅田10丁目28番6号,大阪市北区,大阪府,5300013,2024-08-10
7616,村上達也,村上達也7616@yahoo.co.jp,090-4883-4501,北海道札幌市中央区北1条西9丁目10番4号,札幌市中央区,北海道,0600041,2023-12-18
7617,長谷川由美,長谷川由美7617@yahoo.co.jp,090-6566-1969,大阪府大阪市中央区本町4丁目10番7号,大阪市中央区,大阪府,5410024,2024-01-08
7618,前田誠,前田誠7618@yahoo.co.jp,090-9137-3744,東京都渋谷区渋谷4丁目4番1号,渋谷区,東京都,1500039,2023-04-23
7619,高橋由美子,高橋由美子7619@example.com,090-5344-1467,神奈川県横浜市西区みなとみらい4丁目16番2号,横浜市西区,神奈川県,2200036,2024-05-09
7620,斎藤太郎,斎藤太郎7620@outlook.com,090-4165-1569,福岡県福岡市中央区天神2丁目9番5号,福岡市中央区,福岡県,8100012,2023-05-10
7621,鈴木健太,鈴木健太7621@gmail.com,090-8982-5687,埼玉県さいたま市大宮区大宮10丁目19番1号,さいたま市大宮区,埼玉県,3300034,2023-02-12
7622,加藤美香,加藤美香7622@example.com,090-7586-6091,神奈川県横浜市中区本町7丁目26番6号,横浜市中区,神奈川県,2310005,2024-12-20
7623,井上さくら,井上さくら7623@example.com,090-7558-8861,愛知県名古屋市中区錦9丁目16番9号,名古屋市中区,愛知県,4600003,2024-01-27
7624,前田愛,前田愛7624@icloud.com,090-8961-2673,京都府京都市中京区烏丸通3丁目30番2号,京都市中京区,京都府,6040008,2023-03-24
7625,森田拓也,森田拓也7625@yahoo.co.jp,090-2745-1888,北海道札幌市中央区北1条西8丁目16番8号,札幌市中央区,北海道,0600003,2024-04-07
7626,井上拓也,井上拓也7626@outlook.com,090-6968-4889,神奈川県横浜市西区みなとみらい2丁目28番10号,横浜市西区,神奈川県,2200032,2024-03-22
7627,池田美穂,池田美穂7627@outlook.com,090-8097-9294,埼玉県さいたま市大宮区大宮6丁目21番2号,さいたま市大宮区,埼玉県,3300025,2023-10-03
7628,橋本達也,橋本達也7628@outlook.com,090-4118-3121,京都府京都市中京区烏丸通3丁目7番5号,京都市中京区,京都府,6040008,2023-11-15
7629,山本由美子,山本由美子7629@example.com,090-7953-2550,福岡県福岡市中央区天神3丁目21番5号,福岡市中央区,福岡県,8100027,2023-04-10
7630,藤原香織,藤原香織7630@example.com,090-3668-3014,北海道札幌市中央区北1条西9丁目13番1号,札幌市中央区,北海道,0600040,2024-05-12
7631,松本亮,松本亮7631@icloud.com,090-4364-3473,兵庫県神戸市灘区灘南通2丁目29番9号,神戸市灘区,兵庫県,6570025,2023-03-16
7632,伊藤一郎,伊藤一郎7632@icloud.com,090-6943-3228,千葉県千葉市中央区中央2丁目19番10号,千葉市中央区,千葉県,2600018,2023-05-30
7633,佐藤亮,佐藤亮7633@outlook.com,090-1800-2093,大阪府大阪市中央区本町2丁目13番3号,大阪市中央区,大阪府,5410033,2023-05-04
7634,松本三郎,松本三郎7634@outlook.com,090-2862-1655,東京都渋谷区渋谷1丁目16番4号,渋谷区,東京都,1500016,2023-08-13
7635,渡辺直樹,渡辺直樹7635@gmail.com,090-5562-4906,京都府京都市下京区四条通10丁目2番10号,京都市下京区,京都府,6000018,2024-05-15
7636,加藤恵子,加藤恵子7636@icloud.com,090-3606-9683,東京都新宿区新宿8丁目28番3号,新宿区,東京都,1600008,2023-10-29
7637,木村智子,木村智子7637@example.com,090-6801-3425,東京都新宿区新宿1丁目28番3号,新宿区,東京都,1600014,2024-11-16
7638,井上拓也,井上拓也7638@example.com,090-8600-1337,福岡県福岡市博多区博多駅前3丁目26番10号,福岡市博多区,福岡県,8120013,2023-03-21
7639,青木健太,青木健太7639@icloud.com,090-9585-6123,京都府京都市下京区四条通3丁目18番6号,京都市下京区,京都府,6000020,2024-06-11
7640,森田麻衣,森田麻衣7640@icloud.com,090-8867-5224,東京都渋谷区渋谷2丁目6番6号,渋谷区,東京都,1500010,2024-09-19
7641,遠藤正,遠藤正7641@gmail.com,090-2502-8598,東京都新宿区新宿4丁目21番10号,新宿区,東京都,1600008,2023-07-03
7642,近藤翔太,近藤翔太7642@icloud.com,090-5104-3787,千葉県千葉市中央区中央8丁目14番3号,千葉市中央区,千葉県,2600012,2024-02-16
7643,高橋亮,高橋亮7643@gmail.com,090-8752-5726,大阪府大阪市中央区本町6丁目28番8号,大阪市中央区,大阪府,5410026,2023-10-18
7644,後藤由美子,後藤由美子7644@yahoo.co.jp,090-2197-4161,京都府京都市下京区四条通10丁目15番2号,京都市下京区,京都府,6000030,2024-11-18
7645,岡田正,岡田正7645@yahoo.co.jp,090-4251-7140,北海道札幌市北区北6条西10丁目27番9号,札幌市北区,北海道,0600039,2024-12-31
7646,中村智子,中村智子7646@yahoo.co.jp,090-6290-3053,福岡県福岡市中央区天神5丁目28番6号,福岡市中央区,福岡県,8100031,2023-11-23
7647,伊藤愛,伊藤愛7647@icloud.com,090-6328-6762,愛知県名古屋市西区名駅9丁目22番8号,名古屋市西区,愛知県,4510032,2024-02-21
7648,中村恵子,中村恵子7648@yahoo.co.jp,090-7673-5398,東京都千代田区丸の内2丁目30番4号,千代田区,東京都,1000010,2023-01-07
7649,坂本美穂,坂本美穂7649@icloud.com,090-4642-9529,千葉県千葉市美浜区美浜6丁目7番7号,千葉市美浜区,千葉県,2610028,2023-02-18
7650,近藤花子,近藤花子7650@gmail.com,090-5430-5852,福岡県福岡市中央区天神1丁目23番4号,福岡市中央区,福岡県,8100008,2023-01-04
7651,長谷川太郎,長谷川太郎7651@example.com,090-2318-6410,北海道札幌市北区北6条西5丁目30番6号,札幌市北区,北海道,0600018,2023-10-11
7652,吉田拓也,吉田拓也7652@outlook.com,090-5160-3445,神奈川県横浜市中区本町2丁目24番6号,横浜市中区,神奈川県,2310032,2024-05-09
7653,渡辺優子,渡辺優子7653@icloud.com,090-3048-6355,福岡県福岡市中央区天神1丁目5番3号,福岡市中央区,福岡県,8100024,2023-07-28
7654,岡田亮,岡田亮7654@example.com,090-2369-8128,京都府京都市中京区烏丸通3丁目14番8号,京都市中京区,京都府,6040015,2023-08-10
7655,佐藤三郎,佐藤三郎7655@gmail.com,090-4747-3542,愛知県名古屋市中区錦10丁目24番7号,名古屋市中区,愛知県,4600006,2024-02-02
7656,高橋香織,高橋香織7656@outlook.com,090-4127-7407,北海道札幌市中央区北1条西5丁目3番6号,札幌市中央区,北海道,0600011,2024-09-25
7657,山本達也,山本達也7657@yahoo.co.jp,090-5737-8133,神奈川県横浜市西区みなとみらい7丁目2番5号,横浜市西区,神奈川県,2200010,2024-10-07
7658,小林恵子,小林恵子7658@outlook.com,090-8267-4512,千葉県千葉市中央区中央8丁目4番3号,千葉市中央区,千葉県,2600015,2024-02-08
7659,山本美咲,山本美咲7659@example.com,090-1122-2883,埼玉県さいたま市浦和区高砂1丁目27番9号,さいたま市浦和区,埼玉県,3300030,2023-01-20
7660,藤井由美子,藤井由美子7660@icloud.com,090-5275-8234,神奈川県横浜市中区本町2丁目27番2号,横浜市中区,神奈川県,2310001,2023-05-12
7661,渡辺さくら,渡辺さくら7661@outlook.com,090-9812-1630,福岡県福岡市中央区天神2丁目27番8号,福岡市中央区,福岡県,8100031,2024-04-28
7662,前田達也,前田達也7662@outlook.com,090-6185-5614,京都府京都市下京区四条通7丁目1番8号,京都市下京区,京都府,6000002,2024-04-01
7663,後藤健一,後藤健一7663@icloud.com,090-6222-8303,神奈川県横浜市西区みなとみらい1丁目5番8号,横浜市西区,神奈川県,2200019,2024-12-29
7664,中村千佳,中村千佳7664@outlook.com,090-6648-2604,愛知県名古屋市中区錦2丁目19番10号,名古屋市中区,愛知県,4600005,2024-09-21
7665,吉田麻美,吉田麻美7665@icloud.com,090-6001-6357,京都府京都市中京区烏丸通8丁目15番10号,京都市中京区,京都府,6040002,2024-08-16
7666,渡辺慎一,渡辺慎一7666@example.com,090-2888-5106,東京都渋谷区渋谷6丁目23番8号,渋谷区,東京都,1500019,2023-07-02
7667,中村大輔,中村大輔7667@yahoo.co.jp,090-6086-8716,神奈川県横浜市中区本町1丁目16番4号,横浜市中区,神奈川県,2310008,2023-06-30
7668,斎藤美咲,斎藤美咲7668@gmail.com,090-8409-1677,東京都渋谷区渋谷7丁目4番8号,渋谷区,東京都,1500004,2023-10-13
7669,池田美香,池田美香7669@outlook.com,090-4938-8581,千葉県千葉市美浜区美浜7丁目28番3号,千葉市美浜区,千葉県,2610016,2024-03-13
7670,斎藤美香,斎藤美香7670@gmail.com,090-7775-2515,埼玉県さいたま市大宮区大宮7丁目7番5号,さいたま市大宮区,埼玉県,3300024,2024-09-21
7671,鈴木麻衣,鈴木麻衣7671@gmail.com,090-2828-2688,埼玉県さいたま市大宮区大宮6丁目13番5号,さいたま市大宮区,埼玉県,3300030,2024-08-09
7672,中村和也,中村和也7672@icloud.com,090-3464-5992,愛知県名古屋市西区名駅5丁目27番2号,名古屋市西区,愛知県,4510026,2024-06-23
7673,加藤智子,加藤智子7673@yahoo.co.jp,090-9658-8494,千葉県千葉市中央区中央3丁目24番1号,千葉市中央区,千葉県,2600024,2024-10-18
7674,森田拓也,森田拓也7674@yahoo.co.jp,090-3307-3471,北海道札幌市中央区北1条西10丁目28番6号,札幌市中央区,北海道,0600033,2024-03-01
7675,佐藤太郎,佐藤太郎7675@gmail.com,090-1332-8580,千葉県千葉市中央区中央4丁目11番4号,千葉市中央区,千葉県,2600033,2024-04-02
7676,吉田雄一,吉田雄一7676@icloud.com,090-7245-7517,福岡県福岡市中央区天神5丁目10番9号,福岡市中央区,福岡県,8100041,2024-05-17
7677,佐藤拓也,佐藤拓也7677@yahoo.co.jp,090-5239-3243,愛知県名古屋市西区名駅8丁目17番7号,名古屋市西区,愛知県,4510020,2023-12-24
7678,森田次郎,森田次郎7678@example.com,090-8139-2047,東京都新宿区新宿2丁目26番10号,新宿区,東京都,1600005,2024-06-12
7679,岡田大輔,岡田大輔7679@gmail.com,090-4903-3365,東京都渋谷区渋谷9丁目23番7号,渋谷区,東京都,1500006,2023-12-08
7680,加藤慎一,加藤慎一7680@yahoo.co.jp,090-6067-6767,神奈川県横浜市中区本町9丁目5番1号,横浜市中区,神奈川県,2310005,2023-12-31
7681,近藤翔太,近藤翔太7681@gmail.com,090-4978-9919,京都府京都市中京区烏丸通4丁目23番10号,京都市中京区,京都府,6040005,2024-04-23
7682,森田健太,森田健太7682@gmail.com,090-3334-7452,東京都新宿区新宿10丁目9番3号,新宿区,東京都,1600002,2023-01-22
7683,渡辺誠,渡辺誠7683@example.com,090-6617-8915,福岡県福岡市博多区博多駅前1丁目18番5号,福岡市博多区,福岡県,8120004,2024-05-22
7684,鈴木一郎,鈴木一郎7684@outlook.com,090-2809-2748,東京都千代田区丸の内10丁目25番5号,千代田区,東京都,1000014,2024-04-22
7685,近藤由美,近藤由美7685@icloud.com,090-9748-3171,東京都新宿区新宿6丁目24番2号,新宿区,東京都,1600001,2023-10-09
7686,藤井麻美,藤井麻美7686@yahoo.co.jp,090-5791-2179,京都府京都市下京区四条通1丁目2番6号,京都市下京区,京都府,6000022,2024-05-18
7687,松本優子,松本優子7687@outlook.com,090-5585-6650,東京都新宿区新宿3丁目10番9号,新宿区,東京都,1600007,2024-06-02
7688,前田美穂,前田美穂7688@outlook.com,090-9171-3840,東京都千代田区丸の内2丁目2番7号,千代田区,東京都,1000016,2024-10-28
7689,小林誠,小林誠7689@example.com,090-1444-4782,東京都渋谷区渋谷9丁目28番8号,渋谷区,東京都,1500037,2024-06-29
7690,佐藤由美,佐藤由美7690@example.com,090-2368-5169,兵庫県神戸市中央区三宮町1丁目29番8号,神戸市中央区,兵庫県,6500038,2023-12-28
7691,斎藤真由美,斎藤真由美7691@yahoo.co.jp,090-3271-7228,東京都渋谷区渋谷1丁目13番9号,渋谷区,東京都,1500001,2024-04-22
7692,林正,林正7692@outlook.com,090-2204-4758,福岡県福岡市博多区博多駅前4丁目21番7号,福岡市博多区,福岡県,8120007,2023-09-29
7693,藤井太郎,藤井太郎7693@gmail.com,090-2353-7981,愛知県名古屋市中区錦10丁目28番8号,名古屋市中区,愛知県,4600006,2023-06-03
7694,佐藤智子,佐藤智子7694@icloud.com,090-6627-6587,京都府京都市中京区烏丸通6丁目3番6号,京都市中京区,京都府,6040006,2023-09-09
7695,木村美咲,木村美咲7695@yahoo.co.jp,090-8557-5085,東京都渋谷区渋谷10丁目20番8号,渋谷区,東京都,1500004,2024-09-23
7696,斎藤大輔,斎藤大輔7696@yahoo.co.jp,090-5918-5114,千葉県千葉市中央区中央2丁目15番6号,千葉市中央区,千葉県,2600012,2023-02-01
7697,藤原麻衣,藤原麻衣7697@outlook.com,090-1672-7360,京都府京都市中京区烏丸通1丁目27番5号,京都市中京区,京都府,6040022,2023-01-13
7698,山田雄一,山田雄一7698@icloud.com,090-1319-2255,愛知県名古屋市西区名駅10丁目19番10号,名古屋市西区,愛知県,4510014,2024-03-04
7699,青木美穂,青木美穂7699@gmail.com,090-5788-4310,兵庫県神戸市灘区灘南通5丁目13番7号,神戸市灘区,兵庫県,6570039,2023-01-26
7700,近藤さくら,近藤さくら7700@gmail.com,090-4408-2492,兵庫県神戸市中央区三宮町7丁目12番8号,神戸市中央区,兵庫県,6500018,2024-09-22
7701,村上麻衣,村上麻衣7701@yahoo.co.jp,090-2893-4393,京都府京都市下京区四条通10丁目3番2号,京都市下京区,京都府,6000011,2023-02-15
7702,渡辺健一,渡辺健一7702@gmail.com,090-6972-1132,東京都渋谷区渋谷8丁目20番1号,渋谷区,東京都,1500022,2023-02-16
7703,池田さくら,池田さくら7703@icloud.com,090-6665-1550,神奈川県横浜市西区みなとみらい2丁目10番9号,横浜市西区,神奈川県,2200040,2023-05-03
7704,中村雄一,中村雄一7704@example.com,090-7411-6595,大阪府大阪市中央区本町2丁目5番4号,大阪市中央区,大阪府,5410023,2023-11-13
7705,森田正,森田正7705@icloud.com,090-6896-9707,埼玉県さいたま市大宮区大宮5丁目22番10号,さいたま市大宮区,埼玉県,3300031,2024-04-13
7706,木村直樹,木村直樹7706@example.com,090-5931-1323,兵庫県神戸市灘区灘南通2丁目15番7号,神戸市灘区,兵庫県,6570033,2024-07-02
7707,伊藤香織,伊藤香織7707@gmail.com,090-3852-3907,埼玉県さいたま市大宮区大宮9丁目19番8号,さいたま市大宮区,埼玉県,3300015,2024-09-26
7708,井上和也,井上和也7708@example.com,090-8275-9793,愛知県名古屋市西区名駅1丁目2番10号,名古屋市西区,愛知県,4510025,2024-06-30
7709,藤原智子,藤原智子7709@example.com,090-3110-4372,千葉県千葉市中央区中央8丁目27番1号,千葉市中央区,千葉県,2600009,2023-11-13
7710,近藤由美,近藤由美7710@icloud.com,090-3603-4879,千葉県千葉市中央区中央7丁目29番3号,千葉市中央区,千葉県,2600010,2024-01-20
7711,中村智子,中村智子7711@icloud.com,090-5243-7756,東京都渋谷区渋谷6丁目10番5号,渋谷区,東京都,1500024,2024-11-28
7712,石川慎一,石川慎一7712@icloud.com,090-5529-8979,千葉県千葉市中央区中央3丁目29番10号,千葉市中央区,千葉県,2600039,2023-10-16
7713,加藤由美,加藤由美7713@gmail.com,090-8315-3521,神奈川県横浜市中区本町9丁目12番1号,横浜市中区,神奈川県,2310003,2023-12-25
7714,山本次郎,山本次郎7714@example.com,090-3535-5922,千葉県千葉市中央区中央10丁目15番7号,千葉市中央区,千葉県,2600019,2023-03-05
7715,青木優子,青木優子7715@yahoo.co.jp,090-4039-7903,愛知県名古屋市西区名駅5丁目26番6号,名古屋市西区,愛知県,4510032,2023-05-29
7716,伊藤真由美,伊藤真由美7716@outlook.com,090-4035-1932,兵庫県神戸市灘区灘南通4丁目10番1号,神戸市灘区,兵庫県,6570008,2023-11-19
7717,鈴木恵子,鈴木恵子7717@example.com,090-5096-9190,兵庫県神戸市中央区三宮町8丁目29番6号,神戸市中央区,兵庫県,6500029,2023-07-31
7718,遠藤真由美,遠藤真由美7718@icloud.com,090-2839-5638,大阪府大阪市中央区本町7丁目12番1号,大阪市中央区,大阪府,5410004,2023-09-02
7719,山本由美子,山本由美子7719@yahoo.co.jp,090-5352-4058,東京都千代田区丸の内8丁目26番2号,千代田区,東京都,1000020,2024-07-27
7720,山本一郎,山本一郎7720@outlook.com,090-9854-9018,埼玉県さいたま市大宮区大宮2丁目27番10号,さいたま市大宮区,埼玉県,3300022,2023-01-18
7721,藤原大輔,藤原大輔7721@outlook.com,090-7340-6260,北海道札幌市中央区北1条西9丁目17番7号,札幌市中央区,北海道,0600009,2024-08-07
7722,鈴木美穂,鈴木美穂7722@icloud.com,090-4295-3363,福岡県福岡市中央区天神9丁目20番3号,福岡市中央区,福岡県,8100008,2023-03-16
7723,斎藤美香,斎藤美香7723@gmail.com,090-4155-2962,千葉県千葉市美浜区美浜3丁目22番3号,千葉市美浜区,千葉県,2610026,2023-05-03
7724,長谷川愛,長谷川愛7724@example.com,090-3038-2153,北海道札幌市中央区北1条西2丁目14番2号,札幌市中央区,北海道,0600011,2023-12-21
7725,木村誠,木村誠7725@icloud.com,090-3815-9536,京都府京都市下京区四条通2丁目1番1号,京都市下京区,京都府,6000039,2023-08-31
7726,斎藤花子,斎藤花子7726@outlook.com,090-9601-2261,千葉県千葉市美浜区美浜10丁目19番4号,千葉市美浜区,千葉県,2610041,2024-12-13
7727,松本和也,松本和也7727@icloud.com,090-3188-9398,京都府京都市下京区四条通3丁目15番2号,京都市下京区,京都府,6000040,2023-05-24
7728,後藤剛,後藤剛7728@icloud.com,090-7634-9396,兵庫県神戸市中央区三宮町2丁目23番3号,神戸市中央区,兵庫県,6500022,2024-03-01
7729,坂本雄一,坂本雄一7729@gmail.com,090-9977-2556,神奈川県横浜市中区本町7丁目11番2号,横浜市中区,神奈川県,2310019,2023-06-03
7730,林美穂,林美穂7730@icloud.com,090-9564-8960,神奈川県横浜市中区本町10丁目10番3号,横浜市中区,神奈川県,2310040,2023-03-20
7731,高橋亮,高橋亮7731@icloud.com,090-6746-3490,埼玉県さいたま市大宮区大宮2丁目17番6号,さいたま市大宮区,埼玉県,3300011,2023-09-27
7732,藤井慎一,藤井慎一7732@yahoo.co.jp,090-4649-9591,北海道札幌市北区北6条西1丁目17番5号,札幌市北区,北海道,0600031,2024-11-05
7733,山田翔太,山田翔太7733@icloud.com,090-4910-4541,京都府京都市中京区烏丸通9丁目8番3号,京都市中京区,京都府,6040001,2024-07-27
7734,伊藤拓也,伊藤拓也7734@outlook.com,090-8270-8936,神奈川県横浜市中区本町10丁目30番1号,横浜市中区,神奈川県,2310012,2024-10-13
7735,遠藤由美子,遠藤由美子7735@gmail.com,090-2955-7271,福岡県福岡市中央区天神8丁目29番4号,福岡市中央区,福岡県,8100030,2023-02-22
7736,坂本由美子,坂本由美子7736@outlook.com,090-6559-1633,大阪府大阪市中央区本町4丁目20番8号,大阪市中央区,大阪府,5410001,2023-01-31
7737,近藤愛,近藤愛7737@outlook.com,090-7920-6344,埼玉県さいたま市大宮区大宮7丁目14番3号,さいたま市大宮区,埼玉県,3300030,2024-11-05
7738,坂本直樹,坂本直樹7738@gmail.com,090-9716-9035,大阪府大阪市北区梅田6丁目13番5号,大阪市北区,大阪府,5300008,2023-10-25
7739,加藤一郎,加藤一郎7739@icloud.com,090-2346-3736,福岡県福岡市中央区天神3丁目14番5号,福岡市中央区,福岡県,8100026,2023-07-23
7740,藤井和也,藤井和也7740@gmail.com,090-9717-4772,埼玉県さいたま市大宮区大宮8丁目3番1号,さいたま市大宮区,埼玉県,3300011,2023-02-08
7741,村上大輔,村上大輔7741@icloud.com,090-7450-3622,大阪府大阪市北区梅田4丁目11番6号,大阪市北区,大阪府,5300003,2023-02-23
7742,長谷川由美子,長谷川由美子7742@icloud.com,090-4356-3231,埼玉県さいたま市大宮区大宮6丁目26番10号,さいたま市大宮区,埼玉県,3300021,2023-07-05
7743,近藤三郎,近藤三郎7743@icloud.com,090-5652-9559,京都府京都市下京区四条通3丁目13番4号,京都市下京区,京都府,6000022,2024-09-08
7744,坂本愛,坂本愛7744@example.com,090-6806-6487,埼玉県さいたま市大宮区大宮2丁目21番10号,さいたま市大宮区,埼玉県,3300024,2024-09-02
7745,加藤一郎,加藤一郎7745@outlook.com,090-2909-6727,愛知県名古屋市中区錦3丁目4番7号,名古屋市中区,愛知県,4600002,2024-04-06
7746,長谷川次郎,長谷川次郎7746@outlook.com,090-1444-7297,京都府京都市中京区烏丸通9丁目24番1号,京都市中京区,京都府,6040018,2024-02-12
7747,田中和也,田中和也7747@icloud.com,090-4734-2193,北海道札幌市北区北6条西4丁目17番10号,札幌市北区,北海道,0600023,2023-06-29
7748,斎藤健一,斎藤健一7748@example.com,090-5371-3869,東京都千代田区丸の内10丁目25番10号,千代田区,東京都,1000001,2023-08-10
7749,林拓也,林拓也7749@example.com,090-9102-7270,京都府京都市中京区烏丸通2丁目2番7号,京都市中京区,京都府,6040027,2024-05-01
7750,青木三郎,青木三郎7750@example.com,090-5691-9458,大阪府大阪市北区梅田2丁目11番3号,大阪市北区,大阪府,5300012,2024-08-16
7751,橋本恵子,橋本恵子7751@icloud.com,090-7259-7647,千葉県千葉市美浜区美浜5丁目30番10号,千葉市美浜区,千葉県,2610036,2024-01-09
7752,山田翔太,山田翔太7752@example.com,090-5484-9619,福岡県福岡市中央区天神5丁目6番10号,福岡市中央区,福岡県,8100028,2023-02-16
7753,渡辺次郎,渡辺次郎7753@outlook.com,090-3853-8481,北海道札幌市中央区北1条西5丁目5番9号,札幌市中央区,北海道,0600021,2024-07-07
7754,坂本大輔,坂本大輔7754@example.com,090-6785-8706,東京都渋谷区渋谷2丁目14番3号,渋谷区,東京都,1500036,2023-06-08
7755,藤井麻衣,藤井麻衣7755@yahoo.co.jp,090-2743-6856,兵庫県神戸市灘区灘南通6丁目8番3号,神戸市灘区,兵庫県,6570005,2024-05-08
7756,青木麻衣,青木麻衣7756@outlook.com,090-5081-4566,東京都新宿区新宿9丁目24番4号,新宿区,東京都,1600005,2023-02-23
7757,吉田麻衣,吉田麻衣7757@yahoo.co.jp,090-6931-7496,愛知県名古屋市中区錦2丁目14番8号,名古屋市中区,愛知県,4600003,2024-09-30
7758,村上愛,村上愛7758@yahoo.co.jp,090-3974-4529,神奈川県横浜市西区みなとみらい10丁目16番2号,横浜市西区,神奈川県,2200034,2023-02-05
7759,田中亮,田中亮7759@yahoo.co.jp,090-1670-1166,福岡県福岡市中央区天神4丁目13番5号,福岡市中央区,福岡県,8100016,2023-02-25
7760,井上誠,井上誠7760@gmail.com,090-5968-6899,愛知県名古屋市中区錦2丁目10番7号,名古屋市中区,愛知県,4600002,2023-04-14
7761,林雄一,林雄一7761@example.com,090-2488-1455,大阪府大阪市北区梅田7丁目14番4号,大阪市北区,大阪府,5300019,2024-10-19
7762,伊藤美咲,伊藤美咲7762@yahoo.co.jp,090-4314-4004,千葉県千葉市美浜区美浜4丁目3番8号,千葉市美浜区,千葉県,2610026,2024-10-01
7763,山本雄一,山本雄一7763@yahoo.co.jp,090-3218-7164,愛知県名古屋市中区錦6丁目10番9号,名古屋市中区,愛知県,4600001,2024-01-18
7764,遠藤直樹,遠藤直樹7764@yahoo.co.jp,090-8700-2543,京都府京都市中京区烏丸通3丁目10番3号,京都市中京区,京都府,6040032,2023-11-12
7765,村上愛,村上愛7765@outlook.com,090-1606-3217,兵庫県神戸市中央区三宮町5丁目1番8号,神戸市中央区,兵庫県,6500034,2024-01-09
7766,伊藤大輔,伊藤大輔7766@outlook.com,090-9499-4906,埼玉県さいたま市浦和区高砂1丁目10番8号,さいたま市浦和区,埼玉県,3300039,2024-02-09
7767,石川さくら,石川さくら7767@example.com,090-8527-8966,大阪府大阪市北区梅田7丁目3番2号,大阪市北区,大阪府,5300007,2024-09-29
7768,山本一郎,山本一郎7768@icloud.com,090-6810-2116,兵庫県神戸市中央区三宮町7丁目28番3号,神戸市中央区,兵庫県,6500016,2024-08-27
7769,橋本慎一,橋本慎一7769@outlook.com,090-6935-1565,千葉県千葉市中央区中央2丁目21番5号,千葉市中央区,千葉県,2600017,2023-08-01
7770,佐藤正,佐藤正7770@icloud.com,090-6124-4728,東京都千代田区丸の内6丁目27番3号,千代田区,東京都,1000003,2023-03-15
7771,遠藤直樹,遠藤直樹7771@example.com,090-5898-7760,埼玉県さいたま市大宮区大宮4丁目9番10号,さいたま市大宮区,埼玉県,3300041,2024-09-20
7772,鈴木亮,鈴木亮7772@example.com,090-2739-4284,北海道札幌市中央区北1条西1丁目21番3号,札幌市中央区,北海道,0600018,2023-04-03
7773,林優子,林優子7773@example.com,090-1145-1287,神奈川県横浜市西区みなとみらい3丁目1番1号,横浜市西区,神奈川県,2200023,2024-05-30
7774,池田慎一,池田慎一7774@outlook.com,090-1940-2457,兵庫県神戸市灘区灘南通7丁目18番1号,神戸市灘区,兵庫県,6570010,2023-03-20
7775,小林千佳,小林千佳7775@example.com,090-6738-2127,埼玉県さいたま市浦和区高砂10丁目5番8号,さいたま市浦和区,埼玉県,3300031,2023-12-28
7776,青木健一,青木健一7776@gmail.com,090-6051-9641,大阪府大阪市北区梅田5丁目10番2号,大阪市北区,大阪府,5300004,2023-10-11
7777,田中香織,田中香織7777@example.com,090-6486-2249,千葉県千葉市美浜区美浜3丁目28番9号,千葉市美浜区,千葉県,2610001,2024-01-23
7778,加藤麻美,加藤麻美7778@outlook.com,090-8647-7396,東京都渋谷区渋谷7丁目18番9号,渋谷区,東京都,1500027,2023-02-02
7779,田中正,田中正7779@icloud.com,090-3734-5419,兵庫県神戸市灘区灘南通3丁目27番6号,神戸市灘区,兵庫県,6570027,2024-09-01
7780,林拓也,林拓也7780@icloud.com,090-9197-6184,京都府京都市中京区烏丸通6丁目17番9号,京都市中京区,京都府,6040024,2023-06-14
7781,後藤慎一,後藤慎一7781@outlook.com,090-4618-4934,兵庫県神戸市灘区灘南通5丁目9番8号,神戸市灘区,兵庫県,6570026,2023-10-30
7782,前田美咲,前田美咲7782@icloud.com,090-1923-5128,兵庫県神戸市中央区三宮町10丁目6番1号,神戸市中央区,兵庫県,6500028,2023-08-20
7783,坂本愛,坂本愛7783@gmail.com,090-2983-8878,北海道札幌市中央区北1条西6丁目19番5号,札幌市中央区,北海道,0600027,2023-04-08
7784,高橋千佳,高橋千佳7784@example.com,090-4863-5830,大阪府大阪市北区梅田2丁目24番10号,大阪市北区,大阪府,5300011,2023-09-19
7785,青木一郎,青木一郎7785@yahoo.co.jp,090-7741-1440,愛知県名古屋市西区名駅4丁目10番5号,名古屋市西区,愛知県,4510040,2024-05-22
7786,近藤優子,近藤優子7786@outlook.com,090-1220-3464,東京都新宿区新宿4丁目27番10号,新宿区,東京都,1600016,2024-03-01
7787,藤原次郎,藤原次郎7787@gmail.com,090-1940-8714,福岡県福岡市博多区博多駅前5丁目28番5号,福岡市博多区,福岡県,8120014,2023-06-07
7788,渡辺達也,渡辺達也7788@outlook.com,090-3255-1357,愛知県名古屋市西区名駅1丁目19番4号,名古屋市西区,愛知県,4510035,2024-03-23
7789,橋本香織,橋本香織7789@gmail.com,090-4792-8643,神奈川県横浜市西区みなとみらい3丁目2番6号,横浜市西区,神奈川県,2200016,2023-08-06
7790,加藤翔太,加藤翔太7790@icloud.com,090-1466-1085,埼玉県さいたま市大宮区大宮6丁目1番5号,さいたま市大宮区,埼玉県,3300016,2023-02-19
7791,青木由美,青木由美7791@yahoo.co.jp,090-7119-4834,大阪府大阪市北区梅田3丁目15番6号,大阪市北区,大阪府,5300016,2024-02-17
7792,佐藤智子,佐藤智子7792@gmail.com,090-8829-9078,神奈川県横浜市中区本町4丁目21番7号,横浜市中区,神奈川県,2310034,2024-10-14
7793,村上一郎,村上一郎7793@example.com,090-4636-7471,東京都渋谷区渋谷4丁目21番2号,渋谷区,東京都,1500018,2023-09-10
7794,斎藤智子,斎藤智子7794@example.com,090-9615-3470,兵庫県神戸市中央区三宮町10丁目8番8号,神戸市中央区,兵庫県,6500012,2024-07-01
7795,木村大輔,木村大輔7795@outlook.com,090-8307-7265,愛知県名古屋市西区名駅3丁目22番5号,名古屋市西区,愛知県,4510020,2023-06-01
7796,前田健一,前田健一7796@gmail.com,090-1045-8099,千葉県千葉市中央区中央10丁目18番2号,千葉市中央区,千葉県,2600017,2023-09-29
7797,近藤健太,近藤健太7797@example.com,090-6386-5540,北海道札幌市中央区北1条西5丁目16番9号,札幌市中央区,北海道,0600039,2023-01-13
7798,渡辺愛,渡辺愛7798@outlook.com,090-3971-8349,兵庫県神戸市灘区灘南通8丁目23番5号,神戸市灘区,兵庫県,6570036,2024-10-31
7799,石川恵子,石川恵子7799@example.com,090-4594-3098,北海道札幌市中央区北1条西2丁目24番10号,札幌市中央区,北海道,0600003,2024-10-25
7800,山田剛,山田剛7800@outlook.com,090-2550-1025,千葉県千葉市中央区中央6丁目20番1号,千葉市中央区,千葉県,2600034,2023-02-04
7801,吉田美香,吉田美香7801@icloud.com,090-2381-5139,神奈川県横浜市中区本町9丁目19番2号,横浜市中区,神奈川県,2310040,2024-07-27
7802,加藤亮,加藤亮7802@outlook.com,090-3149-6464,大阪府大阪市中央区本町6丁目24番8号,大阪市中央区,大阪府,5410005,2023-11-01
7803,林智子,林智子7803@gmail.com,090-2713-7851,北海道札幌市北区北6条西10丁目14番2号,札幌市北区,北海道,0600019,2023-05-26
7804,加藤和也,加藤和也7804@gmail.com,090-9857-9401,東京都渋谷区渋谷3丁目8番10号,渋谷区,東京都,1500036,2023-06-14
7805,後藤香織,後藤香織7805@outlook.com,090-5942-4538,兵庫県神戸市中央区三宮町4丁目23番5号,神戸市中央区,兵庫県,6500032,2023-06-12
7806,伊藤香織,伊藤香織7806@icloud.com,090-3815-3762,福岡県福岡市中央区天神5丁目28番4号,福岡市中央区,福岡県,8100015,2024-10-12
7807,中村さくら,中村さくら7807@icloud.com,090-3713-5376,神奈川県横浜市西区みなとみらい3丁目26番3号,横浜市西区,神奈川県,2200013,2024-01-12
7808,池田真由美,池田真由美7808@gmail.com,090-7567-5929,北海道札幌市中央区北1条西4丁目14番6号,札幌市中央区,北海道,0600013,2023-05-25
7809,岡田剛,岡田剛7809@gmail.com,090-8935-6772,東京都新宿区新宿6丁目9番3号,新宿区,東京都,1600001,2024-06-19
7810,加藤太郎,加藤太郎7810@icloud.com,090-5988-2234,千葉県千葉市美浜区美浜10丁目7番1号,千葉市美浜区,千葉県,2610041,2023-04-05
7811,田中真由美,田中真由美7811@outlook.com,090-5654-5487,神奈川県横浜市中区本町2丁目17番10号,横浜市中区,神奈川県,2310023,2023-08-27
7812,藤井三郎,藤井三郎7812@gmail.com,090-7726-5175,東京都新宿区新宿10丁目14番2号,新宿区,東京都,1600005,2023-05-30
7813,池田雄一,池田雄一7813@example.com,090-4278-3745,北海道札幌市中央区北1条西4丁目2番4号,札幌市中央区,北海道,0600007,2024-11-23
7814,斎藤優子,斎藤優子7814@example.com,090-1903-7318,神奈川県横浜市西区みなとみらい7丁目16番1号,横浜市西区,神奈川県,2200040,2023-10-23
7815,田中健一,田中健一7815@example.com,090-4383-5818,埼玉県さいたま市浦和区高砂4丁目8番4号,さいたま市浦和区,埼玉県,3300008,2024-10-12
7816,村上拓也,村上拓也7816@icloud.com,090-9664-8926,京都府京都市下京区四条通2丁目19番8号,京都市下京区,京都府,6000001,2024-06-16
7817,前田三郎,前田三郎7817@yahoo.co.jp,090-8160-5653,大阪府大阪市北区梅田4丁目19番8号,大阪市北区,大阪府,5300018,2024-12-06
7818,井上花子,井上花子7818@icloud.com,090-8261-6914,福岡県福岡市中央区天神1丁目3番7号,福岡市中央区,福岡県,8100026,2023-05-31
7819,松本誠,松本誠7819@outlook.com,090-1205-4350,千葉県千葉市中央区中央1丁目6番4号,千葉市中央区,千葉県,2600018,2023-01-29
7820,佐藤美咲,佐藤美咲7820@example.com,090-1058-6670,東京都渋谷区渋谷7丁目28番3号,渋谷区,東京都,1500036,2023-03-06
7821,鈴木三郎,鈴木三郎7821@example.com,090-2798-6302,北海道札幌市北区北6条西5丁目19番7号,札幌市北区,北海道,0600019,2024-01-04
7822,斎藤智子,斎藤智子7822@example.com,090-1225-7756,北海道札幌市北区北6条西3丁目20番9号,札幌市北区,北海道,0600026,2024-12-30
7823,石川慎一,石川慎一7823@icloud.com,090-3791-8819,埼玉県さいたま市浦和区高砂8丁目30番6号,さいたま市浦和区,埼玉県,3300035,2023-03-29
7824,小林和也,小林和也7824@example.com,090-4526-5480,埼玉県さいたま市浦和区高砂2丁目20番9号,さいたま市浦和区,埼玉県,3300034,2023-08-05
7825,渡辺由美,渡辺由美7825@icloud.com,090-4234-4301,京都府京都市下京区四条通4丁目30番4号,京都市下京区,京都府,6000007,2023-07-15
7826,松本直樹,松本直樹7826@outlook.com,090-9738-7359,千葉県千葉市中央区中央6丁目22番3号,千葉市中央区,千葉県,2600014,2023-09-20
7827,林翔太,林翔太7827@example.com,090-6785-2370,千葉県千葉市中央区中央7丁目6番9号,千葉市中央区,千葉県,2600013,2024-04-26
7828,橋本誠,橋本誠7828@gmail.com,090-5129-1233,京都府京都市中京区烏丸通10丁目11番10号,京都市中京区,京都府,6040004,2023-05-07
7829,近藤拓也,近藤拓也7829@example.com,090-1314-7522,埼玉県さいたま市浦和区高砂10丁目10番2号,さいたま市浦和区,埼玉県,3300021,2023-06-11
7830,石川一郎,石川一郎7830@yahoo.co.jp,090-4303-6972,北海道札幌市北区北6条西7丁目30番8号,札幌市北区,北海道,0600019,2024-03-29
7831,林達也,林達也7831@icloud.com,090-4884-5104,埼玉県さいたま市大宮区大宮10丁目27番8号,さいたま市大宮区,埼玉県,3300013,2024-03-07
7832,林智子,林智子7832@gmail.com,090-2740-7971,大阪府大阪市北区梅田1丁目20番6号,大阪市北区,大阪府,5300016,2024-09-16
7833,近藤次郎,近藤次郎7833@icloud.com,090-3099-2453,埼玉県さいたま市大宮区大宮6丁目24番7号,さいたま市大宮区,埼玉県,3300039,2023-04-10
7834,林美穂,林美穂7834@icloud.com,090-6613-3400,愛知県名古屋市中区錦2丁目14番9号,名古屋市中区,愛知県,4600004,2024-02-18
7835,小林健太,小林健太7835@yahoo.co.jp,090-5787-7267,北海道札幌市中央区北1条西7丁目3番1号,札幌市中央区,北海道,0600005,2024-05-29
7836,吉田剛,吉田剛7836@outlook.com,090-9711-2197,東京都千代田区丸の内1丁目9番6号,千代田区,東京都,1000001,2023-05-15
7837,山田達也,山田達也7837@gmail.com,090-6340-8544,愛知県名古屋市中区錦9丁目5番2号,名古屋市中区,愛知県,4600002,2024-02-02
7838,村上健太,村上健太7838@icloud.com,090-9237-6457,福岡県福岡市博多区博多駅前1丁目21番8号,福岡市博多区,福岡県,8120011,2024-11-02
7839,近藤次郎,近藤次郎7839@example.com,090-3841-2564,埼玉県さいたま市浦和区高砂2丁目29番9号,さいたま市浦和区,埼玉県,3300035,2023-11-30
7840,山本三郎,山本三郎7840@gmail.com,090-3817-6137,福岡県福岡市博多区博多駅前6丁目20番7号,福岡市博多区,福岡県,8120006,2023-12-16
7841,伊藤雄一,伊藤雄一7841@gmail.com,090-5244-8508,埼玉県さいたま市浦和区高砂10丁目11番9号,さいたま市浦和区,埼玉県,3300017,2023-10-06
7842,中村麻美,中村麻美7842@yahoo.co.jp,090-1449-5056,神奈川県横浜市中区本町6丁目24番5号,横浜市中区,神奈川県,2310036,2023-12-02
7843,小林花子,小林花子7843@example.com,090-7739-1571,千葉県千葉市中央区中央4丁目23番3号,千葉市中央区,千葉県,2600017,2024-07-27
7844,中村健太,中村健太7844@icloud.com,090-6673-3683,北海道札幌市中央区北1条西3丁目19番1号,札幌市中央区,北海道,0600009,2024-09-03
7845,林健一,林健一7845@outlook.com,090-1373-3306,北海道札幌市北区北6条西3丁目29番2号,札幌市北区,北海道,0600040,2024-10-10
7846,橋本剛,橋本剛7846@outlook.com,090-3949-9273,千葉県千葉市中央区中央10丁目23番7号,千葉市中央区,千葉県,2600024,2024-11-05
7847,村上太郎,村上太郎7847@gmail.com,090-2340-2500,福岡県福岡市博多区博多駅前2丁目23番9号,福岡市博多区,福岡県,8120005,2024-08-02
7848,渡辺大輔,渡辺大輔7848@example.com,090-1237-7426,兵庫県神戸市中央区三宮町9丁目11番2号,神戸市中央区,兵庫県,6500037,2024-10-16
7849,中村真由美,中村真由美7849@outlook.com,090-4193-8070,千葉県千葉市中央区中央5丁目25番3号,千葉市中央区,千葉県,2600036,2024-02-15
7850,岡田美香,岡田美香7850@gmail.com,090-2654-4144,福岡県福岡市中央区天神7丁目5番10号,福岡市中央区,福岡県,8100039,2024-12-01
7851,斎藤達也,斎藤達也7851@yahoo.co.jp,090-7200-4682,千葉県千葉市中央区中央10丁目28番9号,千葉市中央区,千葉県,2600028,2023-04-18
7852,鈴木達也,鈴木達也7852@gmail.com,090-3923-9777,神奈川県横浜市西区みなとみらい8丁目13番3号,横浜市西区,神奈川県,2200008,2024-07-31
7853,中村健一,中村健一7853@icloud.com,090-6030-3515,埼玉県さいたま市大宮区大宮8丁目11番6号,さいたま市大宮区,埼玉県,3300037,2023-11-25
7854,伊藤太郎,伊藤太郎7854@example.com,090-1474-8214,神奈川県横浜市中区本町7丁目30番6号,横浜市中区,神奈川県,2310031,2023-08-08
7855,近藤誠,近藤誠7855@example.com,090-6150-1343,福岡県福岡市中央区天神8丁目14番9号,福岡市中央区,福岡県,8100005,2023-11-05
7856,鈴木雄一,鈴木雄一7856@outlook.com,090-9396-7704,東京都渋谷区渋谷2丁目17番1号,渋谷区,東京都,1500031,2023-05-11
7857,佐藤花子,佐藤花子7857@yahoo.co.jp,090-3231-6368,京都府京都市下京区四条通9丁目20番8号,京都市下京区,京都府,6000004,2023-11-11
7858,山本健一,山本健一7858@yahoo.co.jp,090-5946-1329,大阪府大阪市北区梅田1丁目24番6号,大阪市北区,大阪府,5300002,2024-12-11
7859,田中慎一,田中慎一7859@example.com,090-9854-9457,千葉県千葉市美浜区美浜1丁目7番4号,千葉市美浜区,千葉県,2610034,2024-08-14
7860,松本麻衣,松本麻衣7860@gmail.com,090-4093-8646,北海道札幌市北区北6条西9丁目3番5号,札幌市北区,北海道,0600028,2023-05-21
7861,吉田由美子,吉田由美子7861@icloud.com,090-8536-1592,東京都千代田区丸の内10丁目16番5号,千代田区,東京都,1000009,2023-04-21
7862,高橋花子,高橋花子7862@example.com,090-2988-6352,福岡県福岡市博多区博多駅前6丁目5番5号,福岡市博多区,福岡県,8120019,2023-03-15
7863,吉田愛,吉田愛7863@example.com,090-7596-3956,愛知県名古屋市中区錦6丁目26番2号,名古屋市中区,愛知県,4600006,2024-09-12
7864,渡辺香織,渡辺香織7864@icloud.com,090-1918-2835,埼玉県さいたま市大宮区大宮6丁目14番5号,さいたま市大宮区,埼玉県,3300005,2023-12-29
7865,岡田由美子,岡田由美子7865@gmail.com,090-3894-2099,愛知県名古屋市中区錦4丁目7番3号,名古屋市中区,愛知県,4600001,2024-10-25
7866,坂本達也,坂本達也7866@outlook.com,090-2361-5208,愛知県名古屋市中区錦8丁目27番1号,名古屋市中区,愛知県,4600002,2024-11-19
7867,田中由美子,田中由美子7867@icloud.com,090-7329-7156,大阪府大阪市中央区本町3丁目18番9号,大阪市中央区,大阪府,5410038,2024-04-05
7868,田中直樹,田中直樹7868@outlook.com,090-9182-4111,東京都新宿区新宿3丁目20番4号,新宿区,東京都,1600007,2024-12-08
7869,鈴木太郎,鈴木太郎7869@outlook.com,090-2478-4035,神奈川県横浜市西区みなとみらい8丁目7番3号,横浜市西区,神奈川県,2200036,2024-01-07
7870,藤井誠,藤井誠7870@icloud.com,090-6709-6315,福岡県福岡市中央区天神1丁目22番1号,福岡市中央区,福岡県,8100024,2023-04-09
7871,渡辺剛,渡辺剛7871@gmail.com,090-8456-6244,兵庫県神戸市中央区三宮町9丁目18番1号,神戸市中央区,兵庫県,6500010,2024-04-16
7872,斎藤健一,斎藤健一7872@outlook.com,090-3384-4912,東京都渋谷区渋谷9丁目11番1号,渋谷区,東京都,1500021,2024-02-23
7873,斎藤大輔,斎藤大輔7873@outlook.com,090-8781-4101,神奈川県横浜市中区本町3丁目2番8号,横浜市中区,神奈川県,2310028,2024-09-30
7874,長谷川麻衣,長谷川麻衣7874@gmail.com,090-6602-8206,埼玉県さいたま市大宮区大宮2丁目15番8号,さいたま市大宮区,埼玉県,3300024,2024-03-25
7875,石川愛,石川愛7875@icloud.com,090-2927-9049,千葉県千葉市美浜区美浜4丁目13番7号,千葉市美浜区,千葉県,2610030,2024-01-13
7876,田中剛,田中剛7876@yahoo.co.jp,090-2533-3055,大阪府大阪市北区梅田4丁目23番1号,大阪市北区,大阪府,5300002,2023-01-24
7877,池田健太,池田健太7877@gmail.com,090-2012-3647,京都府京都市中京区烏丸通4丁目15番3号,京都市中京区,京都府,6040006,2023-09-20
7878,近藤優子,近藤優子7878@example.com,090-6763-7245,千葉県千葉市美浜区美浜2丁目16番9号,千葉市美浜区,千葉県,2610033,2024-12-08
7879,伊藤美香,伊藤美香7879@outlook.com,090-5863-7425,兵庫県神戸市灘区灘南通2丁目5番2号,神戸市灘区,兵庫県,6570006,2024-11-05
7880,佐藤健太,佐藤健太7880@gmail.com,090-8533-5839,神奈川県横浜市中区本町3丁目29番8号,横浜市中区,神奈川県,2310020,2024-08-06
7881,鈴木一郎,鈴木一郎7881@example.com,090-1852-2494,兵庫県神戸市灘区灘南通8丁目11番8号,神戸市灘区,兵庫県,6570036,2023-09-11
7882,青木雄一,青木雄一7882@yahoo.co.jp,090-1279-3488,京都府京都市下京区四条通10丁目6番4号,京都市下京区,京都府,6000023,2024-03-02
7883,井上正,井上正7883@gmail.com,090-8811-8753,大阪府大阪市北区梅田7丁目21番7号,大阪市北区,大阪府,5300015,2023-03-21
7884,井上雄一,井上雄一7884@icloud.com,090-6711-9164,兵庫県神戸市灘区灘南通2丁目2番1号,神戸市灘区,兵庫県,6570020,2023-07-31
7885,森田剛,森田剛7885@gmail.com,090-3042-4270,福岡県福岡市中央区天神4丁目5番3号,福岡市中央区,福岡県,8100002,2024-08-19
7886,佐藤次郎,佐藤次郎7886@outlook.com,090-4481-1791,千葉県千葉市中央区中央3丁目27番10号,千葉市中央区,千葉県,2600024,2023-11-10
7887,池田大輔,池田大輔7887@yahoo.co.jp,090-2138-8055,兵庫県神戸市灘区灘南通3丁目24番2号,神戸市灘区,兵庫県,6570001,2024-08-04
7888,村上千佳,村上千佳7888@gmail.com,090-3281-7425,北海道札幌市中央区北1条西5丁目23番9号,札幌市中央区,北海道,0600026,2024-10-26
7889,渡辺亮,渡辺亮7889@outlook.com,090-6232-5282,愛知県名古屋市中区錦4丁目30番6号,名古屋市中区,愛知県,4600003,2024-06-25
7890,加藤和也,加藤和也7890@yahoo.co.jp,090-9427-5304,福岡県福岡市中央区天神10丁目15番10号,福岡市中央区,福岡県,8100004,2024-04-26
7891,斎藤美香,斎藤美香7891@example.com,090-1231-7820,大阪府大阪市中央区本町2丁目12番4号,大阪市中央区,大阪府,5410020,2023-10-07
7892,坂本雄一,坂本雄一7892@outlook.com,090-9049-6262,福岡県福岡市博多区博多駅前6丁目28番4号,福岡市博多区,福岡県,8120001,2024-06-07
7893,渡辺正,渡辺正7893@gmail.com,090-9684-3213,千葉県千葉市美浜区美浜6丁目12番10号,千葉市美浜区,千葉県,2610013,2024-11-04
7894,中村由美子,中村由美子7894@yahoo.co.jp,090-7927-9629,大阪府大阪市中央区本町1丁目3番8号,大阪市中央区,大阪府,5410033,2024-09-10
7895,岡田亮,岡田亮7895@gmail.com,090-1615-6230,兵庫県神戸市灘区灘南通7丁目17番6号,神戸市灘区,兵庫県,6570002,2024-04-10
7896,田中優子,田中優子7896@yahoo.co.jp,090-5614-3819,千葉県千葉市中央区中央9丁目1番9号,千葉市中央区,千葉県,2600038,2023-07-01
7897,岡田次郎,岡田次郎7897@example.com,090-8412-4902,京都府京都市中京区烏丸通6丁目27番1号,京都市中京区,京都府,6040009,2024-06-02
7898,石川誠,石川誠7898@icloud.com,090-9926-8547,福岡県福岡市中央区天神6丁目22番6号,福岡市中央区,福岡県,8100012,2023-06-06
7899,木村花子,木村花子7899@example.com,090-9745-9956,愛知県名古屋市西区名駅2丁目26番2号,名古屋市西区,愛知県,4510015,2023-08-03
7900,山田美咲,山田美咲7900@icloud.com,090-6590-9581,千葉県千葉市美浜区美浜9丁目13番4号,千葉市美浜区,千葉県,2610018,2023-04-25
7901,林さくら,林さくら7901@outlook.com,090-8888-2216,千葉県千葉市美浜区美浜5丁目25番10号,千葉市美浜区,千葉県,2610022,2023-08-15
7902,山田真由美,山田真由美7902@outlook.com,090-7110-3043,東京都千代田区丸の内7丁目21番5号,千代田区,東京都,1000021,2024-09-23
7903,吉田美穂,吉田美穂7903@example.com,090-9882-5375,福岡県福岡市中央区天神7丁目7番2号,福岡市中央区,福岡県,8100028,2023-01-03
7904,青木麻衣,青木麻衣7904@example.com,090-2306-1494,北海道札幌市北区北6条西2丁目26番6号,札幌市北区,北海道,0600009,2024-06-27
7905,加藤花子,加藤花子7905@outlook.com,090-4937-9627,千葉県千葉市中央区中央1丁目10番2号,千葉市中央区,千葉県,2600030,2024-06-26
7906,伊藤由美,伊藤由美7906@gmail.com,090-7269-8953,兵庫県神戸市中央区三宮町7丁目21番9号,神戸市中央区,兵庫県,6500037,2023-05-10
7907,池田由美子,池田由美子7907@yahoo.co.jp,090-7726-8937,愛知県名古屋市中区錦9丁目28番5号,名古屋市中区,愛知県,4600006,2023-08-26
7908,木村由美,木村由美7908@outlook.com,090-2264-4921,神奈川県横浜市中区本町6丁目12番5号,横浜市中区,神奈川県,2310021,2023-05-29
7909,橋本優子,橋本優子7909@yahoo.co.jp,090-2005-8879,千葉県千葉市中央区中央10丁目17番10号,千葉市中央区,千葉県,2600010,2023-10-17
7910,石川香織,石川香織7910@yahoo.co.jp,090-7188-7470,北海道札幌市中央区北1条西8丁目14番7号,札幌市中央区,北海道,0600019,2024-08-11
7911,前田雄一,前田雄一7911@outlook.com,090-8886-9164,京都府京都市下京区四条通3丁目4番8号,京都市下京区,京都府,6000004,2024-12-24
7912,近藤一郎,近藤一郎7912@icloud.com,090-9553-8420,神奈川県横浜市中区本町10丁目11番3号,横浜市中区,神奈川県,2310007,2024-06-24
7913,青木拓也,青木拓也7913@yahoo.co.jp,090-2964-2274,福岡県福岡市中央区天神3丁目17番2号,福岡市中央区,福岡県,8100030,2023-06-26
7914,木村さくら,木村さくら7914@outlook.com,090-3717-7662,兵庫県神戸市灘区灘南通4丁目27番9号,神戸市灘区,兵庫県,6570010,2023-01-31
7915,遠藤真由美,遠藤真由美7915@yahoo.co.jp,090-2895-4618,愛知県名古屋市西区名駅9丁目13番5号,名古屋市西区,愛知県,4510015,2023-11-14
7916,加藤亮,加藤亮7916@gmail.com,090-6422-7681,千葉県千葉市中央区中央5丁目1番7号,千葉市中央区,千葉県,2600025,2024-11-11
7917,山田和也,山田和也7917@gmail.com,090-2154-6095,大阪府大阪市中央区本町7丁目20番1号,大阪市中央区,大阪府,5410022,2023-05-15
7918,橋本亮,橋本亮7918@example.com,090-1178-5520,埼玉県さいたま市浦和区高砂3丁目20番8号,さいたま市浦和区,埼玉県,3300006,2023-03-04
7919,藤井麻衣,藤井麻衣7919@gmail.com,090-7611-5648,兵庫県神戸市灘区灘南通4丁目21番4号,神戸市灘区,兵庫県,6570015,2023-11-13
7920,藤井和也,藤井和也7920@outlook.com,090-8451-8136,東京都新宿区新宿6丁目13番9号,新宿区,東京都,1600001,2024-07-02
7921,吉田由美,吉田由美7921@icloud.com,090-4791-2391,埼玉県さいたま市大宮区大宮5丁目6番5号,さいたま市大宮区,埼玉県,3300034,2024-04-08
7922,池田正,池田正7922@yahoo.co.jp,090-3062-4081,福岡県福岡市中央区天神9丁目10番5号,福岡市中央区,福岡県,8100025,2023-03-31
7923,橋本香織,橋本香織7923@outlook.com,090-7664-5929,埼玉県さいたま市浦和区高砂1丁目2番1号,さいたま市浦和区,埼玉県,3300001,2023-04-23
7924,青木美咲,青木美咲7924@yahoo.co.jp,090-6653-4417,埼玉県さいたま市浦和区高砂2丁目18番3号,さいたま市浦和区,埼玉県,3300040,2024-02-23
7925,近藤真由美,近藤真由美7925@yahoo.co.jp,090-4266-5688,神奈川県横浜市西区みなとみらい10丁目25番1号,横浜市西区,神奈川県,2200037,2023-09-22
7926,渡辺美穂,渡辺美穂7926@icloud.com,090-1229-6193,愛知県名古屋市中区錦9丁目11番1号,名古屋市中区,愛知県,4600006,2024-04-15
7927,佐藤麻美,佐藤麻美7927@yahoo.co.jp,090-3550-1815,福岡県福岡市博多区博多駅前4丁目10番5号,福岡市博多区,福岡県,8120017,2024-12-01
7928,森田正,森田正7928@outlook.com,090-7356-5527,神奈川県横浜市西区みなとみらい10丁目20番9号,横浜市西区,神奈川県,2200026,2023-04-07
7929,斎藤麻衣,斎藤麻衣7929@yahoo.co.jp,090-6361-3752,千葉県千葉市美浜区美浜5丁目10番5号,千葉市美浜区,千葉県,2610038,2023-09-18
7930,伊藤美香,伊藤美香7930@gmail.com,090-3267-9795,愛知県名古屋市中区錦7丁目27番8号,名古屋市中区,愛知県,4600001,2023-02-05
7931,青木恵子,青木恵子7931@example.com,090-3114-8230,埼玉県さいたま市浦和区高砂3丁目3番9号,さいたま市浦和区,埼玉県,3300022,2024-01-14
7932,吉田剛,吉田剛7932@example.com,090-3103-8207,東京都千代田区丸の内10丁目4番4号,千代田区,東京都,1000010,2023-12-02
7933,林花子,林花子7933@icloud.com,090-5540-3950,兵庫県神戸市灘区灘南通9丁目25番10号,神戸市灘区,兵庫県,6570029,2023-02-06
7934,木村雄一,木村雄一7934@example.com,090-9816-1226,京都府京都市中京区烏丸通8丁目25番2号,京都市中京区,京都府,6040020,2023-03-23
7935,石川雄一,石川雄一7935@example.com,090-7906-7340,北海道札幌市中央区北1条西6丁目22番9号,札幌市中央区,北海道,0600016,2024-02-27
7936,斎藤三郎,斎藤三郎7936@icloud.com,090-8005-3482,東京都千代田区丸の内10丁目27番3号,千代田区,東京都,1000020,2024-08-29
7937,井上真由美,井上真由美7937@icloud.com,090-8164-9645,千葉県千葉市中央区中央2丁目8番8号,千葉市中央区,千葉県,2600030,2023-11-22
7938,林優子,林優子7938@example.com,090-2052-8497,東京都新宿区新宿7丁目30番4号,新宿区,東京都,1600014,2024-01-05
7939,近藤美咲,近藤美咲7939@icloud.com,090-1671-1093,北海道札幌市中央区北1条西10丁目14番9号,札幌市中央区,北海道,0600015,2023-11-24
7940,渡辺正,渡辺正7940@gmail.com,090-3442-2007,神奈川県横浜市西区みなとみらい1丁目21番3号,横浜市西区,神奈川県,2200033,2023-10-08
7941,橋本太郎,橋本太郎7941@gmail.com,090-2253-5589,愛知県名古屋市中区錦7丁目11番2号,名古屋市中区,愛知県,4600006,2024-09-10
7942,田中翔太,田中翔太7942@yahoo.co.jp,090-3505-3662,愛知県名古屋市西区名駅6丁目10番4号,名古屋市西区,愛知県,4510039,2023-11-10
7943,遠藤健一,遠藤健一7943@example.com,090-9814-5405,兵庫県神戸市灘区灘南通2丁目27番9号,神戸市灘区,兵庫県,6570038,2023-08-17
7944,木村麻衣,木村麻衣7944@outlook.com,090-8019-8312,東京都千代田区丸の内1丁目28番6号,千代田区,東京都,1000005,2023-05-29
7945,吉田真由美,吉田真由美7945@icloud.com,090-3801-5523,神奈川県横浜市西区みなとみらい2丁目16番6号,横浜市西区,神奈川県,2200023,2023-04-26
7946,加藤智子,加藤智子7946@yahoo.co.jp,090-4113-8669,東京都千代田区丸の内5丁目29番6号,千代田区,東京都,1000008,2023-09-16
7947,井上由美,井上由美7947@yahoo.co.jp,090-7932-7525,北海道札幌市北区北6条西1丁目5番4号,札幌市北区,北海道,0600019,2023-12-12
7948,渡辺千佳,渡辺千佳7948@outlook.com,090-7420-4434,愛知県名古屋市中区錦2丁目13番3号,名古屋市中区,愛知県,4600008,2023-02-02
7949,吉田優子,吉田優子7949@example.com,090-4077-6230,千葉県千葉市美浜区美浜4丁目3番6号,千葉市美浜区,千葉県,2610016,2023-02-14
7950,村上拓也,村上拓也7950@gmail.com,090-2696-1796,神奈川県横浜市西区みなとみらい3丁目12番6号,横浜市西区,神奈川県,2200028,2023-06-01
7951,森田正,森田正7951@yahoo.co.jp,090-6869-3700,兵庫県神戸市灘区灘南通5丁目6番5号,神戸市灘区,兵庫県,6570002,2024-01-17
7952,岡田一郎,岡田一郎7952@yahoo.co.jp,090-6931-5298,北海道札幌市中央区北1条西9丁目18番6号,札幌市中央区,北海道,0600034,2023-06-02
7953,林麻美,林麻美7953@yahoo.co.jp,090-2603-6742,京都府京都市中京区烏丸通4丁目23番7号,京都市中京区,京都府,6040013,2024-05-09
7954,石川美咲,石川美咲7954@icloud.com,090-5208-2389,神奈川県横浜市西区みなとみらい1丁目26番4号,横浜市西区,神奈川県,2200001,2024-05-07
7955,池田剛,池田剛7955@example.com,090-7931-5564,東京都渋谷区渋谷10丁目20番5号,渋谷区,東京都,1500035,2024-12-29
7956,遠藤達也,遠藤達也7956@outlook.com,090-7394-9179,京都府京都市下京区四条通10丁目9番7号,京都市下京区,京都府,6000020,2024-03-21
7957,村上翔太,村上翔太7957@icloud.com,090-3383-5027,東京都新宿区新宿6丁目14番2号,新宿区,東京都,1600016,2024-07-19
7958,前田優子,前田優子7958@yahoo.co.jp,090-8266-8752,京都府京都市中京区烏丸通9丁目20番2号,京都市中京区,京都府,6040024,2023-05-11
7959,加藤翔太,加藤翔太7959@icloud.com,090-7404-5536,神奈川県横浜市西区みなとみらい4丁目10番6号,横浜市西区,神奈川県,2200021,2023-01-14
7960,吉田翔太,吉田翔太7960@icloud.com,090-6527-5425,神奈川県横浜市中区本町2丁目1番8号,横浜市中区,神奈川県,2310008,2023-01-21
7961,田中健一,田中健一7961@icloud.com,090-7147-3179,北海道札幌市中央区北1条西5丁目5番5号,札幌市中央区,北海道,0600034,2023-06-18
7962,藤井達也,藤井達也7962@icloud.com,090-9546-3300,愛知県名古屋市中区錦8丁目11番10号,名古屋市中区,愛知県,4600006,2023-04-28
7963,加藤大輔,加藤大輔7963@example.com,090-3933-2075,埼玉県さいたま市浦和区高砂6丁目11番10号,さいたま市浦和区,埼玉県,3300010,2023-09-08
7964,渡辺真由美,渡辺真由美7964@yahoo.co.jp,090-9950-5023,埼玉県さいたま市浦和区高砂8丁目4番10号,さいたま市浦和区,埼玉県,3300041,2024-03-01
7965,鈴木剛,鈴木剛7965@gmail.com,090-4005-5054,兵庫県神戸市中央区三宮町3丁目19番9号,神戸市中央区,兵庫県,6500013,2023-11-01
7966,加藤誠,加藤誠7966@icloud.com,090-5459-9430,大阪府大阪市北区梅田5丁目2番7号,大阪市北区,大阪府,5300006,2023-01-18
7967,藤原千佳,藤原千佳7967@gmail.com,090-8223-2098,北海道札幌市中央区北1条西7丁目18番5号,札幌市中央区,北海道,0600039,2024-07-31
7968,村上健一,村上健一7968@yahoo.co.jp,090-1138-6521,北海道札幌市北区北6条西1丁目1番7号,札幌市北区,北海道,0600002,2023-04-20
7969,後藤和也,後藤和也7969@example.com,090-1462-1021,京都府京都市下京区四条通4丁目16番3号,京都市下京区,京都府,6000036,2023-03-30
7970,木村直樹,木村直樹7970@yahoo.co.jp,090-1710-6933,京都府京都市下京区四条通9丁目9番4号,京都市下京区,京都府,6000003,2024-01-15
7971,藤原由美,藤原由美7971@outlook.com,090-2411-6508,愛知県名古屋市西区名駅8丁目15番8号,名古屋市西区,愛知県,4510041,2023-07-15
7972,山田愛,山田愛7972@example.com,090-7452-1199,東京都渋谷区渋谷1丁目27番7号,渋谷区,東京都,1500032,2023-03-11
7973,青木健太,青木健太7973@outlook.com,090-9712-9874,福岡県福岡市博多区博多駅前4丁目1番7号,福岡市博多区,福岡県,8120014,2024-06-25
7974,藤井剛,藤井剛7974@outlook.com,090-4819-4361,東京都新宿区新宿2丁目10番4号,新宿区,東京都,1600001,2023-10-15
7975,藤原三郎,藤原三郎7975@outlook.com,090-9724-7819,北海道札幌市北区北6条西9丁目13番9号,札幌市北区,北海道,0600002,2024-11-02
7976,後藤美香,後藤美香7976@icloud.com,090-5082-3526,北海道札幌市北区北6条西1丁目5番6号,札幌市北区,北海道,0600009,2023-07-05
7977,石川雄一,石川雄一7977@example.com,090-2046-6000,福岡県福岡市中央区天神2丁目16番3号,福岡市中央区,福岡県,8100040,2023-07-27
7978,吉田愛,吉田愛7978@example.com,090-2102-1029,埼玉県さいたま市大宮区大宮6丁目16番9号,さいたま市大宮区,埼玉県,3300012,2023-07-11
7979,長谷川真由美,長谷川真由美7979@example.com,090-6503-4627,兵庫県神戸市灘区灘南通9丁目24番4号,神戸市灘区,兵庫県,6570015,2024-11-01
7980,井上和也,井上和也7980@icloud.com,090-2925-9286,埼玉県さいたま市浦和区高砂2丁目20番5号,さいたま市浦和区,埼玉県,3300026,2023-12-19
7981,山本健太,山本健太7981@yahoo.co.jp,090-1147-6748,北海道札幌市中央区北1条西5丁目23番9号,札幌市中央区,北海道,0600018,2024-06-28
7982,渡辺直樹,渡辺直樹7982@icloud.com,090-8174-9279,兵庫県神戸市灘区灘南通4丁目22番2号,神戸市灘区,兵庫県,6570002,2024-11-22
7983,長谷川愛,長谷川愛7983@outlook.com,090-2375-3074,大阪府大阪市中央区本町9丁目1番9号,大阪市中央区,大阪府,5410027,2023-01-01
7984,坂本香織,坂本香織7984@gmail.com,090-1971-9750,愛知県名古屋市中区錦3丁目15番8号,名古屋市中区,愛知県,4600003,2024-02-14
7985,渡辺香織,渡辺香織7985@example.com,090-3568-8612,埼玉県さいたま市浦和区高砂5丁目14番5号,さいたま市浦和区,埼玉県,3300007,2023-05-10
7986,斎藤由美子,斎藤由美子7986@icloud.com,090-7762-2313,愛知県名古屋市西区名駅7丁目17番4号,名古屋市西区,愛知県,4510023,2023-05-19
7987,坂本達也,坂本達也7987@icloud.com,090-8547-2526,大阪府大阪市中央区本町3丁目2番9号,大阪市中央区,大阪府,5410004,2024-08-28
7988,田中愛,田中愛7988@example.com,090-1876-5625,福岡県福岡市博多区博多駅前4丁目23番1号,福岡市博多区,福岡県,8120019,2024-01-17
7989,池田智子,池田智子7989@outlook.com,090-4894-5853,愛知県名古屋市西区名駅7丁目27番10号,名古屋市西区,愛知県,4510021,2023-11-06
7990,鈴木健一,鈴木健一7990@gmail.com,090-8405-7169,埼玉県さいたま市大宮区大宮2丁目26番2号,さいたま市大宮区,埼玉県,3300029,2023-01-29
7991,後藤慎一,後藤慎一7991@gmail.com,090-1348-4050,大阪府大阪市北区梅田4丁目22番6号,大阪市北区,大阪府,5300008,2024-05-31
7992,中村達也,中村達也7992@gmail.com,090-8456-5319,埼玉県さいたま市浦和区高砂8丁目11番8号,さいたま市浦和区,埼玉県,3300002,2023-11-02
7993,加藤太郎,加藤太郎7993@outlook.com,090-6867-3082,東京都新宿区新宿8丁目14番10号,新宿区,東京都,1600017,2024-10-04
7994,鈴木優子,鈴木優子7994@outlook.com,090-2291-7649,北海道札幌市北区北6条西4丁目26番2号,札幌市北区,北海道,0600018,2024-06-23
7995,藤井翔太,藤井翔太7995@yahoo.co.jp,090-5448-1314,埼玉県さいたま市浦和区高砂6丁目10番6号,さいたま市浦和区,埼玉県,3300032,2024-11-13
7996,伊藤雄一,伊藤雄一7996@example.com,090-2154-2261,兵庫県神戸市中央区三宮町5丁目15番6号,神戸市中央区,兵庫県,6500016,2023-08-28
7997,木村智子,木村智子7997@example.com,090-1131-8124,兵庫県神戸市中央区三宮町6丁目29番5号,神戸市中央区,兵庫県,6500011,2023-06-20
7998,遠藤誠,遠藤誠7998@icloud.com,090-4744-8127,愛知県名古屋市西区名駅8丁目20番5号,名古屋市西区,愛知県,4510041,2023-03-06
7999,山田美咲,山田美咲7999@icloud.com,090-5728-9913,大阪府大阪市中央区本町9丁目22番3号,大阪市中央区,大阪府,5410001,2023-02-13
8000,井上誠,井上誠8000@icloud.com,090-8913-9212,北海道札幌市北区北6条西9丁目15番6号,札幌市北区,北海道,0600002,2024-12-28
8001,石川次郎,石川次郎8001@example.com,090-6187-2216,神奈川県横浜市中区本町7丁目4番4号,横浜市中区,神奈川県,2310036,2023-06-25
8002,前田真由美,前田真由美8002@example.com,090-7965-8345,愛知県名古屋市西区名駅1丁目2番3号,名古屋市西区,愛知県,4510019,2023-02-16
8003,林美香,林美香8003@example.com,090-9113-3131,福岡県福岡市博多区博多駅前10丁目12番8号,福岡市博多区,福岡県,8120012,2023-05-15
8004,斎藤由美子,斎藤由美子8004@icloud.com,090-5285-3107,福岡県福岡市中央区天神2丁目2番10号,福岡市中央区,福岡県,8100023,2024-08-20
8005,坂本正,坂本正8005@yahoo.co.jp,090-4164-9195,東京都渋谷区渋谷4丁目21番5号,渋谷区,東京都,1500020,2024-09-06
8006,加藤愛,加藤愛8006@icloud.com,090-3805-7268,千葉県千葉市中央区中央1丁目17番3号,千葉市中央区,千葉県,2600038,2023-01-12
8007,田中慎一,田中慎一8007@icloud.com,090-8789-7491,神奈川県横浜市中区本町7丁目15番4号,横浜市中区,神奈川県,2310017,2023-11-08
8008,遠藤美咲,遠藤美咲8008@yahoo.co.jp,090-7760-4146,神奈川県横浜市西区みなとみらい1丁目2番1号,横浜市西区,神奈川県,2200008,2024-11-18
8009,吉田麻美,吉田麻美8009@yahoo.co.jp,090-3141-8220,埼玉県さいたま市浦和区高砂10丁目19番6号,さいたま市浦和区,埼玉県,3300035,2024-01-16
8010,林花子,林花子8010@gmail.com,090-6265-1093,京都府京都市下京区四条通10丁目26番1号,京都市下京区,京都府,6000021,2023-11-10
8011,斎藤健太,斎藤健太8011@yahoo.co.jp,090-3108-4352,福岡県福岡市中央区天神10丁目8番9号,福岡市中央区,福岡県,8100003,2024-07-27
8012,長谷川大輔,長谷川大輔8012@gmail.com,090-5619-6175,福岡県福岡市中央区天神2丁目9番4号,福岡市中央区,福岡県,8100004,2024-11-08
8013,高橋正,高橋正8013@outlook.com,090-4786-4018,千葉県千葉市美浜区美浜2丁目25番6号,千葉市美浜区,千葉県,2610018,2023-05-24
8014,伊藤愛,伊藤愛8014@icloud.com,090-1011-9103,大阪府大阪市北区梅田4丁目24番8号,大阪市北区,大阪府,5300008,2024-02-20
8015,青木由美子,青木由美子8015@yahoo.co.jp,090-2081-9163,千葉県千葉市美浜区美浜10丁目20番10号,千葉市美浜区,千葉県,2610026,2023-03-02
8016,伊藤正,伊藤正8016@yahoo.co.jp,090-2355-4301,東京都千代田区丸の内8丁目9番4号,千代田区,東京都,1000013,2023-09-27
8017,加藤さくら,加藤さくら8017@example.com,090-4152-2389,兵庫県神戸市中央区三宮町10丁目1番4号,神戸市中央区,兵庫県,6500017,2023-03-19
8018,池田太郎,池田太郎8018@example.com,090-3677-6708,福岡県福岡市博多区博多駅前10丁目13番6号,福岡市博多区,福岡県,8120003,2024-08-22
8019,鈴木美香,鈴木美香8019@yahoo.co.jp,090-1721-1577,東京都新宿区新宿8丁目30番2号,新宿区,東京都,1600001,2024-08-19
8020,岡田亮,岡田亮8020@gmail.com,090-3552-4693,福岡県福岡市博多区博多駅前9丁目19番4号,福岡市博多区,福岡県,8120018,2023-07-24
8021,林健一,林健一8021@gmail.com,090-6013-5208,埼玉県さいたま市浦和区高砂4丁目10番4号,さいたま市浦和区,埼玉県,3300041,2023-01-07
8022,村上香織,村上香織8022@example.com,090-9478-4133,神奈川県横浜市西区みなとみらい9丁目14番7号,横浜市西区,神奈川県,2200012,2024-07-23
8023,鈴木誠,鈴木誠8023@yahoo.co.jp,090-8131-8961,神奈川県横浜市中区本町4丁目29番9号,横浜市中区,神奈川県,2310019,2023-02-20
8024,吉田麻衣,吉田麻衣8024@yahoo.co.jp,090-2881-2553,神奈川県横浜市中区本町8丁目28番4号,横浜市中区,神奈川県,2310002,2024-06-10
8025,遠藤誠,遠藤誠8025@icloud.com,090-2371-4518,東京都渋谷区渋谷10丁目10番4号,渋谷区,東京都,1500009,2023-08-19
8026,加藤慎一,加藤慎一8026@icloud.com,090-5262-7521,東京都新宿区新宿7丁目30番1号,新宿区,東京都,1600011,2023-07-19
8027,石川由美,石川由美8027@gmail.com,090-2557-3509,東京都新宿区新宿8丁目7番7号,新宿区,東京都,1600006,2023-07-21
8028,坂本健太,坂本健太8028@example.com,090-5128-6944,東京都千代田区丸の内9丁目1番3号,千代田区,東京都,1000014,2023-03-31
8029,小林慎一,小林慎一8029@icloud.com,090-7311-7770,神奈川県横浜市中区本町10丁目16番2号,横浜市中区,神奈川県,2310023,2024-11-26
8030,田中さくら,田中さくら8030@gmail.com,090-9723-7766,兵庫県神戸市中央区三宮町9丁目2番2号,神戸市中央区,兵庫県,6500019,2024-09-09
8031,青木美咲,青木美咲8031@icloud.com,090-7828-6436,東京都千代田区丸の内4丁目23番10号,千代田区,東京都,1000009,2023-05-13
8032,後藤剛,後藤剛8032@example.com,090-8645-2597,大阪府大阪市中央区本町10丁目11番5号,大阪市中央区,大阪府,5410019,2023-11-21
8033,高橋花子,高橋花子8033@example.com,090-4890-7648,神奈川県横浜市西区みなとみらい10丁目13番1号,横浜市西区,神奈川県,2200038,2024-09-26
8034,山田麻美,山田麻美8034@icloud.com,090-1338-2133,埼玉県さいたま市浦和区高砂10丁目4番6号,さいたま市浦和区,埼玉県,3300020,2024-06-06
8035,坂本翔太,坂本翔太8035@outlook.com,090-4437-7072,大阪府大阪市北区梅田10丁目29番3号,大阪市北区,大阪府,5300006,2024-12-28
8036,藤原三郎,藤原三郎8036@gmail.com,090-8213-8773,福岡県福岡市博多区博多駅前7丁目1番8号,福岡市博多区,福岡県,8120006,2023-01-22
8037,山本拓也,山本拓也8037@icloud.com,090-4130-2714,千葉県千葉市中央区中央10丁目14番4号,千葉市中央区,千葉県,2600008,2024-08-08
8038,藤井麻美,藤井麻美8038@yahoo.co.jp,090-3209-3667,兵庫県神戸市中央区三宮町1丁目1番7号,神戸市中央区,兵庫県,6500008,2024-10-03
8039,山田亮,山田亮8039@gmail.com,090-3394-4052,東京都千代田区丸の内8丁目28番9号,千代田区,東京都,1000012,2023-11-24
8040,田中麻衣,田中麻衣8040@yahoo.co.jp,090-4951-6406,北海道札幌市中央区北1条西3丁目26番2号,札幌市中央区,北海道,0600040,2023-09-20
8041,坂本恵子,坂本恵子8041@icloud.com,090-7326-3676,千葉県千葉市中央区中央9丁目3番8号,千葉市中央区,千葉県,2600012,2023-07-05
8042,山本直樹,山本直樹8042@gmail.com,090-6725-5590,神奈川県横浜市西区みなとみらい7丁目23番10号,横浜市西区,神奈川県,2200021,2024-10-19
8043,藤原達也,藤原達也8043@yahoo.co.jp,090-8207-8902,兵庫県神戸市灘区灘南通7丁目18番3号,神戸市灘区,兵庫県,6570020,2023-06-30
8044,石川亮,石川亮8044@icloud.com,090-3188-6370,神奈川県横浜市西区みなとみらい9丁目17番10号,横浜市西区,神奈川県,2200031,2023-12-21
8045,藤井拓也,藤井拓也8045@outlook.com,090-3029-1485,千葉県千葉市中央区中央4丁目10番8号,千葉市中央区,千葉県,2600029,2023-03-30
8046,鈴木拓也,鈴木拓也8046@yahoo.co.jp,090-3318-2693,神奈川県横浜市西区みなとみらい2丁目16番4号,横浜市西区,神奈川県,2200001,2023-10-30
8047,渡辺美穂,渡辺美穂8047@outlook.com,090-7551-6101,神奈川県横浜市中区本町6丁目16番7号,横浜市中区,神奈川県,2310016,2023-01-22
8048,坂本誠,坂本誠8048@example.com,090-9657-7226,兵庫県神戸市灘区灘南通2丁目19番10号,神戸市灘区,兵庫県,6570002,2024-12-02
8049,中村達也,中村達也8049@outlook.com,090-5002-4445,大阪府大阪市中央区本町4丁目12番2号,大阪市中央区,大阪府,5410028,2024-09-11
8050,長谷川健太,長谷川健太8050@icloud.com,090-1777-6660,兵庫県神戸市灘区灘南通9丁目14番9号,神戸市灘区,兵庫県,6570016,2024-12-27
8051,伊藤さくら,伊藤さくら8051@outlook.com,090-5460-2854,大阪府大阪市北区梅田6丁目14番6号,大阪市北区,大阪府,5300005,2023-09-16
8052,藤原千佳,藤原千佳8052@example.com,090-8753-4508,千葉県千葉市中央区中央2丁目4番7号,千葉市中央区,千葉県,2600005,2023-05-20
8053,井上美咲,井上美咲8053@outlook.com,090-4617-6725,千葉県千葉市中央区中央9丁目23番2号,千葉市中央区,千葉県,2600029,2024-04-29
8054,遠藤麻衣,遠藤麻衣8054@icloud.com,090-5035-1694,京都府京都市下京区四条通5丁目6番10号,京都市下京区,京都府,6000029,2023-10-03
8055,藤原和也,藤原和也8055@icloud.com,090-6477-1282,埼玉県さいたま市大宮区大宮10丁目26番10号,さいたま市大宮区,埼玉県,3300013,2023-08-23
8056,池田由美,池田由美8056@outlook.com,090-2765-5151,埼玉県さいたま市大宮区大宮10丁目2番7号,さいたま市大宮区,埼玉県,3300035,2023-09-18
8057,松本三郎,松本三郎8057@gmail.com,090-1266-2539,福岡県福岡市中央区天神6丁目28番5号,福岡市中央区,福岡県,8100019,2023-07-17
8058,斎藤健太,斎藤健太8058@gmail.com,090-4438-1887,千葉県千葉市美浜区美浜10丁目2番8号,千葉市美浜区,千葉県,2610005,2024-01-21
8059,長谷川さくら,長谷川さくら8059@example.com,090-5925-1828,兵庫県神戸市灘区灘南通1丁目5番4号,神戸市灘区,兵庫県,6570031,2024-03-27
8060,渡辺美咲,渡辺美咲8060@example.com,090-6745-5151,北海道札幌市中央区北1条西7丁目23番3号,札幌市中央区,北海道,0600030,2023-05-18
8061,林美穂,林美穂8061@icloud.com,090-1412-7479,千葉県千葉市美浜区美浜2丁目14番5号,千葉市美浜区,千葉県,2610026,2023-08-19
8062,井上一郎,井上一郎8062@outlook.com,090-5948-1434,福岡県福岡市博多区博多駅前2丁目20番3号,福岡市博多区,福岡県,8120004,2023-10-17
8063,小林翔太,小林翔太8063@yahoo.co.jp,090-2822-3596,神奈川県横浜市西区みなとみらい7丁目14番4号,横浜市西区,神奈川県,2200023,2024-08-10
8064,藤原正,藤原正8064@icloud.com,090-7258-5440,北海道札幌市北区北6条西3丁目4番10号,札幌市北区,北海道,0600033,2023-02-14
8065,岡田優子,岡田優子8065@icloud.com,090-1160-7824,埼玉県さいたま市浦和区高砂3丁目21番7号,さいたま市浦和区,埼玉県,3300005,2024-12-05
8066,中村太郎,中村太郎8066@example.com,090-7068-2540,福岡県福岡市博多区博多駅前4丁目12番6号,福岡市博多区,福岡県,8120014,2024-10-06
8067,渡辺雄一,渡辺雄一8067@gmail.com,090-9239-4800,北海道札幌市北区北6条西7丁目25番3号,札幌市北区,北海道,0600030,2024-04-08
8068,松本次郎,松本次郎8068@yahoo.co.jp,090-2489-9267,大阪府大阪市北区梅田7丁目16番7号,大阪市北区,大阪府,5300001,2023-10-03
8069,後藤三郎,後藤三郎8069@gmail.com,090-7437-7142,福岡県福岡市博多区博多駅前2丁目20番8号,福岡市博多区,福岡県,8120007,2024-10-17
8070,近藤正,近藤正8070@example.com,090-5976-5555,兵庫県神戸市灘区灘南通3丁目20番3号,神戸市灘区,兵庫県,6570017,2023-02-08
8071,近藤美咲,近藤美咲8071@example.com,090-6475-9735,福岡県福岡市博多区博多駅前5丁目2番7号,福岡市博多区,福岡県,8120010,2024-05-16
8072,岡田恵子,岡田恵子8072@outlook.com,090-5322-1689,京都府京都市中京区烏丸通8丁目17番7号,京都市中京区,京都府,6040015,2024-06-25
8073,吉田雄一,吉田雄一8073@yahoo.co.jp,090-5614-9805,京都府京都市中京区烏丸通3丁目10番5号,京都市中京区,京都府,6040032,2023-07-17
8074,坂本雄一,坂本雄一8074@yahoo.co.jp,090-8621-1555,千葉県千葉市中央区中央3丁目6番6号,千葉市中央区,千葉県,2600028,2024-03-20
8075,橋本直樹,橋本直樹8075@yahoo.co.jp,090-5364-3125,神奈川県横浜市中区本町1丁目14番4号,横浜市中区,神奈川県,2310013,2023-01-27
8076,森田愛,森田愛8076@yahoo.co.jp,090-2572-8016,東京都新宿区新宿6丁目8番8号,新宿区,東京都,1600016,2023-01-28
8077,田中直樹,田中直樹8077@outlook.com,090-7171-9810,大阪府大阪市中央区本町9丁目24番2号,大阪市中央区,大阪府,5410026,2023-12-05
8078,吉田正,吉田正8078@yahoo.co.jp,090-4343-1945,京都府京都市下京区四条通1丁目16番7号,京都市下京区,京都府,6000012,2024-10-12
8079,吉田さくら,吉田さくら8079@icloud.com,090-9999-3748,福岡県福岡市博多区博多駅前10丁目8番2号,福岡市博多区,福岡県,8120016,2024-02-22
8080,橋本次郎,橋本次郎8080@yahoo.co.jp,090-6589-9902,埼玉県さいたま市大宮区大宮6丁目23番7号,さいたま市大宮区,埼玉県,3300011,2023-08-21
8081,小林由美,小林由美8081@icloud.com,090-9030-8807,北海道札幌市中央区北1条西3丁目25番8号,札幌市中央区,北海道,0600024,2024-08-02
8082,岡田花子,岡田花子8082@icloud.com,090-8010-8600,埼玉県さいたま市大宮区大宮9丁目11番3号,さいたま市大宮区,埼玉県,3300030,2024-05-04
8083,後藤由美,後藤由美8083@yahoo.co.jp,090-5568-6549,神奈川県横浜市中区本町5丁目13番8号,横浜市中区,神奈川県,2310035,2024-07-03
8084,木村由美,木村由美8084@yahoo.co.jp,090-4789-6739,大阪府大阪市北区梅田1丁目20番5号,大阪市北区,大阪府,5300017,2023-06-03
8085,田中健太,田中健太8085@outlook.com,090-5348-6014,東京都新宿区新宿10丁目27番8号,新宿区,東京都,1600003,2023-10-30
8086,池田由美子,池田由美子8086@example.com,090-6602-6587,埼玉県さいたま市浦和区高砂7丁目24番9号,さいたま市浦和区,埼玉県,3300031,2024-04-01
8087,山田拓也,山田拓也8087@outlook.com,090-6224-8418,埼玉県さいたま市大宮区大宮4丁目23番1号,さいたま市大宮区,埼玉県,3300001,2023-08-20
8088,加藤剛,加藤剛8088@outlook.com,090-6334-8724,愛知県名古屋市西区名駅1丁目6番1号,名古屋市西区,愛知県,4510028,2023-03-22
8089,伊藤和也,伊藤和也8089@outlook.com,090-7936-9134,愛知県名古屋市中区錦8丁目29番4号,名古屋市中区,愛知県,4600005,2024-01-08
8090,鈴木優子,鈴木優子8090@gmail.com,090-2450-3132,千葉県千葉市中央区中央7丁目21番4号,千葉市中央区,千葉県,2600036,2023-11-25
8091,長谷川さくら,長谷川さくら8091@gmail.com,090-2060-3977,埼玉県さいたま市大宮区大宮1丁目28番5号,さいたま市大宮区,埼玉県,3300020,2024-07-16
8092,井上一郎,井上一郎8092@icloud.com,090-2893-4161,東京都新宿区新宿4丁目6番1号,新宿区,東京都,1600018,2024-11-02
8093,橋本美香,橋本美香8093@outlook.com,090-2979-8472,京都府京都市下京区四条通4丁目1番2号,京都市下京区,京都府,6000007,2023-11-20
8094,村上三郎,村上三郎8094@gmail.com,090-5284-9235,埼玉県さいたま市浦和区高砂2丁目2番8号,さいたま市浦和区,埼玉県,3300031,2024-04-12
8095,藤原健太,藤原健太8095@gmail.com,090-3367-3255,北海道札幌市中央区北1条西7丁目24番5号,札幌市中央区,北海道,0600020,2023-07-07
8096,加藤さくら,加藤さくら8096@yahoo.co.jp,090-3047-9121,埼玉県さいたま市浦和区高砂4丁目27番7号,さいたま市浦和区,埼玉県,3300025,2024-01-19
8097,加藤次郎,加藤次郎8097@yahoo.co.jp,090-1385-8478,福岡県福岡市博多区博多駅前2丁目21番3号,福岡市博多区,福岡県,8120012,2024-06-17
8098,鈴木誠,鈴木誠8098@icloud.com,090-3138-7405,神奈川県横浜市西区みなとみらい8丁目20番9号,横浜市西区,神奈川県,2200035,2023-11-07
8099,木村太郎,木村太郎8099@gmail.com,090-5158-2842,北海道札幌市中央区北1条西3丁目17番1号,札幌市中央区,北海道,0600013,2023-10-02
8100,遠藤正,遠藤正8100@icloud.com,090-9904-4156,大阪府大阪市北区梅田10丁目10番8号,大阪市北区,大阪府,5300005,2023-10-21
8101,遠藤香織,遠藤香織8101@outlook.com,090-7704-2100,兵庫県神戸市灘区灘南通9丁目22番1号,神戸市灘区,兵庫県,6570031,2023-10-05
8102,藤原麻衣,藤原麻衣8102@yahoo.co.jp,090-8959-8313,東京都新宿区新宿5丁目7番1号,新宿区,東京都,1600005,2023-06-19
8103,吉田三郎,吉田三郎8103@yahoo.co.jp,090-6577-9045,愛知県名古屋市西区名駅4丁目13番3号,名古屋市西区,愛知県,4510012,2023-01-21
8104,藤井慎一,藤井慎一8104@example.com,090-8998-5565,福岡県福岡市博多区博多駅前9丁目2番8号,福岡市博多区,福岡県,8120007,2024-10-17
8105,山本雄一,山本雄一8105@example.com,090-1727-8086,兵庫県神戸市灘区灘南通10丁目10番10号,神戸市灘区,兵庫県,6570026,2023-02-10
8106,井上美穂,井上美穂8106@outlook.com,090-9144-1618,兵庫県神戸市灘区灘南通4丁目7番9号,神戸市灘区,兵庫県,6570041,2024-01-03
8107,高橋健太,高橋健太8107@gmail.com,090-5892-6348,福岡県福岡市中央区天神10丁目20番10号,福岡市中央区,福岡県,8100025,2024-02-01
8108,鈴木美咲,鈴木美咲8108@icloud.com,090-4511-1389,兵庫県神戸市灘区灘南通8丁目5番10号,神戸市灘区,兵庫県,6570024,2023-12-22
8109,渡辺正,渡辺正8109@gmail.com,090-4541-9277,北海道札幌市北区北6条西5丁目26番4号,札幌市北区,北海道,0600006,2023-09-07
8110,高橋三郎,高橋三郎8110@gmail.com,090-8177-7605,千葉県千葉市中央区中央1丁目21番1号,千葉市中央区,千葉県,2600036,2023-10-15
8111,中村花子,中村花子8111@icloud.com,090-8489-9455,京都府京都市下京区四条通2丁目3番1号,京都市下京区,京都府,6000011,2023-05-29
8112,坂本由美子,坂本由美子8112@outlook.com,090-7364-8730,千葉県千葉市美浜区美浜8丁目5番10号,千葉市美浜区,千葉県,2610030,2023-07-20
8113,後藤翔太,後藤翔太8113@icloud.com,090-9253-1102,埼玉県さいたま市大宮区大宮2丁目6番4号,さいたま市大宮区,埼玉県,3300018,2023-03-06
8114,鈴木太郎,鈴木太郎8114@example.com,090-6433-6746,福岡県福岡市博多区博多駅前8丁目20番1号,福岡市博多区,福岡県,8120007,2023-07-05
8115,岡田大輔,岡田大輔8115@outlook.com,090-1556-7547,愛知県名古屋市西区名駅4丁目13番8号,名古屋市西区,愛知県,4510013,2023-01-09
8116,中村正,中村正8116@outlook.com,090-6412-1497,北海道札幌市北区北6条西7丁目30番7号,札幌市北区,北海道,0600039,2024-01-02
8117,高橋雄一,高橋雄一8117@outlook.com,090-7573-7489,北海道札幌市中央区北1条西2丁目3番8号,札幌市中央区,北海道,0600029,2023-03-23
8118,山田由美子,山田由美子8118@icloud.com,090-5832-3950,京都府京都市中京区烏丸通2丁目7番5号,京都市中京区,京都府,6040027,2023-04-14
8119,坂本健一,坂本健一8119@example.com,090-2435-4456,兵庫県神戸市灘区灘南通10丁目7番3号,神戸市灘区,兵庫県,6570007,2023-07-15
8120,木村亮,木村亮8120@example.com,090-6960-4557,福岡県福岡市中央区天神6丁目20番1号,福岡市中央区,福岡県,8100024,2023-08-11
8121,山田剛,山田剛8121@outlook.com,090-9182-3396,神奈川県横浜市西区みなとみらい8丁目1番5号,横浜市西区,神奈川県,2200005,2024-09-14
8122,森田三郎,森田三郎8122@example.com,090-2263-3178,京都府京都市中京区烏丸通1丁目4番4号,京都市中京区,京都府,6040018,2023-01-06
8123,山田誠,山田誠8123@gmail.com,090-7564-6696,千葉県千葉市美浜区美浜1丁目16番2号,千葉市美浜区,千葉県,2610022,2024-07-10
8124,松本由美子,松本由美子8124@example.com,090-4935-3607,埼玉県さいたま市大宮区大宮2丁目14番7号,さいたま市大宮区,埼玉県,3300008,2023-06-03
8125,田中優子,田中優子8125@icloud.com,090-6514-7626,大阪府大阪市中央区本町4丁目16番9号,大阪市中央区,大阪府,5410023,2024-05-30
8126,近藤恵子,近藤恵子8126@outlook.com,090-4133-6228,千葉県千葉市中央区中央8丁目7番2号,千葉市中央区,千葉県,2600016,2024-07-20
8127,村上香織,村上香織8127@outlook.com,090-1937-1232,兵庫県神戸市中央区三宮町8丁目8番9号,神戸市中央区,兵庫県,6500026,2024-07-22
8128,池田美穂,池田美穂8128@gmail.com,090-4879-2565,福岡県福岡市中央区天神10丁目15番8号,福岡市中央区,福岡県,8100027,2024-09-16
8129,中村剛,中村剛8129@yahoo.co.jp,090-4379-1467,北海道札幌市北区北6条西10丁目24番2号,札幌市北区,北海道,0600028,2023-04-07
8130,石川剛,石川剛8130@example.com,090-8130-1717,東京都新宿区新宿7丁目9番8号,新宿区,東京都,1600006,2024-01-28
8131,藤井さくら,藤井さくら8131@outlook.com,090-6150-7346,東京都千代田区丸の内10丁目8番1号,千代田区,東京都,1000021,2023-11-04
8132,中村和也,中村和也8132@outlook.com,090-1181-3215,兵庫県神戸市灘区灘南通8丁目11番4号,神戸市灘区,兵庫県,6570034,2023-10-18
8133,長谷川麻衣,長谷川麻衣8133@yahoo.co.jp,090-2403-5659,神奈川県横浜市中区本町5丁目27番10号,横浜市中区,神奈川県,2310031,2023-02-04
8134,村上健太,村上健太8134@outlook.com,090-1194-7982,福岡県福岡市博多区博多駅前7丁目27番6号,福岡市博多区,福岡県,8120011,2023-07-25
8135,長谷川花子,長谷川花子8135@gmail.com,090-1073-9369,埼玉県さいたま市浦和区高砂10丁目22番7号,さいたま市浦和区,埼玉県,3300011,2023-04-20
8136,坂本由美子,坂本由美子8136@gmail.com,090-5670-6801,埼玉県さいたま市大宮区大宮6丁目9番8号,さいたま市大宮区,埼玉県,3300004,2023-03-18
8137,藤井拓也,藤井拓也8137@gmail.com,090-5809-4292,大阪府大阪市北区梅田9丁目25番6号,大阪市北区,大阪府,5300013,2024-02-05
8138,吉田美咲,吉田美咲8138@yahoo.co.jp,090-5778-5835,京都府京都市下京区四条通4丁目6番10号,京都市下京区,京都府,6000025,2024-02-03
8139,吉田達也,吉田達也8139@example.com,090-4018-3022,千葉県千葉市美浜区美浜1丁目7番1号,千葉市美浜区,千葉県,2610027,2023-12-02
8140,遠藤花子,遠藤花子8140@icloud.com,090-1529-9355,京都府京都市中京区烏丸通1丁目26番8号,京都市中京区,京都府,6040023,2024-12-19
8141,藤井麻衣,藤井麻衣8141@gmail.com,090-9172-1202,神奈川県横浜市中区本町4丁目10番10号,横浜市中区,神奈川県,2310025,2023-07-28
8142,高橋三郎,高橋三郎8142@example.com,090-9635-1581,埼玉県さいたま市大宮区大宮6丁目16番1号,さいたま市大宮区,埼玉県,3300006,2024-10-30
8143,伊藤誠,伊藤誠8143@gmail.com,090-8800-1047,兵庫県神戸市灘区灘南通5丁目13番6号,神戸市灘区,兵庫県,6570001,2023-01-22
8144,林剛,林剛8144@outlook.com,090-6159-6037,京都府京都市下京区四条通5丁目14番6号,京都市下京区,京都府,6000041,2023-04-30
8145,後藤麻衣,後藤麻衣8145@outlook.com,090-6245-1463,大阪府大阪市中央区本町7丁目15番8号,大阪市中央区,大阪府,5410023,2023-07-30
8146,長谷川誠,長谷川誠8146@icloud.com,090-9733-8282,埼玉県さいたま市大宮区大宮6丁目11番9号,さいたま市大宮区,埼玉県,3300027,2024-04-25
8147,前田慎一,前田慎一8147@outlook.com,090-5751-4949,埼玉県さいたま市浦和区高砂5丁目15番4号,さいたま市浦和区,埼玉県,3300019,2024-08-09
8148,小林智子,小林智子8148@gmail.com,090-3423-6740,神奈川県横浜市中区本町10丁目23番6号,横浜市中区,神奈川県,2310032,2023-08-30
8149,林花子,林花子8149@icloud.com,090-8219-7593,福岡県福岡市博多区博多駅前9丁目15番7号,福岡市博多区,福岡県,8120007,2024-11-08
8150,田中拓也,田中拓也8150@outlook.com,090-3176-6161,大阪府大阪市中央区本町2丁目24番1号,大阪市中央区,大阪府,5410006,2024-08-20
8151,田中直樹,田中直樹8151@yahoo.co.jp,090-6206-2459,北海道札幌市北区北6条西8丁目2番6号,札幌市北区,北海道,0600041,2023-11-06
8152,橋本健一,橋本健一8152@icloud.com,090-4125-2837,千葉県千葉市美浜区美浜4丁目20番9号,千葉市美浜区,千葉県,2610008,2023-07-17
8153,長谷川由美,長谷川由美8153@gmail.com,090-8877-3081,大阪府大阪市中央区本町6丁目15番9号,大阪市中央区,大阪府,5410033,2023-06-05
8154,中村健一,中村健一8154@gmail.com,090-6383-8788,東京都新宿区新宿1丁目3番7号,新宿区,東京都,1600003,2024-07-09
8155,藤井次郎,藤井次郎8155@yahoo.co.jp,090-2463-6440,神奈川県横浜市西区みなとみらい9丁目23番8号,横浜市西区,神奈川県,2200024,2024-04-11
8156,高橋真由美,高橋真由美8156@yahoo.co.jp,090-4085-8956,愛知県名古屋市西区名駅3丁目30番5号,名古屋市西区,愛知県,4510037,2024-08-31
8157,坂本亮,坂本亮8157@yahoo.co.jp,090-9459-3904,東京都渋谷区渋谷8丁目17番8号,渋谷区,東京都,1500005,2024-05-23
8158,田中雄一,田中雄一8158@example.com,090-9011-2103,神奈川県横浜市西区みなとみらい4丁目23番6号,横浜市西区,神奈川県,2200019,2024-04-05
8159,前田慎一,前田慎一8159@outlook.com,090-3342-3603,東京都渋谷区渋谷6丁目14番5号,渋谷区,東京都,1500028,2023-01-20
8160,鈴木美咲,鈴木美咲8160@gmail.com,090-8835-7479,埼玉県さいたま市浦和区高砂10丁目12番7号,さいたま市浦和区,埼玉県,3300036,2023-03-04
8161,林太郎,林太郎8161@example.com,090-8295-3007,東京都新宿区新宿9丁目28番10号,新宿区,東京都,1600011,2024-10-13
8162,斎藤千佳,斎藤千佳8162@example.com,090-2731-5359,兵庫県神戸市中央区三宮町9丁目29番6号,神戸市中央区,兵庫県,6500039,2024-02-09
8163,渡辺三郎,渡辺三郎8163@yahoo.co.jp,090-9623-8723,愛知県名古屋市西区名駅3丁目6番4号,名古屋市西区,愛知県,4510003,2023-03-05
8164,岡田花子,岡田花子8164@gmail.com,090-9180-3267,千葉県千葉市美浜区美浜10丁目4番5号,千葉市美浜区,千葉県,2610004,2023-01-23
8165,橋本亮,橋本亮8165@gmail.com,090-4475-8168,神奈川県横浜市西区みなとみらい8丁目20番8号,横浜市西区,神奈川県,2200041,2023-12-15
8166,渡辺愛,渡辺愛8166@example.com,090-3118-2625,福岡県福岡市中央区天神5丁目22番7号,福岡市中央区,福岡県,8100039,2023-06-22
8167,鈴木健太,鈴木健太8167@outlook.com,090-3847-4650,埼玉県さいたま市浦和区高砂5丁目1番9号,さいたま市浦和区,埼玉県,3300005,2023-06-25
8168,鈴木雄一,鈴木雄一8168@outlook.com,090-9492-6081,兵庫県神戸市中央区三宮町9丁目20番6号,神戸市中央区,兵庫県,6500035,2024-12-02
8169,藤井健一,藤井健一8169@gmail.com,090-1514-6104,千葉県千葉市美浜区美浜4丁目12番6号,千葉市美浜区,千葉県,2610012,2024-03-22
8170,斎藤次郎,斎藤次郎8170@yahoo.co.jp,090-7182-5998,神奈川県横浜市西区みなとみらい9丁目7番3号,横浜市西区,神奈川県,2200031,2023-10-21
8171,坂本雄一,坂本雄一8171@gmail.com,090-2719-6491,神奈川県横浜市中区本町1丁目20番1号,横浜市中区,神奈川県,2310017,2023-10-04
8172,前田和也,前田和也8172@example.com,090-2407-9919,東京都千代田区丸の内2丁目19番10号,千代田区,東京都,1000019,2023-04-21
8173,田中美香,田中美香8173@yahoo.co.jp,090-4244-3128,東京都渋谷区渋谷7丁目11番10号,渋谷区,東京都,1500009,2024-03-12
8174,伊藤次郎,伊藤次郎8174@icloud.com,090-8230-2736,愛知県名古屋市西区名駅3丁目5番5号,名古屋市西区,愛知県,4510040,2023-11-04
8175,坂本正,坂本正8175@yahoo.co.jp,090-7379-9172,福岡県福岡市博多区博多駅前5丁目21番3号,福岡市博多区,福岡県,8120016,2024-01-01
8176,山田次郎,山田次郎8176@outlook.com,090-1272-5043,兵庫県神戸市灘区灘南通4丁目7番3号,神戸市灘区,兵庫県,6570021,2023-08-24
8177,鈴木誠,鈴木誠8177@icloud.com,090-8820-3539,大阪府大阪市中央区本町10丁目9番3号,大阪市中央区,大阪府,5410021,2024-08-17
8178,藤原千佳,藤原千佳8178@gmail.com,090-9748-4571,東京都千代田区丸の内2丁目11番2号,千代田区,東京都,1000005,2024-11-21
8179,坂本愛,坂本愛8179@example.com,090-5659-2958,埼玉県さいたま市大宮区大宮4丁目5番5号,さいたま市大宮区,埼玉県,3300025,2023-02-25
8180,森田麻衣,森田麻衣8180@outlook.com,090-1618-4070,大阪府大阪市北区梅田8丁目26番2号,大阪市北区,大阪府,5300004,2023-07-16
8181,山本麻衣,山本麻衣8181@yahoo.co.jp,090-6161-4753,東京都新宿区新宿3丁目27番6号,新宿区,東京都,1600002,2024-12-20
8182,青木亮,青木亮8182@gmail.com,090-9350-2104,千葉県千葉市美浜区美浜4丁目2番4号,千葉市美浜区,千葉県,2610008,2023-08-09
8183,後藤美咲,後藤美咲8183@outlook.com,090-6847-3556,京都府京都市中京区烏丸通6丁目5番6号,京都市中京区,京都府,6040004,2024-08-22
8184,高橋健太,高橋健太8184@gmail.com,090-3321-4968,東京都渋谷区渋谷7丁目8番9号,渋谷区,東京都,1500025,2023-12-13
8185,中村愛,中村愛8185@gmail.com,090-5669-9952,北海道札幌市北区北6条西9丁目15番2号,札幌市北区,北海道,0600025,2024-02-16
8186,鈴木慎一,鈴木慎一8186@example.com,090-1092-4680,兵庫県神戸市中央区三宮町5丁目28番10号,神戸市中央区,兵庫県,6500030,2024-08-09
8187,吉田花子,吉田花子8187@outlook.com,090-4507-1623,神奈川県横浜市西区みなとみらい8丁目27番9号,横浜市西区,神奈川県,2200030,2023-06-14
8188,後藤さくら,後藤さくら8188@icloud.com,090-1037-5238,愛知県名古屋市中区錦1丁目29番6号,名古屋市中区,愛知県,4600002,2023-08-18
8189,高橋麻美,高橋麻美8189@yahoo.co.jp,090-7420-4726,福岡県福岡市中央区天神10丁目9番1号,福岡市中央区,福岡県,8100014,2023-06-27
8190,森田美香,森田美香8190@gmail.com,090-7319-8655,大阪府大阪市北区梅田10丁目11番1号,大阪市北区,大阪府,5300017,2023-06-05
8191,井上美穂,井上美穂8191@icloud.com,090-9028-9758,福岡県福岡市博多区博多駅前3丁目13番10号,福岡市博多区,福岡県,8120005,2023-02-24
8192,伊藤一郎,伊藤一郎8192@icloud.com,090-2667-6023,大阪府大阪市北区梅田1丁目22番3号,大阪市北区,大阪府,5300019,2023-11-07
8193,前田達也,前田達也8193@icloud.com,090-7185-5135,北海道札幌市北区北6条西5丁目28番5号,札幌市北区,北海道,0600011,2023-04-02
8194,佐藤三郎,佐藤三郎8194@yahoo.co.jp,090-5348-8984,愛知県名古屋市西区名駅3丁目10番8号,名古屋市西区,愛知県,4510021,2024-07-09
8195,中村大輔,中村大輔8195@gmail.com,090-4375-2087,福岡県福岡市博多区博多駅前2丁目19番2号,福岡市博多区,福岡県,8120016,2023-06-24
8196,藤原由美,藤原由美8196@yahoo.co.jp,090-1696-2801,神奈川県横浜市西区みなとみらい8丁目9番8号,横浜市西区,神奈川県,2200034,2023-01-28
8197,村上三郎,村上三郎8197@icloud.com,090-4244-2973,千葉県千葉市中央区中央9丁目15番9号,千葉市中央区,千葉県,2600009,2024-10-13
8198,吉田剛,吉田剛8198@icloud.com,090-4675-4686,東京都新宿区新宿4丁目23番5号,新宿区,東京都,1600001,2023-08-21
8199,小林千佳,小林千佳8199@icloud.com,090-4601-2591,福岡県福岡市博多区博多駅前10丁目27番6号,福岡市博多区,福岡県,8120011,2024-08-11
8200,井上健太,井上健太8200@example.com,090-3286-3233,北海道札幌市中央区北1条西10丁目10番4号,札幌市中央区,北海道,0600014,2024-01-20
8201,鈴木香織,鈴木香織8201@yahoo.co.jp,090-4333-8898,北海道札幌市中央区北1条西6丁目29番6号,札幌市中央区,北海道,0600023,2023-07-01
8202,木村美咲,木村美咲8202@outlook.com,090-6393-4101,京都府京都市下京区四条通8丁目8番9号,京都市下京区,京都府,6000035,2023-02-02
8203,近藤亮,近藤亮8203@icloud.com,090-1444-8237,愛知県名古屋市西区名駅8丁目26番7号,名古屋市西区,愛知県,4510028,2024-12-16
8204,坂本美咲,坂本美咲8204@example.com,090-4539-6464,兵庫県神戸市灘区灘南通2丁目15番10号,神戸市灘区,兵庫県,6570030,2023-07-11
8205,坂本由美子,坂本由美子8205@icloud.com,090-4921-9930,兵庫県神戸市中央区三宮町1丁目11番9号,神戸市中央区,兵庫県,6500018,2024-03-11
8206,田中誠,田中誠8206@yahoo.co.jp,090-9879-3589,福岡県福岡市博多区博多駅前7丁目25番1号,福岡市博多区,福岡県,8120017,2023-10-08
8207,橋本大輔,橋本大輔8207@yahoo.co.jp,090-6968-2469,千葉県千葉市美浜区美浜2丁目20番10号,千葉市美浜区,千葉県,2610008,2023-05-19
8208,藤原由美子,藤原由美子8208@gmail.com,090-8243-9587,埼玉県さいたま市浦和区高砂6丁目1番2号,さいたま市浦和区,埼玉県,3300014,2024-11-17
8209,松本由美子,松本由美子8209@icloud.com,090-1957-1418,神奈川県横浜市中区本町4丁目27番7号,横浜市中区,神奈川県,2310019,2024-06-25
8210,木村雄一,木村雄一8210@outlook.com,090-6385-2544,大阪府大阪市中央区本町5丁目22番5号,大阪市中央区,大阪府,5410001,2024-01-04
8211,藤原一郎,藤原一郎8211@yahoo.co.jp,090-7534-9876,神奈川県横浜市中区本町5丁目14番9号,横浜市中区,神奈川県,2310012,2023-08-15
8212,吉田美穂,吉田美穂8212@gmail.com,090-3592-5942,福岡県福岡市中央区天神9丁目8番1号,福岡市中央区,福岡県,8100004,2024-05-24
8213,斎藤正,斎藤正8213@example.com,090-6685-4192,兵庫県神戸市灘区灘南通6丁目6番5号,神戸市灘区,兵庫県,6570006,2024-10-19
8214,佐藤慎一,佐藤慎一8214@example.com,090-3352-7546,北海道札幌市中央区北1条西2丁目9番7号,札幌市中央区,北海道,0600029,2023-05-18
8215,小林一郎,小林一郎8215@gmail.com,090-4928-3879,千葉県千葉市中央区中央8丁目4番9号,千葉市中央区,千葉県,2600003,2024-07-17
8216,山本美穂,山本美穂8216@gmail.com,090-5810-7332,千葉県千葉市美浜区美浜6丁目6番9号,千葉市美浜区,千葉県,2610033,2024-08-05
8217,伊藤健太,伊藤健太8217@icloud.com,090-6067-2292,神奈川県横浜市西区みなとみらい6丁目30番6号,横浜市西区,神奈川県,2200027,2023-05-14
8218,森田麻美,森田麻美8218@example.com,090-4409-4462,東京都渋谷区渋谷6丁目24番3号,渋谷区,東京都,1500014,2023-10-01
8219,橋本優子,橋本優子8219@gmail.com,090-8986-1751,兵庫県神戸市中央区三宮町2丁目8番5号,神戸市中央区,兵庫県,6500032,2024-08-28
8220,池田愛,池田愛8220@example.com,090-4689-3905,京都府京都市下京区四条通10丁目14番1号,京都市下京区,京都府,6000006,2023-09-11
8221,藤井智子,藤井智子8221@outlook.com,090-2701-8444,京都府京都市下京区四条通7丁目2番9号,京都市下京区,京都府,6000028,2024-02-16
8222,山田さくら,山田さくら8222@yahoo.co.jp,090-1959-8966,京都府京都市下京区四条通7丁目8番3号,京都市下京区,京都府,6000016,2023-07-16
8223,加藤優子,加藤優子8223@icloud.com,090-1159-3766,神奈川県横浜市西区みなとみらい1丁目24番2号,横浜市西区,神奈川県,2200038,2023-06-29
8224,石川大輔,石川大輔8224@outlook.com,090-1368-6022,東京都千代田区丸の内2丁目6番6号,千代田区,東京都,1000003,2023-09-20
8225,長谷川健太,長谷川健太8225@example.com,090-1091-6655,北海道札幌市北区北6条西4丁目4番6号,札幌市北区,北海道,0600037,2023-05-27
8226,近藤香織,近藤香織8226@yahoo.co.jp,090-7316-8003,大阪府大阪市北区梅田3丁目15番7号,大阪市北区,大阪府,5300018,2023-07-02
8227,山本達也,山本達也8227@icloud.com,090-9769-5414,東京都渋谷区渋谷6丁目25番7号,渋谷区,東京都,1500020,2024-10-23
8228,斎藤花子,斎藤花子8228@outlook.com,090-2468-6561,愛知県名古屋市西区名駅7丁目10番1号,名古屋市西区,愛知県,4510007,2024-05-08
8229,吉田直樹,吉田直樹8229@example.com,090-1980-8787,福岡県福岡市中央区天神1丁目23番4号,福岡市中央区,福岡県,8100015,2023-01-19
8230,橋本雄一,橋本雄一8230@yahoo.co.jp,090-1927-4754,神奈川県横浜市中区本町10丁目12番6号,横浜市中区,神奈川県,2310024,2024-05-30
8231,橋本拓也,橋本拓也8231@icloud.com,090-4027-3759,京都府京都市下京区四条通3丁目17番8号,京都市下京区,京都府,6000004,2023-11-04
8232,藤原健一,藤原健一8232@icloud.com,090-9972-1841,京都府京都市下京区四条通3丁目19番1号,京都市下京区,京都府,6000020,2023-01-28
8233,青木麻美,青木麻美8233@icloud.com,090-2096-3635,兵庫県神戸市中央区三宮町1丁目6番8号,神戸市中央区,兵庫県,6500006,2024-01-06
8234,林次郎,林次郎8234@outlook.com,090-1259-8677,京都府京都市下京区四条通3丁目27番9号,京都市下京区,京都府,6000036,2024-09-06
8235,渡辺さくら,渡辺さくら8235@gmail.com,090-8053-5284,神奈川県横浜市西区みなとみらい1丁目25番1号,横浜市西区,神奈川県,2200018,2024-02-11
8236,池田雄一,池田雄一8236@icloud.com,090-4394-1997,埼玉県さいたま市浦和区高砂10丁目7番8号,さいたま市浦和区,埼玉県,3300028,2024-06-03
8237,中村由美,中村由美8237@example.com,090-3922-9133,京都府京都市中京区烏丸通4丁目17番10号,京都市中京区,京都府,6040031,2023-02-03
8238,石川健一,石川健一8238@gmail.com,090-8234-3287,千葉県千葉市中央区中央4丁目12番7号,千葉市中央区,千葉県,2600005,2024-03-24
8239,池田麻美,池田麻美8239@gmail.com,090-4559-3203,北海道札幌市北区北6条西3丁目6番3号,札幌市北区,北海道,0600011,2023-12-26
8240,山本美穂,山本美穂8240@yahoo.co.jp,090-8915-7708,兵庫県神戸市灘区灘南通6丁目20番5号,神戸市灘区,兵庫県,6570038,2024-11-05
8241,渡辺麻美,渡辺麻美8241@outlook.com,090-7215-5826,北海道札幌市中央区北1条西8丁目19番5号,札幌市中央区,北海道,0600030,2023-02-28
8242,森田達也,森田達也8242@example.com,090-5715-5689,埼玉県さいたま市大宮区大宮5丁目16番9号,さいたま市大宮区,埼玉県,3300024,2024-06-04
8243,加藤大輔,加藤大輔8243@yahoo.co.jp,090-1935-2672,東京都千代田区丸の内1丁目5番9号,千代田区,東京都,1000012,2024-07-23
8244,斎藤正,斎藤正8244@outlook.com,090-3809-3560,大阪府大阪市中央区本町7丁目8番8号,大阪市中央区,大阪府,5410017,2023-08-15
8245,林慎一,林慎一8245@icloud.com,090-2697-9153,神奈川県横浜市中区本町6丁目15番7号,横浜市中区,神奈川県,2310018,2024-05-27
8246,遠藤拓也,遠藤拓也8246@yahoo.co.jp,090-1161-4074,東京都渋谷区渋谷10丁目22番10号,渋谷区,東京都,1500033,2023-05-13
8247,岡田和也,岡田和也8247@example.com,090-4607-4683,埼玉県さいたま市大宮区大宮3丁目24番8号,さいたま市大宮区,埼玉県,3300027,2024-02-19
8248,長谷川直樹,長谷川直樹8248@icloud.com,090-1276-9512,埼玉県さいたま市大宮区大宮5丁目24番6号,さいたま市大宮区,埼玉県,3300027,2024-03-15
8249,村上亮,村上亮8249@yahoo.co.jp,090-2776-6177,福岡県福岡市中央区天神8丁目2番3号,福岡市中央区,福岡県,8100003,2023-04-07
8250,木村亮,木村亮8250@icloud.com,090-5501-4077,千葉県千葉市美浜区美浜8丁目17番1号,千葉市美浜区,千葉県,2610022,2024-03-03
8251,佐藤優子,佐藤優子8251@outlook.com,090-5743-6005,埼玉県さいたま市浦和区高砂6丁目18番5号,さいたま市浦和区,埼玉県,3300031,2024-09-06
8252,松本真由美,松本真由美8252@gmail.com,090-4696-9712,大阪府大阪市北区梅田6丁目26番10号,大阪市北区,大阪府,5300002,2023-04-02
8253,後藤拓也,後藤拓也8253@example.com,090-8734-7444,千葉県千葉市美浜区美浜8丁目16番5号,千葉市美浜区,千葉県,2610028,2023-04-07
8254,林花子,林花子8254@example.com,090-3863-9348,北海道札幌市中央区北1条西10丁目28番6号,札幌市中央区,北海道,0600038,2024-11-09
8255,加藤大輔,加藤大輔8255@example.com,090-9705-2519,神奈川県横浜市西区みなとみらい7丁目30番2号,横浜市西区,神奈川県,2200005,2024-07-26
8256,長谷川美香,長谷川美香8256@icloud.com,090-3444-7051,京都府京都市下京区四条通8丁目5番8号,京都市下京区,京都府,6000009,2024-07-07
8257,青木麻衣,青木麻衣8257@outlook.com,090-8236-4089,兵庫県神戸市灘区灘南通10丁目22番2号,神戸市灘区,兵庫県,6570031,2023-07-06
8258,松本慎一,松本慎一8258@gmail.com,090-2169-8703,愛知県名古屋市西区名駅7丁目7番1号,名古屋市西区,愛知県,4510020,2023-03-27
8259,松本健一,松本健一8259@icloud.com,090-7642-9682,福岡県福岡市中央区天神2丁目19番6号,福岡市中央区,福岡県,8100036,2024-08-17
8260,松本次郎,松本次郎8260@example.com,090-9723-9350,福岡県福岡市博多区博多駅前4丁目10番1号,福岡市博多区,福岡県,8120020,2024-09-04
8261,坂本優子,坂本優子8261@icloud.com,090-3680-6866,北海道札幌市北区北6条西7丁目26番5号,札幌市北区,北海道,0600021,2024-11-07
8262,後藤麻衣,後藤麻衣8262@example.com,090-2794-6692,千葉県千葉市中央区中央7丁目19番4号,千葉市中央区,千葉県,2600007,2023-10-18
8263,渡辺亮,渡辺亮8263@gmail.com,090-8871-2704,大阪府大阪市北区梅田8丁目22番10号,大阪市北区,大阪府,5300015,2024-06-17
8264,加藤大輔,加藤大輔8264@outlook.com,090-4500-4708,埼玉県さいたま市浦和区高砂1丁目10番1号,さいたま市浦和区,埼玉県,3300027,2024-12-07
8265,佐藤慎一,佐藤慎一8265@gmail.com,090-1987-6993,福岡県福岡市中央区天神2丁目3番6号,福岡市中央区,福岡県,8100004,2024-11-19
8266,山田正,山田正8266@gmail.com,090-6046-6223,大阪府大阪市中央区本町2丁目5番2号,大阪市中央区,大阪府,5410009,2023-11-06
8267,田中美香,田中美香8267@example.com,090-7318-8800,埼玉県さいたま市大宮区大宮8丁目10番10号,さいたま市大宮区,埼玉県,3300024,2024-11-18
8268,田中香織,田中香織8268@gmail.com,090-7594-7034,大阪府大阪市中央区本町3丁目12番4号,大阪市中央区,大阪府,5410027,2024-07-18
8269,森田美香,森田美香8269@outlook.com,090-2904-6393,兵庫県神戸市中央区三宮町7丁目12番10号,神戸市中央区,兵庫県,6500004,2023-11-01
8270,村上智子,村上智子8270@yahoo.co.jp,090-5311-7670,東京都千代田区丸の内2丁目28番5号,千代田区,東京都,1000019,2023-07-09
8271,渡辺麻美,渡辺麻美8271@gmail.com,090-2467-1111,千葉県千葉市中央区中央2丁目22番10号,千葉市中央区,千葉県,2600024,2023-02-07
8272,田中美香,田中美香8272@gmail.com,090-1591-1000,神奈川県横浜市中区本町10丁目20番7号,横浜市中区,神奈川県,2310020,2023-07-16
8273,岡田翔太,岡田翔太8273@icloud.com,090-5995-6138,埼玉県さいたま市大宮区大宮7丁目23番10号,さいたま市大宮区,埼玉県,3300002,2023-09-26
8274,斎藤一郎,斎藤一郎8274@icloud.com,090-4603-3149,埼玉県さいたま市大宮区大宮1丁目10番10号,さいたま市大宮区,埼玉県,3300002,2024-01-25
8275,藤井拓也,藤井拓也8275@icloud.com,090-3778-8602,北海道札幌市中央区北1条西6丁目7番5号,札幌市中央区,北海道,0600030,2024-05-19
8276,小林由美子,小林由美子8276@gmail.com,090-6548-9880,埼玉県さいたま市浦和区高砂6丁目12番6号,さいたま市浦和区,埼玉県,3300021,2023-06-15
8277,村上直樹,村上直樹8277@icloud.com,090-8828-8617,埼玉県さいたま市浦和区高砂5丁目26番8号,さいたま市浦和区,埼玉県,3300015,2023-03-03
8278,佐藤誠,佐藤誠8278@outlook.com,090-9975-4792,福岡県福岡市博多区博多駅前3丁目16番9号,福岡市博多区,福岡県,8120009,2024-04-18
8279,藤井麻美,藤井麻美8279@example.com,090-6920-8100,北海道札幌市中央区北1条西6丁目25番8号,札幌市中央区,北海道,0600003,2023-12-10
8280,井上拓也,井上拓也8280@gmail.com,090-4061-2063,東京都千代田区丸の内4丁目4番8号,千代田区,東京都,1000011,2024-09-06
8281,加藤一郎,加藤一郎8281@gmail.com,090-3883-3975,千葉県千葉市中央区中央8丁目25番1号,千葉市中央区,千葉県,2600006,2024-03-06
8282,中村麻衣,中村麻衣8282@icloud.com,090-2584-1451,福岡県福岡市中央区天神3丁目28番2号,福岡市中央区,福岡県,8100030,2023-05-11
8283,鈴木三郎,鈴木三郎8283@icloud.com,090-1905-1122,東京都新宿区新宿7丁目15番3号,新宿区,東京都,1600017,2023-04-30
8284,池田一郎,池田一郎8284@outlook.com,090-2422-5406,福岡県福岡市中央区天神2丁目13番3号,福岡市中央区,福岡県,8100016,2024-10-18
8285,吉田美穂,吉田美穂8285@yahoo.co.jp,090-9290-6315,神奈川県横浜市中区本町4丁目8番2号,横浜市中区,神奈川県,2310019,2024-06-23
8286,林美咲,林美咲8286@outlook.com,090-5015-5555,兵庫県神戸市中央区三宮町2丁目24番7号,神戸市中央区,兵庫県,6500035,2023-10-21
8287,後藤剛,後藤剛8287@yahoo.co.jp,090-6740-6426,大阪府大阪市中央区本町9丁目22番7号,大阪市中央区,大阪府,5410003,2024-06-14
8288,田中さくら,田中さくら8288@icloud.com,090-8619-4240,愛知県名古屋市西区名駅5丁目23番6号,名古屋市西区,愛知県,4510002,2024-06-04
8289,近藤花子,近藤花子8289@outlook.com,090-9501-7106,神奈川県横浜市西区みなとみらい7丁目2番9号,横浜市西区,神奈川県,2200031,2023-05-03
8290,鈴木誠,鈴木誠8290@icloud.com,090-3013-6708,京都府京都市下京区四条通6丁目26番1号,京都市下京区,京都府,6000014,2023-05-24
8291,斎藤さくら,斎藤さくら8291@yahoo.co.jp,090-5803-4428,千葉県千葉市中央区中央6丁目2番4号,千葉市中央区,千葉県,2600040,2023-07-28
8292,橋本麻美,橋本麻美8292@icloud.com,090-1809-7200,東京都渋谷区渋谷2丁目6番7号,渋谷区,東京都,1500003,2023-06-10
8293,山田恵子,山田恵子8293@example.com,090-4423-7359,神奈川県横浜市西区みなとみらい8丁目23番6号,横浜市西区,神奈川県,2200022,2024-02-14
8294,高橋由美子,高橋由美子8294@example.com,090-7160-8694,愛知県名古屋市西区名駅1丁目14番7号,名古屋市西区,愛知県,4510006,2023-04-10
8295,長谷川智子,長谷川智子8295@yahoo.co.jp,090-2043-2406,北海道札幌市中央区北1条西3丁目29番5号,札幌市中央区,北海道,0600018,2024-05-09
8296,藤井愛,藤井愛8296@example.com,090-8548-5946,北海道札幌市中央区北1条西2丁目24番4号,札幌市中央区,北海道,0600014,2024-08-25
8297,山本花子,山本花子8297@example.com,090-8031-2277,京都府京都市下京区四条通5丁目22番2号,京都市下京区,京都府,6000041,2023-03-05
8298,伊藤雄一,伊藤雄一8298@outlook.com,090-5899-4466,埼玉県さいたま市大宮区大宮6丁目21番5号,さいたま市大宮区,埼玉県,3300040,2024-05-30
8299,村上由美子,村上由美子8299@icloud.com,090-7913-1947,東京都千代田区丸の内5丁目19番1号,千代田区,東京都,1000017,2024-07-02
8300,近藤美香,近藤美香8300@yahoo.co.jp,090-6231-2629,北海道札幌市中央区北1条西2丁目8番4号,札幌市中央区,北海道,0600036,2023-09-25
8301,佐藤健太,佐藤健太8301@yahoo.co.jp,090-4218-2430,北海道札幌市北区北6条西1丁目8番2号,札幌市北区,北海道,0600003,2023-01-01
8302,林三郎,林三郎8302@yahoo.co.jp,090-7901-6712,大阪府大阪市北区梅田5丁目25番7号,大阪市北区,大阪府,5300020,2024-01-12
8303,藤井香織,藤井香織8303@example.com,090-8013-3132,埼玉県さいたま市浦和区高砂4丁目15番8号,さいたま市浦和区,埼玉県,3300024,2024-12-11
8304,井上優子,井上優子8304@outlook.com,090-1298-8235,兵庫県神戸市灘区灘南通1丁目3番2号,神戸市灘区,兵庫県,6570006,2024-02-20
8305,藤井和也,藤井和也8305@example.com,090-8640-4275,大阪府大阪市北区梅田7丁目19番6号,大阪市北区,大阪府,5300005,2023-06-17
8306,松本美咲,松本美咲8306@gmail.com,090-4116-8416,兵庫県神戸市中央区三宮町10丁目16番8号,神戸市中央区,兵庫県,6500039,2024-04-16
8307,小林誠,小林誠8307@icloud.com,090-2320-9646,兵庫県神戸市中央区三宮町5丁目26番5号,神戸市中央区,兵庫県,6500003,2023-11-27
8308,伊藤恵子,伊藤恵子8308@gmail.com,090-9766-5455,東京都千代田区丸の内5丁目8番2号,千代田区,東京都,1000015,2023-05-10
8309,斎藤翔太,斎藤翔太8309@gmail.com,090-6296-3619,京都府京都市中京区烏丸通3丁目3番5号,京都市中京区,京都府,6040004,2024-06-01
8310,長谷川雄一,長谷川雄一8310@gmail.com,090-3604-9483,大阪府大阪市中央区本町3丁目14番1号,大阪市中央区,大阪府,5410011,2023-08-23
8311,森田美咲,森田美咲8311@icloud.com,090-7740-3582,京都府京都市中京区烏丸通5丁目22番8号,京都市中京区,京都府,6040028,2024-06-16
8312,岡田直樹,岡田直樹8312@gmail.com,090-8703-7175,愛知県名古屋市中区錦3丁目26番2号,名古屋市中区,愛知県,4600007,2024-06-23
8313,山本香織,山本香織8313@gmail.com,090-7412-4135,大阪府大阪市北区梅田5丁目19番3号,大阪市北区,大阪府,5300009,2023-07-30
8314,小林慎一,小林慎一8314@icloud.com,090-8189-4206,北海道札幌市中央区北1条西2丁目19番7号,札幌市中央区,北海道,0600001,2023-11-01
8315,渡辺達也,渡辺達也8315@example.com,090-6343-1908,東京都渋谷区渋谷6丁目12番10号,渋谷区,東京都,1500018,2023-12-23
8316,渡辺恵子,渡辺恵子8316@icloud.com,090-2094-1140,愛知県名古屋市中区錦9丁目13番10号,名古屋市中区,愛知県,4600003,2023-08-30
8317,橋本次郎,橋本次郎8317@gmail.com,090-3656-8049,愛知県名古屋市西区名駅5丁目1番4号,名古屋市西区,愛知県,4510013,2023-05-21
8318,藤原千佳,藤原千佳8318@outlook.com,090-7752-1623,千葉県千葉市中央区中央2丁目10番9号,千葉市中央区,千葉県,2600021,2023-03-15
8319,渡辺雄一,渡辺雄一8319@outlook.com,090-1059-3187,北海道札幌市北区北6条西9丁目4番4号,札幌市北区,北海道,0600022,2023-11-26
8320,中村次郎,中村次郎8320@yahoo.co.jp,090-3838-9799,埼玉県さいたま市大宮区大宮9丁目30番8号,さいたま市大宮区,埼玉県,3300018,2024-06-08
8321,遠藤亮,遠藤亮8321@outlook.com,090-5790-1160,千葉県千葉市美浜区美浜2丁目26番7号,千葉市美浜区,千葉県,2610011,2024-01-07
8322,井上直樹,井上直樹8322@gmail.com,090-2136-7942,神奈川県横浜市中区本町7丁目24番1号,横浜市中区,神奈川県,2310018,2023-11-04
8323,田中正,田中正8323@example.com,090-4100-6481,福岡県福岡市中央区天神4丁目24番10号,福岡市中央区,福岡県,8100041,2024-03-05
8324,橋本剛,橋本剛8324@gmail.com,090-8579-1357,京都府京都市下京区四条通1丁目4番10号,京都市下京区,京都府,6000041,2023-06-02
8325,青木智子,青木智子8325@yahoo.co.jp,090-5688-1913,埼玉県さいたま市浦和区高砂9丁目6番2号,さいたま市浦和区,埼玉県,3300010,2023-11-08
8326,鈴木大輔,鈴木大輔8326@yahoo.co.jp,090-7136-7225,京都府京都市中京区烏丸通2丁目18番3号,京都市中京区,京都府,6040033,2023-06-17
8327,坂本愛,坂本愛8327@outlook.com,090-8903-3852,神奈川県横浜市西区みなとみらい7丁目4番7号,横浜市西区,神奈川県,2200021,2024-02-01
8328,藤原美香,藤原美香8328@gmail.com,090-5022-6956,兵庫県神戸市灘区灘南通10丁目30番8号,神戸市灘区,兵庫県,6570024,2023-12-06
8329,木村剛,木村剛8329@example.com,090-5107-1898,千葉県千葉市美浜区美浜1丁目14番5号,千葉市美浜区,千葉県,2610019,2023-08-30
8330,加藤優子,加藤優子8330@gmail.com,090-1989-1443,神奈川県横浜市西区みなとみらい8丁目6番8号,横浜市西区,神奈川県,2200027,2023-05-23
8331,藤原慎一,藤原慎一8331@icloud.com,090-7353-6116,北海道札幌市北区北6条西5丁目29番2号,札幌市北区,北海道,0600002,2024-04-28
8332,藤原亮,藤原亮8332@example.com,090-9948-1976,大阪府大阪市中央区本町7丁目3番10号,大阪市中央区,大阪府,5410028,2024-05-18
8333,石川真由美,石川真由美8333@gmail.com,090-5063-2344,東京都渋谷区渋谷8丁目11番8号,渋谷区,東京都,1500038,2024-07-21
8334,鈴木拓也,鈴木拓也8334@example.com,090-2986-4061,京都府京都市中京区烏丸通8丁目12番10号,京都市中京区,京都府,6040035,2024-10-08
8335,前田由美子,前田由美子8335@outlook.com,090-3938-4084,東京都新宿区新宿7丁目6番1号,新宿区,東京都,1600001,2024-10-26
8336,渡辺愛,渡辺愛8336@yahoo.co.jp,090-8649-2648,東京都千代田区丸の内6丁目4番9号,千代田区,東京都,1000017,2024-09-11
8337,井上健一,井上健一8337@yahoo.co.jp,090-8711-3309,東京都千代田区丸の内1丁目16番2号,千代田区,東京都,1000011,2023-02-12
8338,小林三郎,小林三郎8338@icloud.com,090-9708-3031,京都府京都市中京区烏丸通10丁目22番6号,京都市中京区,京都府,6040037,2024-08-22
8339,岡田美穂,岡田美穂8339@outlook.com,090-9853-9696,北海道札幌市北区北6条西10丁目18番7号,札幌市北区,北海道,0600028,2024-09-01
8340,山田和也,山田和也8340@yahoo.co.jp,090-3171-6135,大阪府大阪市中央区本町8丁目2番1号,大阪市中央区,大阪府,5410033,2024-12-17
8341,鈴木大輔,鈴木大輔8341@example.com,090-3331-6062,大阪府大阪市北区梅田9丁目30番2号,大阪市北区,大阪府,5300002,2024-02-01
8342,岡田剛,岡田剛8342@example.com,090-5111-7771,埼玉県さいたま市浦和区高砂2丁目27番6号,さいたま市浦和区,埼玉県,3300002,2024-11-19
8343,佐藤拓也,佐藤拓也8343@yahoo.co.jp,090-3459-5645,東京都千代田区丸の内2丁目8番5号,千代田区,東京都,1000014,2024-10-23
8344,前田愛,前田愛8344@example.com,090-8079-3463,東京都新宿区新宿9丁目26番3号,新宿区,東京都,1600007,2023-06-24
8345,近藤美穂,近藤美穂8345@outlook.com,090-5226-9344,兵庫県神戸市中央区三宮町6丁目15番1号,神戸市中央区,兵庫県,6500039,2024-01-31
8346,橋本美香,橋本美香8346@gmail.com,090-2376-2859,神奈川県横浜市中区本町2丁目19番4号,横浜市中区,神奈川県,2310008,2024-12-15
8347,遠藤健一,遠藤健一8347@yahoo.co.jp,090-5208-5100,福岡県福岡市中央区天神7丁目24番8号,福岡市中央区,福岡県,8100031,2024-12-03
8348,伊藤拓也,伊藤拓也8348@outlook.com,090-6790-8864,愛知県名古屋市西区名駅5丁目28番9号,名古屋市西区,愛知県,4510029,2024-03-05
8349,山本誠,山本誠8349@icloud.com,090-2953-1819,神奈川県横浜市西区みなとみらい8丁目19番3号,横浜市西区,神奈川県,2200041,2024-09-11
8350,橋本直樹,橋本直樹8350@gmail.com,090-1399-6150,神奈川県横浜市中区本町10丁目3番2号,横浜市中区,神奈川県,2310041,2024-08-16
8351,井上正,井上正8351@gmail.com,090-3849-7553,千葉県千葉市中央区中央10丁目12番3号,千葉市中央区,千葉県,2600040,2024-11-07
8352,伊藤愛,伊藤愛8352@yahoo.co.jp,090-1805-5771,東京都渋谷区渋谷4丁目10番10号,渋谷区,東京都,1500031,2023-05-06
8353,森田優子,森田優子8353@gmail.com,090-6418-7039,東京都渋谷区渋谷10丁目26番7号,渋谷区,東京都,1500040,2024-12-28
8354,近藤由美,近藤由美8354@icloud.com,090-3010-7492,東京都渋谷区渋谷10丁目11番7号,渋谷区,東京都,1500024,2024-07-28
8355,岡田剛,岡田剛8355@yahoo.co.jp,090-2911-3389,千葉県千葉市中央区中央1丁目30番10号,千葉市中央区,千葉県,2600002,2023-04-01
8356,藤原健太,藤原健太8356@icloud.com,090-3849-1372,千葉県千葉市中央区中央6丁目19番3号,千葉市中央区,千葉県,2600017,2024-11-20
8357,山本誠,山本誠8357@gmail.com,090-4168-4798,兵庫県神戸市灘区灘南通10丁目15番7号,神戸市灘区,兵庫県,6570017,2023-08-03
8358,石川由美子,石川由美子8358@gmail.com,090-7742-1099,大阪府大阪市北区梅田3丁目19番8号,大阪市北区,大阪府,5300019,2024-05-10
8359,加藤真由美,加藤真由美8359@yahoo.co.jp,090-3482-5825,兵庫県神戸市中央区三宮町5丁目1番8号,神戸市中央区,兵庫県,6500034,2024-11-21
8360,加藤恵子,加藤恵子8360@yahoo.co.jp,090-8294-6923,福岡県福岡市中央区天神4丁目4番3号,福岡市中央区,福岡県,8100027,2023-10-12
8361,近藤大輔,近藤大輔8361@icloud.com,090-7115-9611,大阪府大阪市北区梅田1丁目22番10号,大阪市北区,大阪府,5300012,2023-12-30
8362,橋本恵子,橋本恵子8362@gmail.com,090-3921-6510,埼玉県さいたま市大宮区大宮6丁目13番4号,さいたま市大宮区,埼玉県,3300011,2023-07-09
8363,林翔太,林翔太8363@outlook.com,090-2829-2588,福岡県福岡市博多区博多駅前7丁目5番2号,福岡市博多区,福岡県,8120018,2024-12-12
8364,吉田花子,吉田花子8364@outlook.com,090-5013-7339,千葉県千葉市中央区中央7丁目13番1号,千葉市中央区,千葉県,2600039,2023-02-01
8365,森田由美子,森田由美子8365@outlook.com,090-5059-3209,京都府京都市下京区四条通3丁目20番3号,京都市下京区,京都府,6000017,2023-05-21
8366,岡田健太,岡田健太8366@outlook.com,090-6389-2149,東京都渋谷区渋谷7丁目27番4号,渋谷区,東京都,1500023,2023-07-14
8367,鈴木誠,鈴木誠8367@gmail.com,090-2706-4334,神奈川県横浜市中区本町10丁目26番2号,横浜市中区,神奈川県,2310011,2023-03-12
8368,佐藤雄一,佐藤雄一8368@icloud.com,090-7598-6686,愛知県名古屋市中区錦8丁目28番6号,名古屋市中区,愛知県,4600006,2024-09-25
8369,岡田由美,岡田由美8369@icloud.com,090-5890-4048,千葉県千葉市中央区中央4丁目26番8号,千葉市中央区,千葉県,2600015,2024-01-12
8370,青木健一,青木健一8370@example.com,090-9585-1207,東京都新宿区新宿10丁目16番6号,新宿区,東京都,1600003,2023-02-17
8371,池田三郎,池田三郎8371@example.com,090-3756-3754,愛知県名古屋市西区名駅5丁目7番1号,名古屋市西区,愛知県,4510025,2024-08-15
8372,加藤正,加藤正8372@icloud.com,090-6563-8884,東京都千代田区丸の内2丁目23番5号,千代田区,東京都,1000010,2024-06-28
8373,木村正,木村正8373@example.com,090-9480-1641,福岡県福岡市中央区天神3丁目26番4号,福岡市中央区,福岡県,8100025,2023-02-11
8374,森田美穂,森田美穂8374@outlook.com,090-8849-4525,東京都千代田区丸の内6丁目2番9号,千代田区,東京都,1000001,2024-07-18
8375,井上美香,井上美香8375@icloud.com,090-5133-3123,東京都渋谷区渋谷10丁目19番2号,渋谷区,東京都,1500021,2024-06-15
8376,橋本直樹,橋本直樹8376@gmail.com,090-2286-9519,埼玉県さいたま市浦和区高砂8丁目22番10号,さいたま市浦和区,埼玉県,3300009,2023-11-13
8377,山田誠,山田誠8377@yahoo.co.jp,090-9376-3814,京都府京都市中京区烏丸通4丁目6番9号,京都市中京区,京都府,6040029,2024-01-07
8378,吉田美咲,吉田美咲8378@icloud.com,090-3076-1492,兵庫県神戸市中央区三宮町1丁目17番5号,神戸市中央区,兵庫県,6500002,2023-07-17
8379,斎藤千佳,斎藤千佳8379@yahoo.co.jp,090-2076-9875,埼玉県さいたま市浦和区高砂7丁目26番4号,さいたま市浦和区,埼玉県,3300031,2024-04-29
8380,高橋健一,高橋健一8380@outlook.com,090-3824-3504,千葉県千葉市中央区中央3丁目2番2号,千葉市中央区,千葉県,2600018,2024-03-30
8381,井上美穂,井上美穂8381@example.com,090-9252-8314,東京都千代田区丸の内1丁目6番8号,千代田区,東京都,1000008,2023-08-29
8382,長谷川雄一,長谷川雄一8382@icloud.com,090-1648-1756,千葉県千葉市美浜区美浜9丁目5番8号,千葉市美浜区,千葉県,2610017,2023-04-11
8383,吉田亮,吉田亮8383@gmail.com,090-6756-4524,千葉県千葉市美浜区美浜5丁目17番8号,千葉市美浜区,千葉県,2610036,2024-05-14
8384,藤原優子,藤原優子8384@icloud.com,090-6826-3574,兵庫県神戸市中央区三宮町2丁目12番2号,神戸市中央区,兵庫県,6500035,2024-05-15
8385,加藤亮,加藤亮8385@example.com,090-3852-5905,東京都渋谷区渋谷2丁目17番2号,渋谷区,東京都,1500035,2024-01-29
8386,林拓也,林拓也8386@example.com,090-4279-1919,京都府京都市中京区烏丸通5丁目22番10号,京都市中京区,京都府,6040031,2023-06-12
8387,山本太郎,山本太郎8387@yahoo.co.jp,090-8323-2782,兵庫県神戸市中央区三宮町3丁目21番6号,神戸市中央区,兵庫県,6500038,2024-07-01
8388,伊藤誠,伊藤誠8388@example.com,090-9038-1173,神奈川県横浜市中区本町3丁目20番7号,横浜市中区,神奈川県,2310036,2023-01-18
8389,池田正,池田正8389@icloud.com,090-9574-5381,兵庫県神戸市灘区灘南通3丁目7番1号,神戸市灘区,兵庫県,6570013,2024-06-05
8390,坂本千佳,坂本千佳8390@example.com,090-6628-9173,東京都渋谷区渋谷8丁目22番9号,渋谷区,東京都,1500003,2024-01-23
8391,岡田翔太,岡田翔太8391@icloud.com,090-2976-8966,東京都渋谷区渋谷6丁目3番1号,渋谷区,東京都,1500026,2023-11-13
8392,岡田愛,岡田愛8392@icloud.com,090-5484-2508,京都府京都市中京区烏丸通7丁目3番9号,京都市中京区,京都府,6040002,2023-06-04
8393,林健一,林健一8393@gmail.com,090-4539-7319,福岡県福岡市中央区天神8丁目24番5号,福岡市中央区,福岡県,8100023,2023-04-15
8394,村上恵子,村上恵子8394@outlook.com,090-7566-3122,神奈川県横浜市中区本町6丁目23番4号,横浜市中区,神奈川県,2310034,2024-04-17
8395,木村愛,木村愛8395@outlook.com,090-5920-4596,大阪府大阪市中央区本町6丁目24番8号,大阪市中央区,大阪府,5410018,2023-11-07
8396,井上次郎,井上次郎8396@icloud.com,090-5240-8908,東京都千代田区丸の内6丁目11番10号,千代田区,東京都,1000002,2024-01-14
8397,加藤香織,加藤香織8397@example.com,090-6766-4130,大阪府大阪市中央区本町5丁目22番4号,大阪市中央区,大阪府,5410029,2023-09-16
8398,加藤太郎,加藤太郎8398@icloud.com,090-7330-6944,東京都渋谷区渋谷1丁目9番9号,渋谷区,東京都,1500003,2024-04-06
8399,佐藤由美,佐藤由美8399@outlook.com,090-3864-9228,東京都渋谷区渋谷7丁目11番4号,渋谷区,東京都,1500039,2024-08-30
8400,渡辺香織,渡辺香織8400@yahoo.co.jp,090-7220-3279,埼玉県さいたま市大宮区大宮1丁目24番1号,さいたま市大宮区,埼玉県,3300039,2024-08-31
8401,中村美咲,中村美咲8401@icloud.com,090-3378-4185,大阪府大阪市中央区本町9丁目3番4号,大阪市中央区,大阪府,5410021,2023-06-08
8402,渡辺智子,渡辺智子8402@gmail.com,090-4039-1854,愛知県名古屋市西区名駅4丁目10番8号,名古屋市西区,愛知県,4510025,2024-01-21
8403,吉田麻衣,吉田麻衣8403@yahoo.co.jp,090-1297-7068,兵庫県神戸市中央区三宮町8丁目6番2号,神戸市中央区,兵庫県,6500025,2023-07-03
8404,渡辺達也,渡辺達也8404@icloud.com,090-8455-8746,東京都渋谷区渋谷8丁目26番8号,渋谷区,東京都,1500035,2023-06-02
8405,小林拓也,小林拓也8405@gmail.com,090-6652-3380,愛知県名古屋市中区錦7丁目27番5号,名古屋市中区,愛知県,4600004,2023-11-23
8406,斎藤直樹,斎藤直樹8406@example.com,090-9224-8539,東京都千代田区丸の内6丁目14番6号,千代田区,東京都,1000006,2024-03-08
8407,坂本優子,坂本優子8407@example.com,090-7201-8199,愛知県名古屋市中区錦7丁目17番3号,名古屋市中区,愛知県,4600007,2024-04-23
8408,加藤慎一,加藤慎一8408@outlook.com,090-9659-9702,兵庫県神戸市灘区灘南通7丁目28番7号,神戸市灘区,兵庫県,6570024,2024-09-22
8409,山本次郎,山本次郎8409@gmail.com,090-4492-8517,東京都千代田区丸の内4丁目21番4号,千代田区,東京都,1000012,2024-03-23
8410,木村由美子,木村由美子8410@yahoo.co.jp,090-4030-5155,千葉県千葉市美浜区美浜2丁目24番5号,千葉市美浜区,千葉県,2610027,2024-11-05
8411,藤井香織,藤井香織8411@example.com,090-1591-8459,埼玉県さいたま市大宮区大宮9丁目19番1号,さいたま市大宮区,埼玉県,3300012,2024-08-17
8412,斎藤直樹,斎藤直樹8412@outlook.com,090-4322-5579,埼玉県さいたま市浦和区高砂7丁目7番10号,さいたま市浦和区,埼玉県,3300027,2024-02-02
8413,中村花子,中村花子8413@icloud.com,090-9869-7108,神奈川県横浜市中区本町10丁目29番5号,横浜市中区,神奈川県,2310010,2023-10-30
8414,森田慎一,森田慎一8414@gmail.com,090-6782-2613,東京都千代田区丸の内1丁目29番10号,千代田区,東京都,1000002,2023-06-12
8415,池田麻美,池田麻美8415@gmail.com,090-1562-2391,埼玉県さいたま市大宮区大宮9丁目21番3号,さいたま市大宮区,埼玉県,3300022,2023-05-05
8416,長谷川花子,長谷川花子8416@gmail.com,090-8644-5867,愛知県名古屋市中区錦9丁目25番2号,名古屋市中区,愛知県,4600005,2023-11-02
8417,林香織,林香織8417@yahoo.co.jp,090-8216-5027,北海道札幌市中央区北1条西6丁目12番7号,札幌市中央区,北海道,0600009,2024-06-30
8418,井上美穂,井上美穂8418@yahoo.co.jp,090-9635-9449,愛知県名古屋市中区錦7丁目27番10号,名古屋市中区,愛知県,4600006,2024-06-09
8419,佐藤真由美,佐藤真由美8419@yahoo.co.jp,090-1677-8526,愛知県名古屋市中区錦4丁目2番6号,名古屋市中区,愛知県,4600003,2024-10-28
8420,木村優子,木村優子8420@outlook.com,090-2346-2799,北海道札幌市中央区北1条西10丁目2番7号,札幌市中央区,北海道,0600019,2023-10-12
8421,松本由美子,松本由美子8421@example.com,090-7522-9207,大阪府大阪市北区梅田8丁目16番6号,大阪市北区,大阪府,5300020,2024-01-15
8422,佐藤さくら,佐藤さくら8422@icloud.com,090-9655-7306,愛知県名古屋市西区名駅3丁目29番8号,名古屋市西区,愛知県,4510015,2023-05-07
8423,吉田和也,吉田和也8423@outlook.com,090-9933-6537,大阪府大阪市中央区本町8丁目26番3号,大阪市中央区,大阪府,5410024,2023-12-11
8424,藤原次郎,藤原次郎8424@outlook.com,090-2085-1973,埼玉県さいたま市浦和区高砂1丁目25番6号,さいたま市浦和区,埼玉県,3300038,2023-07-13
8425,斎藤美穂,斎藤美穂8425@gmail.com,090-4200-8827,千葉県千葉市中央区中央3丁目14番7号,千葉市中央区,千葉県,2600036,2023-01-04
8426,青木美咲,青木美咲8426@gmail.com,090-7942-8500,京都府京都市中京区烏丸通1丁目16番5号,京都市中京区,京都府,6040022,2023-02-23
8427,松本愛,松本愛8427@outlook.com,090-8333-1222,京都府京都市中京区烏丸通5丁目9番9号,京都市中京区,京都府,6040009,2024-06-02
8428,加藤千佳,加藤千佳8428@icloud.com,090-3185-2730,福岡県福岡市中央区天神1丁目1番9号,福岡市中央区,福岡県,8100021,2023-03-30
8429,佐藤健太,佐藤健太8429@outlook.com,090-8399-5318,大阪府大阪市北区梅田10丁目1番10号,大阪市北区,大阪府,5300005,2024-05-27
8430,佐藤三郎,佐藤三郎8430@yahoo.co.jp,090-9306-8946,神奈川県横浜市西区みなとみらい4丁目10番6号,横浜市西区,神奈川県,2200016,2024-08-28
8431,池田翔太,池田翔太8431@gmail.com,090-9739-8220,京都府京都市中京区烏丸通7丁目14番5号,京都市中京区,京都府,6040023,2023-02-27
8432,加藤慎一,加藤慎一8432@yahoo.co.jp,090-1059-3028,神奈川県横浜市西区みなとみらい7丁目7番10号,横浜市西区,神奈川県,2200011,2024-05-02
8433,高橋優子,高橋優子8433@yahoo.co.jp,090-2742-6244,大阪府大阪市北区梅田6丁目10番6号,大阪市北区,大阪府,5300002,2023-02-17
8434,加藤優子,加藤優子8434@example.com,090-2274-2700,東京都千代田区丸の内7丁目25番8号,千代田区,東京都,1000008,2023-07-14
8435,加藤優子,加藤優子8435@gmail.com,090-8956-9820,大阪府大阪市中央区本町1丁目12番6号,大阪市中央区,大阪府,5410003,2023-03-06
8436,山本一郎,山本一郎8436@icloud.com,090-8980-6864,東京都新宿区新宿6丁目27番9号,新宿区,東京都,1600007,2023-08-31
8437,小林麻衣,小林麻衣8437@outlook.com,090-7990-8088,神奈川県横浜市中区本町7丁目20番8号,横浜市中区,神奈川県,2310008,2023-02-13
8438,鈴木一郎,鈴木一郎8438@example.com,090-3567-9274,愛知県名古屋市中区錦2丁目28番2号,名古屋市中区,愛知県,4600006,2024-07-04
8439,中村千佳,中村千佳8439@outlook.com,090-3128-6864,神奈川県横浜市西区みなとみらい10丁目7番1号,横浜市西区,神奈川県,2200004,2024-02-29
8440,前田麻美,前田麻美8440@outlook.com,090-5652-9123,東京都新宿区新宿3丁目8番8号,新宿区,東京都,1600001,2023-07-08
8441,遠藤剛,遠藤剛8441@example.com,090-2399-7574,埼玉県さいたま市大宮区大宮2丁目5番3号,さいたま市大宮区,埼玉県,3300022,2023-11-15
8442,後藤花子,後藤花子8442@example.com,090-2027-1314,福岡県福岡市博多区博多駅前9丁目29番9号,福岡市博多区,福岡県,8120012,2024-01-31
8443,藤原三郎,藤原三郎8443@icloud.com,090-1057-4714,北海道札幌市北区北6条西4丁目23番10号,札幌市北区,北海道,0600008,2024-09-02
8444,長谷川拓也,長谷川拓也8444@outlook.com,090-7251-3432,大阪府大阪市北区梅田10丁目12番9号,大阪市北区,大阪府,5300011,2023-04-13
8445,村上健一,村上健一8445@outlook.com,090-1361-3548,愛知県名古屋市西区名駅6丁目11番3号,名古屋市西区,愛知県,4510026,2024-03-15
8446,青木麻衣,青木麻衣8446@yahoo.co.jp,090-6906-5498,福岡県福岡市中央区天神3丁目20番9号,福岡市中央区,福岡県,8100040,2023-08-05
8447,長谷川一郎,長谷川一郎8447@yahoo.co.jp,090-4635-3269,兵庫県神戸市灘区灘南通7丁目8番2号,神戸市灘区,兵庫県,6570026,2023-10-11
8448,前田健一,前田健一8448@example.com,090-2939-6401,埼玉県さいたま市浦和区高砂7丁目23番2号,さいたま市浦和区,埼玉県,3300023,2023-01-13
8449,石川和也,石川和也8449@yahoo.co.jp,090-1540-2705,埼玉県さいたま市浦和区高砂6丁目20番7号,さいたま市浦和区,埼玉県,3300033,2023-06-25
8450,村上太郎,村上太郎8450@example.com,090-2096-4135,北海道札幌市中央区北1条西8丁目22番8号,札幌市中央区,北海道,0600029,2024-07-06
8451,岡田健太,岡田健太8451@gmail.com,090-1655-7138,埼玉県さいたま市浦和区高砂1丁目29番10号,さいたま市浦和区,埼玉県,3300012,2024-12-15
8452,佐藤恵子,佐藤恵子8452@example.com,090-7111-4260,愛知県名古屋市西区名駅4丁目10番3号,名古屋市西区,愛知県,4510019,2023-04-01
8453,遠藤智子,遠藤智子8453@outlook.com,090-9113-6984,北海道札幌市中央区北1条西5丁目25番8号,札幌市中央区,北海道,0600019,2023-03-23
8454,藤井美穂,藤井美穂8454@example.com,090-5856-4727,東京都千代田区丸の内8丁目13番10号,千代田区,東京都,1000008,2023-01-19
8455,青木正,青木正8455@example.com,090-3807-2524,千葉県千葉市美浜区美浜8丁目26番7号,千葉市美浜区,千葉県,2610015,2023-05-01
8456,田中美穂,田中美穂8456@outlook.com,090-4618-5394,兵庫県神戸市灘区灘南通1丁目29番3号,神戸市灘区,兵庫県,6570020,2023-11-28
8457,井上慎一,井上慎一8457@example.com,090-7821-9859,愛知県名古屋市西区名駅5丁目10番10号,名古屋市西区,愛知県,4510017,2024-12-29
8458,藤井大輔,藤井大輔8458@example.com,090-7456-9198,大阪府大阪市中央区本町4丁目29番1号,大阪市中央区,大阪府,5410022,2024-11-01
8459,渡辺誠,渡辺誠8459@yahoo.co.jp,090-9853-9175,兵庫県神戸市中央区三宮町2丁目6番1号,神戸市中央区,兵庫県,6500019,2023-10-18
8460,林美咲,林美咲8460@gmail.com,090-1592-9044,東京都新宿区新宿6丁目18番7号,新宿区,東京都,1600006,2024-10-12
8461,斎藤翔太,斎藤翔太8461@example.com,090-3310-3146,京都府京都市中京区烏丸通4丁目17番8号,京都市中京区,京都府,6040008,2023-08-16
8462,松本優子,松本優子8462@icloud.com,090-9604-1277,大阪府大阪市中央区本町3丁目12番8号,大阪市中央区,大阪府,5410005,2024-08-09
8463,長谷川香織,長谷川香織8463@outlook.com,090-8262-2865,千葉県千葉市美浜区美浜8丁目18番6号,千葉市美浜区,千葉県,2610021,2023-02-02
8464,井上美穂,井上美穂8464@yahoo.co.jp,090-9742-6962,東京都渋谷区渋谷9丁目14番2号,渋谷区,東京都,1500039,2024-01-17
8465,藤原誠,藤原誠8465@icloud.com,090-2003-5779,埼玉県さいたま市大宮区大宮1丁目18番1号,さいたま市大宮区,埼玉県,3300001,2023-12-16
8466,近藤直樹,近藤直樹8466@gmail.com,090-3300-9082,埼玉県さいたま市浦和区高砂8丁目7番8号,さいたま市浦和区,埼玉県,3300004,2024-11-17
8467,遠藤恵子,遠藤恵子8467@example.com,090-3253-8492,東京都新宿区新宿9丁目10番5号,新宿区,東京都,1600006,2023-10-30
8468,中村真由美,中村真由美8468@icloud.com,090-3236-5702,愛知県名古屋市中区錦2丁目15番4号,名古屋市中区,愛知県,4600002,2023-03-05
8469,斎藤大輔,斎藤大輔8469@outlook.com,090-9608-7106,千葉県千葉市中央区中央8丁目28番1号,千葉市中央区,千葉県,2600007,2024-06-15
8470,遠藤愛,遠藤愛8470@outlook.com,090-5726-4891,埼玉県さいたま市大宮区大宮2丁目23番2号,さいたま市大宮区,埼玉県,3300029,2024-09-14
8471,渡辺優子,渡辺優子8471@gmail.com,090-4726-8603,京都府京都市中京区烏丸通4丁目8番2号,京都市中京区,京都府,6040040,2023-07-18
8472,山田亮,山田亮8472@example.com,090-3400-3715,北海道札幌市北区北6条西2丁目5番6号,札幌市北区,北海道,0600039,2024-08-08
8473,藤井誠,藤井誠8473@gmail.com,090-9538-1989,兵庫県神戸市中央区三宮町4丁目26番3号,神戸市中央区,兵庫県,6500008,2024-01-23
8474,木村由美,木村由美8474@yahoo.co.jp,090-1659-7246,京都府京都市下京区四条通4丁目5番3号,京都市下京区,京都府,6000002,2023-12-03
8475,高橋麻衣,高橋麻衣8475@outlook.com,090-7542-7234,兵庫県神戸市灘区灘南通10丁目2番6号,神戸市灘区,兵庫県,6570008,2023-09-02
8476,近藤由美,近藤由美8476@gmail.com,090-4561-4498,東京都新宿区新宿2丁目27番10号,新宿区,東京都,1600015,2024-05-22
8477,石川智子,石川智子8477@icloud.com,090-1443-7653,東京都渋谷区渋谷5丁目20番9号,渋谷区,東京都,1500036,2024-09-17
8478,森田さくら,森田さくら8478@example.com,090-8204-8455,北海道札幌市北区北6条西10丁目25番3号,札幌市北区,北海道,0600026,2024-07-25
8479,渡辺和也,渡辺和也8479@example.com,090-1639-7238,北海道札幌市中央区北1条西1丁目9番8号,札幌市中央区,北海道,0600003,2024-04-17
8480,林慎一,林慎一8480@example.com,090-3198-4237,神奈川県横浜市中区本町2丁目11番9号,横浜市中区,神奈川県,2310021,2024-03-07
8481,藤井真由美,藤井真由美8481@example.com,090-5274-2937,北海道札幌市中央区北1条西1丁目20番2号,札幌市中央区,北海道,0600013,2024-12-19
8482,後藤慎一,後藤慎一8482@yahoo.co.jp,090-6489-4072,愛知県名古屋市西区名駅4丁目29番10号,名古屋市西区,愛知県,4510012,2023-01-19
8483,山本美香,山本美香8483@example.com,090-4783-4841,兵庫県神戸市中央区三宮町9丁目7番9号,神戸市中央区,兵庫県,6500020,2023-06-27
8484,石川美咲,石川美咲8484@gmail.com,090-5897-5006,愛知県名古屋市中区錦7丁目5番8号,名古屋市中区,愛知県,4600001,2024-06-08
8485,加藤雄一,加藤雄一8485@yahoo.co.jp,090-2088-6880,大阪府大阪市北区梅田9丁目23番8号,大阪市北区,大阪府,5300016,2023-12-29
8486,長谷川花子,長谷川花子8486@yahoo.co.jp,090-6882-9386,大阪府大阪市中央区本町5丁目23番2号,大阪市中央区,大阪府,5410026,2024-07-18
8487,石川大輔,石川大輔8487@yahoo.co.jp,090-1636-6083,埼玉県さいたま市大宮区大宮8丁目3番3号,さいたま市大宮区,埼玉県,3300007,2024-05-21
8488,山本次郎,山本次郎8488@icloud.com,090-8944-1507,大阪府大阪市北区梅田9丁目14番9号,大阪市北区,大阪府,5300005,2023-06-29
8489,林由美子,林由美子8489@icloud.com,090-8786-1405,神奈川県横浜市中区本町6丁目7番9号,横浜市中区,神奈川県,2310016,2023-03-16
8490,坂本恵子,坂本恵子8490@gmail.com,090-7471-8276,北海道札幌市北区北6条西2丁目29番10号,札幌市北区,北海道,0600014,2024-11-26
8491,斎藤次郎,斎藤次郎8491@outlook.com,090-1586-7796,京都府京都市中京区烏丸通8丁目7番4号,京都市中京区,京都府,6040018,2023-01-28
8492,村上麻衣,村上麻衣8492@yahoo.co.jp,090-3417-8599,東京都千代田区丸の内9丁目20番1号,千代田区,東京都,1000014,2024-03-09
8493,藤井美香,藤井美香8493@icloud.com,090-8029-7276,千葉県千葉市中央区中央10丁目27番2号,千葉市中央区,千葉県,2600039,2023-11-11
8494,前田達也,前田達也8494@example.com,090-7476-8492,東京都新宿区新宿3丁目11番6号,新宿区,東京都,1600018,2024-04-19
8495,青木慎一,青木慎一8495@outlook.com,090-3552-2497,愛知県名古屋市西区名駅7丁目25番8号,名古屋市西区,愛知県,4510027,2024-07-12
8496,鈴木三郎,鈴木三郎8496@icloud.com,090-6421-3079,千葉県千葉市美浜区美浜7丁目22番5号,千葉市美浜区,千葉県,2610002,2024-02-25
8497,近藤真由美,近藤真由美8497@yahoo.co.jp,090-9888-3659,神奈川県横浜市西区みなとみらい1丁目15番5号,横浜市西区,神奈川県,2200013,2024-04-23
8498,近藤優子,近藤優子8498@example.com,090-6953-9154,福岡県福岡市博多区博多駅前3丁目30番6号,福岡市博多区,福岡県,8120002,2024-03-22
8499,中村大輔,中村大輔8499@outlook.com,090-7032-6955,愛知県名古屋市中区錦8丁目1番9号,名古屋市中区,愛知県,4600004,2023-03-18
8500,遠藤真由美,遠藤真由美8500@yahoo.co.jp,090-2788-7882,福岡県福岡市中央区天神5丁目24番3号,福岡市中央区,福岡県,8100029,2024-02-18
8501,渡辺次郎,渡辺次郎8501@gmail.com,090-7977-9954,北海道札幌市北区北6条西1丁目17番7号,札幌市北区,北海道,0600028,2024-05-03
8502,斎藤正,斎藤正8502@icloud.com,090-3822-3798,大阪府大阪市中央区本町5丁目25番4号,大阪市中央区,大阪府,5410019,2024-11-30
8503,村上真由美,村上真由美8503@icloud.com,090-1017-8657,神奈川県横浜市西区みなとみらい1丁目24番2号,横浜市西区,神奈川県,2200039,2024-04-08
8504,藤井三郎,藤井三郎8504@outlook.com,090-3550-4806,神奈川県横浜市西区みなとみらい1丁目10番5号,横浜市西区,神奈川県,2200008,2024-02-24
8505,高橋三郎,高橋三郎8505@yahoo.co.jp,090-9277-3536,神奈川県横浜市中区本町3丁目5番1号,横浜市中区,神奈川県,2310039,2024-06-14
8506,田中大輔,田中大輔8506@example.com,090-5220-1866,東京都新宿区新宿3丁目17番7号,新宿区,東京都,1600013,2023-08-11
8507,橋本麻衣,橋本麻衣8507@outlook.com,090-1517-5469,千葉県千葉市中央区中央2丁目12番10号,千葉市中央区,千葉県,2600022,2024-10-01
8508,佐藤和也,佐藤和也8508@gmail.com,090-1870-2730,京都府京都市下京区四条通6丁目1番3号,京都市下京区,京都府,6000018,2024-09-29
8509,後藤麻衣,後藤麻衣8509@gmail.com,090-2403-8902,福岡県福岡市中央区天神2丁目1番4号,福岡市中央区,福岡県,8100021,2023-01-24
8510,加藤雄一,加藤雄一8510@gmail.com,090-3527-6818,北海道札幌市中央区北1条西10丁目8番1号,札幌市中央区,北海道,0600029,2023-01-19
8511,石川智子,石川智子8511@outlook.com,090-1862-3115,京都府京都市中京区烏丸通9丁目17番2号,京都市中京区,京都府,6040018,2024-08-12
8512,山田美香,山田美香8512@example.com,090-8977-5010,神奈川県横浜市中区本町7丁目18番8号,横浜市中区,神奈川県,2310026,2023-04-21
8513,山本一郎,山本一郎8513@outlook.com,090-7289-6345,兵庫県神戸市灘区灘南通3丁目2番5号,神戸市灘区,兵庫県,6570040,2023-11-15
8514,石川由美子,石川由美子8514@gmail.com,090-9060-3763,北海道札幌市北区北6条西2丁目12番1号,札幌市北区,北海道,0600040,2024-03-22
8515,山本剛,山本剛8515@outlook.com,090-6933-6051,東京都新宿区新宿1丁目15番9号,新宿区,東京都,1600014,2023-11-26
8516,林麻美,林麻美8516@outlook.com,090-8641-2318,大阪府大阪市北区梅田2丁目4番5号,大阪市北区,大阪府,5300014,2024-01-20
8517,松本大輔,松本大輔8517@example.com,090-6020-3151,愛知県名古屋市西区名駅9丁目5番8号,名古屋市西区,愛知県,4510041,2024-10-29
8518,石川麻衣,石川麻衣8518@gmail.com,090-3729-7636,神奈川県横浜市西区みなとみらい10丁目3番3号,横浜市西区,神奈川県,2200037,2023-04-30
8519,岡田美香,岡田美香8519@icloud.com,090-4675-6317,千葉県千葉市中央区中央6丁目8番8号,千葉市中央区,千葉県,2600003,2024-08-25
8520,長谷川正,長谷川正8520@example.com,090-5677-1822,兵庫県神戸市中央区三宮町8丁目4番7号,神戸市中央区,兵庫県,6500013,2023-03-30
8521,加藤優子,加藤優子8521@yahoo.co.jp,090-9792-9261,千葉県千葉市中央区中央6丁目27番3号,千葉市中央区,千葉県,2600031,2023-01-09
8522,坂本麻衣,坂本麻衣8522@outlook.com,090-4134-5560,兵庫県神戸市中央区三宮町3丁目30番10号,神戸市中央区,兵庫県,6500024,2024-08-09
8523,橋本花子,橋本花子8523@yahoo.co.jp,090-8532-7698,埼玉県さいたま市大宮区大宮9丁目29番9号,さいたま市大宮区,埼玉県,3300034,2023-07-16
8524,佐藤直樹,佐藤直樹8524@icloud.com,090-1140-1916,京都府京都市下京区四条通9丁目8番1号,京都市下京区,京都府,6000001,2023-06-23
8525,森田直樹,森田直樹8525@yahoo.co.jp,090-2258-8307,北海道札幌市北区北6条西2丁目20番2号,札幌市北区,北海道,0600015,2024-05-01
8526,伊藤真由美,伊藤真由美8526@outlook.com,090-4395-2887,北海道札幌市北区北6条西5丁目10番3号,札幌市北区,北海道,0600036,2023-03-13
8527,斎藤一郎,斎藤一郎8527@yahoo.co.jp,090-1924-5392,埼玉県さいたま市大宮区大宮3丁目3番2号,さいたま市大宮区,埼玉県,3300002,2023-07-27
8528,池田達也,池田達也8528@gmail.com,090-1637-2687,愛知県名古屋市西区名駅10丁目3番6号,名古屋市西区,愛知県,4510027,2023-02-15
8529,遠藤健一,遠藤健一8529@yahoo.co.jp,090-4087-5420,千葉県千葉市美浜区美浜8丁目20番9号,千葉市美浜区,千葉県,2610005,2024-01-05
8530,村上優子,村上優子8530@gmail.com,090-1078-3577,大阪府大阪市北区梅田1丁目11番8号,大阪市北区,大阪府,5300007,2024-09-10
8531,青木花子,青木花子8531@gmail.com,090-5107-7033,京都府京都市中京区烏丸通10丁目21番5号,京都市中京区,京都府,6040019,2024-04-07
8532,藤井愛,藤井愛8532@outlook.com,090-2781-1956,大阪府大阪市北区梅田6丁目23番5号,大阪市北区,大阪府,5300010,2024-07-15
8533,岡田千佳,岡田千佳8533@icloud.com,090-1169-2335,埼玉県さいたま市浦和区高砂9丁目19番5号,さいたま市浦和区,埼玉県,3300004,2023-09-08
8534,近藤健太,近藤健太8534@icloud.com,090-4705-3037,京都府京都市中京区烏丸通1丁目19番9号,京都市中京区,京都府,6040014,2024-03-15
8535,前田美咲,前田美咲8535@icloud.com,090-7231-7897,北海道札幌市北区北6条西3丁目5番8号,札幌市北区,北海道,0600034,2024-04-08
8536,坂本達也,坂本達也8536@icloud.com,090-5525-8702,京都府京都市中京区烏丸通7丁目22番8号,京都市中京区,京都府,6040039,2024-12-18
8537,井上麻美,井上麻美8537@gmail.com,090-6606-1928,北海道札幌市中央区北1条西4丁目8番1号,札幌市中央区,北海道,0600013,2023-06-18
8538,山田誠,山田誠8538@icloud.com,090-1207-5942,兵庫県神戸市中央区三宮町9丁目28番2号,神戸市中央区,兵庫県,6500024,2023-05-21
8539,青木剛,青木剛8539@icloud.com,090-1030-2121,兵庫県神戸市灘区灘南通3丁目4番1号,神戸市灘区,兵庫県,6570005,2023-06-25
8540,藤井真由美,藤井真由美8540@icloud.com,090-5245-1278,福岡県福岡市博多区博多駅前1丁目6番1号,福岡市博多区,福岡県,8120003,2023-01-23
8541,池田大輔,池田大輔8541@icloud.com,090-9464-5104,東京都渋谷区渋谷9丁目5番7号,渋谷区,東京都,1500015,2023-10-28
8542,岡田美穂,岡田美穂8542@yahoo.co.jp,090-3706-4820,埼玉県さいたま市浦和区高砂2丁目16番2号,さいたま市浦和区,埼玉県,3300015,2024-05-02
8543,松本真由美,松本真由美8543@gmail.com,090-2569-7702,愛知県名古屋市西区名駅4丁目22番10号,名古屋市西区,愛知県,4510017,2023-12-21
8544,前田さくら,前田さくら8544@yahoo.co.jp,090-9457-6130,大阪府大阪市北区梅田2丁目15番2号,大阪市北区,大阪府,5300003,2023-02-03
8545,伊藤達也,伊藤達也8545@icloud.com,090-6370-1647,千葉県千葉市美浜区美浜1丁目19番5号,千葉市美浜区,千葉県,2610029,2024-02-10
8546,高橋和也,高橋和也8546@icloud.com,090-1123-8933,埼玉県さいたま市浦和区高砂2丁目11番1号,さいたま市浦和区,埼玉県,3300024,2024-05-28
8547,田中麻衣,田中麻衣8547@yahoo.co.jp,090-6813-8703,北海道札幌市中央区北1条西2丁目27番3号,札幌市中央区,北海道,0600018,2024-03-24
8548,長谷川達也,長谷川達也8548@yahoo.co.jp,090-4896-1325,兵庫県神戸市灘区灘南通6丁目11番6号,神戸市灘区,兵庫県,6570031,2023-03-24
8549,木村一郎,木村一郎8549@outlook.com,090-2636-1248,愛知県名古屋市西区名駅4丁目2番10号,名古屋市西区,愛知県,4510016,2023-02-23
8550,松本太郎,松本太郎8550@gmail.com,090-9150-5546,東京都千代田区丸の内10丁目30番5号,千代田区,東京都,1000008,2024-06-09
8551,山田恵子,山田恵子8551@example.com,090-3356-8306,大阪府大阪市北区梅田5丁目15番2号,大阪市北区,大阪府,5300003,2024-01-29
8552,斎藤香織,斎藤香織8552@gmail.com,090-2891-7492,神奈川県横浜市西区みなとみらい7丁目1番2号,横浜市西区,神奈川県,2200001,2024-02-02
8553,小林一郎,小林一郎8553@yahoo.co.jp,090-5189-8466,京都府京都市中京区烏丸通3丁目12番3号,京都市中京区,京都府,6040002,2024-03-22
8554,近藤三郎,近藤三郎8554@yahoo.co.jp,090-3234-7253,愛知県名古屋市中区錦1丁目17番8号,名古屋市中区,愛知県,4600001,2023-03-10
8555,中村亮,中村亮8555@gmail.com,090-6467-9463,北海道札幌市中央区北1条西10丁目16番7号,札幌市中央区,北海道,0600030,2024-06-22
8556,村上美穂,村上美穂8556@outlook.com,090-2365-9331,福岡県福岡市博多区博多駅前2丁目13番8号,福岡市博多区,福岡県,8120007,2024-04-06
8557,松本由美子,松本由美子8557@outlook.com,090-8727-9234,埼玉県さいたま市大宮区大宮10丁目2番6号,さいたま市大宮区,埼玉県,3300024,2024-01-15
8558,伊藤美咲,伊藤美咲8558@icloud.com,090-2767-2277,福岡県福岡市中央区天神8丁目3番2号,福岡市中央区,福岡県,8100002,2023-02-12
8559,井上直樹,井上直樹8559@example.com,090-1336-8176,愛知県名古屋市西区名駅10丁目6番5号,名古屋市西区,愛知県,4510034,2024-02-12
8560,木村誠,木村誠8560@outlook.com,090-7634-3048,東京都千代田区丸の内8丁目29番7号,千代田区,東京都,1000017,2024-10-07
8561,中村太郎,中村太郎8561@yahoo.co.jp,090-9778-2871,神奈川県横浜市西区みなとみらい4丁目19番5号,横浜市西区,神奈川県,2200015,2023-07-09
8562,林美穂,林美穂8562@example.com,090-6427-3604,東京都渋谷区渋谷1丁目2番2号,渋谷区,東京都,1500039,2023-07-31
8563,坂本拓也,坂本拓也8563@outlook.com,090-7748-6242,京都府京都市下京区四条通1丁目28番10号,京都市下京区,京都府,6000041,2024-02-18
8564,遠藤雄一,遠藤雄一8564@icloud.com,090-6163-5736,兵庫県神戸市中央区三宮町5丁目30番5号,神戸市中央区,兵庫県,6500003,2023-12-15
8565,村上美香,村上美香8565@icloud.com,090-9253-2241,兵庫県神戸市灘区灘南通8丁目21番6号,神戸市灘区,兵庫県,6570028,2024-11-28
8566,加藤雄一,加藤雄一8566@gmail.com,090-7062-6725,埼玉県さいたま市浦和区高砂8丁目27番4号,さいたま市浦和区,埼玉県,3300009,2023-09-14
8567,林真由美,林真由美8567@yahoo.co.jp,090-2246-2407,埼玉県さいたま市大宮区大宮9丁目23番8号,さいたま市大宮区,埼玉県,3300014,2023-09-17
8568,近藤次郎,近藤次郎8568@icloud.com,090-6683-2150,愛知県名古屋市西区名駅7丁目16番1号,名古屋市西区,愛知県,4510037,2024-10-03
8569,井上正,井上正8569@icloud.com,090-6658-6714,大阪府大阪市北区梅田8丁目11番5号,大阪市北区,大阪府,5300004,2024-12-29
8570,山本誠,山本誠8570@yahoo.co.jp,090-1060-8759,兵庫県神戸市中央区三宮町8丁目7番10号,神戸市中央区,兵庫県,6500024,2024-09-25
8571,遠藤剛,遠藤剛8571@icloud.com,090-6726-7337,東京都渋谷区渋谷9丁目15番5号,渋谷区,東京都,1500039,2024-02-21
8572,田中真由美,田中真由美8572@yahoo.co.jp,090-1691-9648,北海道札幌市中央区北1条西2丁目1番6号,札幌市中央区,北海道,0600019,2024-09-25
8573,林拓也,林拓也8573@icloud.com,090-6288-8612,大阪府大阪市北区梅田7丁目2番1号,大阪市北区,大阪府,5300009,2023-12-28
8574,林優子,林優子8574@outlook.com,090-8200-4345,大阪府大阪市中央区本町10丁目4番4号,大阪市中央区,大阪府,5410029,2023-02-08
8575,藤原三郎,藤原三郎8575@outlook.com,090-8994-8523,兵庫県神戸市灘区灘南通2丁目23番6号,神戸市灘区,兵庫県,6570011,2023-05-26
8576,前田直樹,前田直樹8576@icloud.com,090-7566-9723,神奈川県横浜市西区みなとみらい2丁目22番5号,横浜市西区,神奈川県,2200029,2024-12-02
8577,中村大輔,中村大輔8577@yahoo.co.jp,090-7928-7991,千葉県千葉市中央区中央5丁目24番5号,千葉市中央区,千葉県,2600033,2024-10-28
8578,伊藤一郎,伊藤一郎8578@example.com,090-2058-3111,神奈川県横浜市中区本町9丁目24番4号,横浜市中区,神奈川県,2310024,2024-03-06
8579,林健一,林健一8579@outlook.com,090-1399-4779,北海道札幌市中央区北1条西8丁目17番6号,札幌市中央区,北海道,0600015,2024-01-03
8580,石川優子,石川優子8580@example.com,090-2399-8810,大阪府大阪市中央区本町2丁目28番10号,大阪市中央区,大阪府,5410031,2024-06-09
8581,山本健太,山本健太8581@gmail.com,090-4621-4730,千葉県千葉市中央区中央9丁目19番4号,千葉市中央区,千葉県,2600028,2024-01-23
8582,田中直樹,田中直樹8582@example.com,090-8567-4484,東京都千代田区丸の内8丁目29番3号,千代田区,東京都,1000011,2024-05-21
8583,石川美咲,石川美咲8583@yahoo.co.jp,090-8924-8448,福岡県福岡市中央区天神10丁目26番9号,福岡市中央区,福岡県,8100011,2024-12-02
8584,青木亮,青木亮8584@example.com,090-3672-1264,千葉県千葉市美浜区美浜8丁目27番2号,千葉市美浜区,千葉県,2610023,2024-11-13
8585,林さくら,林さくら8585@yahoo.co.jp,090-2330-5777,京都府京都市下京区四条通6丁目21番4号,京都市下京区,京都府,6000027,2024-03-16
8586,山本香織,山本香織8586@outlook.com,090-3665-8295,埼玉県さいたま市浦和区高砂1丁目8番2号,さいたま市浦和区,埼玉県,3300027,2023-12-06
8587,森田智子,森田智子8587@outlook.com,090-7291-2672,埼玉県さいたま市大宮区大宮3丁目24番2号,さいたま市大宮区,埼玉県,3300023,2023-10-24
8588,木村優子,木村優子8588@gmail.com,090-2412-6542,埼玉県さいたま市大宮区大宮7丁目10番3号,さいたま市大宮区,埼玉県,3300035,2023-10-21
8589,岡田さくら,岡田さくら8589@gmail.com,090-4705-7346,兵庫県神戸市中央区三宮町1丁目3番2号,神戸市中央区,兵庫県,6500024,2024-12-18
8590,山田健太,山田健太8590@icloud.com,090-8902-2591,埼玉県さいたま市大宮区大宮3丁目23番10号,さいたま市大宮区,埼玉県,3300014,2023-12-28
8591,吉田真由美,吉田真由美8591@icloud.com,090-5839-9343,神奈川県横浜市中区本町7丁目22番8号,横浜市中区,神奈川県,2310004,2024-12-11
8592,石川次郎,石川次郎8592@yahoo.co.jp,090-9067-4083,千葉県千葉市美浜区美浜8丁目25番3号,千葉市美浜区,千葉県,2610011,2024-03-09
8593,坂本三郎,坂本三郎8593@outlook.com,090-5945-8792,東京都新宿区新宿1丁目23番8号,新宿区,東京都,1600002,2023-01-27
8594,中村麻美,中村麻美8594@icloud.com,090-6292-8135,大阪府大阪市中央区本町9丁目15番9号,大阪市中央区,大阪府,5410023,2023-07-15
8595,坂本由美,坂本由美8595@outlook.com,090-9153-7768,福岡県福岡市博多区博多駅前10丁目29番6号,福岡市博多区,福岡県,8120013,2024-05-30
8596,後藤慎一,後藤慎一8596@icloud.com,090-1948-8750,愛知県名古屋市西区名駅3丁目9番5号,名古屋市西区,愛知県,4510021,2024-08-13
8597,吉田美咲,吉田美咲8597@outlook.com,090-5005-5844,大阪府大阪市北区梅田2丁目22番1号,大阪市北区,大阪府,5300013,2023-11-09
8598,小林正,小林正8598@yahoo.co.jp,090-7116-9382,北海道札幌市中央区北1条西9丁目13番1号,札幌市中央区,北海道,0600004,2023-06-09
8599,坂本一郎,坂本一郎8599@yahoo.co.jp,090-3231-5913,北海道札幌市中央区北1条西7丁目18番7号,札幌市中央区,北海道,0600029,2024-09-30
8600,松本誠,松本誠8600@icloud.com,090-2543-9985,大阪府大阪市中央区本町2丁目25番3号,大阪市中央区,大阪府,5410006,2023-06-06
8601,小林恵子,小林恵子8601@gmail.com,090-9495-7922,福岡県福岡市中央区天神9丁目26番10号,福岡市中央区,福岡県,8100029,2024-08-04
8602,小林健一,小林健一8602@outlook.com,090-1362-9422,北海道札幌市中央区北1条西4丁目23番5号,札幌市中央区,北海道,0600013,2024-01-14
8603,鈴木正,鈴木正8603@yahoo.co.jp,090-8177-2095,埼玉県さいたま市大宮区大宮7丁目19番7号,さいたま市大宮区,埼玉県,3300019,2024-02-12
8604,吉田三郎,吉田三郎8604@outlook.com,090-9232-1562,北海道札幌市北区北6条西7丁目5番10号,札幌市北区,北海道,0600029,2023-08-29
8605,加藤翔太,加藤翔太8605@example.com,090-8113-1086,大阪府大阪市中央区本町2丁目7番6号,大阪市中央区,大阪府,5410012,2023-06-23
8606,藤原智子,藤原智子8606@example.com,090-1996-8624,東京都千代田区丸の内3丁目3番2号,千代田区,東京都,1000004,2024-03-30
8607,田中智子,田中智子8607@example.com,090-9560-6788,大阪府大阪市中央区本町4丁目23番7号,大阪市中央区,大阪府,5410015,2023-08-13
8608,斎藤大輔,斎藤大輔8608@icloud.com,090-7722-5232,東京都渋谷区渋谷10丁目7番10号,渋谷区,東京都,1500004,2024-01-08
8609,藤井大輔,藤井大輔8609@outlook.com,090-4138-2651,大阪府大阪市中央区本町1丁目29番6号,大阪市中央区,大阪府,5410008,2023-03-04
8610,岡田美穂,岡田美穂8610@icloud.com,090-4967-2223,大阪府大阪市中央区本町3丁目14番2号,大阪市中央区,大阪府,5410032,2023-09-23
8611,坂本直樹,坂本直樹8611@gmail.com,090-5976-9519,千葉県千葉市美浜区美浜1丁目1番6号,千葉市美浜区,千葉県,2610020,2023-12-10
8612,吉田由美子,吉田由美子8612@icloud.com,090-6195-3748,埼玉県さいたま市大宮区大宮9丁目30番5号,さいたま市大宮区,埼玉県,3300027,2023-09-24
8613,前田優子,前田優子8613@outlook.com,090-3309-6561,神奈川県横浜市西区みなとみらい2丁目11番3号,横浜市西区,神奈川県,2200016,2023-10-20
8614,藤原和也,藤原和也8614@icloud.com,090-7512-4321,福岡県福岡市中央区天神2丁目5番1号,福岡市中央区,福岡県,8100003,2023-08-10
8615,近藤太郎,近藤太郎8615@outlook.com,090-1011-6938,愛知県名古屋市西区名駅1丁目14番3号,名古屋市西区,愛知県,4510004,2024-11-04
8616,藤井一郎,藤井一郎8616@yahoo.co.jp,090-4100-4503,神奈川県横浜市西区みなとみらい8丁目16番1号,横浜市西区,神奈川県,2200026,2023-02-01
8617,前田雄一,前田雄一8617@example.com,090-8777-9564,北海道札幌市中央区北1条西5丁目8番3号,札幌市中央区,北海道,0600028,2024-11-10
8618,長谷川美咲,長谷川美咲8618@gmail.com,090-5267-6265,北海道札幌市北区北6条西2丁目29番3号,札幌市北区,北海道,0600011,2023-11-26
8619,後藤智子,後藤智子8619@yahoo.co.jp,090-6157-8035,北海道札幌市北区北6条西1丁目12番4号,札幌市北区,北海道,0600011,2024-01-13
8620,加藤誠,加藤誠8620@example.com,090-3427-6417,埼玉県さいたま市大宮区大宮5丁目11番3号,さいたま市大宮区,埼玉県,3300016,2024-08-30
8621,山田麻衣,山田麻衣8621@yahoo.co.jp,090-3543-7398,京都府京都市下京区四条通6丁目4番1号,京都市下京区,京都府,6000041,2023-01-19
8622,高橋恵子,高橋恵子8622@example.com,090-3022-3682,福岡県福岡市博多区博多駅前6丁目9番2号,福岡市博多区,福岡県,8120007,2024-07-27
8623,坂本美穂,坂本美穂8623@gmail.com,090-6283-9618,京都府京都市中京区烏丸通9丁目26番5号,京都市中京区,京都府,6040033,2023-07-18
8624,池田達也,池田達也8624@gmail.com,090-5162-4563,北海道札幌市中央区北1条西8丁目16番7号,札幌市中央区,北海道,0600024,2024-07-03
8625,佐藤一郎,佐藤一郎8625@gmail.com,090-4344-7719,東京都新宿区新宿7丁目24番6号,新宿区,東京都,1600020,2023-12-09
8626,伊藤麻衣,伊藤麻衣8626@gmail.com,090-5760-5923,京都府京都市下京区四条通10丁目12番10号,京都市下京区,京都府,6000001,2023-12-09
8627,斎藤太郎,斎藤太郎8627@icloud.com,090-2683-1519,京都府京都市下京区四条通9丁目20番8号,京都市下京区,京都府,6000020,2023-01-22
8628,伊藤美香,伊藤美香8628@outlook.com,090-1896-9340,東京都新宿区新宿9丁目8番8号,新宿区,東京都,1600016,2024-11-20
8629,吉田麻美,吉田麻美8629@icloud.com,090-6711-8948,東京都新宿区新宿3丁目17番10号,新宿区,東京都,1600005,2024-08-07
8630,近藤千佳,近藤千佳8630@yahoo.co.jp,090-8938-9242,愛知県名古屋市中区錦9丁目17番1号,名古屋市中区,愛知県,4600002,2023-03-15
8631,近藤恵子,近藤恵子8631@gmail.com,090-7813-9702,北海道札幌市中央区北1条西1丁目3番3号,札幌市中央区,北海道,0600023,2024-08-21
8632,岡田慎一,岡田慎一8632@outlook.com,090-3817-3128,福岡県福岡市中央区天神8丁目5番7号,福岡市中央区,福岡県,8100024,2023-10-31
8633,井上花子,井上花子8633@icloud.com,090-6942-4802,北海道札幌市北区北6条西10丁目22番4号,札幌市北区,北海道,0600031,2024-05-28
8634,山本美咲,山本美咲8634@example.com,090-3186-4294,京都府京都市下京区四条通5丁目25番6号,京都市下京区,京都府,6000025,2024-10-19
8635,藤井智子,藤井智子8635@outlook.com,090-9342-3404,京都府京都市下京区四条通2丁目9番1号,京都市下京区,京都府,6000002,2024-12-06
8636,森田正,森田正8636@gmail.com,090-8210-9143,東京都千代田区丸の内4丁目4番7号,千代田区,東京都,1000010,2023-03-04
8637,前田麻美,前田麻美8637@yahoo.co.jp,090-3241-3259,神奈川県横浜市中区本町1丁目5番2号,横浜市中区,神奈川県,2310037,2023-01-12
8638,高橋剛,高橋剛8638@yahoo.co.jp,090-2893-3068,東京都渋谷区渋谷7丁目6番2号,渋谷区,東京都,1500030,2024-11-16
8639,村上誠,村上誠8639@gmail.com,090-4996-9059,埼玉県さいたま市浦和区高砂10丁目12番10号,さいたま市浦和区,埼玉県,3300017,2024-08-27
8640,池田拓也,池田拓也8640@example.com,090-8281-9554,東京都新宿区新宿10丁目22番3号,新宿区,東京都,1600018,2023-12-16
8641,近藤達也,近藤達也8641@example.com,090-8135-7481,愛知県名古屋市西区名駅4丁目4番10号,名古屋市西区,愛知県,4510038,2023-08-09
8642,近藤剛,近藤剛8642@example.com,090-4052-9936,千葉県千葉市美浜区美浜4丁目18番10号,千葉市美浜区,千葉県,2610028,2023-08-07
8643,前田智子,前田智子8643@gmail.com,090-2920-7850,福岡県福岡市中央区天神8丁目28番8号,福岡市中央区,福岡県,8100013,2024-09-18
8644,加藤真由美,加藤真由美8644@outlook.com,090-4368-9922,京都府京都市下京区四条通3丁目29番9号,京都市下京区,京都府,6000026,2024-12-23
8645,後藤次郎,後藤次郎8645@icloud.com,090-2924-4827,福岡県福岡市中央区天神9丁目28番7号,福岡市中央区,福岡県,8100012,2023-04-25
8646,坂本美咲,坂本美咲8646@icloud.com,090-7611-1080,京都府京都市下京区四条通8丁目11番9号,京都市下京区,京都府,6000026,2024-05-22
8647,斎藤愛,斎藤愛8647@yahoo.co.jp,090-4002-3964,愛知県名古屋市西区名駅8丁目6番7号,名古屋市西区,愛知県,4510015,2023-12-17
8648,鈴木千佳,鈴木千佳8648@icloud.com,090-6815-9395,福岡県福岡市中央区天神3丁目1番8号,福岡市中央区,福岡県,8100033,2024-03-05
8649,坂本直樹,坂本直樹8649@icloud.com,090-6287-7788,福岡県福岡市博多区博多駅前9丁目8番9号,福岡市博多区,福岡県,8120017,2023-07-28
8650,小林太郎,小林太郎8650@outlook.com,090-6904-2988,埼玉県さいたま市浦和区高砂10丁目11番9号,さいたま市浦和区,埼玉県,3300006,2023-07-09
8651,坂本智子,坂本智子8651@gmail.com,090-9933-5606,兵庫県神戸市中央区三宮町1丁目1番4号,神戸市中央区,兵庫県,6500041,2023-06-12
8652,近藤和也,近藤和也8652@example.com,090-3566-2710,東京都渋谷区渋谷1丁目6番1号,渋谷区,東京都,1500001,2023-12-26
8653,岡田雄一,岡田雄一8653@yahoo.co.jp,090-7889-4676,埼玉県さいたま市浦和区高砂7丁目5番4号,さいたま市浦和区,埼玉県,3300018,2024-02-20
8654,岡田拓也,岡田拓也8654@example.com,090-9350-5042,京都府京都市下京区四条通9丁目20番4号,京都市下京区,京都府,6000005,2023-02-21
8655,長谷川雄一,長谷川雄一8655@icloud.com,090-9757-7676,北海道札幌市北区北6条西7丁目16番6号,札幌市北区,北海道,0600011,2023-09-13
8656,斎藤千佳,斎藤千佳8656@outlook.com,090-4205-5066,東京都渋谷区渋谷1丁目29番4号,渋谷区,東京都,1500005,2024-11-13
8657,木村剛,木村剛8657@icloud.com,090-2757-4172,北海道札幌市中央区北1条西10丁目26番3号,札幌市中央区,北海道,0600035,2023-01-07
8658,木村さくら,木村さくら8658@gmail.com,090-6560-6657,兵庫県神戸市中央区三宮町7丁目23番6号,神戸市中央区,兵庫県,6500011,2023-09-14
8659,高橋雄一,高橋雄一8659@outlook.com,090-8345-2321,東京都新宿区新宿7丁目7番5号,新宿区,東京都,1600007,2024-08-01
8660,高橋香織,高橋香織8660@icloud.com,090-7197-2016,大阪府大阪市中央区本町5丁目9番10号,大阪市中央区,大阪府,5410029,2024-02-26
8661,中村花子,中村花子8661@gmail.com,090-3125-6222,東京都新宿区新宿5丁目9番8号,新宿区,東京都,1600013,2023-03-31
8662,田中麻衣,田中麻衣8662@gmail.com,090-7553-9079,千葉県千葉市中央区中央1丁目11番6号,千葉市中央区,千葉県,2600004,2024-01-10
8663,渡辺香織,渡辺香織8663@icloud.com,090-9681-9550,北海道札幌市中央区北1条西4丁目6番10号,札幌市中央区,北海道,0600033,2023-12-02
8664,坂本慎一,坂本慎一8664@gmail.com,090-6372-9519,福岡県福岡市中央区天神10丁目29番8号,福岡市中央区,福岡県,8100037,2024-01-18
8665,後藤誠,後藤誠8665@yahoo.co.jp,090-8311-8395,埼玉県さいたま市浦和区高砂8丁目14番2号,さいたま市浦和区,埼玉県,3300035,2024-09-03
8666,長谷川優子,長谷川優子8666@example.com,090-5650-9075,兵庫県神戸市灘区灘南通2丁目21番8号,神戸市灘区,兵庫県,6570039,2023-12-24
8667,山田達也,山田達也8667@example.com,090-5900-7934,京都府京都市下京区四条通1丁目24番9号,京都市下京区,京都府,6000039,2024-01-27
8668,田中さくら,田中さくら8668@icloud.com,090-9886-6318,北海道札幌市北区北6条西4丁目21番6号,札幌市北区,北海道,0600031,2023-04-29
8669,近藤麻衣,近藤麻衣8669@yahoo.co.jp,090-2982-8721,京都府京都市中京区烏丸通1丁目26番2号,京都市中京区,京都府,6040016,2023-07-10
8670,藤原麻衣,藤原麻衣8670@yahoo.co.jp,090-6174-5631,愛知県名古屋市中区錦2丁目15番8号,名古屋市中区,愛知県,4600008,2023-10-10
8671,伊藤雄一,伊藤雄一8671@icloud.com,090-2200-3862,福岡県福岡市中央区天神4丁目28番4号,福岡市中央区,福岡県,8100035,2024-05-21
8672,加藤次郎,加藤次郎8672@yahoo.co.jp,090-3403-9928,兵庫県神戸市灘区灘南通10丁目5番8号,神戸市灘区,兵庫県,6570041,2024-06-06
8673,遠藤慎一,遠藤慎一8673@gmail.com,090-9387-6276,大阪府大阪市中央区本町7丁目25番9号,大阪市中央区,大阪府,5410023,2023-04-19
8674,田中麻美,田中麻美8674@yahoo.co.jp,090-8593-7925,北海道札幌市北区北6条西4丁目14番10号,札幌市北区,北海道,0600036,2024-07-11
8675,鈴木花子,鈴木花子8675@icloud.com,090-2866-5179,東京都千代田区丸の内1丁目4番1号,千代田区,東京都,1000008,2023-10-31
8676,斎藤和也,斎藤和也8676@example.com,090-7882-8470,東京都渋谷区渋谷7丁目28番10号,渋谷区,東京都,1500019,2023-08-13
8677,前田優子,前田優子8677@icloud.com,090-4742-4955,千葉県千葉市中央区中央2丁目16番5号,千葉市中央区,千葉県,2600029,2023-05-30
8678,井上美穂,井上美穂8678@yahoo.co.jp,090-2373-7546,京都府京都市中京区烏丸通6丁目19番3号,京都市中京区,京都府,6040031,2024-11-30
8679,森田麻衣,森田麻衣8679@example.com,090-6403-4906,北海道札幌市北区北6条西8丁目30番1号,札幌市北区,北海道,0600004,2024-05-16
8680,近藤花子,近藤花子8680@example.com,090-3356-2432,福岡県福岡市中央区天神6丁目28番3号,福岡市中央区,福岡県,8100027,2024-01-07
8681,森田真由美,森田真由美8681@yahoo.co.jp,090-3679-3633,東京都渋谷区渋谷9丁目23番6号,渋谷区,東京都,1500013,2024-02-14
8682,池田健太,池田健太8682@icloud.com,090-6249-7448,埼玉県さいたま市浦和区高砂5丁目10番2号,さいたま市浦和区,埼玉県,3300013,2023-08-27
8683,松本健太,松本健太8683@icloud.com,090-8654-8385,京都府京都市中京区烏丸通4丁目22番7号,京都市中京区,京都府,6040031,2023-03-23
8684,坂本達也,坂本達也8684@example.com,090-6773-4957,東京都渋谷区渋谷5丁目3番1号,渋谷区,東京都,1500003,2024-04-08
8685,伊藤三郎,伊藤三郎8685@outlook.com,090-9864-8809,兵庫県神戸市灘区灘南通10丁目28番3号,神戸市灘区,兵庫県,6570010,2023-04-28
8686,田中健一,田中健一8686@gmail.com,090-8961-6127,東京都渋谷区渋谷10丁目21番1号,渋谷区,東京都,1500005,2023-12-02
8687,山田香織,山田香織8687@example.com,090-7110-6033,福岡県福岡市中央区天神10丁目6番4号,福岡市中央区,福岡県,8100033,2024-01-29
8688,岡田由美,岡田由美8688@outlook.com,090-2826-1629,福岡県福岡市中央区天神8丁目23番3号,福岡市中央区,福岡県,8100019,2024-03-28
8689,渡辺正,渡辺正8689@icloud.com,090-9491-1700,埼玉県さいたま市大宮区大宮4丁目30番7号,さいたま市大宮区,埼玉県,3300002,2023-04-26
8690,井上麻美,井上麻美8690@example.com,090-8484-6018,北海道札幌市北区北6条西6丁目22番6号,札幌市北区,北海道,0600012,2024-04-30
8691,中村さくら,中村さくら8691@outlook.com,090-1400-4528,千葉県千葉市美浜区美浜2丁目6番5号,千葉市美浜区,千葉県,2610003,2024-04-07
8692,林優子,林優子8692@icloud.com,090-3340-6489,京都府京都市下京区四条通5丁目7番4号,京都市下京区,京都府,6000017,2023-07-14
8693,斎藤健一,斎藤健一8693@yahoo.co.jp,090-4574-8306,埼玉県さいたま市浦和区高砂9丁目24番5号,さいたま市浦和区,埼玉県,3300032,2024-11-14
8694,藤井香織,藤井香織8694@icloud.com,090-8941-6973,東京都千代田区丸の内5丁目15番1号,千代田区,東京都,1000007,2024-12-01
8695,近藤直樹,近藤直樹8695@example.com,090-6167-5839,京都府京都市中京区烏丸通2丁目16番8号,京都市中京区,京都府,6040021,2024-02-14
8696,吉田三郎,吉田三郎8696@yahoo.co.jp,090-7139-4888,千葉県千葉市中央区中央1丁目6番8号,千葉市中央区,千葉県,2600021,2023-02-27
8697,木村三郎,木村三郎8697@example.com,090-1883-2629,東京都新宿区新宿6丁目19番7号,新宿区,東京都,1600001,2024-04-05
8698,藤井亮,藤井亮8698@icloud.com,090-8389-6160,東京都千代田区丸の内6丁目26番7号,千代田区,東京都,1000004,2024-12-10
8699,岡田香織,岡田香織8699@outlook.com,090-3130-6391,愛知県名古屋市西区名駅7丁目29番5号,名古屋市西区,愛知県,4510019,2023-07-06
8700,岡田花子,岡田花子8700@gmail.com,090-8294-5360,東京都渋谷区渋谷2丁目29番5号,渋谷区,東京都,1500014,2023-05-14
8701,渡辺由美子,渡辺由美子8701@yahoo.co.jp,090-9413-3932,大阪府大阪市北区梅田8丁目13番6号,大阪市北区,大阪府,5300001,2024-09-16
8702,高橋千佳,高橋千佳8702@example.com,090-2644-3335,千葉県千葉市美浜区美浜6丁目10番3号,千葉市美浜区,千葉県,2610026,2024-11-04
8703,山田麻衣,山田麻衣8703@icloud.com,090-8303-6002,東京都千代田区丸の内7丁目21番8号,千代田区,東京都,1000013,2023-07-14
8704,林慎一,林慎一8704@yahoo.co.jp,090-1727-5443,東京都渋谷区渋谷9丁目8番8号,渋谷区,東京都,1500022,2023-09-18
8705,鈴木智子,鈴木智子8705@gmail.com,090-4467-4432,埼玉県さいたま市浦和区高砂8丁目20番7号,さいたま市浦和区,埼玉県,3300030,2024-03-09
8706,中村さくら,中村さくら8706@gmail.com,090-2825-4051,神奈川県横浜市西区みなとみらい8丁目5番1号,横浜市西区,神奈川県,2200014,2023-09-15
8707,田中花子,田中花子8707@yahoo.co.jp,090-3071-4028,大阪府大阪市中央区本町7丁目13番8号,大阪市中央区,大阪府,5410006,2023-06-07
8708,橋本千佳,橋本千佳8708@icloud.com,090-7384-1534,千葉県千葉市美浜区美浜3丁目20番7号,千葉市美浜区,千葉県,2610018,2024-06-04
8709,青木美穂,青木美穂8709@example.com,090-1820-5018,埼玉県さいたま市大宮区大宮8丁目26番1号,さいたま市大宮区,埼玉県,3300025,2023-02-27
8710,松本誠,松本誠8710@outlook.com,090-6527-8666,東京都新宿区新宿9丁目24番8号,新宿区,東京都,1600001,2024-09-11
8711,小林一郎,小林一郎8711@yahoo.co.jp,090-6830-8877,京都府京都市中京区烏丸通9丁目24番1号,京都市中京区,京都府,6040018,2023-08-28
8712,佐藤千佳,佐藤千佳8712@gmail.com,090-7690-5698,東京都千代田区丸の内8丁目22番5号,千代田区,東京都,1000014,2024-06-18
8713,加藤花子,加藤花子8713@icloud.com,090-5318-3735,兵庫県神戸市中央区三宮町9丁目13番3号,神戸市中央区,兵庫県,6500016,2024-07-27
8714,森田三郎,森田三郎8714@yahoo.co.jp,090-2149-4032,東京都新宿区新宿3丁目26番2号,新宿区,東京都,1600010,2024-12-27
8715,木村慎一,木村慎一8715@icloud.com,090-6905-3505,愛知県名古屋市西区名駅3丁目11番3号,名古屋市西区,愛知県,4510006,2023-04-02
8716,林由美子,林由美子8716@outlook.com,090-8839-3975,福岡県福岡市中央区天神9丁目23番9号,福岡市中央区,福岡県,8100003,2024-12-29
8717,井上美穂,井上美穂8717@outlook.com,090-4486-5074,京都府京都市下京区四条通1丁目2番5号,京都市下京区,京都府,6000013,2024-02-24
8718,鈴木亮,鈴木亮8718@outlook.com,090-7871-1559,京都府京都市下京区四条通4丁目3番1号,京都市下京区,京都府,6000031,2023-03-07
8719,藤原優子,藤原優子8719@yahoo.co.jp,090-4918-7265,埼玉県さいたま市浦和区高砂5丁目16番1号,さいたま市浦和区,埼玉県,3300023,2024-03-16
8720,松本健一,松本健一8720@example.com,090-9623-9285,神奈川県横浜市西区みなとみらい3丁目7番6号,横浜市西区,神奈川県,2200037,2024-09-08
8721,斎藤さくら,斎藤さくら8721@example.com,090-3321-8426,東京都新宿区新宿3丁目9番10号,新宿区,東京都,1600013,2024-10-26
8722,青木花子,青木花子8722@yahoo.co.jp,090-4720-2646,東京都渋谷区渋谷10丁目22番4号,渋谷区,東京都,1500041,2024-05-02
8723,高橋さくら,高橋さくら8723@outlook.com,090-2076-5837,愛知県名古屋市西区名駅10丁目10番2号,名古屋市西区,愛知県,4510035,2024-09-30
8724,山田拓也,山田拓也8724@gmail.com,090-8684-4666,福岡県福岡市中央区天神8丁目7番4号,福岡市中央区,福岡県,8100006,2024-11-25
8725,木村太郎,木村太郎8725@outlook.com,090-9471-9672,京都府京都市下京区四条通1丁目12番9号,京都市下京区,京都府,6000015,2024-02-14
8726,木村三郎,木村三郎8726@example.com,090-4685-8314,京都府京都市中京区烏丸通9丁目20番2号,京都市中京区,京都府,6040001,2024-02-03
8727,坂本直樹,坂本直樹8727@example.com,090-7343-1901,千葉県千葉市中央区中央5丁目10番6号,千葉市中央区,千葉県,2600012,2024-08-24
8728,小林愛,小林愛8728@icloud.com,090-3926-9725,大阪府大阪市中央区本町5丁目9番9号,大阪市中央区,大阪府,5410026,2024-03-28
8729,森田拓也,森田拓也8729@icloud.com,090-2390-2651,東京都渋谷区渋谷1丁目7番10号,渋谷区,東京都,1500026,2024-02-07
8730,斎藤太郎,斎藤太郎8730@yahoo.co.jp,090-3069-1163,愛知県名古屋市中区錦9丁目23番2号,名古屋市中区,愛知県,4600006,2024-08-23
8731,藤井花子,藤井花子8731@example.com,090-7671-9332,兵庫県神戸市中央区三宮町3丁目8番6号,神戸市中央区,兵庫県,6500013,2024-08-21
8732,中村慎一,中村慎一8732@icloud.com,090-6395-8482,大阪府大阪市北区梅田3丁目22番9号,大阪市北区,大阪府,5300003,2024-01-12
8733,石川千佳,石川千佳8733@icloud.com,090-1537-6069,福岡県福岡市博多区博多駅前10丁目10番10号,福岡市博多区,福岡県,8120002,2024-11-06
8734,中村太郎,中村太郎8734@yahoo.co.jp,090-4596-4912,神奈川県横浜市西区みなとみらい3丁目5番5号,横浜市西区,神奈川県,2200029,2023-06-10
8735,前田大輔,前田大輔8735@example.com,090-7688-5917,京都府京都市下京区四条通1丁目20番10号,京都市下京区,京都府,6000016,2024-12-19
8736,中村達也,中村達也8736@icloud.com,090-1737-4394,北海道札幌市北区北6条西1丁目2番9号,札幌市北区,北海道,0600019,2023-05-15
8737,坂本剛,坂本剛8737@gmail.com,090-2109-7376,神奈川県横浜市中区本町5丁目16番10号,横浜市中区,神奈川県,2310010,2023-07-31
8738,渡辺次郎,渡辺次郎8738@icloud.com,090-6406-5089,愛知県名古屋市西区名駅5丁目24番7号,名古屋市西区,愛知県,4510037,2024-01-08
8739,中村健太,中村健太8739@gmail.com,090-9654-9282,東京都千代田区丸の内3丁目25番2号,千代田区,東京都,1000009,2023-08-20
8740,森田恵子,森田恵子8740@icloud.com,090-6341-6643,京都府京都市中京区烏丸通7丁目6番3号,京都市中京区,京都府,6040026,2023-04-21
8741,藤原真由美,藤原真由美8741@icloud.com,090-2292-2646,東京都千代田区丸の内6丁目30番4号,千代田区,東京都,1000015,2023-05-24
8742,斎藤美穂,斎藤美穂8742@yahoo.co.jp,090-7392-5815,愛知県名古屋市西区名駅1丁目15番5号,名古屋市西区,愛知県,4510018,2023-11-15
8743,石川剛,石川剛8743@yahoo.co.jp,090-7665-8135,北海道札幌市中央区北1条西10丁目11番7号,札幌市中央区,北海道,0600035,2024-12-07
8744,山田一郎,山田一郎8744@outlook.com,090-8974-2760,大阪府大阪市北区梅田4丁目2番10号,大阪市北区,大阪府,5300013,2023-09-17
8745,田中麻衣,田中麻衣8745@outlook.com,090-8073-6022,福岡県福岡市中央区天神6丁目5番5号,福岡市中央区,福岡県,8100013,2024-07-03
8746,中村直樹,中村直樹8746@gmail.com,090-1417-8015,福岡県福岡市博多区博多駅前10丁目7番8号,福岡市博多区,福岡県,8120013,2024-05-20
8747,後藤一郎,後藤一郎8747@example.com,090-4091-4771,大阪府大阪市中央区本町7丁目30番2号,大阪市中央区,大阪府,5410040,2024-10-18
8748,近藤大輔,近藤大輔8748@gmail.com,090-1205-4655,京都府京都市下京区四条通1丁目23番10号,京都市下京区,京都府,6000007,2024-11-28
8749,前田さくら,前田さくら8749@outlook.com,090-3259-6219,東京都渋谷区渋谷8丁目14番1号,渋谷区,東京都,1500006,2023-02-13
8750,中村美咲,中村美咲8750@gmail.com,090-9984-8448,北海道札幌市中央区北1条西2丁目19番6号,札幌市中央区,北海道,0600021,2024-12-17
8751,藤井和也,藤井和也8751@outlook.com,090-7380-2472,兵庫県神戸市灘区灘南通3丁目28番2号,神戸市灘区,兵庫県,6570039,2023-02-20
8752,鈴木拓也,鈴木拓也8752@outlook.com,090-9031-9664,東京都渋谷区渋谷5丁目8番2号,渋谷区,東京都,1500020,2023-02-17
8753,藤井健一,藤井健一8753@gmail.com,090-3215-2923,愛知県名古屋市中区錦4丁目4番8号,名古屋市中区,愛知県,4600003,2023-09-10
8754,山田一郎,山田一郎8754@outlook.com,090-5975-1277,東京都渋谷区渋谷8丁目1番6号,渋谷区,東京都,1500030,2023-06-05
8755,石川太郎,石川太郎8755@outlook.com,090-9665-4846,東京都渋谷区渋谷4丁目26番2号,渋谷区,東京都,1500025,2023-10-30
8756,石川美穂,石川美穂8756@gmail.com,090-1386-7926,京都府京都市下京区四条通3丁目28番1号,京都市下京区,京都府,6000041,2024-05-06
8757,石川優子,石川優子8757@icloud.com,090-8773-7548,埼玉県さいたま市浦和区高砂10丁目9番1号,さいたま市浦和区,埼玉県,3300005,2024-02-07
8758,松本千佳,松本千佳8758@gmail.com,090-9195-5709,福岡県福岡市中央区天神7丁目15番2号,福岡市中央区,福岡県,8100025,2023-11-30
8759,長谷川亮,長谷川亮8759@gmail.com,090-1714-2023,福岡県福岡市博多区博多駅前3丁目20番3号,福岡市博多区,福岡県,8120019,2024-09-01
8760,木村花子,木村花子8760@gmail.com,090-4942-6170,兵庫県神戸市灘区灘南通7丁目23番7号,神戸市灘区,兵庫県,6570012,2023-08-15
8761,松本麻美,松本麻美8761@yahoo.co.jp,090-3492-3380,大阪府大阪市北区梅田2丁目24番2号,大阪市北区,大阪府,5300017,2024-09-06
8762,前田真由美,前田真由美8762@outlook.com,090-8014-3412,北海道札幌市北区北6条西6丁目9番10号,札幌市北区,北海道,0600029,2023-09-10
8763,森田正,森田正8763@icloud.com,090-4773-7769,京都府京都市下京区四条通4丁目24番4号,京都市下京区,京都府,6000024,2024-04-06
8764,山田麻衣,山田麻衣8764@example.com,090-2419-9702,兵庫県神戸市中央区三宮町2丁目16番9号,神戸市中央区,兵庫県,6500021,2023-05-24
8765,木村麻美,木村麻美8765@outlook.com,090-2921-1777,北海道札幌市中央区北1条西8丁目19番10号,札幌市中央区,北海道,0600002,2023-11-18
8766,池田誠,池田誠8766@gmail.com,090-5316-6410,大阪府大阪市北区梅田10丁目11番4号,大阪市北区,大阪府,5300006,2023-06-04
8767,斎藤優子,斎藤優子8767@outlook.com,090-4993-3904,京都府京都市下京区四条通8丁目24番8号,京都市下京区,京都府,6000008,2024-02-15
8768,吉田由美子,吉田由美子8768@gmail.com,090-3527-5695,東京都千代田区丸の内2丁目17番2号,千代田区,東京都,1000013,2024-08-17
8769,岡田拓也,岡田拓也8769@gmail.com,090-9735-4006,京都府京都市下京区四条通5丁目17番1号,京都市下京区,京都府,6000003,2023-03-29
8770,山本香織,山本香織8770@icloud.com,090-9473-2448,東京都新宿区新宿2丁目6番4号,新宿区,東京都,1600006,2024-07-15
8771,斎藤香織,斎藤香織8771@yahoo.co.jp,090-8637-5288,埼玉県さいたま市浦和区高砂8丁目7番1号,さいたま市浦和区,埼玉県,3300001,2024-02-15
8772,岡田さくら,岡田さくら8772@yahoo.co.jp,090-4287-9227,神奈川県横浜市西区みなとみらい8丁目8番10号,横浜市西区,神奈川県,2200002,2023-05-19
8773,斎藤次郎,斎藤次郎8773@icloud.com,090-9455-1265,京都府京都市中京区烏丸通7丁目24番6号,京都市中京区,京都府,6040006,2024-06-14
8774,伊藤誠,伊藤誠8774@gmail.com,090-6527-3999,東京都渋谷区渋谷2丁目12番5号,渋谷区,東京都,1500029,2024-05-07
8775,加藤翔太,加藤翔太8775@yahoo.co.jp,090-6590-4336,埼玉県さいたま市大宮区大宮8丁目28番1号,さいたま市大宮区,埼玉県,3300030,2024-12-04
8776,坂本麻衣,坂本麻衣8776@outlook.com,090-6040-5592,福岡県福岡市中央区天神8丁目23番10号,福岡市中央区,福岡県,8100009,2024-11-28
8777,渡辺亮,渡辺亮8777@outlook.com,090-8808-6917,福岡県福岡市博多区博多駅前3丁目16番2号,福岡市博多区,福岡県,8120014,2024-05-18
8778,林剛,林剛8778@icloud.com,090-2944-6282,兵庫県神戸市灘区灘南通8丁目27番10号,神戸市灘区,兵庫県,6570004,2023-07-24
8779,井上正,井上正8779@example.com,090-5733-2064,東京都渋谷区渋谷8丁目5番4号,渋谷区,東京都,1500003,2024-11-26
8780,鈴木誠,鈴木誠8780@gmail.com,090-9918-7784,神奈川県横浜市西区みなとみらい7丁目16番8号,横浜市西区,神奈川県,2200018,2023-07-09
8781,橋本慎一,橋本慎一8781@icloud.com,090-2706-2250,北海道札幌市北区北6条西10丁目2番1号,札幌市北区,北海道,0600007,2023-02-14
8782,藤井愛,藤井愛8782@example.com,090-6071-9509,神奈川県横浜市西区みなとみらい9丁目5番9号,横浜市西区,神奈川県,2200028,2024-01-26
8783,吉田美香,吉田美香8783@outlook.com,090-5913-7574,東京都渋谷区渋谷2丁目2番2号,渋谷区,東京都,1500013,2024-05-28
8784,橋本真由美,橋本真由美8784@yahoo.co.jp,090-2164-2383,神奈川県横浜市中区本町10丁目2番6号,横浜市中区,神奈川県,2310015,2023-05-28
8785,森田美咲,森田美咲8785@outlook.com,090-8722-9090,京都府京都市下京区四条通5丁目2番8号,京都市下京区,京都府,6000013,2023-03-20
8786,遠藤花子,遠藤花子8786@icloud.com,090-7797-5588,愛知県名古屋市西区名駅7丁目27番2号,名古屋市西区,愛知県,4510016,2024-08-03
8787,小林直樹,小林直樹8787@example.com,090-4612-5284,福岡県福岡市中央区天神6丁目18番4号,福岡市中央区,福岡県,8100039,2023-12-02
8788,岡田翔太,岡田翔太8788@gmail.com,090-1163-8534,福岡県福岡市中央区天神3丁目14番2号,福岡市中央区,福岡県,8100027,2023-08-06
8789,井上三郎,井上三郎8789@yahoo.co.jp,090-1068-9364,北海道札幌市北区北6条西3丁目19番6号,札幌市北区,北海道,0600017,2024-10-29
8790,藤井亮,藤井亮8790@icloud.com,090-9190-8736,神奈川県横浜市西区みなとみらい10丁目17番5号,横浜市西区,神奈川県,2200026,2024-01-10
8791,森田花子,森田花子8791@example.com,090-7141-5546,神奈川県横浜市西区みなとみらい1丁目16番7号,横浜市西区,神奈川県,2200041,2023-05-07
8792,渡辺由美子,渡辺由美子8792@outlook.com,090-8597-7908,東京都渋谷区渋谷1丁目18番5号,渋谷区,東京都,1500011,2024-06-22
8793,山田花子,山田花子8793@example.com,090-1713-9194,京都府京都市下京区四条通4丁目13番9号,京都市下京区,京都府,6000035,2024-08-30
8794,高橋雄一,高橋雄一8794@yahoo.co.jp,090-8062-6659,兵庫県神戸市灘区灘南通7丁目27番2号,神戸市灘区,兵庫県,6570020,2023-11-14
8795,前田花子,前田花子8795@outlook.com,090-9428-6298,神奈川県横浜市中区本町1丁目18番7号,横浜市中区,神奈川県,2310018,2024-12-02
8796,池田美香,池田美香8796@gmail.com,090-4692-8220,愛知県名古屋市中区錦6丁目7番1号,名古屋市中区,愛知県,4600007,2024-11-03
8797,藤井雄一,藤井雄一8797@gmail.com,090-5705-3327,東京都渋谷区渋谷6丁目21番2号,渋谷区,東京都,1500002,2023-03-30
8798,高橋由美子,高橋由美子8798@outlook.com,090-8770-8009,兵庫県神戸市中央区三宮町6丁目7番9号,神戸市中央区,兵庫県,6500041,2023-01-21
8799,鈴木花子,鈴木花子8799@gmail.com,090-8354-1790,愛知県名古屋市中区錦3丁目22番10号,名古屋市中区,愛知県,4600004,2023-12-19
8800,吉田剛,吉田剛8800@gmail.com,090-3295-8949,千葉県千葉市中央区中央5丁目26番8号,千葉市中央区,千葉県,2600020,2024-09-20
8801,渡辺愛,渡辺愛8801@gmail.com,090-5172-3818,愛知県名古屋市西区名駅2丁目24番10号,名古屋市西区,愛知県,4510025,2023-02-15
8802,木村直樹,木村直樹8802@outlook.com,090-4162-9085,東京都千代田区丸の内8丁目22番5号,千代田区,東京都,1000015,2024-07-08
8803,斎藤美咲,斎藤美咲8803@outlook.com,090-3890-2608,福岡県福岡市博多区博多駅前9丁目13番4号,福岡市博多区,福岡県,8120020,2023-03-15
8804,石川健太,石川健太8804@gmail.com,090-7519-2966,埼玉県さいたま市大宮区大宮9丁目18番5号,さいたま市大宮区,埼玉県,3300012,2024-05-28
8805,岡田優子,岡田優子8805@example.com,090-5656-2679,東京都新宿区新宿6丁目14番8号,新宿区,東京都,1600003,2023-12-22
8806,井上美香,井上美香8806@yahoo.co.jp,090-4328-9517,大阪府大阪市中央区本町6丁目1番9号,大阪市中央区,大阪府,5410007,2023-06-15
8807,石川慎一,石川慎一8807@gmail.com,090-5321-6181,兵庫県神戸市中央区三宮町7丁目23番8号,神戸市中央区,兵庫県,6500033,2023-05-27
8808,木村智子,木村智子8808@gmail.com,090-7085-3124,神奈川県横浜市西区みなとみらい4丁目25番10号,横浜市西区,神奈川県,2200034,2024-01-22
8809,藤井誠,藤井誠8809@icloud.com,090-2077-2235,大阪府大阪市北区梅田2丁目14番6号,大阪市北区,大阪府,5300013,2024-07-15
8810,橋本剛,橋本剛8810@yahoo.co.jp,090-9110-9535,京都府京都市下京区四条通8丁目11番1号,京都市下京区,京都府,6000021,2024-04-06
8811,坂本麻衣,坂本麻衣8811@yahoo.co.jp,090-2060-8702,福岡県福岡市中央区天神2丁目5番4号,福岡市中央区,福岡県,8100032,2024-09-10
8812,前田大輔,前田大輔8812@example.com,090-5131-2427,神奈川県横浜市西区みなとみらい8丁目17番6号,横浜市西区,神奈川県,2200039,2024-11-21
8813,斎藤由美,斎藤由美8813@icloud.com,090-8102-6281,兵庫県神戸市灘区灘南通5丁目23番10号,神戸市灘区,兵庫県,6570038,2024-05-29
8814,長谷川麻美,長谷川麻美8814@yahoo.co.jp,090-7934-2035,千葉県千葉市中央区中央8丁目7番7号,千葉市中央区,千葉県,2600024,2023-01-24
8815,石川拓也,石川拓也8815@gmail.com,090-1409-7050,兵庫県神戸市中央区三宮町6丁目22番2号,神戸市中央区,兵庫県,6500017,2024-08-04
8816,吉田和也,吉田和也8816@yahoo.co.jp,090-3427-1985,福岡県福岡市博多区博多駅前2丁目22番7号,福岡市博多区,福岡県,8120018,2023-09-05
8817,小林誠,小林誠8817@example.com,090-2816-1686,愛知県名古屋市中区錦4丁目5番5号,名古屋市中区,愛知県,4600002,2024-07-27
8818,山田和也,山田和也8818@icloud.com,090-7195-4411,愛知県名古屋市西区名駅7丁目15番8号,名古屋市西区,愛知県,4510026,2024-06-16
8819,田中雄一,田中雄一8819@gmail.com,090-6060-2642,大阪府大阪市北区梅田7丁目21番9号,大阪市北区,大阪府,5300006,2023-09-08
8820,高橋麻美,高橋麻美8820@yahoo.co.jp,090-4971-7534,東京都渋谷区渋谷3丁目2番8号,渋谷区,東京都,1500005,2023-11-12
8821,前田亮,前田亮8821@gmail.com,090-1361-6108,大阪府大阪市中央区本町3丁目15番2号,大阪市中央区,大阪府,5410027,2023-06-21
8822,山本拓也,山本拓也8822@icloud.com,090-6637-6691,福岡県福岡市中央区天神7丁目10番8号,福岡市中央区,福岡県,8100030,2023-11-25
8823,藤原恵子,藤原恵子8823@yahoo.co.jp,090-6880-8439,兵庫県神戸市中央区三宮町1丁目2番2号,神戸市中央区,兵庫県,6500040,2024-04-19
8824,中村由美子,中村由美子8824@outlook.com,090-6145-8270,東京都渋谷区渋谷6丁目25番6号,渋谷区,東京都,1500030,2024-02-25
8825,伊藤翔太,伊藤翔太8825@yahoo.co.jp,090-2932-4228,福岡県福岡市博多区博多駅前8丁目18番9号,福岡市博多区,福岡県,8120009,2023-04-07
8826,山本由美子,山本由美子8826@icloud.com,090-7411-9077,大阪府大阪市中央区本町10丁目19番2号,大阪市中央区,大阪府,5410032,2024-10-03
8827,斎藤亮,斎藤亮8827@outlook.com,090-2430-6188,福岡県福岡市博多区博多駅前2丁目26番1号,福岡市博多区,福岡県,8120003,2023-09-13
8828,田中太郎,田中太郎8828@example.com,090-6509-4506,大阪府大阪市中央区本町6丁目10番4号,大阪市中央区,大阪府,5410020,2023-05-28
8829,田中太郎,田中太郎8829@gmail.com,090-4543-9742,東京都渋谷区渋谷4丁目18番4号,渋谷区,東京都,1500038,2024-03-30
8830,近藤香織,近藤香織8830@example.com,090-4230-4728,京都府京都市下京区四条通5丁目30番3号,京都市下京区,京都府,6000035,2023-02-09
8831,長谷川直樹,長谷川直樹8831@outlook.com,090-3137-1407,福岡県福岡市中央区天神5丁目26番4号,福岡市中央区,福岡県,8100033,2023-03-10
8832,伊藤千佳,伊藤千佳8832@icloud.com,090-4977-8129,東京都千代田区丸の内1丁目14番3号,千代田区,東京都,1000012,2024-02-23
8833,坂本剛,坂本剛8833@example.com,090-2135-6510,愛知県名古屋市西区名駅8丁目30番1号,名古屋市西区,愛知県,4510027,2023-06-14
8834,佐藤香織,佐藤香織8834@outlook.com,090-3138-7618,埼玉県さいたま市浦和区高砂9丁目11番8号,さいたま市浦和区,埼玉県,3300010,2023-12-14
8835,田中さくら,田中さくら8835@example.com,090-5877-7230,京都府京都市中京区烏丸通10丁目18番6号,京都市中京区,京都府,6040020,2023-07-16
8836,林美香,林美香8836@icloud.com,090-2348-2766,千葉県千葉市中央区中央5丁目9番8号,千葉市中央区,千葉県,2600024,2024-05-18
8837,高橋由美,高橋由美8837@outlook.com,090-2746-2202,東京都千代田区丸の内8丁目14番7号,千代田区,東京都,1000009,2023-08-27
8838,藤原大輔,藤原大輔8838@outlook.com,090-9799-4601,千葉県千葉市中央区中央7丁目5番5号,千葉市中央区,千葉県,2600030,2023-10-08
8839,橋本誠,橋本誠8839@icloud.com,090-9504-4343,東京都渋谷区渋谷7丁目15番1号,渋谷区,東京都,1500016,2023-03-20
8840,長谷川千佳,長谷川千佳8840@outlook.com,090-9007-2337,東京都渋谷区渋谷9丁目23番10号,渋谷区,東京都,1500022,2023-08-17
8841,加藤次郎,加藤次郎8841@example.com,090-4187-3107,東京都渋谷区渋谷8丁目11番10号,渋谷区,東京都,1500038,2023-10-03
8842,高橋次郎,高橋次郎8842@yahoo.co.jp,090-9681-5175,福岡県福岡市中央区天神3丁目18番5号,福岡市中央区,福岡県,8100027,2024-11-28
8843,中村麻衣,中村麻衣8843@outlook.com,090-6351-2056,埼玉県さいたま市浦和区高砂4丁目5番1号,さいたま市浦和区,埼玉県,3300011,2023-12-15
8844,後藤麻衣,後藤麻衣8844@gmail.com,090-3053-1083,千葉県千葉市中央区中央3丁目10番1号,千葉市中央区,千葉県,2600007,2023-08-20
8845,青木大輔,青木大輔8845@gmail.com,090-3412-9409,埼玉県さいたま市浦和区高砂8丁目24番6号,さいたま市浦和区,埼玉県,3300013,2023-06-24
8846,小林美香,小林美香8846@yahoo.co.jp,090-3762-5551,兵庫県神戸市中央区三宮町7丁目5番10号,神戸市中央区,兵庫県,6500038,2024-08-31
8847,吉田正,吉田正8847@yahoo.co.jp,090-2909-3971,東京都新宿区新宿2丁目17番3号,新宿区,東京都,1600006,2023-10-20
8848,吉田剛,吉田剛8848@yahoo.co.jp,090-7396-3530,神奈川県横浜市西区みなとみらい1丁目14番1号,横浜市西区,神奈川県,2200021,2023-11-10
8849,木村次郎,木村次郎8849@example.com,090-8217-9940,兵庫県神戸市中央区三宮町6丁目2番4号,神戸市中央区,兵庫県,6500033,2023-03-28
8850,小林太郎,小林太郎8850@gmail.com,090-6198-7069,京都府京都市下京区四条通8丁目4番2号,京都市下京区,京都府,6000006,2024-10-11
8851,林誠,林誠8851@gmail.com,090-8950-9892,東京都渋谷区渋谷6丁目2番6号,渋谷区,東京都,1500001,2023-12-05
8852,鈴木健一,鈴木健一8852@outlook.com,090-7886-2748,兵庫県神戸市灘区灘南通6丁目11番9号,神戸市灘区,兵庫県,6570023,2023-02-14
8853,石川三郎,石川三郎8853@gmail.com,090-6064-1604,埼玉県さいたま市大宮区大宮6丁目23番6号,さいたま市大宮区,埼玉県,3300037,2024-05-12
8854,中村美穂,中村美穂8854@gmail.com,090-5869-3507,北海道札幌市中央区北1条西3丁目1番2号,札幌市中央区,北海道,0600015,2023-03-19
8855,松本美香,松本美香8855@icloud.com,090-8403-8423,愛知県名古屋市中区錦7丁目26番1号,名古屋市中区,愛知県,4600003,2023-03-31
8856,吉田美香,吉田美香8856@example.com,090-7039-9618,京都府京都市中京区烏丸通5丁目26番10号,京都市中京区,京都府,6040029,2024-09-01
8857,橋本健太,橋本健太8857@example.com,090-4767-7173,千葉県千葉市美浜区美浜7丁目1番2号,千葉市美浜区,千葉県,2610012,2024-12-18
8858,遠藤健一,遠藤健一8858@example.com,090-7434-5080,東京都新宿区新宿8丁目7番1号,新宿区,東京都,1600014,2024-07-07
8859,井上美穂,井上美穂8859@outlook.com,090-6485-3659,福岡県福岡市博多区博多駅前2丁目10番8号,福岡市博多区,福岡県,8120001,2023-02-02
8860,藤井直樹,藤井直樹8860@yahoo.co.jp,090-9875-1088,千葉県千葉市美浜区美浜7丁目19番2号,千葉市美浜区,千葉県,2610031,2023-01-17
8861,佐藤大輔,佐藤大輔8861@gmail.com,090-5906-7033,北海道札幌市北区北6条西2丁目15番5号,札幌市北区,北海道,0600004,2024-04-25
8862,森田美香,森田美香8862@icloud.com,090-4055-5146,東京都千代田区丸の内10丁目2番9号,千代田区,東京都,1000009,2024-09-24
8863,藤井翔太,藤井翔太8863@outlook.com,090-5243-8767,埼玉県さいたま市浦和区高砂10丁目21番2号,さいたま市浦和区,埼玉県,3300020,2023-04-25
8864,池田智子,池田智子8864@outlook.com,090-5248-4833,愛知県名古屋市西区名駅8丁目7番8号,名古屋市西区,愛知県,4510015,2024-03-31
8865,長谷川和也,長谷川和也8865@yahoo.co.jp,090-5698-8498,愛知県名古屋市中区錦1丁目24番10号,名古屋市中区,愛知県,4600003,2024-09-20
8866,藤原真由美,藤原真由美8866@yahoo.co.jp,090-5935-8083,福岡県福岡市中央区天神10丁目10番3号,福岡市中央区,福岡県,8100022,2023-07-13
8867,鈴木智子,鈴木智子8867@outlook.com,090-2773-4692,神奈川県横浜市中区本町4丁目6番9号,横浜市中区,神奈川県,2310033,2023-06-12
8868,林真由美,林真由美8868@example.com,090-4967-3285,北海道札幌市中央区北1条西2丁目8番1号,札幌市中央区,北海道,0600006,2023-03-25
8869,鈴木亮,鈴木亮8869@outlook.com,090-4181-9637,埼玉県さいたま市浦和区高砂10丁目23番6号,さいたま市浦和区,埼玉県,3300020,2024-08-17
8870,斎藤直樹,斎藤直樹8870@yahoo.co.jp,090-1066-7452,愛知県名古屋市西区名駅9丁目19番4号,名古屋市西区,愛知県,4510003,2023-11-13
8871,松本翔太,松本翔太8871@yahoo.co.jp,090-2684-2066,埼玉県さいたま市浦和区高砂5丁目27番9号,さいたま市浦和区,埼玉県,3300033,2024-01-31
8872,加藤三郎,加藤三郎8872@icloud.com,090-9643-9236,東京都新宿区新宿10丁目6番7号,新宿区,東京都,1600006,2023-01-11
8873,山本誠,山本誠8873@icloud.com,090-3821-8399,京都府京都市下京区四条通2丁目16番3号,京都市下京区,京都府,6000025,2023-10-15
8874,吉田由美,吉田由美8874@icloud.com,090-7592-5042,北海道札幌市中央区北1条西6丁目21番10号,札幌市中央区,北海道,0600021,2023-06-11
8875,森田健太,森田健太8875@gmail.com,090-3510-2086,大阪府大阪市中央区本町2丁目21番3号,大阪市中央区,大阪府,5410032,2024-12-09
8876,長谷川麻衣,長谷川麻衣8876@icloud.com,090-1200-5081,京都府京都市中京区烏丸通9丁目17番1号,京都市中京区,京都府,6040023,2023-11-01
8877,松本健一,松本健一8877@icloud.com,090-6342-7916,千葉県千葉市中央区中央5丁目8番4号,千葉市中央区,千葉県,2600015,2024-09-25
8878,池田さくら,池田さくら8878@yahoo.co.jp,090-3786-1359,福岡県福岡市中央区天神10丁目4番4号,福岡市中央区,福岡県,8100035,2023-05-29
8879,村上亮,村上亮8879@icloud.com,090-3515-4311,埼玉県さいたま市浦和区高砂10丁目1番7号,さいたま市浦和区,埼玉県,3300013,2023-09-16
8880,井上次郎,井上次郎8880@outlook.com,090-9890-9539,埼玉県さいたま市大宮区大宮4丁目12番4号,さいたま市大宮区,埼玉県,3300021,2023-02-15
8881,後藤翔太,後藤翔太8881@outlook.com,090-8747-5737,神奈川県横浜市西区みなとみらい9丁目14番6号,横浜市西区,神奈川県,2200012,2024-10-23
8882,近藤さくら,近藤さくら8882@icloud.com,090-6325-6567,北海道札幌市中央区北1条西8丁目28番3号,札幌市中央区,北海道,0600029,2023-03-28
8883,中村慎一,中村慎一8883@outlook.com,090-6602-3321,埼玉県さいたま市大宮区大宮6丁目4番8号,さいたま市大宮区,埼玉県,3300038,2024-09-29
8884,藤原正,藤原正8884@gmail.com,090-1265-3832,兵庫県神戸市灘区灘南通5丁目23番6号,神戸市灘区,兵庫県,6570024,2023-02-27
8885,井上三郎,井上三郎8885@yahoo.co.jp,090-7585-7346,福岡県福岡市博多区博多駅前9丁目9番6号,福岡市博多区,福岡県,8120017,2023-03-06
8886,坂本和也,坂本和也8886@gmail.com,090-1406-5837,神奈川県横浜市中区本町8丁目4番10号,横浜市中区,神奈川県,2310010,2024-09-16
8887,山田真由美,山田真由美8887@example.com,090-1513-2266,兵庫県神戸市灘区灘南通9丁目9番9号,神戸市灘区,兵庫県,6570003,2024-07-22
8888,高橋真由美,高橋真由美8888@yahoo.co.jp,090-6093-9674,東京都新宿区新宿8丁目2番5号,新宿区,東京都,1600012,2023-02-24
8889,橋本健一,橋本健一8889@example.com,090-5781-6205,北海道札幌市中央区北1条西2丁目19番3号,札幌市中央区,北海道,0600037,2023-07-10
8890,田中雄一,田中雄一8890@icloud.com,090-6566-2635,京都府京都市中京区烏丸通10丁目6番8号,京都市中京区,京都府,6040033,2023-05-26
8891,池田真由美,池田真由美8891@yahoo.co.jp,090-1147-3175,京都府京都市中京区烏丸通4丁目1番6号,京都市中京区,京都府,6040012,2024-08-12
8892,岡田慎一,岡田慎一8892@outlook.com,090-3117-6593,兵庫県神戸市中央区三宮町3丁目17番3号,神戸市中央区,兵庫県,6500034,2024-01-06
8893,山本健太,山本健太8893@outlook.com,090-7397-7777,大阪府大阪市中央区本町10丁目19番6号,大阪市中央区,大阪府,5410028,2024-03-06
8894,加藤麻美,加藤麻美8894@icloud.com,090-4082-6360,京都府京都市中京区烏丸通5丁目14番8号,京都市中京区,京都府,6040029,2023-05-18
8895,岡田花子,岡田花子8895@yahoo.co.jp,090-9251-2484,東京都新宿区新宿4丁目27番4号,新宿区,東京都,1600021,2024-01-22
8896,前田恵子,前田恵子8896@outlook.com,090-2813-5267,北海道札幌市北区北6条西7丁目15番2号,札幌市北区,北海道,0600024,2024-02-15
8897,中村達也,中村達也8897@icloud.com,090-7310-1875,埼玉県さいたま市浦和区高砂6丁目9番10号,さいたま市浦和区,埼玉県,3300036,2023-02-08
8898,池田優子,池田優子8898@outlook.com,090-1667-1666,神奈川県横浜市西区みなとみらい9丁目27番9号,横浜市西区,神奈川県,2200003,2024-02-04
8899,斎藤千佳,斎藤千佳8899@outlook.com,090-1322-2453,埼玉県さいたま市浦和区高砂3丁目19番5号,さいたま市浦和区,埼玉県,3300031,2023-12-25
8900,池田誠,池田誠8900@icloud.com,090-6326-9304,埼玉県さいたま市浦和区高砂6丁目2番5号,さいたま市浦和区,埼玉県,3300033,2024-07-24
8901,藤原美咲,藤原美咲8901@outlook.com,090-6915-3812,愛知県名古屋市西区名駅4丁目22番7号,名古屋市西区,愛知県,4510041,2023-12-04
8902,池田太郎,池田太郎8902@icloud.com,090-1080-2360,東京都千代田区丸の内9丁目16番7号,千代田区,東京都,1000006,2023-07-23
8903,前田愛,前田愛8903@yahoo.co.jp,090-4661-3486,東京都千代田区丸の内10丁目14番5号,千代田区,東京都,1000015,2023-11-11
8904,橋本雄一,橋本雄一8904@example.com,090-9743-8656,兵庫県神戸市灘区灘南通7丁目7番7号,神戸市灘区,兵庫県,6570013,2023-10-24
8905,山田優子,山田優子8905@example.com,090-7263-2291,埼玉県さいたま市大宮区大宮4丁目6番1号,さいたま市大宮区,埼玉県,3300017,2023-08-18
8906,松本翔太,松本翔太8906@example.com,090-1229-9621,神奈川県横浜市西区みなとみらい3丁目15番4号,横浜市西区,神奈川県,2200001,2023-11-26
8907,小林雄一,小林雄一8907@yahoo.co.jp,090-9101-6484,兵庫県神戸市灘区灘南通8丁目30番4号,神戸市灘区,兵庫県,6570034,2024-03-08
8908,渡辺恵子,渡辺恵子8908@yahoo.co.jp,090-6199-8629,北海道札幌市中央区北1条西1丁目28番5号,札幌市中央区,北海道,0600039,2024-09-27
8909,木村千佳,木村千佳8909@outlook.com,090-7339-4844,兵庫県神戸市中央区三宮町6丁目16番5号,神戸市中央区,兵庫県,6500031,2024-03-04
8910,前田健太,前田健太8910@icloud.com,090-4159-8424,大阪府大阪市中央区本町10丁目2番10号,大阪市中央区,大阪府,5410034,2023-08-15
8911,井上健太,井上健太8911@example.com,090-6394-3830,神奈川県横浜市西区みなとみらい1丁目13番3号,横浜市西区,神奈川県,2200035,2024-06-21
8912,藤井美香,藤井美香8912@yahoo.co.jp,090-1618-6313,東京都千代田区丸の内2丁目29番10号,千代田区,東京都,1000019,2023-03-27
8913,小林由美,小林由美8913@outlook.com,090-2390-4388,東京都新宿区新宿2丁目4番3号,新宿区,東京都,1600019,2023-01-26
8914,斎藤美穂,斎藤美穂8914@outlook.com,090-5355-2275,大阪府大阪市中央区本町4丁目22番6号,大阪市中央区,大阪府,5410036,2023-05-08
8915,松本亮,松本亮8915@yahoo.co.jp,090-2966-1441,大阪府大阪市北区梅田3丁目2番7号,大阪市北区,大阪府,5300005,2023-09-26
8916,渡辺美穂,渡辺美穂8916@outlook.com,090-8936-1857,福岡県福岡市博多区博多駅前10丁目17番1号,福岡市博多区,福岡県,8120019,2024-01-07
8917,山田一郎,山田一郎8917@gmail.com,090-4625-1434,東京都渋谷区渋谷6丁目3番8号,渋谷区,東京都,1500031,2024-07-27
8918,遠藤さくら,遠藤さくら8918@example.com,090-3802-6715,大阪府大阪市北区梅田7丁目13番7号,大阪市北区,大阪府,5300011,2023-03-22
8919,加藤翔太,加藤翔太8919@icloud.com,090-9846-1556,大阪府大阪市北区梅田4丁目26番9号,大阪市北区,大阪府,5300019,2024-11-26
8920,前田智子,前田智子8920@icloud.com,090-2598-3264,愛知県名古屋市中区錦4丁目24番4号,名古屋市中区,愛知県,4600001,2023-06-07
8921,中村美穂,中村美穂8921@yahoo.co.jp,090-6994-4428,兵庫県神戸市灘区灘南通6丁目28番4号,神戸市灘区,兵庫県,6570013,2024-02-11
8922,山本智子,山本智子8922@example.com,090-9388-3783,愛知県名古屋市中区錦9丁目29番5号,名古屋市中区,愛知県,4600002,2023-12-06
8923,吉田千佳,吉田千佳8923@icloud.com,090-8376-2169,京都府京都市下京区四条通9丁目27番10号,京都市下京区,京都府,6000008,2023-07-19
8924,石川美咲,石川美咲8924@example.com,090-5382-5975,大阪府大阪市中央区本町8丁目30番1号,大阪市中央区,大阪府,5410021,2024-05-21
8925,井上太郎,井上太郎8925@example.com,090-5669-9707,千葉県千葉市中央区中央3丁目10番3号,千葉市中央区,千葉県,2600003,2024-03-29
8926,山田翔太,山田翔太8926@example.com,090-5719-8484,兵庫県神戸市灘区灘南通8丁目29番5号,神戸市灘区,兵庫県,6570006,2024-10-01
8927,池田千佳,池田千佳8927@yahoo.co.jp,090-1335-6863,兵庫県神戸市中央区三宮町3丁目9番10号,神戸市中央区,兵庫県,6500033,2023-12-19
8928,渡辺大輔,渡辺大輔8928@yahoo.co.jp,090-1219-6614,兵庫県神戸市灘区灘南通6丁目5番5号,神戸市灘区,兵庫県,6570025,2023-11-20
8929,橋本真由美,橋本真由美8929@yahoo.co.jp,090-2805-5556,神奈川県横浜市中区本町9丁目20番8号,横浜市中区,神奈川県,2310017,2024-02-14
8930,村上さくら,村上さくら8930@gmail.com,090-9375-5805,兵庫県神戸市中央区三宮町8丁目24番7号,神戸市中央区,兵庫県,6500011,2024-11-16
8931,佐藤香織,佐藤香織8931@outlook.com,090-1068-5161,神奈川県横浜市西区みなとみらい8丁目26番9号,横浜市西区,神奈川県,2200005,2024-05-23
8932,前田直樹,前田直樹8932@icloud.com,090-8177-8930,福岡県福岡市博多区博多駅前10丁目26番1号,福岡市博多区,福岡県,8120016,2024-11-24
8933,吉田美香,吉田美香8933@gmail.com,090-7265-5062,神奈川県横浜市中区本町1丁目3番6号,横浜市中区,神奈川県,2310033,2023-03-26
8934,渡辺亮,渡辺亮8934@outlook.com,090-2245-7932,福岡県福岡市博多区博多駅前7丁目6番10号,福岡市博多区,福岡県,8120015,2023-03-15
8935,池田誠,池田誠8935@icloud.com,090-4339-8479,埼玉県さいたま市大宮区大宮1丁目24番2号,さいたま市大宮区,埼玉県,3300012,2023-10-04
8936,藤原拓也,藤原拓也8936@icloud.com,090-9920-2436,京都府京都市下京区四条通10丁目9番3号,京都市下京区,京都府,6000039,2023-01-08
8937,松本麻美,松本麻美8937@outlook.com,090-7537-2955,大阪府大阪市中央区本町2丁目12番5号,大阪市中央区,大阪府,5410004,2024-07-03
8938,青木三郎,青木三郎8938@gmail.com,090-9507-8203,北海道札幌市北区北6条西7丁目1番6号,札幌市北区,北海道,0600005,2024-04-16
8939,遠藤優子,遠藤優子8939@yahoo.co.jp,090-2371-5246,千葉県千葉市美浜区美浜6丁目27番7号,千葉市美浜区,千葉県,2610009,2023-11-08
8940,加藤愛,加藤愛8940@example.com,090-4929-6409,千葉県千葉市美浜区美浜10丁目15番7号,千葉市美浜区,千葉県,2610021,2024-09-10
8941,加藤大輔,加藤大輔8941@icloud.com,090-9516-3214,北海道札幌市中央区北1条西7丁目13番2号,札幌市中央区,北海道,0600026,2023-05-14
8942,高橋太郎,高橋太郎8942@outlook.com,090-5682-6015,東京都新宿区新宿1丁目14番4号,新宿区,東京都,1600019,2024-11-20
8943,岡田一郎,岡田一郎8943@yahoo.co.jp,090-3375-1256,兵庫県神戸市中央区三宮町9丁目6番3号,神戸市中央区,兵庫県,6500036,2023-06-11
8944,橋本麻美,橋本麻美8944@outlook.com,090-7018-4598,福岡県福岡市中央区天神10丁目12番4号,福岡市中央区,福岡県,8100002,2023-07-17
8945,近藤慎一,近藤慎一8945@gmail.com,090-9000-2828,神奈川県横浜市中区本町2丁目27番2号,横浜市中区,神奈川県,2310007,2023-12-24
8946,木村亮,木村亮8946@gmail.com,090-4062-5279,埼玉県さいたま市大宮区大宮10丁目15番4号,さいたま市大宮区,埼玉県,3300020,2024-03-25
8947,藤原麻衣,藤原麻衣8947@gmail.com,090-4821-5827,東京都千代田区丸の内4丁目3番1号,千代田区,東京都,1000014,2024-03-17
8948,佐藤智子,佐藤智子8948@example.com,090-6066-3006,北海道札幌市中央区北1条西8丁目17番5号,札幌市中央区,北海道,0600004,2023-07-13
8949,石川三郎,石川三郎8949@example.com,090-8541-3657,京都府京都市中京区烏丸通3丁目2番4号,京都市中京区,京都府,6040023,2024-12-30
8950,池田美穂,池田美穂8950@example.com,090-5917-6781,兵庫県神戸市中央区三宮町10丁目3番1号,神戸市中央区,兵庫県,6500002,2023-09-28
8951,山田剛,山田剛8951@icloud.com,090-8270-2961,東京都千代田区丸の内5丁目7番4号,千代田区,東京都,1000007,2024-11-10
8952,佐藤翔太,佐藤翔太8952@gmail.com,090-8649-8508,大阪府大阪市中央区本町6丁目17番2号,大阪市中央区,大阪府,5410015,2023-04-24
8953,佐藤美香,佐藤美香8953@gmail.com,090-9259-3143,埼玉県さいたま市大宮区大宮7丁目5番8号,さいたま市大宮区,埼玉県,3300017,2023-04-26
8954,森田達也,森田達也8954@yahoo.co.jp,090-6592-9394,兵庫県神戸市灘区灘南通4丁目7番2号,神戸市灘区,兵庫県,6570007,2023-07-31
8955,伊藤太郎,伊藤太郎8955@gmail.com,090-7889-8279,神奈川県横浜市中区本町5丁目15番6号,横浜市中区,神奈川県,2310004,2023-02-15
8956,伊藤優子,伊藤優子8956@example.com,090-8150-6825,神奈川県横浜市中区本町8丁目23番2号,横浜市中区,神奈川県,2310013,2023-04-06
8957,伊藤健太,伊藤健太8957@example.com,090-2141-9626,東京都千代田区丸の内5丁目3番9号,千代田区,東京都,1000020,2024-02-26
8958,斎藤和也,斎藤和也8958@yahoo.co.jp,090-4601-8983,神奈川県横浜市中区本町3丁目29番1号,横浜市中区,神奈川県,2310018,2024-01-23
8959,伊藤健一,伊藤健一8959@example.com,090-2636-5857,福岡県福岡市博多区博多駅前5丁目16番4号,福岡市博多区,福岡県,8120001,2023-11-03
8960,坂本麻美,坂本麻美8960@outlook.com,090-3759-6608,埼玉県さいたま市浦和区高砂2丁目28番3号,さいたま市浦和区,埼玉県,3300019,2023-11-14
8961,藤井和也,藤井和也8961@yahoo.co.jp,090-6233-2908,東京都渋谷区渋谷10丁目19番6号,渋谷区,東京都,1500037,2023-03-07
8962,遠藤一郎,遠藤一郎8962@icloud.com,090-7774-7644,千葉県千葉市中央区中央7丁目21番2号,千葉市中央区,千葉県,2600005,2023-02-22
8963,小林愛,小林愛8963@example.com,090-2935-5320,東京都新宿区新宿2丁目25番2号,新宿区,東京都,1600008,2023-11-28
8964,斎藤翔太,斎藤翔太8964@gmail.com,090-6014-5348,兵庫県神戸市灘区灘南通8丁目20番10号,神戸市灘区,兵庫県,6570001,2024-09-24
8965,中村誠,中村誠8965@example.com,090-1022-6649,兵庫県神戸市中央区三宮町5丁目15番5号,神戸市中央区,兵庫県,6500009,2023-09-18
8966,近藤雄一,近藤雄一8966@example.com,090-6970-6661,北海道札幌市北区北6条西7丁目9番7号,札幌市北区,北海道,0600024,2024-11-23
8967,鈴木剛,鈴木剛8967@outlook.com,090-6438-3513,千葉県千葉市美浜区美浜2丁目28番3号,千葉市美浜区,千葉県,2610025,2024-01-01
8968,林直樹,林直樹8968@icloud.com,090-5730-9617,神奈川県横浜市中区本町6丁目8番3号,横浜市中区,神奈川県,2310036,2024-08-12
8969,石川和也,石川和也8969@icloud.com,090-6797-8750,東京都新宿区新宿7丁目24番10号,新宿区,東京都,1600015,2024-03-02
8970,長谷川真由美,長谷川真由美8970@gmail.com,090-3568-6701,京都府京都市下京区四条通1丁目11番4号,京都市下京区,京都府,6000007,2024-03-14
8971,鈴木愛,鈴木愛8971@icloud.com,090-6179-5047,東京都渋谷区渋谷8丁目12番9号,渋谷区,東京都,1500039,2023-10-30
8972,近藤正,近藤正8972@icloud.com,090-1483-9873,京都府京都市中京区烏丸通3丁目27番10号,京都市中京区,京都府,6040016,2023-09-14
8973,渡辺健太,渡辺健太8973@outlook.com,090-1627-4797,京都府京都市中京区烏丸通3丁目28番7号,京都市中京区,京都府,6040006,2023-03-26
8974,池田美穂,池田美穂8974@icloud.com,090-7363-5382,千葉県千葉市美浜区美浜7丁目13番5号,千葉市美浜区,千葉県,2610031,2023-03-24
8975,伊藤香織,伊藤香織8975@example.com,090-2633-1627,東京都千代田区丸の内6丁目13番4号,千代田区,東京都,1000009,2023-11-17
8976,遠藤香織,遠藤香織8976@outlook.com,090-2444-4639,福岡県福岡市中央区天神4丁目19番9号,福岡市中央区,福岡県,8100031,2023-12-10
8977,田中恵子,田中恵子8977@outlook.com,090-4259-3301,神奈川県横浜市西区みなとみらい7丁目3番1号,横浜市西区,神奈川県,2200010,2023-09-04
8978,近藤翔太,近藤翔太8978@icloud.com,090-7997-1290,兵庫県神戸市中央区三宮町9丁目7番8号,神戸市中央区,兵庫県,6500012,2024-10-30
8979,鈴木麻衣,鈴木麻衣8979@icloud.com,090-6975-8531,東京都渋谷区渋谷9丁目14番1号,渋谷区,東京都,1500034,2024-09-24
8980,池田大輔,池田大輔8980@example.com,090-9417-1182,京都府京都市中京区烏丸通6丁目22番6号,京都市中京区,京都府,6040020,2024-01-22
8981,吉田美穂,吉田美穂8981@icloud.com,090-2387-5685,埼玉県さいたま市浦和区高砂1丁目14番3号,さいたま市浦和区,埼玉県,3300002,2023-11-24
8982,高橋翔太,高橋翔太8982@yahoo.co.jp,090-9510-4542,大阪府大阪市北区梅田2丁目20番6号,大阪市北区,大阪府,5300002,2024-04-10
8983,藤原正,藤原正8983@example.com,090-5944-7758,東京都新宿区新宿6丁目26番2号,新宿区,東京都,1600006,2023-04-09
8984,中村香織,中村香織8984@example.com,090-4090-5560,千葉県千葉市美浜区美浜6丁目14番3号,千葉市美浜区,千葉県,2610025,2024-07-06
8985,長谷川美穂,長谷川美穂8985@outlook.com,090-8305-8488,神奈川県横浜市中区本町10丁目1番6号,横浜市中区,神奈川県,2310021,2023-10-12
8986,田中誠,田中誠8986@example.com,090-1122-7607,東京都新宿区新宿6丁目5番9号,新宿区,東京都,1600003,2024-03-19
8987,佐藤亮,佐藤亮8987@gmail.com,090-2301-7042,埼玉県さいたま市浦和区高砂5丁目30番5号,さいたま市浦和区,埼玉県,3300002,2023-09-01
8988,吉田由美子,吉田由美子8988@example.com,090-3104-7489,愛知県名古屋市中区錦2丁目4番9号,名古屋市中区,愛知県,4600002,2023-10-15
8989,鈴木愛,鈴木愛8989@outlook.com,090-5271-3687,北海道札幌市中央区北1条西6丁目27番2号,札幌市中央区,北海道,0600017,2023-04-06
8990,高橋千佳,高橋千佳8990@yahoo.co.jp,090-2062-5828,大阪府大阪市北区梅田1丁目7番2号,大阪市北区,大阪府,5300003,2024-05-28
8991,前田正,前田正8991@yahoo.co.jp,090-1266-3749,京都府京都市下京区四条通9丁目9番9号,京都市下京区,京都府,6000007,2023-02-14
8992,加藤智子,加藤智子8992@example.com,090-1331-4250,千葉県千葉市美浜区美浜7丁目18番6号,千葉市美浜区,千葉県,2610014,2023-04-21
8993,鈴木麻美,鈴木麻美8993@icloud.com,090-6376-6856,千葉県千葉市中央区中央9丁目14番4号,千葉市中央区,千葉県,2600040,2023-04-23
8994,松本由美,松本由美8994@gmail.com,090-4767-7292,千葉県千葉市中央区中央7丁目24番1号,千葉市中央区,千葉県,2600013,2023-05-15
8995,岡田和也,岡田和也8995@icloud.com,090-4690-2274,兵庫県神戸市灘区灘南通6丁目6番6号,神戸市灘区,兵庫県,6570012,2024-07-05
8996,村上三郎,村上三郎8996@yahoo.co.jp,090-2530-1576,福岡県福岡市博多区博多駅前9丁目16番6号,福岡市博多区,福岡県,8120012,2024-02-10
8997,山本剛,山本剛8997@example.com,090-9926-3342,兵庫県神戸市中央区三宮町1丁目22番5号,神戸市中央区,兵庫県,6500010,2024-07-30
8998,前田次郎,前田次郎8998@yahoo.co.jp,090-7621-9768,京都府京都市中京区烏丸通6丁目2番10号,京都市中京区,京都府,6040034,2024-12-17
8999,田中健太,田中健太8999@icloud.com,090-6261-9807,埼玉県さいたま市浦和区高砂7丁目5番10号,さいたま市浦和区,埼玉県,3300011,2023-09-20
9000,伊藤三郎,伊藤三郎9000@icloud.com,090-4802-1270,大阪府大阪市北区梅田1丁目17番8号,大阪市北区,大阪府,5300009,2023-09-11
9001,石川恵子,石川恵子9001@example.com,090-1514-9848,大阪府大阪市中央区本町8丁目25番3号,大阪市中央区,大阪府,5410028,2024-04-10
9002,鈴木美穂,鈴木美穂9002@outlook.com,090-2117-5110,兵庫県神戸市灘区灘南通9丁目2番5号,神戸市灘区,兵庫県,6570039,2024-09-22
9003,森田誠,森田誠9003@yahoo.co.jp,090-7183-6611,兵庫県神戸市灘区灘南通4丁目3番8号,神戸市灘区,兵庫県,6570037,2023-02-07
9004,佐藤次郎,佐藤次郎9004@example.com,090-5606-5054,兵庫県神戸市灘区灘南通10丁目18番4号,神戸市灘区,兵庫県,6570040,2023-11-07
9005,青木慎一,青木慎一9005@icloud.com,090-1210-5898,千葉県千葉市中央区中央1丁目2番1号,千葉市中央区,千葉県,2600006,2023-04-30
9006,石川剛,石川剛9006@gmail.com,090-5470-2583,兵庫県神戸市中央区三宮町4丁目11番5号,神戸市中央区,兵庫県,6500002,2023-03-03
9007,渡辺美香,渡辺美香9007@outlook.com,090-3824-1290,千葉県千葉市中央区中央8丁目20番8号,千葉市中央区,千葉県,2600008,2023-01-27
9008,藤原さくら,藤原さくら9008@yahoo.co.jp,090-4259-6674,東京都千代田区丸の内6丁目5番4号,千代田区,東京都,1000013,2024-06-09
9009,青木香織,青木香織9009@icloud.com,090-6569-5100,愛知県名古屋市西区名駅5丁目19番1号,名古屋市西区,愛知県,4510025,2023-02-20
9010,池田由美,池田由美9010@icloud.com,090-3550-7746,京都府京都市下京区四条通8丁目21番6号,京都市下京区,京都府,6000038,2024-09-13
9011,小林由美,小林由美9011@yahoo.co.jp,090-7976-1285,愛知県名古屋市中区錦5丁目26番1号,名古屋市中区,愛知県,4600008,2023-09-16
9012,後藤誠,後藤誠9012@outlook.com,090-8375-3017,東京都渋谷区渋谷5丁目13番7号,渋谷区,東京都,1500034,2023-05-04
9013,後藤愛,後藤愛9013@icloud.com,090-6454-3803,埼玉県さいたま市大宮区大宮9丁目24番7号,さいたま市大宮区,埼玉県,3300016,2024-07-25
9014,後藤翔太,後藤翔太9014@example.com,090-8656-2968,神奈川県横浜市西区みなとみらい5丁目22番4号,横浜市西区,神奈川県,2200004,2023-11-26
9015,橋本由美子,橋本由美子9015@outlook.com,090-4017-3108,京都府京都市中京区烏丸通5丁目9番8号,京都市中京区,京都府,6040026,2023-05-27
9016,田中美穂,田中美穂9016@gmail.com,090-5675-2169,福岡県福岡市中央区天神2丁目10番1号,福岡市中央区,福岡県,8100037,2024-01-17
9017,村上直樹,村上直樹9017@example.com,090-5277-3463,京都府京都市中京区烏丸通2丁目2番3号,京都市中京区,京都府,6040007,2024-11-25
9018,木村美穂,木村美穂9018@yahoo.co.jp,090-3854-8798,兵庫県神戸市中央区三宮町8丁目1番6号,神戸市中央区,兵庫県,6500041,2024-08-06
9019,山本剛,山本剛9019@example.com,090-7430-1245,福岡県福岡市中央区天神9丁目3番6号,福岡市中央区,福岡県,8100014,2024-11-23
9020,近藤花子,近藤花子9020@yahoo.co.jp,090-8903-4508,北海道札幌市中央区北1条西1丁目4番6号,札幌市中央区,北海道,0600027,2024-07-25
9021,後藤美咲,後藤美咲9021@icloud.com,090-3821-5383,京都府京都市中京区烏丸通10丁目20番10号,京都市中京区,京都府,6040034,2024-03-23
9022,伊藤真由美,伊藤真由美9022@icloud.com,090-5915-6175,京都府京都市下京区四条通1丁目12番9号,京都市下京区,京都府,6000007,2024-11-12
9023,加藤雄一,加藤雄一9023@outlook.com,090-4415-1181,埼玉県さいたま市大宮区大宮3丁目6番10号,さいたま市大宮区,埼玉県,3300032,2024-12-20
9024,伊藤正,伊藤正9024@example.com,090-7418-1831,神奈川県横浜市西区みなとみらい2丁目13番4号,横浜市西区,神奈川県,2200005,2023-04-02
9025,佐藤麻美,佐藤麻美9025@yahoo.co.jp,090-1403-9598,神奈川県横浜市中区本町9丁目21番2号,横浜市中区,神奈川県,2310025,2023-05-18
9026,木村花子,木村花子9026@yahoo.co.jp,090-4702-6498,京都府京都市下京区四条通8丁目15番3号,京都市下京区,京都府,6000031,2024-09-08
9027,山本恵子,山本恵子9027@outlook.com,090-8597-3359,埼玉県さいたま市大宮区大宮2丁目12番6号,さいたま市大宮区,埼玉県,3300033,2024-08-01
9028,橋本千佳,橋本千佳9028@gmail.com,090-1462-5375,東京都新宿区新宿1丁目30番6号,新宿区,東京都,1600002,2024-04-12
9029,長谷川愛,長谷川愛9029@gmail.com,090-9386-9232,京都府京都市中京区烏丸通2丁目23番10号,京都市中京区,京都府,6040033,2023-12-04
9030,村上由美子,村上由美子9030@outlook.com,090-6251-6991,京都府京都市下京区四条通6丁目6番3号,京都市下京区,京都府,6000028,2023-08-12
9031,前田亮,前田亮9031@outlook.com,090-9052-1827,東京都新宿区新宿7丁目1番8号,新宿区,東京都,1600007,2023-03-10
9032,橋本正,橋本正9032@icloud.com,090-4661-1809,神奈川県横浜市西区みなとみらい4丁目18番10号,横浜市西区,神奈川県,2200037,2023-12-13
9033,青木三郎,青木三郎9033@example.com,090-8286-1963,愛知県名古屋市西区名駅5丁目23番9号,名古屋市西区,愛知県,4510012,2023-02-25
9034,後藤麻衣,後藤麻衣9034@icloud.com,090-5404-4883,京都府京都市下京区四条通10丁目3番7号,京都市下京区,京都府,6000022,2024-11-13
9035,加藤健太,加藤健太9035@example.com,090-8798-2721,兵庫県神戸市灘区灘南通6丁目15番10号,神戸市灘区,兵庫県,6570015,2024-11-05
9036,山本正,山本正9036@yahoo.co.jp,090-7693-6873,大阪府大阪市北区梅田5丁目22番6号,大阪市北区,大阪府,5300005,2024-01-05
9037,藤原直樹,藤原直樹9037@icloud.com,090-5331-5883,東京都千代田区丸の内4丁目24番2号,千代田区,東京都,1000016,2023-10-17
9038,森田千佳,森田千佳9038@gmail.com,090-7341-7819,京都府京都市中京区烏丸通10丁目15番2号,京都市中京区,京都府,6040005,2024-12-17
9039,佐藤優子,佐藤優子9039@yahoo.co.jp,090-1812-2403,大阪府大阪市中央区本町2丁目25番10号,大阪市中央区,大阪府,5410027,2024-11-21
9040,高橋亮,高橋亮9040@outlook.com,090-5737-9381,兵庫県神戸市灘区灘南通9丁目9番7号,神戸市灘区,兵庫県,6570032,2024-03-13
9041,後藤三郎,後藤三郎9041@icloud.com,090-4659-6270,東京都千代田区丸の内1丁目15番10号,千代田区,東京都,1000015,2024-11-11
9042,林慎一,林慎一9042@example.com,090-7998-8603,兵庫県神戸市灘区灘南通1丁目8番2号,神戸市灘区,兵庫県,6570031,2024-03-24
9043,山本翔太,山本翔太9043@outlook.com,090-8611-1325,兵庫県神戸市灘区灘南通1丁目22番10号,神戸市灘区,兵庫県,6570035,2024-02-02
9044,山本健一,山本健一9044@example.com,090-6003-4135,北海道札幌市北区北6条西2丁目14番5号,札幌市北区,北海道,0600041,2023-01-23
9045,岡田正,岡田正9045@example.com,090-4324-2325,愛知県名古屋市中区錦9丁目2番5号,名古屋市中区,愛知県,4600006,2024-06-19
9046,近藤翔太,近藤翔太9046@icloud.com,090-7986-2776,兵庫県神戸市中央区三宮町1丁目18番2号,神戸市中央区,兵庫県,6500037,2024-10-02
9047,高橋達也,高橋達也9047@outlook.com,090-8957-9097,北海道札幌市北区北6条西1丁目25番2号,札幌市北区,北海道,0600004,2024-08-14
9048,坂本雄一,坂本雄一9048@gmail.com,090-9857-8447,北海道札幌市北区北6条西5丁目2番5号,札幌市北区,北海道,0600016,2024-01-23
9049,森田翔太,森田翔太9049@yahoo.co.jp,090-3772-2921,東京都渋谷区渋谷6丁目19番3号,渋谷区,東京都,1500034,2023-11-27
9050,橋本美香,橋本美香9050@outlook.com,090-2862-4173,福岡県福岡市中央区天神1丁目30番2号,福岡市中央区,福岡県,8100029,2023-04-26
9051,藤井翔太,藤井翔太9051@example.com,090-8628-7687,千葉県千葉市美浜区美浜5丁目19番6号,千葉市美浜区,千葉県,2610001,2023-12-28
9052,松本健太,松本健太9052@icloud.com,090-8984-2987,福岡県福岡市博多区博多駅前10丁目2番5号,福岡市博多区,福岡県,8120019,2023-07-01
9053,佐藤花子,佐藤花子9053@outlook.com,090-1564-8478,兵庫県神戸市灘区灘南通10丁目17番3号,神戸市灘区,兵庫県,6570003,2024-07-31
9054,後藤達也,後藤達也9054@yahoo.co.jp,090-8438-8539,埼玉県さいたま市浦和区高砂8丁目18番1号,さいたま市浦和区,埼玉県,3300015,2024-11-11
9055,近藤達也,近藤達也9055@gmail.com,090-4139-5812,兵庫県神戸市中央区三宮町8丁目2番3号,神戸市中央区,兵庫県,6500021,2023-09-20
9056,松本拓也,松本拓也9056@yahoo.co.jp,090-9296-2118,北海道札幌市中央区北1条西7丁目20番1号,札幌市中央区,北海道,0600028,2023-05-10
9057,林健太,林健太9057@outlook.com,090-3718-8099,埼玉県さいたま市大宮区大宮9丁目7番2号,さいたま市大宮区,埼玉県,3300039,2023-07-19
9058,渡辺美香,渡辺美香9058@example.com,090-8089-8448,兵庫県神戸市灘区灘南通9丁目27番6号,神戸市灘区,兵庫県,6570014,2024-05-27
9059,坂本亮,坂本亮9059@yahoo.co.jp,090-3571-4600,東京都新宿区新宿2丁目29番4号,新宿区,東京都,1600016,2023-12-17
9060,木村次郎,木村次郎9060@outlook.com,090-1137-6871,北海道札幌市北区北6条西6丁目24番4号,札幌市北区,北海道,0600037,2024-12-08
9061,坂本香織,坂本香織9061@yahoo.co.jp,090-1180-3747,大阪府大阪市北区梅田2丁目29番3号,大阪市北区,大阪府,5300003,2023-10-16
9062,山田剛,山田剛9062@yahoo.co.jp,090-4433-7559,千葉県千葉市中央区中央6丁目22番9号,千葉市中央区,千葉県,2600003,2024-10-16
9063,森田美香,森田美香9063@outlook.com,090-2338-6614,北海道札幌市中央区北1条西2丁目22番6号,札幌市中央区,北海道,0600022,2024-07-31
9064,後藤花子,後藤花子9064@gmail.com,090-6859-8173,北海道札幌市北区北6条西3丁目12番4号,札幌市北区,北海道,0600023,2023-06-08
9065,遠藤拓也,遠藤拓也9065@yahoo.co.jp,090-8688-2793,東京都新宿区新宿7丁目14番6号,新宿区,東京都,1600001,2023-04-02
9066,藤井翔太,藤井翔太9066@outlook.com,090-6689-4684,福岡県福岡市博多区博多駅前6丁目12番3号,福岡市博多区,福岡県,8120013,2023-12-20
9067,岡田優子,岡田優子9067@gmail.com,090-1305-6427,愛知県名古屋市西区名駅10丁目27番2号,名古屋市西区,愛知県,4510038,2023-08-15
9068,木村次郎,木村次郎9068@yahoo.co.jp,090-2681-4901,福岡県福岡市博多区博多駅前9丁目5番2号,福岡市博多区,福岡県,8120020,2024-08-22
9069,田中由美子,田中由美子9069@yahoo.co.jp,090-4522-5861,兵庫県神戸市灘区灘南通4丁目4番5号,神戸市灘区,兵庫県,6570019,2024-11-30
9070,伊藤由美,伊藤由美9070@example.com,090-3283-2825,愛知県名古屋市中区錦6丁目18番10号,名古屋市中区,愛知県,4600002,2024-01-03
9071,長谷川次郎,長谷川次郎9071@icloud.com,090-2457-2092,大阪府大阪市北区梅田6丁目21番8号,大阪市北区,大阪府,5300009,2023-04-20
9072,林恵子,林恵子9072@icloud.com,090-6273-7188,神奈川県横浜市中区本町10丁目30番1号,横浜市中区,神奈川県,2310012,2023-01-07
9073,高橋美咲,高橋美咲9073@example.com,090-1408-9891,大阪府大阪市北区梅田10丁目14番6号,大阪市北区,大阪府,5300018,2023-02-14
9074,橋本和也,橋本和也9074@icloud.com,090-4337-6268,京都府京都市下京区四条通6丁目3番6号,京都市下京区,京都府,6000004,2023-10-25
9075,井上一郎,井上一郎9075@outlook.com,090-8752-2887,京都府京都市下京区四条通1丁目30番7号,京都市下京区,京都府,6000037,2023-04-28
9076,伊藤翔太,伊藤翔太9076@icloud.com,090-7929-6670,福岡県福岡市博多区博多駅前9丁目14番2号,福岡市博多区,福岡県,8120002,2024-10-12
9077,前田太郎,前田太郎9077@yahoo.co.jp,090-5684-3736,北海道札幌市中央区北1条西1丁目12番3号,札幌市中央区,北海道,0600006,2024-06-14
9078,中村和也,中村和也9078@yahoo.co.jp,090-2600-1589,福岡県福岡市中央区天神5丁目7番3号,福岡市中央区,福岡県,8100021,2023-11-19
9079,前田直樹,前田直樹9079@outlook.com,090-3553-9310,大阪府大阪市中央区本町1丁目15番5号,大阪市中央区,大阪府,5410033,2024-04-20
9080,加藤誠,加藤誠9080@icloud.com,090-8194-5294,埼玉県さいたま市浦和区高砂10丁目16番8号,さいたま市浦和区,埼玉県,3300032,2024-01-08
9081,坂本愛,坂本愛9081@yahoo.co.jp,090-9252-2565,大阪府大阪市中央区本町3丁目28番5号,大阪市中央区,大阪府,5410029,2023-10-25
9082,藤井翔太,藤井翔太9082@gmail.com,090-2496-4716,神奈川県横浜市中区本町2丁目14番7号,横浜市中区,神奈川県,2310034,2023-04-08
9083,高橋健太,高橋健太9083@yahoo.co.jp,090-5331-3322,兵庫県神戸市中央区三宮町4丁目29番2号,神戸市中央区,兵庫県,6500028,2024-08-15
9084,後藤達也,後藤達也9084@outlook.com,090-2129-7440,兵庫県神戸市灘区灘南通9丁目29番7号,神戸市灘区,兵庫県,6570023,2023-05-01
9085,斎藤花子,斎藤花子9085@yahoo.co.jp,090-8248-7151,兵庫県神戸市中央区三宮町3丁目16番4号,神戸市中央区,兵庫県,6500005,2024-09-18
9086,遠藤正,遠藤正9086@icloud.com,090-8174-9337,北海道札幌市中央区北1条西7丁目11番10号,札幌市中央区,北海道,0600005,2023-02-11
9087,吉田健太,吉田健太9087@example.com,090-7856-5572,福岡県福岡市中央区天神1丁目21番1号,福岡市中央区,福岡県,8100001,2024-07-16
9088,池田大輔,池田大輔9088@outlook.com,090-2815-6186,愛知県名古屋市西区名駅2丁目14番10号,名古屋市西区,愛知県,4510031,2023-01-10
9089,山田和也,山田和也9089@yahoo.co.jp,090-8254-5917,千葉県千葉市美浜区美浜1丁目6番5号,千葉市美浜区,千葉県,2610016,2024-06-05
9090,長谷川一郎,長谷川一郎9090@gmail.com,090-9204-2926,福岡県福岡市中央区天神4丁目10番10号,福岡市中央区,福岡県,8100026,2023-06-03
9091,池田花子,池田花子9091@outlook.com,090-3266-4403,神奈川県横浜市中区本町1丁目29番10号,横浜市中区,神奈川県,2310034,2023-04-24
9092,森田麻美,森田麻美9092@outlook.com,090-9020-3190,埼玉県さいたま市大宮区大宮1丁目4番2号,さいたま市大宮区,埼玉県,3300037,2024-08-19
9093,伊藤正,伊藤正9093@icloud.com,090-4516-4474,神奈川県横浜市西区みなとみらい4丁目21番10号,横浜市西区,神奈川県,2200002,2023-09-18
9094,伊藤翔太,伊藤翔太9094@example.com,090-3138-8583,千葉県千葉市中央区中央1丁目15番10号,千葉市中央区,千葉県,2600033,2024-06-03
9095,藤井由美,藤井由美9095@yahoo.co.jp,090-1504-3713,北海道札幌市中央区北1条西9丁目3番1号,札幌市中央区,北海道,0600034,2024-09-04
9096,岡田香織,岡田香織9096@gmail.com,090-3954-7221,千葉県千葉市中央区中央7丁目10番2号,千葉市中央区,千葉県,2600021,2023-03-04
9097,渡辺翔太,渡辺翔太9097@outlook.com,090-1231-1591,兵庫県神戸市灘区灘南通7丁目3番1号,神戸市灘区,兵庫県,6570032,2024-09-23
9098,前田正,前田正9098@yahoo.co.jp,090-5235-8500,北海道札幌市北区北6条西6丁目29番2号,札幌市北区,北海道,0600005,2024-07-24
9099,松本雄一,松本雄一9099@gmail.com,090-3305-4322,千葉県千葉市中央区中央8丁目8番4号,千葉市中央区,千葉県,2600018,2024-03-24
9100,佐藤香織,佐藤香織9100@example.com,090-1171-3801,北海道札幌市北区北6条西3丁目8番5号,札幌市北区,北海道,0600001,2023-12-27
9101,鈴木健一,鈴木健一9101@yahoo.co.jp,090-5669-7190,大阪府大阪市北区梅田9丁目17番3号,大阪市北区,大阪府,5300012,2024-10-15
9102,佐藤拓也,佐藤拓也9102@yahoo.co.jp,090-4628-8042,北海道札幌市北区北6条西3丁目7番10号,札幌市北区,北海道,0600002,2023-01-24
9103,山本和也,山本和也9103@yahoo.co.jp,090-4111-2565,兵庫県神戸市中央区三宮町2丁目7番2号,神戸市中央区,兵庫県,6500017,2024-10-18
9104,鈴木香織,鈴木香織9104@yahoo.co.jp,090-4042-6925,愛知県名古屋市中区錦4丁目4番5号,名古屋市中区,愛知県,4600003,2024-04-19
9105,中村三郎,中村三郎9105@example.com,090-4234-7830,大阪府大阪市北区梅田5丁目25番6号,大阪市北区,大阪府,5300018,2023-01-06
9106,林翔太,林翔太9106@gmail.com,090-9896-1044,大阪府大阪市中央区本町4丁目2番8号,大阪市中央区,大阪府,5410001,2024-09-26
9107,木村美咲,木村美咲9107@example.com,090-9450-8474,神奈川県横浜市中区本町1丁目14番4号,横浜市中区,神奈川県,2310007,2024-07-08
9108,渡辺太郎,渡辺太郎9108@icloud.com,090-4964-7973,兵庫県神戸市灘区灘南通3丁目30番7号,神戸市灘区,兵庫県,6570019,2023-01-24
9109,遠藤和也,遠藤和也9109@icloud.com,090-8952-3845,京都府京都市中京区烏丸通3丁目24番1号,京都市中京区,京都府,6040001,2023-11-22
9110,林誠,林誠9110@yahoo.co.jp,090-7852-7514,愛知県名古屋市西区名駅8丁目2番10号,名古屋市西区,愛知県,4510018,2023-03-20
9111,田中太郎,田中太郎9111@yahoo.co.jp,090-2102-7043,東京都千代田区丸の内6丁目23番5号,千代田区,東京都,1000017,2024-10-05
9112,坂本翔太,坂本翔太9112@yahoo.co.jp,090-6999-3040,愛知県名古屋市西区名駅1丁目16番2号,名古屋市西区,愛知県,4510005,2023-10-23
9113,吉田達也,吉田達也9113@yahoo.co.jp,090-3122-3432,北海道札幌市中央区北1条西3丁目2番5号,札幌市中央区,北海道,0600006,2023-07-16
9114,斎藤一郎,斎藤一郎9114@gmail.com,090-9174-8353,大阪府大阪市中央区本町7丁目15番5号,大阪市中央区,大阪府,5410037,2023-03-07
9115,橋本香織,橋本香織9115@gmail.com,090-5376-9058,愛知県名古屋市中区錦7丁目13番2号,名古屋市中区,愛知県,4600002,2024-04-15
9116,中村直樹,中村直樹9116@example.com,090-4571-8390,埼玉県さいたま市大宮区大宮9丁目11番5号,さいたま市大宮区,埼玉県,3300030,2024-01-31
9117,斎藤真由美,斎藤真由美9117@yahoo.co.jp,090-8760-3974,大阪府大阪市中央区本町4丁目25番6号,大阪市中央区,大阪府,5410023,2023-07-30
9118,青木千佳,青木千佳9118@outlook.com,090-7091-2345,大阪府大阪市北区梅田9丁目12番6号,大阪市北区,大阪府,5300014,2023-01-20
9119,藤井三郎,藤井三郎9119@outlook.com,090-3096-1395,京都府京都市下京区四条通10丁目25番8号,京都市下京区,京都府,6000003,2024-07-13
9120,青木麻美,青木麻美9120@outlook.com,090-6569-4648,神奈川県横浜市西区みなとみらい4丁目17番7号,横浜市西区,神奈川県,2200031,2024-09-18
9121,石川真由美,石川真由美9121@icloud.com,090-8327-3450,京都府京都市下京区四条通5丁目21番10号,京都市下京区,京都府,6000041,2024-06-26
9122,鈴木大輔,鈴木大輔9122@yahoo.co.jp,090-9399-8717,北海道札幌市中央区北1条西10丁目16番4号,札幌市中央区,北海道,0600033,2024-03-10
9123,中村真由美,中村真由美9123@outlook.com,090-3350-9144,東京都千代田区丸の内9丁目16番3号,千代田区,東京都,1000006,2024-04-07
9124,伊藤真由美,伊藤真由美9124@example.com,090-6456-9477,愛知県名古屋市西区名駅9丁目15番8号,名古屋市西区,愛知県,4510028,2024-10-09
9125,渡辺正,渡辺正9125@icloud.com,090-9607-4661,兵庫県神戸市中央区三宮町9丁目5番4号,神戸市中央区,兵庫県,6500010,2023-04-03
9126,加藤智子,加藤智子9126@outlook.com,090-1505-2469,兵庫県神戸市中央区三宮町4丁目11番9号,神戸市中央区,兵庫県,6500008,2023-01-10
9127,山田健太,山田健太9127@outlook.com,090-9336-7814,千葉県千葉市美浜区美浜8丁目15番6号,千葉市美浜区,千葉県,2610027,2024-05-26
9128,前田達也,前田達也9128@icloud.com,090-5331-3029,北海道札幌市北区北6条西1丁目12番5号,札幌市北区,北海道,0600038,2023-11-24
9129,井上翔太,井上翔太9129@gmail.com,090-1705-6551,神奈川県横浜市中区本町10丁目28番2号,横浜市中区,神奈川県,2310010,2024-09-08
9130,井上拓也,井上拓也9130@outlook.com,090-9102-2679,神奈川県横浜市中区本町9丁目29番10号,横浜市中区,神奈川県,2310028,2023-12-04
9131,藤井達也,藤井達也9131@icloud.com,090-9905-3084,北海道札幌市北区北6条西4丁目6番6号,札幌市北区,北海道,0600031,2024-09-09
9132,小林次郎,小林次郎9132@icloud.com,090-8066-1036,兵庫県神戸市灘区灘南通2丁目22番4号,神戸市灘区,兵庫県,6570004,2023-11-19
9133,渡辺由美子,渡辺由美子9133@example.com,090-2393-6193,兵庫県神戸市中央区三宮町10丁目4番1号,神戸市中央区,兵庫県,6500031,2023-05-22
9134,藤原達也,藤原達也9134@gmail.com,090-9614-3721,兵庫県神戸市中央区三宮町7丁目1番5号,神戸市中央区,兵庫県,6500010,2024-01-27
9135,近藤健太,近藤健太9135@icloud.com,090-7311-1071,千葉県千葉市中央区中央5丁目23番6号,千葉市中央区,千葉県,2600008,2024-06-20
9136,後藤麻美,後藤麻美9136@yahoo.co.jp,090-2968-3829,兵庫県神戸市中央区三宮町10丁目24番10号,神戸市中央区,兵庫県,6500021,2023-06-12
9137,前田智子,前田智子9137@gmail.com,090-4615-9184,京都府京都市下京区四条通9丁目22番10号,京都市下京区,京都府,6000021,2023-06-29
9138,藤井大輔,藤井大輔9138@example.com,090-5302-8964,千葉県千葉市中央区中央5丁目13番5号,千葉市中央区,千葉県,2600016,2024-02-26
9139,佐藤麻美,佐藤麻美9139@outlook.com,090-8918-8992,京都府京都市中京区烏丸通8丁目28番7号,京都市中京区,京都府,6040026,2024-09-26
9140,木村麻衣,木村麻衣9140@example.com,090-9409-6608,東京都千代田区丸の内6丁目26番8号,千代田区,東京都,1000001,2023-06-06
9141,鈴木誠,鈴木誠9141@outlook.com,090-8479-1899,北海道札幌市中央区北1条西9丁目9番9号,札幌市中央区,北海道,0600011,2024-09-24
9142,鈴木直樹,鈴木直樹9142@yahoo.co.jp,090-1960-5430,北海道札幌市中央区北1条西7丁目17番3号,札幌市中央区,北海道,0600025,2023-08-28
9143,山本美香,山本美香9143@icloud.com,090-1675-7130,兵庫県神戸市中央区三宮町9丁目22番8号,神戸市中央区,兵庫県,6500005,2023-03-05
9144,林麻衣,林麻衣9144@example.com,090-3185-1000,愛知県名古屋市中区錦2丁目25番5号,名古屋市中区,愛知県,4600005,2024-02-07
9145,青木健太,青木健太9145@example.com,090-7833-6347,大阪府大阪市中央区本町7丁目1番6号,大阪市中央区,大阪府,5410033,2023-05-20
9146,加藤由美,加藤由美9146@icloud.com,090-6787-1224,東京都千代田区丸の内3丁目30番2号,千代田区,東京都,1000007,2024-03-25
9147,青木三郎,青木三郎9147@example.com,090-7977-1884,千葉県千葉市美浜区美浜1丁目17番9号,千葉市美浜区,千葉県,2610030,2024-11-25
9148,佐藤香織,佐藤香織9148@yahoo.co.jp,090-7484-8188,京都府京都市下京区四条通1丁目6番4号,京都市下京区,京都府,6000023,2024-02-17
9149,中村誠,中村誠9149@yahoo.co.jp,090-5522-5481,大阪府大阪市中央区本町6丁目25番7号,大阪市中央区,大阪府,5410009,2023-07-11
9150,高橋香織,高橋香織9150@gmail.com,090-7384-3339,北海道札幌市中央区北1条西2丁目22番8号,札幌市中央区,北海道,0600001,2024-01-26
9151,小林優子,小林優子9151@yahoo.co.jp,090-3766-9404,東京都新宿区新宿8丁目6番1号,新宿区,東京都,1600010,2023-04-13
9152,松本直樹,松本直樹9152@yahoo.co.jp,090-8356-3141,愛知県名古屋市西区名駅7丁目20番8号,名古屋市西区,愛知県,4510034,2023-03-03
9153,長谷川智子,長谷川智子9153@yahoo.co.jp,090-8052-5724,千葉県千葉市美浜区美浜10丁目7番6号,千葉市美浜区,千葉県,2610035,2024-08-17
9154,坂本真由美,坂本真由美9154@gmail.com,090-4926-8789,埼玉県さいたま市浦和区高砂7丁目18番6号,さいたま市浦和区,埼玉県,3300012,2024-04-16
9155,井上恵子,井上恵子9155@gmail.com,090-3069-9816,大阪府大阪市中央区本町6丁目16番2号,大阪市中央区,大阪府,5410030,2024-04-13
9156,佐藤由美子,佐藤由美子9156@yahoo.co.jp,090-1253-2767,愛知県名古屋市西区名駅2丁目10番5号,名古屋市西区,愛知県,4510041,2023-03-02
9157,橋本拓也,橋本拓也9157@outlook.com,090-1620-5328,京都府京都市中京区烏丸通7丁目13番8号,京都市中京区,京都府,6040021,2023-01-07
9158,鈴木健一,鈴木健一9158@example.com,090-2278-7167,埼玉県さいたま市大宮区大宮7丁目24番5号,さいたま市大宮区,埼玉県,3300032,2023-11-24
9159,鈴木千佳,鈴木千佳9159@gmail.com,090-1613-7528,福岡県福岡市中央区天神8丁目8番8号,福岡市中央区,福岡県,8100008,2024-06-10
9160,伊藤優子,伊藤優子9160@yahoo.co.jp,090-6279-2192,東京都新宿区新宿4丁目10番5号,新宿区,東京都,1600015,2024-06-23
9161,橋本一郎,橋本一郎9161@gmail.com,090-1009-5564,神奈川県横浜市西区みなとみらい3丁目27番6号,横浜市西区,神奈川県,2200022,2023-06-14
9162,橋本美穂,橋本美穂9162@gmail.com,090-8834-5907,埼玉県さいたま市大宮区大宮9丁目10番1号,さいたま市大宮区,埼玉県,3300029,2023-10-25
9163,中村一郎,中村一郎9163@outlook.com,090-5810-7683,北海道札幌市北区北6条西7丁目24番3号,札幌市北区,北海道,0600031,2023-04-13
9164,吉田三郎,吉田三郎9164@outlook.com,090-7560-4333,東京都千代田区丸の内4丁目1番7号,千代田区,東京都,1000003,2023-02-03
9165,吉田一郎,吉田一郎9165@outlook.com,090-1905-1327,大阪府大阪市北区梅田3丁目12番6号,大阪市北区,大阪府,5300004,2024-12-04
9166,森田恵子,森田恵子9166@outlook.com,090-2263-6696,神奈川県横浜市中区本町10丁目7番8号,横浜市中区,神奈川県,2310008,2024-04-22
9167,藤井和也,藤井和也9167@yahoo.co.jp,090-8108-8504,愛知県名古屋市中区錦3丁目30番9号,名古屋市中区,愛知県,4600001,2023-02-24
9168,高橋花子,高橋花子9168@gmail.com,090-4767-9776,兵庫県神戸市灘区灘南通9丁目15番5号,神戸市灘区,兵庫県,6570040,2023-10-13
9169,松本剛,松本剛9169@outlook.com,090-2884-8765,千葉県千葉市美浜区美浜1丁目29番10号,千葉市美浜区,千葉県,2610014,2024-09-09
9170,加藤愛,加藤愛9170@icloud.com,090-3563-5953,千葉県千葉市中央区中央10丁目9番7号,千葉市中央区,千葉県,2600027,2024-06-07
9171,伊藤太郎,伊藤太郎9171@example.com,090-6876-1127,東京都千代田区丸の内1丁目5番2号,千代田区,東京都,1000007,2023-05-18
9172,吉田麻衣,吉田麻衣9172@example.com,090-5976-2872,埼玉県さいたま市大宮区大宮3丁目23番5号,さいたま市大宮区,埼玉県,3300019,2023-04-05
9173,松本一郎,松本一郎9173@outlook.com,090-8860-6862,神奈川県横浜市西区みなとみらい1丁目17番5号,横浜市西区,神奈川県,2200036,2024-10-12
9174,松本正,松本正9174@example.com,090-2889-1942,愛知県名古屋市中区錦5丁目24番1号,名古屋市中区,愛知県,4600002,2023-07-17
9175,藤原太郎,藤原太郎9175@yahoo.co.jp,090-8272-2368,神奈川県横浜市西区みなとみらい1丁目12番8号,横浜市西区,神奈川県,2200029,2023-10-04
9176,近藤大輔,近藤大輔9176@yahoo.co.jp,090-6014-1192,兵庫県神戸市中央区三宮町7丁目12番4号,神戸市中央区,兵庫県,6500024,2024-06-02
9177,森田花子,森田花子9177@example.com,090-6072-6886,埼玉県さいたま市浦和区高砂1丁目6番2号,さいたま市浦和区,埼玉県,3300012,2024-08-05
9178,井上剛,井上剛9178@gmail.com,090-4695-2136,神奈川県横浜市中区本町9丁目8番1号,横浜市中区,神奈川県,2310030,2024-08-22
9179,渡辺真由美,渡辺真由美9179@icloud.com,090-1718-9086,千葉県千葉市中央区中央10丁目10番7号,千葉市中央区,千葉県,2600017,2024-03-10
9180,鈴木拓也,鈴木拓也9180@outlook.com,090-5302-1895,東京都千代田区丸の内3丁目13番1号,千代田区,東京都,1000009,2024-04-12
9181,遠藤由美子,遠藤由美子9181@yahoo.co.jp,090-5916-8093,東京都渋谷区渋谷10丁目21番3号,渋谷区,東京都,1500022,2023-05-17
9182,藤井和也,藤井和也9182@icloud.com,090-7190-4378,大阪府大阪市北区梅田10丁目26番4号,大阪市北区,大阪府,5300019,2024-09-04
9183,小林正,小林正9183@outlook.com,090-5431-7381,神奈川県横浜市西区みなとみらい10丁目27番6号,横浜市西区,神奈川県,2200023,2023-10-06
9184,後藤雄一,後藤雄一9184@yahoo.co.jp,090-3096-8548,千葉県千葉市美浜区美浜2丁目3番6号,千葉市美浜区,千葉県,2610006,2023-09-25
9185,伊藤花子,伊藤花子9185@icloud.com,090-1758-1846,京都府京都市中京区烏丸通1丁目6番5号,京都市中京区,京都府,6040036,2024-06-21
9186,伊藤麻衣,伊藤麻衣9186@outlook.com,090-2132-2307,東京都新宿区新宿3丁目4番1号,新宿区,東京都,1600010,2024-08-10
9187,佐藤恵子,佐藤恵子9187@outlook.com,090-9806-3192,福岡県福岡市博多区博多駅前7丁目25番4号,福岡市博多区,福岡県,8120009,2023-07-19
9188,伊藤恵子,伊藤恵子9188@yahoo.co.jp,090-9763-3831,千葉県千葉市中央区中央7丁目11番2号,千葉市中央区,千葉県,2600019,2023-09-04
9189,小林三郎,小林三郎9189@icloud.com,090-1639-7833,埼玉県さいたま市浦和区高砂9丁目30番7号,さいたま市浦和区,埼玉県,3300004,2023-08-25
9190,田中一郎,田中一郎9190@example.com,090-1806-3042,千葉県千葉市中央区中央3丁目16番1号,千葉市中央区,千葉県,2600031,2023-10-12
9191,小林拓也,小林拓也9191@outlook.com,090-2293-3382,京都府京都市下京区四条通2丁目16番10号,京都市下京区,京都府,6000010,2023-08-24
9192,池田翔太,池田翔太9192@example.com,090-7927-5078,福岡県福岡市博多区博多駅前5丁目9番3号,福岡市博多区,福岡県,8120012,2023-09-20
9193,吉田拓也,吉田拓也9193@icloud.com,090-8961-6309,埼玉県さいたま市大宮区大宮9丁目26番7号,さいたま市大宮区,埼玉県,3300022,2023-07-13
9194,石川慎一,石川慎一9194@example.com,090-3183-1953,福岡県福岡市博多区博多駅前7丁目13番7号,福岡市博多区,福岡県,8120003,2023-05-14
9195,伊藤優子,伊藤優子9195@outlook.com,090-2351-7262,東京都新宿区新宿6丁目4番7号,新宿区,東京都,1600015,2023-03-17
9196,佐藤太郎,佐藤太郎9196@outlook.com,090-6001-7497,兵庫県神戸市灘区灘南通7丁目4番7号,神戸市灘区,兵庫県,6570038,2024-10-16
9197,加藤由美,加藤由美9197@example.com,090-3465-7438,大阪府大阪市中央区本町3丁目27番5号,大阪市中央区,大阪府,5410021,2023-11-18
9198,坂本誠,坂本誠9198@yahoo.co.jp,090-6108-1580,埼玉県さいたま市大宮区大宮8丁目19番2号,さいたま市大宮区,埼玉県,3300040,2024-10-04
9199,山本拓也,山本拓也9199@outlook.com,090-5537-7412,東京都千代田区丸の内9丁目20番6号,千代田区,東京都,1000011,2024-11-13
9200,林太郎,林太郎9200@gmail.com,090-2203-5626,神奈川県横浜市西区みなとみらい7丁目12番7号,横浜市西区,神奈川県,2200011,2023-12-19
9201,青木さくら,青木さくら9201@gmail.com,090-2370-1793,大阪府大阪市北区梅田10丁目21番10号,大阪市北区,大阪府,5300011,2023-09-28
9202,池田由美子,池田由美子9202@gmail.com,090-1561-4982,愛知県名古屋市西区名駅6丁目7番5号,名古屋市西区,愛知県,4510008,2023-02-28
9203,井上剛,井上剛9203@gmail.com,090-1484-6483,東京都渋谷区渋谷3丁目19番1号,渋谷区,東京都,1500016,2024-05-15
9204,吉田慎一,吉田慎一9204@icloud.com,090-9957-7867,福岡県福岡市博多区博多駅前10丁目27番8号,福岡市博多区,福岡県,8120020,2023-12-29
9205,鈴木美香,鈴木美香9205@example.com,090-9160-5152,兵庫県神戸市灘区灘南通6丁目28番2号,神戸市灘区,兵庫県,6570035,2024-10-01
9206,岡田真由美,岡田真由美9206@outlook.com,090-8375-1848,神奈川県横浜市西区みなとみらい5丁目15番4号,横浜市西区,神奈川県,2200035,2024-01-07
9207,遠藤剛,遠藤剛9207@outlook.com,090-8226-7356,福岡県福岡市中央区天神4丁目7番3号,福岡市中央区,福岡県,8100009,2024-06-21
9208,後藤花子,後藤花子9208@gmail.com,090-4255-1018,京都府京都市下京区四条通5丁目19番5号,京都市下京区,京都府,6000021,2023-07-02
9209,近藤真由美,近藤真由美9209@example.com,090-5713-9450,東京都千代田区丸の内4丁目6番10号,千代田区,東京都,1000004,2023-02-03
9210,中村由美,中村由美9210@gmail.com,090-1243-8225,兵庫県神戸市灘区灘南通3丁目25番5号,神戸市灘区,兵庫県,6570040,2023-08-15
9211,前田優子,前田優子9211@example.com,090-2227-4426,兵庫県神戸市中央区三宮町6丁目1番8号,神戸市中央区,兵庫県,6500008,2024-10-08
9212,斎藤美咲,斎藤美咲9212@example.com,090-6692-6059,神奈川県横浜市西区みなとみらい6丁目17番8号,横浜市西区,神奈川県,2200031,2023-12-10
9213,前田太郎,前田太郎9213@example.com,090-2965-7204,愛知県名古屋市中区錦8丁目14番8号,名古屋市中区,愛知県,4600004,2024-02-22
9214,鈴木由美,鈴木由美9214@yahoo.co.jp,090-6238-4095,千葉県千葉市中央区中央1丁目21番8号,千葉市中央区,千葉県,2600030,2024-08-11
9215,坂本千佳,坂本千佳9215@icloud.com,090-5705-3390,愛知県名古屋市西区名駅5丁目9番2号,名古屋市西区,愛知県,4510032,2024-05-03
9216,田中次郎,田中次郎9216@yahoo.co.jp,090-8172-3484,神奈川県横浜市西区みなとみらい9丁目26番6号,横浜市西区,神奈川県,2200004,2023-03-25
9217,小林正,小林正9217@yahoo.co.jp,090-3023-2668,千葉県千葉市美浜区美浜6丁目10番4号,千葉市美浜区,千葉県,2610022,2024-05-23
9218,高橋智子,高橋智子9218@gmail.com,090-8159-5160,兵庫県神戸市灘区灘南通10丁目25番3号,神戸市灘区,兵庫県,6570033,2024-12-04
9219,林誠,林誠9219@example.com,090-3898-7654,大阪府大阪市中央区本町5丁目19番8号,大阪市中央区,大阪府,5410007,2023-07-23
9220,吉田健一,吉田健一9220@icloud.com,090-7215-1574,東京都千代田区丸の内3丁目8番1号,千代田区,東京都,1000012,2023-08-08
9221,中村美咲,中村美咲9221@yahoo.co.jp,090-5553-7149,東京都千代田区丸の内8丁目27番3号,千代田区,東京都,1000006,2024-02-01
9222,長谷川健一,長谷川健一9222@outlook.com,090-4808-3153,福岡県福岡市博多区博多駅前3丁目22番10号,福岡市博多区,福岡県,8120004,2024-01-20
9223,高橋和也,高橋和也9223@gmail.com,090-8699-7579,神奈川県横浜市西区みなとみらい3丁目7番3号,横浜市西区,神奈川県,2200021,2023-10-09
9224,林太郎,林太郎9224@yahoo.co.jp,090-6159-5882,神奈川県横浜市西区みなとみらい2丁目25番9号,横浜市西区,神奈川県,2200016,2023-02-15
9225,木村次郎,木村次郎9225@yahoo.co.jp,090-2304-5278,福岡県福岡市中央区天神6丁目17番1号,福岡市中央区,福岡県,8100038,2023-12-08
9226,木村剛,木村剛9226@yahoo.co.jp,090-2710-1858,京都府京都市中京区烏丸通7丁目4番5号,京都市中京区,京都府,6040010,2023-02-10
9227,中村剛,中村剛9227@outlook.com,090-5234-5758,愛知県名古屋市中区錦9丁目1番4号,名古屋市中区,愛知県,4600005,2024-06-15
9228,村上優子,村上優子9228@yahoo.co.jp,090-7518-4788,愛知県名古屋市中区錦10丁目26番9号,名古屋市中区,愛知県,4600008,2024-12-16
9229,橋本優子,橋本優子9229@outlook.com,090-8542-5357,兵庫県神戸市中央区三宮町7丁目13番3号,神戸市中央区,兵庫県,6500036,2023-09-06
9230,橋本優子,橋本優子9230@icloud.com,090-7166-8679,千葉県千葉市美浜区美浜7丁目5番1号,千葉市美浜区,千葉県,2610022,2023-02-28
9231,坂本千佳,坂本千佳9231@outlook.com,090-9312-3450,愛知県名古屋市西区名駅10丁目11番9号,名古屋市西区,愛知県,4510024,2024-08-13
9232,伊藤美香,伊藤美香9232@yahoo.co.jp,090-6548-7488,兵庫県神戸市灘区灘南通6丁目14番9号,神戸市灘区,兵庫県,6570038,2024-07-17
9233,藤井愛,藤井愛9233@gmail.com,090-7029-8574,東京都千代田区丸の内9丁目6番7号,千代田区,東京都,1000002,2023-09-15
9234,村上直樹,村上直樹9234@icloud.com,090-1345-2987,兵庫県神戸市中央区三宮町7丁目4番4号,神戸市中央区,兵庫県,6500038,2023-01-29
9235,石川健太,石川健太9235@outlook.com,090-2143-8721,神奈川県横浜市西区みなとみらい8丁目28番8号,横浜市西区,神奈川県,2200033,2023-10-21
9236,加藤美咲,加藤美咲9236@outlook.com,090-6778-3096,京都府京都市下京区四条通3丁目25番8号,京都市下京区,京都府,6000010,2023-02-18
9237,伊藤由美,伊藤由美9237@example.com,090-7694-5699,埼玉県さいたま市浦和区高砂3丁目5番2号,さいたま市浦和区,埼玉県,3300005,2023-05-28
9238,伊藤優子,伊藤優子9238@icloud.com,090-6940-2564,東京都千代田区丸の内10丁目19番9号,千代田区,東京都,1000018,2024-04-11
9239,小林智子,小林智子9239@yahoo.co.jp,090-7967-6093,大阪府大阪市北区梅田8丁目24番1号,大阪市北区,大阪府,5300005,2023-03-08
9240,岡田美穂,岡田美穂9240@yahoo.co.jp,090-3118-1367,東京都渋谷区渋谷2丁目13番9号,渋谷区,東京都,1500002,2023-08-31
9241,鈴木拓也,鈴木拓也9241@example.com,090-9364-6853,愛知県名古屋市西区名駅6丁目21番7号,名古屋市西区,愛知県,4510003,2024-06-09
9242,後藤三郎,後藤三郎9242@outlook.com,090-6462-1406,東京都千代田区丸の内5丁目14番6号,千代田区,東京都,1000011,2024-07-27
9243,渡辺美香,渡辺美香9243@yahoo.co.jp,090-6080-2423,千葉県千葉市美浜区美浜1丁目14番3号,千葉市美浜区,千葉県,2610024,2023-05-26
9244,佐藤美香,佐藤美香9244@example.com,090-5898-3296,東京都千代田区丸の内4丁目15番6号,千代田区,東京都,1000015,2023-01-22
9245,長谷川健一,長谷川健一9245@outlook.com,090-6643-1852,東京都新宿区新宿2丁目8番9号,新宿区,東京都,1600004,2024-07-12
9246,佐藤美香,佐藤美香9246@example.com,090-3927-4571,愛知県名古屋市西区名駅5丁目17番5号,名古屋市西区,愛知県,4510023,2023-12-29
9247,吉田千佳,吉田千佳9247@gmail.com,090-1021-8137,千葉県千葉市美浜区美浜6丁目11番9号,千葉市美浜区,千葉県,2610032,2024-06-08
9248,田中麻衣,田中麻衣9248@yahoo.co.jp,090-5444-3593,神奈川県横浜市中区本町9丁目4番8号,横浜市中区,神奈川県,2310024,2024-12-27
9249,遠藤花子,遠藤花子9249@yahoo.co.jp,090-5759-8011,北海道札幌市中央区北1条西2丁目15番1号,札幌市中央区,北海道,0600012,2023-03-14
9250,坂本千佳,坂本千佳9250@example.com,090-8063-7806,東京都千代田区丸の内4丁目14番9号,千代田区,東京都,1000019,2024-07-29
9251,青木愛,青木愛9251@gmail.com,090-1083-9397,京都府京都市下京区四条通9丁目10番2号,京都市下京区,京都府,6000015,2023-03-19
9252,加藤優子,加藤優子9252@outlook.com,090-5977-9766,兵庫県神戸市中央区三宮町10丁目2番10号,神戸市中央区,兵庫県,6500010,2024-12-23
9253,池田美香,池田美香9253@gmail.com,090-1720-9951,東京都新宿区新宿9丁目25番8号,新宿区,東京都,1600012,2023-07-28
9254,斎藤香織,斎藤香織9254@yahoo.co.jp,090-5244-2173,神奈川県横浜市中区本町4丁目12番3号,横浜市中区,神奈川県,2310005,2024-01-16
9255,近藤麻美,近藤麻美9255@icloud.com,090-6841-4652,東京都千代田区丸の内8丁目1番8号,千代田区,東京都,1000002,2023-08-01
9256,池田太郎,池田太郎9256@outlook.com,090-2176-7086,埼玉県さいたま市大宮区大宮8丁目17番4号,さいたま市大宮区,埼玉県,3300008,2023-03-17
9257,田中花子,田中花子9257@outlook.com,090-4844-1005,東京都千代田区丸の内4丁目9番7号,千代田区,東京都,1000001,2023-02-23
9258,森田大輔,森田大輔9258@gmail.com,090-1465-9545,京都府京都市中京区烏丸通3丁目2番5号,京都市中京区,京都府,6040019,2024-09-28
9259,森田拓也,森田拓也9259@gmail.com,090-8853-4849,東京都千代田区丸の内4丁目22番5号,千代田区,東京都,1000009,2024-12-31
9260,小林大輔,小林大輔9260@example.com,090-8465-8612,京都府京都市下京区四条通4丁目8番3号,京都市下京区,京都府,6000030,2024-01-16
9261,小林直樹,小林直樹9261@outlook.com,090-7800-9729,千葉県千葉市中央区中央5丁目25番9号,千葉市中央区,千葉県,2600027,2023-08-31
9262,田中正,田中正9262@example.com,090-4844-5717,神奈川県横浜市中区本町3丁目15番9号,横浜市中区,神奈川県,2310006,2023-01-27
9263,中村さくら,中村さくら9263@icloud.com,090-7657-1858,京都府京都市下京区四条通9丁目24番2号,京都市下京区,京都府,6000014,2023-07-09
9264,坂本真由美,坂本真由美9264@icloud.com,090-4347-1429,千葉県千葉市美浜区美浜6丁目7番10号,千葉市美浜区,千葉県,2610006,2024-09-20
9265,小林剛,小林剛9265@yahoo.co.jp,090-1337-5993,埼玉県さいたま市大宮区大宮4丁目2番10号,さいたま市大宮区,埼玉県,3300011,2024-07-25
9266,松本真由美,松本真由美9266@icloud.com,090-9877-9748,兵庫県神戸市灘区灘南通4丁目23番3号,神戸市灘区,兵庫県,6570008,2023-11-09
9267,藤原次郎,藤原次郎9267@yahoo.co.jp,090-7566-8608,東京都渋谷区渋谷7丁目6番9号,渋谷区,東京都,1500010,2024-11-18
9268,斎藤由美子,斎藤由美子9268@gmail.com,090-7275-9821,北海道札幌市中央区北1条西4丁目22番6号,札幌市中央区,北海道,0600016,2023-01-01
9269,橋本達也,橋本達也9269@outlook.com,090-2191-3437,大阪府大阪市中央区本町6丁目11番9号,大阪市中央区,大阪府,5410018,2023-12-02
9270,小林和也,小林和也9270@gmail.com,090-5752-2594,東京都新宿区新宿9丁目6番1号,新宿区,東京都,1600021,2024-11-11
9271,鈴木美咲,鈴木美咲9271@icloud.com,090-1517-1521,北海道札幌市中央区北1条西6丁目2番4号,札幌市中央区,北海道,0600010,2024-04-15
9272,小林愛,小林愛9272@icloud.com,090-7017-2755,北海道札幌市北区北6条西5丁目22番4号,札幌市北区,北海道,0600031,2024-07-17
9273,木村次郎,木村次郎9273@icloud.com,090-7086-1754,京都府京都市下京区四条通6丁目4番5号,京都市下京区,京都府,6000018,2023-05-25
9274,高橋智子,高橋智子9274@gmail.com,090-7341-5740,京都府京都市中京区烏丸通4丁目14番8号,京都市中京区,京都府,6040031,2023-12-13
9275,中村香織,中村香織9275@example.com,090-1758-6765,埼玉県さいたま市大宮区大宮8丁目4番10号,さいたま市大宮区,埼玉県,3300005,2024-09-13
9276,木村拓也,木村拓也9276@outlook.com,090-9164-8194,北海道札幌市中央区北1条西6丁目26番1号,札幌市中央区,北海道,0600002,2024-11-21
9277,後藤翔太,後藤翔太9277@example.com,090-1281-5015,京都府京都市中京区烏丸通4丁目26番8号,京都市中京区,京都府,6040028,2024-05-07
9278,佐藤次郎,佐藤次郎9278@gmail.com,090-1868-5024,東京都千代田区丸の内7丁目9番2号,千代田区,東京都,1000018,2024-04-09
9279,斎藤美穂,斎藤美穂9279@example.com,090-6454-4446,京都府京都市中京区烏丸通1丁目25番8号,京都市中京区,京都府,6040003,2024-03-01
9280,斎藤さくら,斎藤さくら9280@outlook.com,090-5304-9216,京都府京都市下京区四条通3丁目2番2号,京都市下京区,京都府,6000005,2024-09-01
9281,松本剛,松本剛9281@icloud.com,090-6675-7010,福岡県福岡市博多区博多駅前5丁目4番8号,福岡市博多区,福岡県,8120014,2023-09-06
9282,田中雄一,田中雄一9282@example.com,090-9250-1156,埼玉県さいたま市大宮区大宮7丁目9番9号,さいたま市大宮区,埼玉県,3300016,2023-06-28
9283,後藤誠,後藤誠9283@example.com,090-2004-2549,神奈川県横浜市中区本町7丁目16番3号,横浜市中区,神奈川県,2310011,2024-01-26
9284,後藤恵子,後藤恵子9284@example.com,090-3195-5829,福岡県福岡市博多区博多駅前6丁目14番10号,福岡市博多区,福岡県,8120006,2024-04-06
9285,青木和也,青木和也9285@example.com,090-5741-7110,千葉県千葉市美浜区美浜7丁目9番8号,千葉市美浜区,千葉県,2610011,2023-09-01
9286,木村雄一,木村雄一9286@gmail.com,090-8310-1038,福岡県福岡市中央区天神2丁目15番4号,福岡市中央区,福岡県,8100016,2024-11-05
9287,中村達也,中村達也9287@gmail.com,090-5017-7159,福岡県福岡市中央区天神4丁目27番4号,福岡市中央区,福岡県,8100040,2024-05-31
9288,伊藤美香,伊藤美香9288@outlook.com,090-6702-4760,京都府京都市下京区四条通9丁目3番3号,京都市下京区,京都府,6000007,2024-04-08
9289,井上健太,井上健太9289@gmail.com,090-3383-6184,埼玉県さいたま市大宮区大宮7丁目4番8号,さいたま市大宮区,埼玉県,3300040,2024-11-23
9290,林麻衣,林麻衣9290@gmail.com,090-9618-9625,千葉県千葉市中央区中央5丁目11番9号,千葉市中央区,千葉県,2600001,2024-08-01
9291,斎藤三郎,斎藤三郎9291@gmail.com,090-7836-4505,愛知県名古屋市中区錦5丁目13番6号,名古屋市中区,愛知県,4600006,2024-07-26
9292,後藤次郎,後藤次郎9292@example.com,090-3572-1089,京都府京都市中京区烏丸通10丁目21番5号,京都市中京区,京都府,6040028,2024-08-06
9293,森田美咲,森田美咲9293@gmail.com,090-5245-9013,福岡県福岡市中央区天神5丁目27番8号,福岡市中央区,福岡県,8100035,2023-11-22
9294,吉田正,吉田正9294@example.com,090-1673-3500,千葉県千葉市美浜区美浜1丁目13番6号,千葉市美浜区,千葉県,2610011,2024-11-13
9295,青木麻美,青木麻美9295@outlook.com,090-6586-7110,愛知県名古屋市西区名駅7丁目27番6号,名古屋市西区,愛知県,4510033,2023-04-19
9296,前田一郎,前田一郎9296@yahoo.co.jp,090-5722-4169,兵庫県神戸市中央区三宮町4丁目20番8号,神戸市中央区,兵庫県,6500004,2023-07-03
9297,中村真由美,中村真由美9297@yahoo.co.jp,090-3146-5745,東京都渋谷区渋谷10丁目19番2号,渋谷区,東京都,1500007,2023-09-21
9298,斎藤花子,斎藤花子9298@outlook.com,090-2010-4661,愛知県名古屋市西区名駅1丁目7番4号,名古屋市西区,愛知県,4510025,2024-05-16
9299,村上智子,村上智子9299@gmail.com,090-8124-6268,神奈川県横浜市西区みなとみらい7丁目29番5号,横浜市西区,神奈川県,2200019,2024-04-01
9300,中村雄一,中村雄一9300@yahoo.co.jp,090-3357-3882,神奈川県横浜市西区みなとみらい10丁目11番4号,横浜市西区,神奈川県,2200030,2023-08-07
9301,山本三郎,山本三郎9301@icloud.com,090-8288-6480,千葉県千葉市美浜区美浜10丁目12番7号,千葉市美浜区,千葉県,2610026,2023-06-18
9302,橋本誠,橋本誠9302@icloud.com,090-9275-4045,埼玉県さいたま市大宮区大宮5丁目2番5号,さいたま市大宮区,埼玉県,3300005,2024-04-11
9303,後藤誠,後藤誠9303@gmail.com,090-4181-8692,愛知県名古屋市中区錦5丁目1番6号,名古屋市中区,愛知県,4600003,2024-05-09
9304,藤原直樹,藤原直樹9304@icloud.com,090-1224-6298,千葉県千葉市中央区中央2丁目16番8号,千葉市中央区,千葉県,2600002,2023-03-22
9305,石川麻美,石川麻美9305@outlook.com,090-8110-2482,東京都千代田区丸の内4丁目21番3号,千代田区,東京都,1000010,2024-09-23
9306,木村さくら,木村さくら9306@icloud.com,090-4235-5258,千葉県千葉市美浜区美浜9丁目14番10号,千葉市美浜区,千葉県,2610006,2024-04-21
9307,林美穂,林美穂9307@icloud.com,090-9873-8597,福岡県福岡市博多区博多駅前8丁目29番4号,福岡市博多区,福岡県,8120017,2024-12-02
9308,村上美咲,村上美咲9308@gmail.com,090-5172-6427,兵庫県神戸市灘区灘南通4丁目10番8号,神戸市灘区,兵庫県,6570033,2024-04-06
9309,中村亮,中村亮9309@icloud.com,090-9534-4858,東京都渋谷区渋谷3丁目21番10号,渋谷区,東京都,1500032,2023-08-02
9310,森田剛,森田剛9310@gmail.com,090-4491-4657,福岡県福岡市中央区天神9丁目6番1号,福岡市中央区,福岡県,8100031,2024-03-09
9311,伊藤さくら,伊藤さくら9311@icloud.com,090-4373-3173,埼玉県さいたま市浦和区高砂2丁目25番3号,さいたま市浦和区,埼玉県,3300028,2023-11-18
9312,山田由美,山田由美9312@outlook.com,090-6499-4145,東京都新宿区新宿4丁目8番8号,新宿区,東京都,1600009,2023-11-27
9313,遠藤翔太,遠藤翔太9313@outlook.com,090-4553-6380,北海道札幌市北区北6条西10丁目21番4号,札幌市北区,北海道,0600018,2023-07-30
9314,斎藤和也,斎藤和也9314@example.com,090-8257-6969,京都府京都市中京区烏丸通2丁目14番10号,京都市中京区,京都府,6040006,2024-03-04
9315,近藤美穂,近藤美穂9315@gmail.com,090-6088-6171,京都府京都市下京区四条通2丁目27番7号,京都市下京区,京都府,6000037,2023-08-20
9316,小林優子,小林優子9316@yahoo.co.jp,090-1532-3083,埼玉県さいたま市浦和区高砂2丁目11番8号,さいたま市浦和区,埼玉県,3300001,2023-09-01
9317,長谷川雄一,長谷川雄一9317@icloud.com,090-3323-6275,北海道札幌市中央区北1条西5丁目18番7号,札幌市中央区,北海道,0600015,2024-07-12
9318,林由美子,林由美子9318@yahoo.co.jp,090-7186-8079,福岡県福岡市博多区博多駅前10丁目30番9号,福岡市博多区,福岡県,8120002,2023-11-04
9319,吉田美穂,吉田美穂9319@icloud.com,090-3155-2508,大阪府大阪市北区梅田6丁目21番4号,大阪市北区,大阪府,5300001,2023-06-25
9320,池田健一,池田健一9320@icloud.com,090-3747-7108,愛知県名古屋市西区名駅5丁目12番2号,名古屋市西区,愛知県,4510037,2023-10-28
9321,鈴木翔太,鈴木翔太9321@yahoo.co.jp,090-3898-5162,北海道札幌市北区北6条西6丁目9番1号,札幌市北区,北海道,0600015,2023-01-05
9322,木村直樹,木村直樹9322@icloud.com,090-9966-6734,京都府京都市中京区烏丸通7丁目7番4号,京都市中京区,京都府,6040040,2023-06-06
9323,田中正,田中正9323@yahoo.co.jp,090-8269-2918,兵庫県神戸市灘区灘南通1丁目4番6号,神戸市灘区,兵庫県,6570035,2024-12-25
9324,後藤直樹,後藤直樹9324@example.com,090-8333-4438,東京都渋谷区渋谷1丁目7番9号,渋谷区,東京都,1500016,2023-01-20
9325,伊藤剛,伊藤剛9325@outlook.com,090-5524-1032,東京都新宿区新宿7丁目19番9号,新宿区,東京都,1600012,2023-07-13
9326,伊藤太郎,伊藤太郎9326@outlook.com,090-3216-8052,福岡県福岡市中央区天神6丁目3番3号,福岡市中央区,福岡県,8100016,2024-01-25
9327,鈴木千佳,鈴木千佳9327@example.com,090-4540-9865,東京都渋谷区渋谷2丁目7番3号,渋谷区,東京都,1500041,2024-12-31
9328,佐藤直樹,佐藤直樹9328@icloud.com,090-3744-6085,兵庫県神戸市中央区三宮町4丁目16番1号,神戸市中央区,兵庫県,6500041,2024-01-20
9329,青木千佳,青木千佳9329@icloud.com,090-7089-2730,東京都新宿区新宿10丁目30番5号,新宿区,東京都,1600020,2024-10-21
9330,加藤直樹,加藤直樹9330@icloud.com,090-2904-8337,福岡県福岡市博多区博多駅前9丁目25番3号,福岡市博多区,福岡県,8120002,2024-10-21
9331,中村剛,中村剛9331@example.com,090-1559-5718,東京都新宿区新宿7丁目12番7号,新宿区,東京都,1600011,2024-03-19
9332,坂本智子,坂本智子9332@example.com,090-6727-3263,埼玉県さいたま市浦和区高砂4丁目17番5号,さいたま市浦和区,埼玉県,3300026,2023-10-05
9333,坂本美香,坂本美香9333@gmail.com,090-9826-1639,福岡県福岡市中央区天神7丁目9番1号,福岡市中央区,福岡県,8100013,2023-12-08
9334,石川大輔,石川大輔9334@example.com,090-6665-3102,福岡県福岡市中央区天神2丁目29番2号,福岡市中央区,福岡県,8100030,2023-07-31
9335,橋本さくら,橋本さくら9335@example.com,090-1832-4155,千葉県千葉市中央区中央1丁目5番1号,千葉市中央区,千葉県,2600010,2024-03-16
9336,後藤美香,後藤美香9336@outlook.com,090-6774-2889,北海道札幌市中央区北1条西9丁目16番8号,札幌市中央区,北海道,0600041,2024-03-19
9337,橋本美香,橋本美香9337@yahoo.co.jp,090-7554-7949,京都府京都市下京区四条通6丁目19番4号,京都市下京区,京都府,6000038,2024-05-11
9338,前田大輔,前田大輔9338@yahoo.co.jp,090-3040-7877,北海道札幌市中央区北1条西7丁目19番5号,札幌市中央区,北海道,0600017,2024-09-12
9339,遠藤由美,遠藤由美9339@outlook.com,090-4532-9619,大阪府大阪市中央区本町8丁目26番1号,大阪市中央区,大阪府,5410017,2024-04-01
9340,渡辺恵子,渡辺恵子9340@icloud.com,090-9273-7784,大阪府大阪市中央区本町9丁目18番6号,大阪市中央区,大阪府,5410009,2023-07-18
9341,中村美香,中村美香9341@yahoo.co.jp,090-7933-8745,大阪府大阪市中央区本町10丁目15番6号,大阪市中央区,大阪府,5410021,2023-05-19
9342,山田慎一,山田慎一9342@example.com,090-8203-7887,東京都渋谷区渋谷3丁目17番3号,渋谷区,東京都,1500008,2024-11-23
9343,藤井達也,藤井達也9343@icloud.com,090-4742-9306,愛知県名古屋市西区名駅6丁目26番10号,名古屋市西区,愛知県,4510017,2024-06-14
9344,中村千佳,中村千佳9344@example.com,090-3619-8120,兵庫県神戸市中央区三宮町4丁目22番9号,神戸市中央区,兵庫県,6500034,2023-08-09
9345,遠藤直樹,遠藤直樹9345@example.com,090-8425-7145,北海道札幌市中央区北1条西2丁目11番10号,札幌市中央区,北海道,0600020,2023-07-11
9346,長谷川和也,長谷川和也9346@outlook.com,090-1639-2555,愛知県名古屋市中区錦5丁目18番7号,名古屋市中区,愛知県,4600005,2023-01-23
9347,山本さくら,山本さくら9347@outlook.com,090-8692-1385,京都府京都市中京区烏丸通9丁目30番6号,京都市中京区,京都府,6040037,2023-06-08
9348,青木恵子,青木恵子9348@gmail.com,090-3270-6846,福岡県福岡市中央区天神2丁目21番2号,福岡市中央区,福岡県,8100009,2024-04-16
9349,長谷川美穂,長谷川美穂9349@example.com,090-8917-8655,東京都新宿区新宿3丁目14番3号,新宿区,東京都,1600009,2023-11-02
9350,後藤直樹,後藤直樹9350@yahoo.co.jp,090-8623-2570,千葉県千葉市美浜区美浜6丁目7番7号,千葉市美浜区,千葉県,2610035,2024-11-30
9351,佐藤誠,佐藤誠9351@outlook.com,090-4620-5493,東京都新宿区新宿7丁目26番3号,新宿区,東京都,1600003,2023-03-21
9352,青木健太,青木健太9352@gmail.com,090-1099-9678,千葉県千葉市中央区中央9丁目9番9号,千葉市中央区,千葉県,2600005,2023-01-10
9353,石川麻美,石川麻美9353@example.com,090-1686-2412,愛知県名古屋市中区錦3丁目24番9号,名古屋市中区,愛知県,4600001,2023-01-17
9354,後藤香織,後藤香織9354@outlook.com,090-9519-7675,神奈川県横浜市西区みなとみらい2丁目4番9号,横浜市西区,神奈川県,2200003,2024-12-23
9355,青木正,青木正9355@icloud.com,090-1587-8024,千葉県千葉市美浜区美浜6丁目4番9号,千葉市美浜区,千葉県,2610026,2024-01-18
9356,森田真由美,森田真由美9356@icloud.com,090-8797-1969,兵庫県神戸市灘区灘南通7丁目27番9号,神戸市灘区,兵庫県,6570020,2024-12-27
9357,田中優子,田中優子9357@gmail.com,090-8962-9634,埼玉県さいたま市大宮区大宮2丁目29番9号,さいたま市大宮区,埼玉県,3300034,2024-01-25
9358,村上健一,村上健一9358@icloud.com,090-2488-6868,神奈川県横浜市西区みなとみらい8丁目26番4号,横浜市西区,神奈川県,2200012,2024-10-31
9359,佐藤正,佐藤正9359@icloud.com,090-3219-7511,東京都渋谷区渋谷1丁目25番1号,渋谷区,東京都,1500020,2024-03-16
9360,岡田直樹,岡田直樹9360@yahoo.co.jp,090-2675-5279,京都府京都市下京区四条通10丁目23番3号,京都市下京区,京都府,6000018,2024-04-26
9361,林千佳,林千佳9361@icloud.com,090-4868-9204,京都府京都市中京区烏丸通4丁目14番3号,京都市中京区,京都府,6040020,2023-06-25
9362,佐藤拓也,佐藤拓也9362@yahoo.co.jp,090-3609-1988,大阪府大阪市中央区本町10丁目23番1号,大阪市中央区,大阪府,5410024,2023-10-19
9363,佐藤正,佐藤正9363@example.com,090-2426-6010,大阪府大阪市中央区本町8丁目17番9号,大阪市中央区,大阪府,5410031,2023-04-12
9364,近藤拓也,近藤拓也9364@outlook.com,090-2376-8599,愛知県名古屋市中区錦7丁目10番3号,名古屋市中区,愛知県,4600003,2024-07-27
9365,近藤達也,近藤達也9365@yahoo.co.jp,090-1151-3292,京都府京都市中京区烏丸通4丁目22番8号,京都市中京区,京都府,6040027,2024-12-19
9366,井上雄一,井上雄一9366@example.com,090-5312-3808,愛知県名古屋市西区名駅4丁目14番7号,名古屋市西区,愛知県,4510001,2024-05-02
9367,高橋慎一,高橋慎一9367@gmail.com,090-6115-7755,北海道札幌市中央区北1条西8丁目22番4号,札幌市中央区,北海道,0600013,2024-03-31
9368,近藤一郎,近藤一郎9368@yahoo.co.jp,090-4114-1107,大阪府大阪市北区梅田6丁目12番6号,大阪市北区,大阪府,5300013,2023-05-13
9369,山田剛,山田剛9369@outlook.com,090-7912-6742,埼玉県さいたま市大宮区大宮10丁目16番5号,さいたま市大宮区,埼玉県,3300008,2023-10-11
9370,渡辺愛,渡辺愛9370@outlook.com,090-1889-4956,千葉県千葉市中央区中央6丁目25番4号,千葉市中央区,千葉県,2600021,2023-07-29
9371,山本慎一,山本慎一9371@yahoo.co.jp,090-5550-1756,福岡県福岡市中央区天神7丁目14番2号,福岡市中央区,福岡県,8100012,2023-02-09
9372,岡田美穂,岡田美穂9372@example.com,090-2332-2414,東京都千代田区丸の内3丁目1番9号,千代田区,東京都,1000021,2024-08-03
9373,長谷川由美子,長谷川由美子9373@gmail.com,090-7750-8602,愛知県名古屋市西区名駅8丁目7番4号,名古屋市西区,愛知県,4510038,2024-11-18
9374,松本麻美,松本麻美9374@icloud.com,090-9964-1772,千葉県千葉市美浜区美浜1丁目19番3号,千葉市美浜区,千葉県,2610018,2023-04-03
9375,橋本雄一,橋本雄一9375@gmail.com,090-5759-8963,千葉県千葉市中央区中央7丁目16番5号,千葉市中央区,千葉県,2600024,2023-10-15
9376,坂本花子,坂本花子9376@outlook.com,090-4308-4208,兵庫県神戸市灘区灘南通3丁目4番9号,神戸市灘区,兵庫県,6570004,2024-03-30
9377,藤原由美,藤原由美9377@icloud.com,090-2154-1194,東京都新宿区新宿3丁目2番4号,新宿区,東京都,1600005,2024-11-08
9378,池田翔太,池田翔太9378@icloud.com,090-6842-5922,神奈川県横浜市中区本町3丁目7番10号,横浜市中区,神奈川県,2310023,2024-04-12
9379,佐藤麻衣,佐藤麻衣9379@example.com,090-2833-5516,大阪府大阪市北区梅田10丁目13番3号,大阪市北区,大阪府,5300013,2024-10-30
9380,林拓也,林拓也9380@yahoo.co.jp,090-5694-6177,大阪府大阪市中央区本町1丁目7番5号,大阪市中央区,大阪府,5410029,2023-12-11
9381,近藤健一,近藤健一9381@outlook.com,090-3190-4376,東京都新宿区新宿3丁目12番6号,新宿区,東京都,1600011,2023-06-12
9382,伊藤麻美,伊藤麻美9382@example.com,090-6910-1262,兵庫県神戸市灘区灘南通3丁目30番7号,神戸市灘区,兵庫県,6570035,2023-07-31
9383,山田和也,山田和也9383@icloud.com,090-1226-8370,京都府京都市下京区四条通9丁目23番10号,京都市下京区,京都府,6000030,2023-12-24
9384,森田慎一,森田慎一9384@gmail.com,090-2866-4080,埼玉県さいたま市大宮区大宮2丁目8番8号,さいたま市大宮区,埼玉県,3300005,2023-07-11
9385,山田麻美,山田麻美9385@icloud.com,090-7103-9440,京都府京都市中京区烏丸通9丁目6番3号,京都市中京区,京都府,6040034,2024-09-04
9386,山本愛,山本愛9386@yahoo.co.jp,090-8459-4748,兵庫県神戸市灘区灘南通4丁目24番6号,神戸市灘区,兵庫県,6570001,2024-05-22
9387,田中さくら,田中さくら9387@icloud.com,090-3540-6210,愛知県名古屋市中区錦7丁目26番4号,名古屋市中区,愛知県,4600004,2023-06-02
9388,井上さくら,井上さくら9388@yahoo.co.jp,090-1074-6826,東京都新宿区新宿5丁目22番7号,新宿区,東京都,1600003,2024-03-02
9389,伊藤一郎,伊藤一郎9389@gmail.com,090-9111-7217,埼玉県さいたま市浦和区高砂7丁目15番9号,さいたま市浦和区,埼玉県,3300023,2024-12-13
9390,林麻衣,林麻衣9390@icloud.com,090-7514-2285,愛知県名古屋市西区名駅3丁目15番8号,名古屋市西区,愛知県,4510025,2024-12-10
9391,後藤慎一,後藤慎一9391@gmail.com,090-6979-6751,大阪府大阪市北区梅田1丁目6番10号,大阪市北区,大阪府,5300016,2024-01-08
9392,前田優子,前田優子9392@gmail.com,090-8400-3851,大阪府大阪市北区梅田6丁目25番1号,大阪市北区,大阪府,5300012,2023-03-02
9393,藤井恵子,藤井恵子9393@gmail.com,090-6487-1972,京都府京都市下京区四条通5丁目29番7号,京都市下京区,京都府,6000007,2023-03-13
9394,小林香織,小林香織9394@outlook.com,090-1913-1207,京都府京都市下京区四条通3丁目4番4号,京都市下京区,京都府,6000018,2023-08-11
9395,藤井智子,藤井智子9395@example.com,090-9914-4872,埼玉県さいたま市浦和区高砂3丁目7番9号,さいたま市浦和区,埼玉県,3300025,2024-02-22
9396,田中一郎,田中一郎9396@icloud.com,090-8911-6162,兵庫県神戸市灘区灘南通9丁目1番5号,神戸市灘区,兵庫県,6570009,2023-09-12
9397,青木拓也,青木拓也9397@gmail.com,090-6416-2721,京都府京都市下京区四条通6丁目10番1号,京都市下京区,京都府,6000034,2024-08-18
9398,遠藤三郎,遠藤三郎9398@icloud.com,090-3743-3322,京都府京都市下京区四条通2丁目15番9号,京都市下京区,京都府,6000038,2024-01-14
9399,田中亮,田中亮9399@icloud.com,090-8370-9106,大阪府大阪市北区梅田6丁目15番9号,大阪市北区,大阪府,5300012,2024-03-05
9400,後藤一郎,後藤一郎9400@example.com,090-7810-1482,東京都渋谷区渋谷10丁目27番4号,渋谷区,東京都,1500031,2023-03-11
9401,松本正,松本正9401@outlook.com,090-1989-9750,埼玉県さいたま市浦和区高砂1丁目8番1号,さいたま市浦和区,埼玉県,3300039,2024-02-04
9402,岡田千佳,岡田千佳9402@icloud.com,090-4071-7251,大阪府大阪市北区梅田10丁目13番6号,大阪市北区,大阪府,5300001,2023-07-04
9403,木村誠,木村誠9403@outlook.com,090-2624-6154,埼玉県さいたま市浦和区高砂4丁目6番10号,さいたま市浦和区,埼玉県,3300018,2023-08-14
9404,岡田雄一,岡田雄一9404@example.com,090-1201-3266,大阪府大阪市中央区本町7丁目11番7号,大阪市中央区,大阪府,5410017,2023-07-03
9405,藤井優子,藤井優子9405@yahoo.co.jp,090-8192-1185,福岡県福岡市中央区天神5丁目4番7号,福岡市中央区,福岡県,8100001,2024-09-18
9406,青木雄一,青木雄一9406@icloud.com,090-6350-6293,東京都新宿区新宿8丁目1番2号,新宿区,東京都,1600019,2024-02-09
9407,岡田和也,岡田和也9407@outlook.com,090-8600-8171,東京都新宿区新宿9丁目11番1号,新宿区,東京都,1600008,2024-05-25
9408,田中太郎,田中太郎9408@icloud.com,090-7886-9415,神奈川県横浜市西区みなとみらい10丁目5番3号,横浜市西区,神奈川県,2200020,2024-12-17
9409,林健一,林健一9409@gmail.com,090-9372-7786,千葉県千葉市美浜区美浜3丁目12番9号,千葉市美浜区,千葉県,2610035,2024-07-24
9410,小林正,小林正9410@outlook.com,090-2051-9464,東京都千代田区丸の内2丁目26番8号,千代田区,東京都,1000005,2024-03-06
9411,小林優子,小林優子9411@example.com,090-7292-9390,埼玉県さいたま市浦和区高砂2丁目21番7号,さいたま市浦和区,埼玉県,3300025,2023-03-08
9412,伊藤雄一,伊藤雄一9412@yahoo.co.jp,090-5540-5513,兵庫県神戸市中央区三宮町5丁目5番2号,神戸市中央区,兵庫県,6500022,2023-03-08
9413,林拓也,林拓也9413@icloud.com,090-2691-2475,福岡県福岡市中央区天神2丁目7番8号,福岡市中央区,福岡県,8100007,2023-09-24
9414,山本拓也,山本拓也9414@icloud.com,090-7767-3295,京都府京都市中京区烏丸通2丁目28番7号,京都市中京区,京都府,6040005,2023-06-08
9415,藤原美香,藤原美香9415@gmail.com,090-9407-1584,兵庫県神戸市灘区灘南通7丁目9番2号,神戸市灘区,兵庫県,6570035,2024-08-28
9416,石川三郎,石川三郎9416@gmail.com,090-1656-8638,北海道札幌市北区北6条西10丁目28番7号,札幌市北区,北海道,0600011,2023-10-18
9417,中村智子,中村智子9417@yahoo.co.jp,090-6770-7765,北海道札幌市北区北6条西8丁目8番2号,札幌市北区,北海道,0600009,2024-08-30
9418,小林誠,小林誠9418@outlook.com,090-3564-4331,千葉県千葉市中央区中央7丁目26番3号,千葉市中央区,千葉県,2600011,2024-04-20
9419,井上由美子,井上由美子9419@icloud.com,090-5714-3067,千葉県千葉市美浜区美浜1丁目7番7号,千葉市美浜区,千葉県,2610003,2023-12-10
9420,鈴木剛,鈴木剛9420@gmail.com,090-6125-9558,東京都渋谷区渋谷3丁目16番1号,渋谷区,東京都,1500026,2023-06-09
9421,村上一郎,村上一郎9421@icloud.com,090-7409-9859,埼玉県さいたま市浦和区高砂3丁目10番9号,さいたま市浦和区,埼玉県,3300008,2024-01-14
9422,中村亮,中村亮9422@icloud.com,090-4378-9267,埼玉県さいたま市大宮区大宮1丁目29番10号,さいたま市大宮区,埼玉県,3300041,2023-05-23
9423,渡辺麻美,渡辺麻美9423@example.com,090-4301-2972,北海道札幌市中央区北1条西6丁目3番2号,札幌市中央区,北海道,0600003,2024-02-18
9424,前田優子,前田優子9424@yahoo.co.jp,090-9711-7841,東京都渋谷区渋谷7丁目18番3号,渋谷区,東京都,1500020,2023-10-09
9425,橋本雄一,橋本雄一9425@yahoo.co.jp,090-9819-8310,千葉県千葉市中央区中央3丁目13番10号,千葉市中央区,千葉県,2600022,2024-10-20
9426,遠藤直樹,遠藤直樹9426@outlook.com,090-2081-2441,神奈川県横浜市中区本町4丁目7番3号,横浜市中区,神奈川県,2310023,2024-12-26
9427,村上直樹,村上直樹9427@example.com,090-1917-6292,福岡県福岡市中央区天神9丁目8番4号,福岡市中央区,福岡県,8100032,2024-01-13
9428,橋本大輔,橋本大輔9428@gmail.com,090-2080-9500,兵庫県神戸市灘区灘南通9丁目24番5号,神戸市灘区,兵庫県,6570031,2023-03-27
9429,遠藤剛,遠藤剛9429@yahoo.co.jp,090-4883-2154,福岡県福岡市中央区天神8丁目27番7号,福岡市中央区,福岡県,8100019,2023-12-26
9430,加藤美穂,加藤美穂9430@example.com,090-5246-7800,兵庫県神戸市灘区灘南通1丁目23番8号,神戸市灘区,兵庫県,6570012,2024-10-06
9431,森田次郎,森田次郎9431@yahoo.co.jp,090-8080-1068,北海道札幌市北区北6条西5丁目28番8号,札幌市北区,北海道,0600008,2023-06-01
9432,田中直樹,田中直樹9432@yahoo.co.jp,090-7873-6950,北海道札幌市中央区北1条西7丁目16番2号,札幌市中央区,北海道,0600010,2024-05-22
9433,渡辺美香,渡辺美香9433@outlook.com,090-6001-8358,兵庫県神戸市灘区灘南通6丁目19番2号,神戸市灘区,兵庫県,6570037,2024-08-18
9434,村上美穂,村上美穂9434@yahoo.co.jp,090-7176-8045,愛知県名古屋市西区名駅6丁目9番6号,名古屋市西区,愛知県,4510028,2023-05-26
9435,斎藤智子,斎藤智子9435@gmail.com,090-6107-1194,京都府京都市中京区烏丸通10丁目19番2号,京都市中京区,京都府,6040027,2023-01-20
9436,後藤翔太,後藤翔太9436@example.com,090-4517-9835,大阪府大阪市北区梅田2丁目11番8号,大阪市北区,大阪府,5300005,2024-08-20
9437,中村健一,中村健一9437@icloud.com,090-1104-2447,埼玉県さいたま市浦和区高砂1丁目26番3号,さいたま市浦和区,埼玉県,3300025,2024-06-16
9438,木村麻衣,木村麻衣9438@example.com,090-1169-1417,大阪府大阪市中央区本町1丁目20番1号,大阪市中央区,大阪府,5410040,2023-06-18
9439,中村花子,中村花子9439@icloud.com,090-9826-3277,福岡県福岡市博多区博多駅前2丁目13番6号,福岡市博多区,福岡県,8120013,2023-07-08
9440,岡田健太,岡田健太9440@icloud.com,090-8986-8255,兵庫県神戸市灘区灘南通6丁目11番9号,神戸市灘区,兵庫県,6570031,2023-11-08
9441,渡辺由美子,渡辺由美子9441@outlook.com,090-8797-9551,福岡県福岡市博多区博多駅前9丁目21番6号,福岡市博多区,福岡県,8120013,2023-05-13
9442,池田大輔,池田大輔9442@icloud.com,090-6381-6585,埼玉県さいたま市大宮区大宮5丁目12番2号,さいたま市大宮区,埼玉県,3300037,2023-03-09
9443,田中健太,田中健太9443@outlook.com,090-9226-8786,埼玉県さいたま市浦和区高砂7丁目17番3号,さいたま市浦和区,埼玉県,3300030,2023-01-22
9444,石川次郎,石川次郎9444@yahoo.co.jp,090-7244-7451,愛知県名古屋市中区錦3丁目3番7号,名古屋市中区,愛知県,4600006,2023-11-03
9445,高橋三郎,高橋三郎9445@yahoo.co.jp,090-5705-3574,神奈川県横浜市中区本町6丁目22番5号,横浜市中区,神奈川県,2310010,2024-03-29
9446,遠藤美咲,遠藤美咲9446@yahoo.co.jp,090-9726-5020,千葉県千葉市美浜区美浜3丁目2番2号,千葉市美浜区,千葉県,2610015,2023-10-16
9447,松本健太,松本健太9447@yahoo.co.jp,090-1436-6948,愛知県名古屋市中区錦5丁目6番7号,名古屋市中区,愛知県,4600001,2023-02-19
9448,渡辺麻美,渡辺麻美9448@gmail.com,090-3681-9776,東京都新宿区新宿1丁目22番9号,新宿区,東京都,1600008,2024-09-15
9449,加藤拓也,加藤拓也9449@yahoo.co.jp,090-5792-6249,東京都渋谷区渋谷9丁目12番5号,渋谷区,東京都,1500007,2024-12-13
9450,木村愛,木村愛9450@outlook.com,090-7933-1778,北海道札幌市北区北6条西5丁目9番8号,札幌市北区,北海道,0600026,2023-08-25
9451,森田太郎,森田太郎9451@outlook.com,090-6495-4368,千葉県千葉市中央区中央7丁目9番1号,千葉市中央区,千葉県,2600007,2023-04-21
9452,加藤真由美,加藤真由美9452@yahoo.co.jp,090-3817-3651,神奈川県横浜市中区本町8丁目16番7号,横浜市中区,神奈川県,2310033,2023-03-15
9453,村上香織,村上香織9453@gmail.com,090-6163-4818,千葉県千葉市美浜区美浜4丁目21番3号,千葉市美浜区,千葉県,2610029,2024-11-30
9454,遠藤大輔,遠藤大輔9454@yahoo.co.jp,090-9635-5476,神奈川県横浜市西区みなとみらい2丁目29番7号,横浜市西区,神奈川県,2200025,2023-01-04
9455,伊藤剛,伊藤剛9455@icloud.com,090-1725-9778,千葉県千葉市中央区中央8丁目10番9号,千葉市中央区,千葉県,2600015,2023-12-25
9456,鈴木美香,鈴木美香9456@outlook.com,090-5056-2793,京都府京都市下京区四条通2丁目22番9号,京都市下京区,京都府,6000027,2024-06-28
9457,森田美咲,森田美咲9457@yahoo.co.jp,090-7891-3683,神奈川県横浜市西区みなとみらい3丁目6番2号,横浜市西区,神奈川県,2200034,2023-08-17
9458,井上美香,井上美香9458@outlook.com,090-5833-7837,京都府京都市下京区四条通1丁目20番4号,京都市下京区,京都府,6000026,2023-10-08
9459,森田千佳,森田千佳9459@outlook.com,090-9538-6292,愛知県名古屋市中区錦9丁目9番9号,名古屋市中区,愛知県,4600006,2023-11-23
9460,村上剛,村上剛9460@gmail.com,090-1769-5275,東京都千代田区丸の内3丁目11番1号,千代田区,東京都,1000003,2023-07-03
9461,石川麻美,石川麻美9461@icloud.com,090-5461-8126,千葉県千葉市中央区中央3丁目10番2号,千葉市中央区,千葉県,2600036,2023-08-08
9462,近藤由美,近藤由美9462@outlook.com,090-9697-5277,東京都渋谷区渋谷6丁目12番5号,渋谷区,東京都,1500007,2023-07-13
9463,石川亮,石川亮9463@example.com,090-8051-3262,大阪府大阪市中央区本町6丁目25番8号,大阪市中央区,大阪府,5410023,2024-05-15
9464,山田さくら,山田さくら9464@example.com,090-7825-2893,東京都千代田区丸の内2丁目25番6号,千代田区,東京都,1000009,2023-07-29
9465,中村さくら,中村さくら9465@example.com,090-7806-5396,兵庫県神戸市灘区灘南通3丁目8番5号,神戸市灘区,兵庫県,6570040,2024-03-26
9466,村上誠,村上誠9466@example.com,090-5348-7548,千葉県千葉市中央区中央7丁目24番3号,千葉市中央区,千葉県,2600035,2023-07-23
9467,鈴木由美,鈴木由美9467@example.com,090-6687-3621,愛知県名古屋市中区錦3丁目27番3号,名古屋市中区,愛知県,4600002,2024-05-14
9468,山本拓也,山本拓也9468@outlook.com,090-4255-4640,福岡県福岡市中央区天神9丁目18番7号,福岡市中央区,福岡県,8100013,2023-06-18
9469,吉田直樹,吉田直樹9469@example.com,090-6659-3969,東京都渋谷区渋谷2丁目5番10号,渋谷区,東京都,1500002,2023-02-22
9470,坂本麻衣,坂本麻衣9470@gmail.com,090-8568-9938,兵庫県神戸市中央区三宮町8丁目5番10号,神戸市中央区,兵庫県,6500013,2023-05-30
9471,鈴木一郎,鈴木一郎9471@yahoo.co.jp,090-6417-9091,神奈川県横浜市中区本町9丁目28番6号,横浜市中区,神奈川県,2310011,2024-12-12
9472,青木正,青木正9472@gmail.com,090-9922-7568,愛知県名古屋市西区名駅5丁目9番10号,名古屋市西区,愛知県,4510035,2023-12-23
9473,青木誠,青木誠9473@icloud.com,090-1211-3041,東京都渋谷区渋谷5丁目15番8号,渋谷区,東京都,1500041,2023-03-11
9474,小林健一,小林健一9474@icloud.com,090-6402-9371,福岡県福岡市中央区天神6丁目19番8号,福岡市中央区,福岡県,8100015,2023-11-01
9475,中村智子,中村智子9475@icloud.com,090-2808-5763,大阪府大阪市中央区本町8丁目27番9号,大阪市中央区,大阪府,5410035,2023-01-15
9476,坂本美香,坂本美香9476@yahoo.co.jp,090-8630-6718,兵庫県神戸市灘区灘南通1丁目23番3号,神戸市灘区,兵庫県,6570041,2024-04-07
9477,加藤剛,加藤剛9477@yahoo.co.jp,090-7473-7606,神奈川県横浜市西区みなとみらい9丁目9番6号,横浜市西区,神奈川県,2200021,2023-02-28
9478,伊藤次郎,伊藤次郎9478@icloud.com,090-6742-1885,京都府京都市中京区烏丸通3丁目1番7号,京都市中京区,京都府,6040010,2023-07-27
9479,藤井和也,藤井和也9479@example.com,090-1716-7075,福岡県福岡市中央区天神2丁目22番8号,福岡市中央区,福岡県,8100004,2024-05-18
9480,井上美香,井上美香9480@yahoo.co.jp,090-4093-3953,千葉県千葉市中央区中央3丁目9番2号,千葉市中央区,千葉県,2600010,2024-12-31
9481,森田健太,森田健太9481@outlook.com,090-6371-5126,千葉県千葉市中央区中央7丁目23番8号,千葉市中央区,千葉県,2600009,2024-07-25
9482,後藤達也,後藤達也9482@outlook.com,090-7388-9304,京都府京都市中京区烏丸通9丁目6番5号,京都市中京区,京都府,6040035,2024-07-21
9483,中村亮,中村亮9483@yahoo.co.jp,090-7798-5891,北海道札幌市中央区北1条西5丁目20番1号,札幌市中央区,北海道,0600032,2024-12-27
9484,石川拓也,石川拓也9484@icloud.com,090-6985-5416,千葉県千葉市中央区中央7丁目24番4号,千葉市中央区,千葉県,2600030,2024-09-07
9485,近藤香織,近藤香織9485@outlook.com,090-3522-2719,東京都新宿区新宿1丁目15番8号,新宿区,東京都,1600001,2024-08-12
9486,林直樹,林直樹9486@outlook.com,090-3544-6139,兵庫県神戸市中央区三宮町2丁目27番1号,神戸市中央区,兵庫県,6500038,2023-05-06
9487,松本由美,松本由美9487@yahoo.co.jp,090-8835-4424,北海道札幌市中央区北1条西5丁目23番1号,札幌市中央区,北海道,0600005,2023-12-30
9488,伊藤剛,伊藤剛9488@gmail.com,090-9733-3195,東京都千代田区丸の内1丁目13番6号,千代田区,東京都,1000002,2024-07-11
9489,山田真由美,山田真由美9489@yahoo.co.jp,090-3601-2861,千葉県千葉市美浜区美浜7丁目13番4号,千葉市美浜区,千葉県,2610005,2023-09-22
9490,佐藤一郎,佐藤一郎9490@icloud.com,090-4659-3576,大阪府大阪市北区梅田8丁目30番1号,大阪市北区,大阪府,5300011,2024-07-14
9491,遠藤次郎,遠藤次郎9491@example.com,090-3080-5054,北海道札幌市中央区北1条西10丁目26番2号,札幌市中央区,北海道,0600037,2023-02-23
9492,中村美香,中村美香9492@icloud.com,090-6612-6022,埼玉県さいたま市大宮区大宮6丁目18番1号,さいたま市大宮区,埼玉県,3300001,2024-07-23
9493,渡辺麻美,渡辺麻美9493@gmail.com,090-2239-1383,神奈川県横浜市中区本町4丁目27番4号,横浜市中区,神奈川県,2310013,2024-11-01
9494,前田美咲,前田美咲9494@yahoo.co.jp,090-9961-9889,埼玉県さいたま市浦和区高砂6丁目10番4号,さいたま市浦和区,埼玉県,3300019,2024-03-19
9495,前田剛,前田剛9495@gmail.com,090-1262-7698,愛知県名古屋市中区錦8丁目4番10号,名古屋市中区,愛知県,4600007,2024-05-09
9496,田中慎一,田中慎一9496@gmail.com,090-1119-2511,兵庫県神戸市灘区灘南通6丁目20番9号,神戸市灘区,兵庫県,6570014,2024-03-30
9497,佐藤正,佐藤正9497@gmail.com,090-3523-2311,大阪府大阪市中央区本町2丁目3番6号,大阪市中央区,大阪府,5410010,2024-02-17
9498,橋本大輔,橋本大輔9498@icloud.com,090-2934-9099,大阪府大阪市中央区本町9丁目26番4号,大阪市中央区,大阪府,5410006,2023-09-28
9499,遠藤香織,遠藤香織9499@example.com,090-1210-8002,京都府京都市下京区四条通8丁目22番8号,京都市下京区,京都府,6000035,2024-02-03
9500,加藤誠,加藤誠9500@gmail.com,090-2888-3555,東京都新宿区新宿8丁目12番6号,新宿区,東京都,1600007,2024-03-28
9501,池田大輔,池田大輔9501@gmail.com,090-1751-9005,埼玉県さいたま市浦和区高砂6丁目30番8号,さいたま市浦和区,埼玉県,3300008,2023-08-24
9502,鈴木千佳,鈴木千佳9502@outlook.com,090-2758-9968,東京都新宿区新宿9丁目1番10号,新宿区,東京都,1600020,2023-08-02
9503,鈴木真由美,鈴木真由美9503@example.com,090-2525-5560,北海道札幌市中央区北1条西9丁目28番6号,札幌市中央区,北海道,0600028,2023-04-13
9504,中村達也,中村達也9504@outlook.com,090-6985-1069,兵庫県神戸市灘区灘南通6丁目13番8号,神戸市灘区,兵庫県,6570002,2023-05-10
9505,岡田翔太,岡田翔太9505@outlook.com,090-5265-8747,東京都新宿区新宿6丁目5番7号,新宿区,東京都,1600005,2024-02-19
9506,鈴木美穂,鈴木美穂9506@yahoo.co.jp,090-5030-5148,東京都新宿区新宿10丁目13番8号,新宿区,東京都,1600009,2024-08-03
9507,中村愛,中村愛9507@outlook.com,090-2994-3511,大阪府大阪市北区梅田9丁目17番9号,大阪市北区,大阪府,5300016,2023-07-15
9508,山本誠,山本誠9508@outlook.com,090-8415-7066,千葉県千葉市美浜区美浜3丁目15番2号,千葉市美浜区,千葉県,2610005,2023-06-14
9509,鈴木花子,鈴木花子9509@example.com,090-5079-3639,愛知県名古屋市西区名駅3丁目1番4号,名古屋市西区,愛知県,4510040,2024-01-12
9510,池田さくら,池田さくら9510@icloud.com,090-5472-2923,千葉県千葉市中央区中央9丁目28番9号,千葉市中央区,千葉県,2600024,2023-02-24
9511,高橋美咲,高橋美咲9511@outlook.com,090-8987-8259,東京都千代田区丸の内4丁目6番9号,千代田区,東京都,1000018,2024-01-14
9512,村上直樹,村上直樹9512@icloud.com,090-4788-5392,福岡県福岡市中央区天神6丁目16番6号,福岡市中央区,福岡県,8100010,2023-10-11
9513,木村美咲,木村美咲9513@yahoo.co.jp,090-1183-6779,埼玉県さいたま市大宮区大宮10丁目1番4号,さいたま市大宮区,埼玉県,3300002,2024-06-11
9514,斎藤誠,斎藤誠9514@example.com,090-2508-4439,埼玉県さいたま市大宮区大宮5丁目18番4号,さいたま市大宮区,埼玉県,3300025,2023-12-15
9515,松本由美子,松本由美子9515@yahoo.co.jp,090-5314-2261,埼玉県さいたま市大宮区大宮4丁目13番1号,さいたま市大宮区,埼玉県,3300020,2023-08-21
9516,林麻衣,林麻衣9516@icloud.com,090-5712-9486,北海道札幌市北区北6条西1丁目1番3号,札幌市北区,北海道,0600028,2024-05-07
9517,高橋大輔,高橋大輔9517@gmail.com,090-9992-2935,北海道札幌市中央区北1条西4丁目21番4号,札幌市中央区,北海道,0600016,2024-12-07
9518,鈴木誠,鈴木誠9518@gmail.com,090-1470-2485,埼玉県さいたま市大宮区大宮6丁目22番9号,さいたま市大宮区,埼玉県,3300037,2024-03-22
9519,坂本亮,坂本亮9519@outlook.com,090-5827-3385,千葉県千葉市中央区中央9丁目27番8号,千葉市中央区,千葉県,2600009,2023-08-27
9520,近藤由美,近藤由美9520@example.com,090-4923-3332,北海道札幌市中央区北1条西7丁目26番2号,札幌市中央区,北海道,0600007,2024-03-24
9521,高橋三郎,高橋三郎9521@example.com,090-6198-4045,大阪府大阪市中央区本町7丁目30番2号,大阪市中央区,大阪府,5410029,2023-02-26
9522,後藤達也,後藤達也9522@outlook.com,090-3899-7578,東京都渋谷区渋谷4丁目19番4号,渋谷区,東京都,1500001,2024-05-09
9523,木村智子,木村智子9523@icloud.com,090-7321-8580,愛知県名古屋市中区錦8丁目9番2号,名古屋市中区,愛知県,4600007,2023-12-14
9524,藤原和也,藤原和也9524@outlook.com,090-5130-2575,兵庫県神戸市中央区三宮町10丁目25番5号,神戸市中央区,兵庫県,6500006,2023-02-16
9525,加藤さくら,加藤さくら9525@example.com,090-6267-1951,東京都千代田区丸の内3丁目11番8号,千代田区,東京都,1000006,2023-10-13
9526,加藤智子,加藤智子9526@outlook.com,090-6198-4234,千葉県千葉市中央区中央4丁目18番4号,千葉市中央区,千葉県,2600019,2023-12-24
9527,井上恵子,井上恵子9527@yahoo.co.jp,090-9092-6225,千葉県千葉市美浜区美浜2丁目30番9号,千葉市美浜区,千葉県,2610023,2023-06-14
9528,田中剛,田中剛9528@outlook.com,090-6179-6583,福岡県福岡市中央区天神9丁目8番7号,福岡市中央区,福岡県,8100010,2023-03-05
9529,前田誠,前田誠9529@gmail.com,090-6355-5332,埼玉県さいたま市大宮区大宮6丁目28番3号,さいたま市大宮区,埼玉県,3300031,2023-05-25
9530,遠藤三郎,遠藤三郎9530@outlook.com,090-3960-6329,東京都新宿区新宿1丁目29番3号,新宿区,東京都,1600012,2024-10-14
9531,鈴木智子,鈴木智子9531@example.com,090-8667-7100,千葉県千葉市中央区中央8丁目1番4号,千葉市中央区,千葉県,2600020,2023-02-14
9532,森田さくら,森田さくら9532@example.com,090-3093-9293,埼玉県さいたま市浦和区高砂9丁目21番8号,さいたま市浦和区,埼玉県,3300041,2024-10-03
9533,村上恵子,村上恵子9533@icloud.com,090-8070-2866,京都府京都市中京区烏丸通8丁目2番2号,京都市中京区,京都府,6040039,2024-11-27
9534,前田美穂,前田美穂9534@example.com,090-9326-8006,福岡県福岡市中央区天神4丁目13番10号,福岡市中央区,福岡県,8100006,2023-10-29
9535,伊藤達也,伊藤達也9535@gmail.com,090-3152-7758,東京都渋谷区渋谷4丁目18番2号,渋谷区,東京都,1500031,2023-06-21
9536,岡田太郎,岡田太郎9536@yahoo.co.jp,090-9941-4863,大阪府大阪市北区梅田1丁目18番5号,大阪市北区,大阪府,5300002,2024-12-09
9537,藤井優子,藤井優子9537@yahoo.co.jp,090-4755-9573,埼玉県さいたま市大宮区大宮8丁目13番7号,さいたま市大宮区,埼玉県,3300031,2024-04-05
9538,岡田翔太,岡田翔太9538@icloud.com,090-7902-5279,大阪府大阪市中央区本町1丁目16番6号,大阪市中央区,大阪府,5410018,2023-08-21
9539,松本直樹,松本直樹9539@outlook.com,090-9708-8860,千葉県千葉市中央区中央7丁目25番3号,千葉市中央区,千葉県,2600009,2023-03-05
9540,池田美咲,池田美咲9540@yahoo.co.jp,090-8179-7535,兵庫県神戸市灘区灘南通4丁目20番9号,神戸市灘区,兵庫県,6570036,2024-06-02
9541,前田美穂,前田美穂9541@gmail.com,090-9481-8419,千葉県千葉市美浜区美浜6丁目30番10号,千葉市美浜区,千葉県,2610039,2024-09-29
9542,村上翔太,村上翔太9542@yahoo.co.jp,090-1566-8062,東京都渋谷区渋谷4丁目19番6号,渋谷区,東京都,1500027,2024-08-27
9543,伊藤由美子,伊藤由美子9543@gmail.com,090-1222-3028,愛知県名古屋市中区錦9丁目3番10号,名古屋市中区,愛知県,4600006,2024-07-20
9544,山田慎一,山田慎一9544@yahoo.co.jp,090-6228-4076,京都府京都市中京区烏丸通4丁目24番1号,京都市中京区,京都府,6040021,2023-07-14
9545,渡辺次郎,渡辺次郎9545@gmail.com,090-1036-2002,東京都千代田区丸の内4丁目7番1号,千代田区,東京都,1000014,2024-09-09
9546,小林健太,小林健太9546@gmail.com,090-9983-7882,東京都渋谷区渋谷7丁目14番4号,渋谷区,東京都,1500031,2024-11-19
9547,森田雄一,森田雄一9547@outlook.com,090-1313-6860,神奈川県横浜市西区みなとみらい8丁目15番3号,横浜市西区,神奈川県,2200035,2024-10-12
9548,松本美香,松本美香9548@gmail.com,090-2708-9648,大阪府大阪市北区梅田1丁目9番1号,大阪市北区,大阪府,5300005,2023-10-06
9549,田中次郎,田中次郎9549@icloud.com,090-6657-3076,北海道札幌市中央区北1条西1丁目27番1号,札幌市中央区,北海道,0600038,2024-08-21
9550,村上誠,村上誠9550@example.com,090-1256-7175,大阪府大阪市中央区本町9丁目19番1号,大阪市中央区,大阪府,5410020,2024-01-07
9551,池田千佳,池田千佳9551@icloud.com,090-4128-9173,千葉県千葉市美浜区美浜1丁目29番6号,千葉市美浜区,千葉県,2610037,2023-05-14
9552,松本拓也,松本拓也9552@outlook.com,090-4479-4097,福岡県福岡市中央区天神9丁目19番10号,福岡市中央区,福岡県,8100031,2024-09-14
9553,青木さくら,青木さくら9553@icloud.com,090-5468-7782,東京都千代田区丸の内10丁目5番1号,千代田区,東京都,1000012,2023-01-22
9554,前田優子,前田優子9554@example.com,090-3864-8126,東京都新宿区新宿5丁目21番2号,新宿区,東京都,1600020,2023-08-03
9555,後藤健太,後藤健太9555@icloud.com,090-9235-6153,東京都渋谷区渋谷3丁目6番3号,渋谷区,東京都,1500015,2023-08-19
9556,吉田健太,吉田健太9556@yahoo.co.jp,090-6042-8931,愛知県名古屋市西区名駅3丁目27番5号,名古屋市西区,愛知県,4510026,2024-05-10
9557,前田美穂,前田美穂9557@yahoo.co.jp,090-7509-7360,東京都新宿区新宿8丁目24番6号,新宿区,東京都,1600014,2023-11-08
9558,近藤由美子,近藤由美子9558@outlook.com,090-6201-8967,兵庫県神戸市中央区三宮町7丁目16番1号,神戸市中央区,兵庫県,6500032,2024-04-06
9559,石川正,石川正9559@icloud.com,090-7603-6327,北海道札幌市中央区北1条西5丁目27番4号,札幌市中央区,北海道,0600034,2023-03-03
9560,藤原次郎,藤原次郎9560@outlook.com,090-6070-9257,愛知県名古屋市中区錦6丁目3番1号,名古屋市中区,愛知県,4600004,2024-10-02
9561,長谷川美香,長谷川美香9561@example.com,090-7410-6635,兵庫県神戸市中央区三宮町10丁目11番7号,神戸市中央区,兵庫県,6500037,2023-06-24
9562,吉田誠,吉田誠9562@icloud.com,090-3970-7007,愛知県名古屋市西区名駅3丁目21番1号,名古屋市西区,愛知県,4510030,2023-02-03
9563,池田美穂,池田美穂9563@outlook.com,090-5607-5906,京都府京都市中京区烏丸通3丁目20番4号,京都市中京区,京都府,6040001,2024-11-25
9564,坂本正,坂本正9564@outlook.com,090-5904-3053,大阪府大阪市中央区本町2丁目27番9号,大阪市中央区,大阪府,5410028,2023-08-25
9565,藤原智子,藤原智子9565@gmail.com,090-9229-1492,北海道札幌市中央区北1条西6丁目30番3号,札幌市中央区,北海道,0600001,2024-02-24
9566,長谷川愛,長谷川愛9566@yahoo.co.jp,090-5833-3291,福岡県福岡市博多区博多駅前7丁目26番1号,福岡市博多区,福岡県,8120009,2024-07-23
9567,吉田優子,吉田優子9567@example.com,090-7176-2095,埼玉県さいたま市大宮区大宮10丁目2番8号,さいたま市大宮区,埼玉県,3300020,2024-12-26
9568,池田直樹,池田直樹9568@outlook.com,090-9286-7972,東京都千代田区丸の内10丁目20番9号,千代田区,東京都,1000011,2023-10-30
9569,近藤麻衣,近藤麻衣9569@example.com,090-7970-3632,神奈川県横浜市西区みなとみらい7丁目29番3号,横浜市西区,神奈川県,2200032,2023-03-03
9570,青木健太,青木健太9570@outlook.com,090-6670-5126,千葉県千葉市中央区中央8丁目11番9号,千葉市中央区,千葉県,2600029,2024-04-08
9571,藤原正,藤原正9571@gmail.com,090-1256-5644,埼玉県さいたま市浦和区高砂9丁目1番8号,さいたま市浦和区,埼玉県,3300002,2024-06-14
9572,藤原健一,藤原健一9572@example.com,090-4661-7297,東京都新宿区新宿8丁目7番7号,新宿区,東京都,1600002,2023-10-04
9573,渡辺拓也,渡辺拓也9573@example.com,090-4259-9763,北海道札幌市北区北6条西3丁目4番1号,札幌市北区,北海道,0600016,2023-06-01
9574,渡辺健一,渡辺健一9574@gmail.com,090-5492-5578,京都府京都市中京区烏丸通9丁目12番10号,京都市中京区,京都府,6040023,2024-02-22
9575,橋本一郎,橋本一郎9575@gmail.com,090-5451-8166,愛知県名古屋市中区錦6丁目7番9号,名古屋市中区,愛知県,4600001,2023-05-13
9576,青木香織,青木香織9576@gmail.com,090-3123-3987,京都府京都市下京区四条通7丁目18番4号,京都市下京区,京都府,6000033,2024-06-18
9577,小林千佳,小林千佳9577@outlook.com,090-4811-4075,神奈川県横浜市中区本町10丁目15番10号,横浜市中区,神奈川県,2310033,2023-09-11
9578,森田由美子,森田由美子9578@gmail.com,090-2340-1071,北海道札幌市北区北6条西7丁目28番1号,札幌市北区,北海道,0600003,2023-09-24
9579,斎藤愛,斎藤愛9579@outlook.com,090-1492-4408,大阪府大阪市北区梅田5丁目19番7号,大阪市北区,大阪府,5300007,2023-05-14
9580,木村麻美,木村麻美9580@outlook.com,090-7644-1054,兵庫県神戸市灘区灘南通9丁目5番4号,神戸市灘区,兵庫県,6570030,2024-08-03
9581,後藤健一,後藤健一9581@example.com,090-5010-9114,兵庫県神戸市中央区三宮町9丁目5番9号,神戸市中央区,兵庫県,6500029,2023-05-08
9582,長谷川達也,長谷川達也9582@outlook.com,090-1889-9522,北海道札幌市中央区北1条西9丁目20番10号,札幌市中央区,北海道,0600017,2024-03-24
9583,森田直樹,森田直樹9583@outlook.com,090-5543-8584,東京都千代田区丸の内1丁目14番1号,千代田区,東京都,1000015,2024-04-16
9584,木村花子,木村花子9584@outlook.com,090-6532-9849,愛知県名古屋市中区錦1丁目12番8号,名古屋市中区,愛知県,4600001,2024-08-26
9585,山田翔太,山田翔太9585@gmail.com,090-9146-1515,神奈川県横浜市中区本町8丁目20番9号,横浜市中区,神奈川県,2310031,2024-12-19
9586,後藤健一,後藤健一9586@outlook.com,090-9012-1727,千葉県千葉市中央区中央8丁目12番1号,千葉市中央区,千葉県,2600018,2024-02-19
9587,石川雄一,石川雄一9587@gmail.com,090-6242-2271,福岡県福岡市中央区天神2丁目1番4号,福岡市中央区,福岡県,8100003,2024-11-08
9588,鈴木三郎,鈴木三郎9588@gmail.com,090-2443-2160,千葉県千葉市美浜区美浜9丁目27番6号,千葉市美浜区,千葉県,2610039,2023-09-28
9589,長谷川大輔,長谷川大輔9589@gmail.com,090-7223-1441,大阪府大阪市北区梅田4丁目25番7号,大阪市北区,大阪府,5300001,2024-01-14
9590,吉田恵子,吉田恵子9590@yahoo.co.jp,090-2280-4779,埼玉県さいたま市浦和区高砂3丁目25番8号,さいたま市浦和区,埼玉県,3300016,2023-01-09
9591,加藤和也,加藤和也9591@icloud.com,090-1735-8386,福岡県福岡市博多区博多駅前9丁目11番3号,福岡市博多区,福岡県,8120009,2023-03-24
9592,山田千佳,山田千佳9592@yahoo.co.jp,090-4814-5957,埼玉県さいたま市浦和区高砂3丁目2番8号,さいたま市浦和区,埼玉県,3300037,2023-06-23
9593,林次郎,林次郎9593@icloud.com,090-2822-3075,埼玉県さいたま市大宮区大宮10丁目23番7号,さいたま市大宮区,埼玉県,3300002,2023-10-03
9594,石川一郎,石川一郎9594@yahoo.co.jp,090-5555-8067,東京都渋谷区渋谷5丁目21番5号,渋谷区,東京都,1500027,2024-06-06
9595,佐藤亮,佐藤亮9595@outlook.com,090-8968-8183,東京都渋谷区渋谷10丁目6番8号,渋谷区,東京都,1500009,2023-09-21
9596,田中麻美,田中麻美9596@outlook.com,090-4114-9530,北海道札幌市北区北6条西1丁目17番1号,札幌市北区,北海道,0600038,2023-07-08
9597,坂本直樹,坂本直樹9597@yahoo.co.jp,090-2904-1250,京都府京都市下京区四条通8丁目6番2号,京都市下京区,京都府,6000019,2023-09-26
9598,青木美咲,青木美咲9598@yahoo.co.jp,090-3947-7326,東京都渋谷区渋谷5丁目27番7号,渋谷区,東京都,1500031,2023-07-02
9599,井上由美,井上由美9599@outlook.com,090-6401-6540,兵庫県神戸市灘区灘南通8丁目15番10号,神戸市灘区,兵庫県,6570028,2023-07-22
9600,遠藤美咲,遠藤美咲9600@gmail.com,090-5439-2880,大阪府大阪市中央区本町8丁目12番1号,大阪市中央区,大阪府,5410028,2024-07-07
9601,青木麻美,青木麻美9601@outlook.com,090-8914-8202,千葉県千葉市美浜区美浜1丁目14番5号,千葉市美浜区,千葉県,2610006,2024-05-25
9602,坂本香織,坂本香織9602@example.com,090-3293-4289,神奈川県横浜市中区本町5丁目12番1号,横浜市中区,神奈川県,2310001,2023-11-09
9603,坂本拓也,坂本拓也9603@icloud.com,090-1014-9451,大阪府大阪市中央区本町3丁目19番7号,大阪市中央区,大阪府,5410031,2024-06-20
9604,後藤さくら,後藤さくら9604@example.com,090-2892-7801,東京都新宿区新宿2丁目13番5号,新宿区,東京都,1600001,2023-09-21
9605,岡田智子,岡田智子9605@example.com,090-4904-8350,東京都渋谷区渋谷5丁目29番5号,渋谷区,東京都,1500011,2024-02-24
9606,松本さくら,松本さくら9606@icloud.com,090-1886-8500,愛知県名古屋市中区錦9丁目4番8号,名古屋市中区,愛知県,4600007,2023-12-28
9607,山本太郎,山本太郎9607@gmail.com,090-1272-1886,福岡県福岡市博多区博多駅前10丁目16番4号,福岡市博多区,福岡県,8120015,2024-11-04
9608,岡田直樹,岡田直樹9608@outlook.com,090-8210-4087,京都府京都市中京区烏丸通4丁目9番2号,京都市中京区,京都府,6040016,2024-08-13
9609,田中由美子,田中由美子9609@yahoo.co.jp,090-5894-7167,埼玉県さいたま市浦和区高砂1丁目2番3号,さいたま市浦和区,埼玉県,3300004,2023-11-17
9610,岡田亮,岡田亮9610@outlook.com,090-7030-1711,東京都千代田区丸の内3丁目29番5号,千代田区,東京都,1000020,2023-10-17
9611,吉田花子,吉田花子9611@example.com,090-3541-4979,大阪府大阪市北区梅田2丁目15番8号,大阪市北区,大阪府,5300015,2024-01-03
9612,井上翔太,井上翔太9612@yahoo.co.jp,090-4840-1568,京都府京都市中京区烏丸通7丁目9番7号,京都市中京区,京都府,6040036,2024-08-19
9613,青木恵子,青木恵子9613@outlook.com,090-7725-2804,北海道札幌市北区北6条西5丁目25番4号,札幌市北区,北海道,0600031,2024-07-28
9614,林麻衣,林麻衣9614@yahoo.co.jp,090-8952-8484,北海道札幌市北区北6条西8丁目23番8号,札幌市北区,北海道,0600006,2024-05-01
9615,長谷川智子,長谷川智子9615@icloud.com,090-9708-1090,福岡県福岡市博多区博多駅前1丁目3番1号,福岡市博多区,福岡県,8120012,2024-01-20
9616,藤井翔太,藤井翔太9616@icloud.com,090-1790-3074,大阪府大阪市北区梅田8丁目9番5号,大阪市北区,大阪府,5300006,2024-12-09
9617,青木優子,青木優子9617@icloud.com,090-6787-6222,京都府京都市下京区四条通7丁目4番7号,京都市下京区,京都府,6000028,2024-08-01
9618,加藤健一,加藤健一9618@gmail.com,090-1719-8548,埼玉県さいたま市大宮区大宮1丁目3番5号,さいたま市大宮区,埼玉県,3300029,2023-11-04
9619,池田直樹,池田直樹9619@yahoo.co.jp,090-2421-8923,北海道札幌市北区北6条西3丁目22番2号,札幌市北区,北海道,0600012,2023-09-16
9620,山田麻衣,山田麻衣9620@outlook.com,090-1979-3400,北海道札幌市中央区北1条西6丁目28番5号,札幌市中央区,北海道,0600029,2023-08-21
9621,坂本麻衣,坂本麻衣9621@icloud.com,090-5308-9132,北海道札幌市北区北6条西3丁目3番5号,札幌市北区,北海道,0600039,2023-07-28
9622,長谷川麻美,長谷川麻美9622@yahoo.co.jp,090-2998-9571,大阪府大阪市北区梅田5丁目17番8号,大阪市北区,大阪府,5300012,2024-05-28
9623,岡田次郎,岡田次郎9623@gmail.com,090-3934-3598,愛知県名古屋市西区名駅4丁目26番8号,名古屋市西区,愛知県,4510007,2024-04-25
9624,吉田愛,吉田愛9624@example.com,090-4608-9378,神奈川県横浜市西区みなとみらい8丁目1番1号,横浜市西区,神奈川県,2200014,2024-04-20
9625,岡田雄一,岡田雄一9625@outlook.com,090-7012-9590,千葉県千葉市中央区中央1丁目30番1号,千葉市中央区,千葉県,2600028,2023-08-07
9626,岡田一郎,岡田一郎9626@gmail.com,090-1747-5704,福岡県福岡市中央区天神10丁目28番5号,福岡市中央区,福岡県,8100027,2023-05-25
9627,遠藤三郎,遠藤三郎9627@outlook.com,090-4102-7488,埼玉県さいたま市浦和区高砂6丁目9番9号,さいたま市浦和区,埼玉県,3300024,2024-01-30
9628,長谷川直樹,長谷川直樹9628@yahoo.co.jp,090-4939-4883,大阪府大阪市北区梅田6丁目10番7号,大阪市北区,大阪府,5300013,2024-02-14
9629,山本亮,山本亮9629@icloud.com,090-5506-5571,大阪府大阪市北区梅田5丁目23番2号,大阪市北区,大阪府,5300002,2024-10-26
9630,坂本誠,坂本誠9630@outlook.com,090-1925-2482,愛知県名古屋市中区錦2丁目27番6号,名古屋市中区,愛知県,4600001,2024-01-19
9631,中村三郎,中村三郎9631@gmail.com,090-8219-3478,京都府京都市中京区烏丸通1丁目30番1号,京都市中京区,京都府,6040003,2023-05-08
9632,青木翔太,青木翔太9632@gmail.com,090-1898-8753,北海道札幌市中央区北1条西3丁目26番7号,札幌市中央区,北海道,0600004,2024-08-03
9633,山田次郎,山田次郎9633@example.com,090-6196-1538,兵庫県神戸市中央区三宮町10丁目7番7号,神戸市中央区,兵庫県,6500010,2024-01-23
9634,加藤千佳,加藤千佳9634@outlook.com,090-1728-1416,神奈川県横浜市西区みなとみらい6丁目21番5号,横浜市西区,神奈川県,2200005,2023-04-28
9635,佐藤一郎,佐藤一郎9635@icloud.com,090-1100-2097,北海道札幌市中央区北1条西4丁目15番2号,札幌市中央区,北海道,0600031,2024-06-23
9636,石川優子,石川優子9636@gmail.com,090-4051-1229,愛知県名古屋市中区錦10丁目22番8号,名古屋市中区,愛知県,4600003,2023-11-03
9637,後藤智子,後藤智子9637@outlook.com,090-6744-1350,千葉県千葉市中央区中央9丁目3番3号,千葉市中央区,千葉県,2600003,2024-11-17
9638,遠藤誠,遠藤誠9638@icloud.com,090-3757-2595,埼玉県さいたま市大宮区大宮6丁目23番9号,さいたま市大宮区,埼玉県,3300007,2023-11-23
9639,高橋愛,高橋愛9639@icloud.com,090-7030-3930,北海道札幌市中央区北1条西9丁目18番2号,札幌市中央区,北海道,0600029,2024-11-02
9640,藤原花子,藤原花子9640@example.com,090-2727-1020,東京都千代田区丸の内4丁目18番9号,千代田区,東京都,1000005,2023-06-19
9641,村上雄一,村上雄一9641@example.com,090-1765-5560,北海道札幌市中央区北1条西8丁目12番9号,札幌市中央区,北海道,0600037,2024-03-26
9642,村上三郎,村上三郎9642@outlook.com,090-7703-9543,神奈川県横浜市西区みなとみらい5丁目16番7号,横浜市西区,神奈川県,2200034,2024-05-19
9643,斎藤愛,斎藤愛9643@yahoo.co.jp,090-2112-9534,愛知県名古屋市西区名駅8丁目7番2号,名古屋市西区,愛知県,4510027,2023-05-08
9644,石川直樹,石川直樹9644@yahoo.co.jp,090-3642-6732,千葉県千葉市美浜区美浜10丁目6番2号,千葉市美浜区,千葉県,2610031,2023-12-30
9645,林和也,林和也9645@outlook.com,090-1807-1450,兵庫県神戸市中央区三宮町4丁目30番8号,神戸市中央区,兵庫県,6500024,2024-02-19
9646,斎藤麻美,斎藤麻美9646@icloud.com,090-6042-6819,北海道札幌市中央区北1条西2丁目24番10号,札幌市中央区,北海道,0600009,2023-12-09
9647,森田恵子,森田恵子9647@yahoo.co.jp,090-1079-6168,福岡県福岡市中央区天神4丁目17番1号,福岡市中央区,福岡県,8100015,2023-11-23
9648,青木さくら,青木さくら9648@outlook.com,090-1737-6138,大阪府大阪市北区梅田8丁目27番9号,大阪市北区,大阪府,5300007,2024-09-03
9649,加藤太郎,加藤太郎9649@yahoo.co.jp,090-4783-7608,神奈川県横浜市中区本町10丁目19番8号,横浜市中区,神奈川県,2310024,2023-06-24
9650,木村千佳,木村千佳9650@gmail.com,090-4382-2817,東京都新宿区新宿10丁目1番7号,新宿区,東京都,1600013,2023-11-13
9651,石川真由美,石川真由美9651@yahoo.co.jp,090-7703-4655,兵庫県神戸市中央区三宮町9丁目6番6号,神戸市中央区,兵庫県,6500004,2023-10-21
9652,藤原恵子,藤原恵子9652@gmail.com,090-4459-2136,京都府京都市中京区烏丸通10丁目18番10号,京都市中京区,京都府,6040026,2023-05-03
9653,藤原恵子,藤原恵子9653@icloud.com,090-8799-8885,神奈川県横浜市中区本町5丁目20番6号,横浜市中区,神奈川県,2310008,2023-08-30
9654,山田美穂,山田美穂9654@yahoo.co.jp,090-5959-2925,千葉県千葉市中央区中央1丁目17番8号,千葉市中央区,千葉県,2600035,2023-11-24
9655,後藤美穂,後藤美穂9655@icloud.com,090-6816-2725,北海道札幌市北区北6条西5丁目26番2号,札幌市北区,北海道,0600028,2023-02-13
9656,青木由美子,青木由美子9656@example.com,090-3919-4959,東京都千代田区丸の内3丁目2番6号,千代田区,東京都,1000013,2023-10-31
9657,長谷川美咲,長谷川美咲9657@yahoo.co.jp,090-5376-7174,埼玉県さいたま市大宮区大宮1丁目30番4号,さいたま市大宮区,埼玉県,3300041,2023-03-26
9658,鈴木由美,鈴木由美9658@gmail.com,090-9492-5212,千葉県千葉市中央区中央9丁目23番5号,千葉市中央区,千葉県,2600017,2023-03-04
9659,吉田剛,吉田剛9659@outlook.com,090-6562-7584,福岡県福岡市中央区天神3丁目9番5号,福岡市中央区,福岡県,8100041,2023-01-28
9660,渡辺誠,渡辺誠9660@gmail.com,090-1679-2680,愛知県名古屋市中区錦6丁目22番10号,名古屋市中区,愛知県,4600007,2023-03-23
9661,加藤麻衣,加藤麻衣9661@gmail.com,090-1751-6068,東京都渋谷区渋谷7丁目5番1号,渋谷区,東京都,1500032,2024-09-30
9662,青木香織,青木香織9662@icloud.com,090-2022-7404,神奈川県横浜市西区みなとみらい3丁目28番2号,横浜市西区,神奈川県,2200038,2024-12-22
9663,藤井花子,藤井花子9663@gmail.com,090-1036-1531,京都府京都市下京区四条通8丁目22番5号,京都市下京区,京都府,6000028,2024-08-30
9664,小林由美子,小林由美子9664@outlook.com,090-6091-8673,福岡県福岡市中央区天神6丁目20番3号,福岡市中央区,福岡県,8100002,2024-03-23
9665,斎藤三郎,斎藤三郎9665@example.com,090-3466-6682,北海道札幌市北区北6条西6丁目19番5号,札幌市北区,北海道,0600036,2024-07-27
9666,高橋由美,高橋由美9666@icloud.com,090-9926-5556,愛知県名古屋市中区錦1丁目29番7号,名古屋市中区,愛知県,4600008,2023-03-20
9667,藤原愛,藤原愛9667@yahoo.co.jp,090-3940-4868,神奈川県横浜市西区みなとみらい6丁目12番6号,横浜市西区,神奈川県,2200033,2024-01-04
9668,藤原優子,藤原優子9668@gmail.com,090-7186-8236,神奈川県横浜市中区本町9丁目13番6号,横浜市中区,神奈川県,2310027,2024-08-13
9669,林翔太,林翔太9669@icloud.com,090-3416-6193,千葉県千葉市中央区中央8丁目19番10号,千葉市中央区,千葉県,2600025,2024-10-29
9670,長谷川太郎,長谷川太郎9670@yahoo.co.jp,090-7456-1122,北海道札幌市中央区北1条西4丁目21番3号,札幌市中央区,北海道,0600030,2023-07-10
9671,橋本恵子,橋本恵子9671@icloud.com,090-8373-2394,東京都千代田区丸の内7丁目6番4号,千代田区,東京都,1000005,2023-12-22
9672,井上拓也,井上拓也9672@example.com,090-3235-3734,福岡県福岡市中央区天神7丁目20番10号,福岡市中央区,福岡県,8100011,2023-07-22
9673,松本真由美,松本真由美9673@gmail.com,090-7185-6701,福岡県福岡市博多区博多駅前4丁目19番6号,福岡市博多区,福岡県,8120010,2024-11-23
9674,山本由美,山本由美9674@icloud.com,090-2748-7512,東京都渋谷区渋谷1丁目10番7号,渋谷区,東京都,1500005,2024-06-08
9675,田中麻衣,田中麻衣9675@outlook.com,090-8731-1360,北海道札幌市北区北6条西6丁目18番5号,札幌市北区,北海道,0600019,2024-05-18
9676,田中大輔,田中大輔9676@gmail.com,090-8557-1200,神奈川県横浜市中区本町7丁目6番7号,横浜市中区,神奈川県,2310027,2024-08-21
9677,吉田美咲,吉田美咲9677@example.com,090-4685-4504,東京都千代田区丸の内10丁目23番7号,千代田区,東京都,1000007,2024-08-25
9678,高橋剛,高橋剛9678@icloud.com,090-9560-2168,兵庫県神戸市中央区三宮町10丁目6番4号,神戸市中央区,兵庫県,6500013,2023-11-10
9679,山田由美,山田由美9679@example.com,090-1202-4607,埼玉県さいたま市大宮区大宮9丁目24番9号,さいたま市大宮区,埼玉県,3300022,2024-06-26
9680,藤井智子,藤井智子9680@gmail.com,090-1449-1460,愛知県名古屋市西区名駅3丁目30番7号,名古屋市西区,愛知県,4510019,2024-07-17
9681,田中千佳,田中千佳9681@icloud.com,090-7149-2629,北海道札幌市北区北6条西9丁目23番2号,札幌市北区,北海道,0600005,2023-01-04
9682,近藤三郎,近藤三郎9682@icloud.com,090-9062-4412,千葉県千葉市美浜区美浜3丁目13番3号,千葉市美浜区,千葉県,2610016,2023-01-30
9683,吉田香織,吉田香織9683@gmail.com,090-3280-2495,京都府京都市下京区四条通1丁目23番6号,京都市下京区,京都府,6000001,2023-01-07
9684,後藤美香,後藤美香9684@yahoo.co.jp,090-5723-4790,大阪府大阪市中央区本町5丁目3番9号,大阪市中央区,大阪府,5410023,2024-08-08
9685,中村麻衣,中村麻衣9685@yahoo.co.jp,090-4826-5888,福岡県福岡市博多区博多駅前6丁目2番4号,福岡市博多区,福岡県,8120015,2024-06-11
9686,小林由美子,小林由美子9686@outlook.com,090-4505-3677,千葉県千葉市中央区中央6丁目27番5号,千葉市中央区,千葉県,2600028,2024-06-13
9687,林達也,林達也9687@yahoo.co.jp,090-1401-2459,千葉県千葉市美浜区美浜5丁目24番1号,千葉市美浜区,千葉県,2610015,2023-02-21
9688,山本三郎,山本三郎9688@gmail.com,090-1422-6388,東京都渋谷区渋谷8丁目23番10号,渋谷区,東京都,1500035,2023-11-05
9689,遠藤美穂,遠藤美穂9689@outlook.com,090-6887-3006,神奈川県横浜市西区みなとみらい5丁目26番9号,横浜市西区,神奈川県,2200011,2024-11-16
9690,井上次郎,井上次郎9690@gmail.com,090-8251-8709,千葉県千葉市中央区中央4丁目23番7号,千葉市中央区,千葉県,2600040,2024-09-19
9691,青木慎一,青木慎一9691@example.com,090-6399-3572,千葉県千葉市中央区中央3丁目16番5号,千葉市中央区,千葉県,2600022,2023-04-25
9692,藤井健太,藤井健太9692@yahoo.co.jp,090-5143-3854,愛知県名古屋市中区錦1丁目27番5号,名古屋市中区,愛知県,4600008,2024-09-17
9693,遠藤由美,遠藤由美9693@outlook.com,090-1391-2008,兵庫県神戸市中央区三宮町8丁目24番3号,神戸市中央区,兵庫県,6500018,2024-08-23
9694,高橋拓也,高橋拓也9694@yahoo.co.jp,090-3860-3513,京都府京都市下京区四条通6丁目24番2号,京都市下京区,京都府,6000041,2023-08-12
9695,藤原美香,藤原美香9695@example.com,090-3309-6815,埼玉県さいたま市大宮区大宮2丁目28番8号,さいたま市大宮区,埼玉県,3300041,2023-05-22
9696,伊藤和也,伊藤和也9696@outlook.com,090-4513-1952,福岡県福岡市中央区天神10丁目18番9号,福岡市中央区,福岡県,8100033,2023-10-17
9697,遠藤愛,遠藤愛9697@gmail.com,090-3754-2444,福岡県福岡市博多区博多駅前7丁目18番6号,福岡市博多区,福岡県,8120014,2024-03-02
9698,長谷川直樹,長谷川直樹9698@yahoo.co.jp,090-5406-4266,大阪府大阪市北区梅田3丁目19番3号,大阪市北区,大阪府,5300012,2024-12-15
9699,岡田雄一,岡田雄一9699@icloud.com,090-8414-5409,千葉県千葉市中央区中央9丁目16番7号,千葉市中央区,千葉県,2600038,2023-05-27
9700,中村千佳,中村千佳9700@gmail.com,090-5709-5734,東京都新宿区新宿1丁目25番7号,新宿区,東京都,1600002,2023-12-06
9701,小林健太,小林健太9701@gmail.com,090-9762-7435,兵庫県神戸市灘区灘南通9丁目5番4号,神戸市灘区,兵庫県,6570032,2023-03-18
9702,前田麻衣,前田麻衣9702@gmail.com,090-6935-1651,京都府京都市下京区四条通3丁目20番1号,京都市下京区,京都府,6000029,2024-05-01
9703,石川健一,石川健一9703@yahoo.co.jp,090-7057-8135,兵庫県神戸市灘区灘南通1丁目23番4号,神戸市灘区,兵庫県,6570039,2023-05-16
9704,村上太郎,村上太郎9704@example.com,090-2520-2837,神奈川県横浜市西区みなとみらい1丁目20番9号,横浜市西区,神奈川県,2200030,2023-02-22
9705,坂本花子,坂本花子9705@example.com,090-2879-9587,東京都渋谷区渋谷7丁目1番5号,渋谷区,東京都,1500002,2023-11-28
9706,池田健一,池田健一9706@outlook.com,090-5595-5954,東京都渋谷区渋谷7丁目15番5号,渋谷区,東京都,1500007,2023-04-12
9707,遠藤正,遠藤正9707@outlook.com,090-6618-4078,大阪府大阪市中央区本町4丁目6番6号,大阪市中央区,大阪府,5410004,2024-12-22
9708,渡辺美穂,渡辺美穂9708@outlook.com,090-1096-3391,福岡県福岡市博多区博多駅前5丁目19番4号,福岡市博多区,福岡県,8120021,2024-10-21
9709,坂本正,坂本正9709@example.com,090-2747-9094,東京都新宿区新宿8丁目15番1号,新宿区,東京都,1600013,2024-03-31
9710,坂本香織,坂本香織9710@yahoo.co.jp,090-9014-2791,北海道札幌市中央区北1条西4丁目24番10号,札幌市中央区,北海道,0600022,2023-05-15
9711,井上美香,井上美香9711@yahoo.co.jp,090-9663-4389,埼玉県さいたま市浦和区高砂5丁目26番3号,さいたま市浦和区,埼玉県,3300013,2024-12-09
9712,遠藤誠,遠藤誠9712@yahoo.co.jp,090-5182-5360,神奈川県横浜市西区みなとみらい7丁目26番9号,横浜市西区,神奈川県,2200034,2023-09-26
9713,橋本翔太,橋本翔太9713@example.com,090-4580-8650,福岡県福岡市博多区博多駅前4丁目20番8号,福岡市博多区,福岡県,8120016,2023-05-17
9714,井上愛,井上愛9714@example.com,090-8047-5843,埼玉県さいたま市大宮区大宮7丁目9番7号,さいたま市大宮区,埼玉県,3300036,2024-12-14
9715,石川正,石川正9715@gmail.com,090-2349-6563,東京都新宿区新宿7丁目15番7号,新宿区,東京都,1600008,2023-07-05
9716,森田拓也,森田拓也9716@outlook.com,090-2929-4434,神奈川県横浜市中区本町1丁目9番10号,横浜市中区,神奈川県,2310011,2023-12-18
9717,鈴木真由美,鈴木真由美9717@outlook.com,090-4362-4611,北海道札幌市中央区北1条西6丁目4番7号,札幌市中央区,北海道,0600028,2023-08-01
9718,青木慎一,青木慎一9718@example.com,090-3611-5346,北海道札幌市中央区北1条西2丁目2番4号,札幌市中央区,北海道,0600027,2023-12-30
9719,吉田次郎,吉田次郎9719@icloud.com,090-4134-7461,大阪府大阪市北区梅田7丁目19番2号,大阪市北区,大阪府,5300003,2023-01-22
9720,池田健太,池田健太9720@outlook.com,090-7283-8712,東京都渋谷区渋谷6丁目6番4号,渋谷区,東京都,1500019,2023-12-12
9721,青木美穂,青木美穂9721@outlook.com,090-4473-7784,千葉県千葉市中央区中央9丁目12番10号,千葉市中央区,千葉県,2600032,2024-05-04
9722,藤井一郎,藤井一郎9722@icloud.com,090-1693-8740,千葉県千葉市中央区中央3丁目22番8号,千葉市中央区,千葉県,2600025,2024-01-29
9723,吉田達也,吉田達也9723@outlook.com,090-3024-5342,京都府京都市下京区四条通3丁目20番10号,京都市下京区,京都府,6000020,2023-11-10
9724,後藤太郎,後藤太郎9724@outlook.com,090-2530-2851,埼玉県さいたま市大宮区大宮7丁目26番1号,さいたま市大宮区,埼玉県,3300018,2023-08-25
9725,岡田香織,岡田香織9725@icloud.com,090-5361-1218,京都府京都市中京区烏丸通4丁目30番4号,京都市中京区,京都府,6040029,2024-11-23
9726,近藤亮,近藤亮9726@icloud.com,090-7026-5919,神奈川県横浜市西区みなとみらい4丁目1番3号,横浜市西区,神奈川県,2200022,2024-06-30
9727,井上太郎,井上太郎9727@outlook.com,090-4745-4546,東京都千代田区丸の内10丁目30番9号,千代田区,東京都,1000003,2024-02-01
9728,近藤美穂,近藤美穂9728@yahoo.co.jp,090-4164-6587,埼玉県さいたま市浦和区高砂4丁目1番8号,さいたま市浦和区,埼玉県,3300024,2023-06-15
9729,加藤一郎,加藤一郎9729@icloud.com,090-8325-5678,大阪府大阪市北区梅田6丁目2番7号,大阪市北区,大阪府,5300012,2023-09-17
9730,藤井優子,藤井優子9730@example.com,090-2811-6706,大阪府大阪市中央区本町4丁目19番1号,大阪市中央区,大阪府,5410026,2023-02-11
9731,藤原誠,藤原誠9731@icloud.com,090-6821-5412,東京都新宿区新宿5丁目7番10号,新宿区,東京都,1600013,2024-10-11
9732,山田雄一,山田雄一9732@outlook.com,090-3293-1517,兵庫県神戸市中央区三宮町10丁目21番8号,神戸市中央区,兵庫県,6500024,2024-06-10
9733,池田真由美,池田真由美9733@gmail.com,090-5797-7719,大阪府大阪市中央区本町8丁目12番10号,大阪市中央区,大阪府,5410010,2023-06-12
9734,藤井雄一,藤井雄一9734@outlook.com,090-5523-8548,大阪府大阪市北区梅田3丁目16番10号,大阪市北区,大阪府,5300004,2023-12-27
9735,小林麻衣,小林麻衣9735@yahoo.co.jp,090-3897-6898,神奈川県横浜市西区みなとみらい7丁目15番3号,横浜市西区,神奈川県,2200006,2024-10-11
9736,遠藤一郎,遠藤一郎9736@outlook.com,090-4160-2151,東京都新宿区新宿7丁目13番5号,新宿区,東京都,1600015,2024-04-23
9737,木村健太,木村健太9737@yahoo.co.jp,090-8897-4492,埼玉県さいたま市浦和区高砂5丁目19番10号,さいたま市浦和区,埼玉県,3300033,2024-11-16
9738,加藤慎一,加藤慎一9738@gmail.com,090-9028-2154,北海道札幌市中央区北1条西1丁目19番9号,札幌市中央区,北海道,0600038,2023-06-20
9739,伊藤さくら,伊藤さくら9739@icloud.com,090-1788-6768,愛知県名古屋市西区名駅3丁目17番8号,名古屋市西区,愛知県,4510034,2024-10-05
9740,佐藤智子,佐藤智子9740@icloud.com,090-8829-6298,福岡県福岡市博多区博多駅前4丁目5番9号,福岡市博多区,福岡県,8120021,2024-07-21
9741,伊藤和也,伊藤和也9741@gmail.com,090-2502-1504,埼玉県さいたま市大宮区大宮6丁目27番8号,さいたま市大宮区,埼玉県,3300028,2024-07-28
9742,木村美香,木村美香9742@outlook.com,090-4873-9889,京都府京都市中京区烏丸通9丁目11番1号,京都市中京区,京都府,6040024,2023-07-11
9743,橋本愛,橋本愛9743@example.com,090-7543-3449,京都府京都市中京区烏丸通4丁目7番8号,京都市中京区,京都府,6040012,2024-11-09
9744,松本恵子,松本恵子9744@example.com,090-2730-8346,北海道札幌市中央区北1条西2丁目12番2号,札幌市中央区,北海道,0600011,2024-10-16
9745,斎藤由美,斎藤由美9745@yahoo.co.jp,090-6326-1818,北海道札幌市中央区北1条西2丁目27番1号,札幌市中央区,北海道,0600015,2023-02-20
9746,井上健太,井上健太9746@icloud.com,090-8150-1227,千葉県千葉市中央区中央5丁目22番8号,千葉市中央区,千葉県,2600001,2024-03-19
9747,橋本太郎,橋本太郎9747@example.com,090-5249-9718,兵庫県神戸市中央区三宮町10丁目13番5号,神戸市中央区,兵庫県,6500018,2023-12-09
9748,山田太郎,山田太郎9748@outlook.com,090-1751-2363,北海道札幌市中央区北1条西5丁目10番1号,札幌市中央区,北海道,0600038,2023-08-05
9749,坂本麻衣,坂本麻衣9749@outlook.com,090-6870-6385,京都府京都市中京区烏丸通9丁目6番9号,京都市中京区,京都府,6040038,2024-10-28
9750,藤井直樹,藤井直樹9750@icloud.com,090-2049-1202,千葉県千葉市中央区中央9丁目19番6号,千葉市中央区,千葉県,2600041,2024-04-24
9751,青木剛,青木剛9751@gmail.com,090-8686-9540,愛知県名古屋市中区錦7丁目27番6号,名古屋市中区,愛知県,4600007,2024-06-05
9752,森田美咲,森田美咲9752@example.com,090-9860-5866,京都府京都市中京区烏丸通1丁目6番5号,京都市中京区,京都府,6040013,2024-11-03
9753,斎藤さくら,斎藤さくら9753@gmail.com,090-5848-3089,東京都新宿区新宿1丁目1番6号,新宿区,東京都,1600021,2023-01-27
9754,藤井真由美,藤井真由美9754@gmail.com,090-2154-8959,北海道札幌市中央区北1条西7丁目24番10号,札幌市中央区,北海道,0600003,2024-06-07
9755,斎藤由美,斎藤由美9755@icloud.com,090-7098-4761,東京都新宿区新宿6丁目15番6号,新宿区,東京都,1600005,2023-05-01
9756,渡辺拓也,渡辺拓也9756@icloud.com,090-2759-5746,千葉県千葉市美浜区美浜1丁目8番7号,千葉市美浜区,千葉県,2610005,2023-02-18
9757,村上慎一,村上慎一9757@gmail.com,090-2630-2160,千葉県千葉市中央区中央3丁目19番4号,千葉市中央区,千葉県,2600001,2024-04-06
9758,田中千佳,田中千佳9758@outlook.com,090-5585-3020,愛知県名古屋市西区名駅5丁目5番9号,名古屋市西区,愛知県,4510040,2024-02-06
9759,岡田智子,岡田智子9759@icloud.com,090-2902-6027,福岡県福岡市中央区天神9丁目18番9号,福岡市中央区,福岡県,8100025,2023-11-06
9760,加藤亮,加藤亮9760@icloud.com,090-7975-9690,東京都渋谷区渋谷4丁目22番3号,渋谷区,東京都,1500013,2023-10-26
9761,伊藤慎一,伊藤慎一9761@gmail.com,090-5102-7690,愛知県名古屋市中区錦9丁目23番4号,名古屋市中区,愛知県,4600005,2024-11-02
9762,鈴木慎一,鈴木慎一9762@gmail.com,090-7985-4697,北海道札幌市北区北6条西2丁目18番9号,札幌市北区,北海道,0600004,2023-06-21
9763,青木次郎,青木次郎9763@yahoo.co.jp,090-2774-1938,東京都渋谷区渋谷1丁目26番6号,渋谷区,東京都,1500029,2024-02-08
9764,林健一,林健一9764@outlook.com,090-1586-1423,北海道札幌市北区北6条西6丁目24番1号,札幌市北区,北海道,0600039,2024-11-15
9765,前田麻衣,前田麻衣9765@gmail.com,090-7187-1096,福岡県福岡市博多区博多駅前7丁目12番1号,福岡市博多区,福岡県,8120005,2024-05-31
9766,田中大輔,田中大輔9766@gmail.com,090-1880-3212,東京都新宿区新宿10丁目6番1号,新宿区,東京都,1600002,2024-04-28
9767,森田由美子,森田由美子9767@example.com,090-7348-9500,北海道札幌市中央区北1条西4丁目1番9号,札幌市中央区,北海道,0600028,2023-03-16
9768,斎藤真由美,斎藤真由美9768@outlook.com,090-8198-5306,京都府京都市中京区烏丸通7丁目9番6号,京都市中京区,京都府,6040017,2024-02-28
9769,松本一郎,松本一郎9769@example.com,090-6098-8175,東京都渋谷区渋谷3丁目27番3号,渋谷区,東京都,1500014,2023-02-25
9770,長谷川花子,長谷川花子9770@gmail.com,090-8523-6445,愛知県名古屋市中区錦8丁目19番7号,名古屋市中区,愛知県,4600006,2023-06-05
9771,山田拓也,山田拓也9771@example.com,090-8677-1948,千葉県千葉市中央区中央9丁目3番6号,千葉市中央区,千葉県,2600017,2024-08-22
9772,吉田麻美,吉田麻美9772@outlook.com,090-2354-1809,東京都新宿区新宿5丁目13番7号,新宿区,東京都,1600005,2024-07-07
9773,長谷川千佳,長谷川千佳9773@gmail.com,090-9494-8407,千葉県千葉市美浜区美浜8丁目22番6号,千葉市美浜区,千葉県,2610036,2024-08-02
9774,青木美咲,青木美咲9774@example.com,090-7192-4897,兵庫県神戸市灘区灘南通10丁目2番10号,神戸市灘区,兵庫県,6570035,2024-03-29
9775,加藤麻美,加藤麻美9775@yahoo.co.jp,090-6310-4558,大阪府大阪市中央区本町7丁目20番6号,大阪市中央区,大阪府,5410021,2024-05-01
9776,村上一郎,村上一郎9776@example.com,090-7295-3515,神奈川県横浜市中区本町9丁目18番3号,横浜市中区,神奈川県,2310038,2024-11-05
9777,森田太郎,森田太郎9777@outlook.com,090-7886-8604,埼玉県さいたま市大宮区大宮8丁目30番4号,さいたま市大宮区,埼玉県,3300027,2023-04-14
9778,藤井智子,藤井智子9778@icloud.com,090-4515-2091,埼玉県さいたま市浦和区高砂2丁目29番8号,さいたま市浦和区,埼玉県,3300028,2024-07-12
9779,橋本剛,橋本剛9779@example.com,090-8976-1758,埼玉県さいたま市大宮区大宮10丁目11番8号,さいたま市大宮区,埼玉県,3300015,2024-09-30
9780,長谷川和也,長谷川和也9780@gmail.com,090-9586-9854,愛知県名古屋市中区錦3丁目21番1号,名古屋市中区,愛知県,4600008,2024-01-24
9781,村上太郎,村上太郎9781@outlook.com,090-2157-2171,神奈川県横浜市西区みなとみらい4丁目11番7号,横浜市西区,神奈川県,2200039,2024-01-08
9782,田中麻美,田中麻美9782@outlook.com,090-4026-8982,京都府京都市中京区烏丸通3丁目5番7号,京都市中京区,京都府,6040009,2024-07-21
9783,長谷川香織,長谷川香織9783@example.com,090-7868-2842,東京都渋谷区渋谷6丁目5番7号,渋谷区,東京都,1500037,2023-08-15
9784,長谷川真由美,長谷川真由美9784@icloud.com,090-7998-2733,東京都新宿区新宿7丁目3番7号,新宿区,東京都,1600021,2024-05-26
9785,鈴木美香,鈴木美香9785@icloud.com,090-2255-2914,埼玉県さいたま市浦和区高砂3丁目16番5号,さいたま市浦和区,埼玉県,3300041,2024-04-07
9786,橋本拓也,橋本拓也9786@icloud.com,090-4897-5200,大阪府大阪市中央区本町10丁目13番8号,大阪市中央区,大阪府,5410016,2023-10-09
9787,橋本麻美,橋本麻美9787@outlook.com,090-8580-9316,千葉県千葉市中央区中央10丁目11番10号,千葉市中央区,千葉県,2600020,2023-03-13
9788,吉田健太,吉田健太9788@outlook.com,090-4507-5881,千葉県千葉市美浜区美浜2丁目14番3号,千葉市美浜区,千葉県,2610003,2024-11-17
9789,青木次郎,青木次郎9789@example.com,090-1338-3000,東京都渋谷区渋谷4丁目13番9号,渋谷区,東京都,1500041,2024-08-09
9790,遠藤剛,遠藤剛9790@example.com,090-8519-9164,埼玉県さいたま市浦和区高砂9丁目4番10号,さいたま市浦和区,埼玉県,3300001,2023-12-29
9791,近藤智子,近藤智子9791@yahoo.co.jp,090-8652-9094,兵庫県神戸市中央区三宮町2丁目25番8号,神戸市中央区,兵庫県,6500001,2023-07-27
9792,中村優子,中村優子9792@example.com,090-7369-3533,千葉県千葉市美浜区美浜3丁目11番5号,千葉市美浜区,千葉県,2610022,2023-04-06
9793,渡辺雄一,渡辺雄一9793@yahoo.co.jp,090-8668-4858,千葉県千葉市中央区中央4丁目7番10号,千葉市中央区,千葉県,2600036,2023-08-01
9794,藤原麻衣,藤原麻衣9794@yahoo.co.jp,090-1450-7691,埼玉県さいたま市浦和区高砂1丁目17番3号,さいたま市浦和区,埼玉県,3300024,2023-03-06
9795,青木次郎,青木次郎9795@gmail.com,090-6758-1405,福岡県福岡市中央区天神6丁目5番8号,福岡市中央区,福岡県,8100005,2024-11-19
9796,吉田美穂,吉田美穂9796@yahoo.co.jp,090-5460-6284,兵庫県神戸市灘区灘南通3丁目24番3号,神戸市灘区,兵庫県,6570024,2023-08-17
9797,近藤真由美,近藤真由美9797@icloud.com,090-4380-2620,愛知県名古屋市中区錦2丁目27番6号,名古屋市中区,愛知県,4600008,2023-07-05
9798,藤原智子,藤原智子9798@gmail.com,090-4692-9977,福岡県福岡市中央区天神7丁目26番7号,福岡市中央区,福岡県,8100007,2023-06-05
9799,後藤雄一,後藤雄一9799@gmail.com,090-8542-7667,愛知県名古屋市西区名駅2丁目20番5号,名古屋市西区,愛知県,4510021,2023-08-22
9800,高橋健太,高橋健太9800@icloud.com,090-6923-3162,愛知県名古屋市西区名駅3丁目27番2号,名古屋市西区,愛知県,4510015,2023-04-20
9801,山田優子,山田優子9801@gmail.com,090-2342-6796,埼玉県さいたま市大宮区大宮1丁目10番4号,さいたま市大宮区,埼玉県,3300002,2023-08-09
9802,鈴木花子,鈴木花子9802@yahoo.co.jp,090-6920-8088,千葉県千葉市中央区中央7丁目22番3号,千葉市中央区,千葉県,2600033,2024-04-22
9803,渡辺三郎,渡辺三郎9803@gmail.com,090-7070-8666,大阪府大阪市中央区本町3丁目4番6号,大阪市中央区,大阪府,5410006,2023-08-27
9804,池田達也,池田達也9804@gmail.com,090-2754-4874,東京都千代田区丸の内6丁目17番10号,千代田区,東京都,1000006,2023-12-24
9805,近藤花子,近藤花子9805@example.com,090-9306-4118,東京都千代田区丸の内4丁目5番7号,千代田区,東京都,1000011,2024-08-20
9806,加藤翔太,加藤翔太9806@example.com,090-8454-6595,埼玉県さいたま市浦和区高砂3丁目17番8号,さいたま市浦和区,埼玉県,3300015,2023-09-10
9807,山田一郎,山田一郎9807@example.com,090-4072-3037,千葉県千葉市美浜区美浜5丁目7番1号,千葉市美浜区,千葉県,2610029,2023-09-18
9808,鈴木誠,鈴木誠9808@example.com,090-9342-1340,京都府京都市中京区烏丸通5丁目11番8号,京都市中京区,京都府,6040009,2023-04-07
9809,藤井由美,藤井由美9809@example.com,090-5237-5776,大阪府大阪市中央区本町3丁目10番1号,大阪市中央区,大阪府,5410002,2023-01-30
9810,坂本愛,坂本愛9810@icloud.com,090-5078-9493,東京都渋谷区渋谷3丁目24番5号,渋谷区,東京都,1500013,2024-01-25
9811,高橋千佳,高橋千佳9811@yahoo.co.jp,090-5205-4442,兵庫県神戸市中央区三宮町10丁目23番3号,神戸市中央区,兵庫県,6500019,2023-12-09
9812,坂本健一,坂本健一9812@gmail.com,090-2012-6002,千葉県千葉市中央区中央8丁目12番3号,千葉市中央区,千葉県,2600040,2024-03-09
9813,吉田麻美,吉田麻美9813@gmail.com,090-7596-5654,東京都新宿区新宿10丁目25番9号,新宿区,東京都,1600011,2023-01-13
9814,池田由美,池田由美9814@gmail.com,090-1483-8124,東京都渋谷区渋谷8丁目1番8号,渋谷区,東京都,1500022,2024-06-08
9815,加藤愛,加藤愛9815@icloud.com,090-2287-1375,東京都渋谷区渋谷4丁目5番6号,渋谷区,東京都,1500013,2023-07-04
9816,松本香織,松本香織9816@outlook.com,090-6167-8787,京都府京都市中京区烏丸通8丁目18番1号,京都市中京区,京都府,6040034,2024-08-31
9817,遠藤一郎,遠藤一郎9817@icloud.com,090-9811-4690,福岡県福岡市博多区博多駅前4丁目24番3号,福岡市博多区,福岡県,8120001,2023-04-09
9818,中村翔太,中村翔太9818@example.com,090-1803-3902,東京都千代田区丸の内3丁目10番2号,千代田区,東京都,1000009,2024-09-15
9819,岡田雄一,岡田雄一9819@outlook.com,090-1821-8008,神奈川県横浜市中区本町2丁目17番8号,横浜市中区,神奈川県,2310009,2023-06-22
9820,伊藤直樹,伊藤直樹9820@example.com,090-8284-5460,千葉県千葉市美浜区美浜9丁目22番5号,千葉市美浜区,千葉県,2610026,2023-03-08
9821,斎藤慎一,斎藤慎一9821@yahoo.co.jp,090-9246-1370,東京都新宿区新宿2丁目17番8号,新宿区,東京都,1600018,2023-04-06
9822,橋本健太,橋本健太9822@yahoo.co.jp,090-3031-9286,東京都新宿区新宿5丁目3番5号,新宿区,東京都,1600007,2024-08-10
9823,橋本智子,橋本智子9823@outlook.com,090-1247-2250,大阪府大阪市中央区本町3丁目14番9号,大阪市中央区,大阪府,5410024,2024-03-18
9824,松本大輔,松本大輔9824@outlook.com,090-7411-9771,愛知県名古屋市中区錦4丁目12番1号,名古屋市中区,愛知県,4600004,2023-02-19
9825,井上健太,井上健太9825@icloud.com,090-2441-6625,東京都渋谷区渋谷8丁目25番6号,渋谷区,東京都,1500026,2024-05-15
9826,村上恵子,村上恵子9826@outlook.com,090-4124-8847,埼玉県さいたま市浦和区高砂10丁目22番5号,さいたま市浦和区,埼玉県,3300024,2024-11-29
9827,木村智子,木村智子9827@outlook.com,090-9903-7548,兵庫県神戸市灘区灘南通10丁目18番4号,神戸市灘区,兵庫県,6570023,2024-12-07
9828,佐藤智子,佐藤智子9828@outlook.com,090-8445-7721,兵庫県神戸市灘区灘南通2丁目16番10号,神戸市灘区,兵庫県,6570034,2024-06-08
9829,岡田正,岡田正9829@icloud.com,090-9835-7842,千葉県千葉市美浜区美浜7丁目12番9号,千葉市美浜区,千葉県,2610028,2024-04-26
9830,鈴木一郎,鈴木一郎9830@gmail.com,090-4869-2503,京都府京都市下京区四条通8丁目12番10号,京都市下京区,京都府,6000034,2023-09-19
9831,高橋太郎,高橋太郎9831@outlook.com,090-8877-6309,大阪府大阪市中央区本町3丁目30番6号,大阪市中央区,大阪府,5410025,2024-04-30
9832,田中智子,田中智子9832@yahoo.co.jp,090-3457-3452,兵庫県神戸市中央区三宮町4丁目10番1号,神戸市中央区,兵庫県,6500013,2023-03-24
9833,前田誠,前田誠9833@icloud.com,090-4468-8184,愛知県名古屋市西区名駅9丁目9番3号,名古屋市西区,愛知県,4510001,2023-02-06
9834,岡田慎一,岡田慎一9834@outlook.com,090-7711-5166,北海道札幌市中央区北1条西1丁目24番8号,札幌市中央区,北海道,0600017,2023-03-23
9835,田中大輔,田中大輔9835@icloud.com,090-6966-4379,埼玉県さいたま市大宮区大宮10丁目7番4号,さいたま市大宮区,埼玉県,3300022,2024-01-15
9836,後藤健一,後藤健一9836@example.com,090-9315-7442,兵庫県神戸市中央区三宮町2丁目23番5号,神戸市中央区,兵庫県,6500003,2024-07-20
9837,藤原一郎,藤原一郎9837@gmail.com,090-6081-9839,兵庫県神戸市灘区灘南通6丁目8番3号,神戸市灘区,兵庫県,6570013,2024-04-24
9838,伊藤さくら,伊藤さくら9838@icloud.com,090-7546-3422,兵庫県神戸市灘区灘南通1丁目25番7号,神戸市灘区,兵庫県,6570040,2024-06-11
9839,斎藤千佳,斎藤千佳9839@yahoo.co.jp,090-7415-5292,愛知県名古屋市西区名駅6丁目19番2号,名古屋市西区,愛知県,4510041,2024-08-31
9840,斎藤次郎,斎藤次郎9840@outlook.com,090-8882-4607,北海道札幌市北区北6条西10丁目9番3号,札幌市北区,北海道,0600010,2023-07-30
9841,木村香織,木村香織9841@icloud.com,090-5337-4459,埼玉県さいたま市浦和区高砂9丁目24番7号,さいたま市浦和区,埼玉県,3300033,2023-06-24
9842,木村千佳,木村千佳9842@gmail.com,090-4547-5048,兵庫県神戸市中央区三宮町8丁目12番8号,神戸市中央区,兵庫県,6500012,2024-11-09
9843,前田拓也,前田拓也9843@gmail.com,090-3458-5717,大阪府大阪市中央区本町4丁目12番7号,大阪市中央区,大阪府,5410034,2024-03-07
9844,鈴木恵子,鈴木恵子9844@example.com,090-8106-9752,京都府京都市下京区四条通2丁目10番1号,京都市下京区,京都府,6000026,2024-05-13
9845,小林大輔,小林大輔9845@yahoo.co.jp,090-2935-3078,福岡県福岡市中央区天神2丁目23番2号,福岡市中央区,福岡県,8100001,2023-04-16
9846,藤井香織,藤井香織9846@gmail.com,090-6503-1281,愛知県名古屋市中区錦6丁目22番7号,名古屋市中区,愛知県,4600007,2024-09-05
9847,田中慎一,田中慎一9847@outlook.com,090-2002-7867,千葉県千葉市美浜区美浜4丁目6番4号,千葉市美浜区,千葉県,2610023,2024-01-01
9848,松本恵子,松本恵子9848@outlook.com,090-7983-7074,福岡県福岡市博多区博多駅前1丁目28番8号,福岡市博多区,福岡県,8120016,2024-03-14
9849,松本真由美,松本真由美9849@yahoo.co.jp,090-7748-5937,兵庫県神戸市灘区灘南通2丁目9番1号,神戸市灘区,兵庫県,6570007,2024-02-01
9850,近藤由美子,近藤由美子9850@example.com,090-5909-8491,福岡県福岡市中央区天神4丁目3番7号,福岡市中央区,福岡県,8100022,2023-08-05
9851,長谷川愛,長谷川愛9851@yahoo.co.jp,090-6369-9627,愛知県名古屋市中区錦5丁目8番2号,名古屋市中区,愛知県,4600003,2024-04-24
9852,林拓也,林拓也9852@example.com,090-5116-8171,京都府京都市中京区烏丸通7丁目19番1号,京都市中京区,京都府,6040021,2023-05-09
9853,坂本美穂,坂本美穂9853@outlook.com,090-9712-1545,京都府京都市下京区四条通6丁目29番7号,京都市下京区,京都府,6000010,2023-07-22
9854,井上由美,井上由美9854@icloud.com,090-6222-5628,北海道札幌市中央区北1条西9丁目8番4号,札幌市中央区,北海道,0600030,2024-05-06
9855,渡辺健一,渡辺健一9855@yahoo.co.jp,090-3634-7619,千葉県千葉市中央区中央6丁目1番7号,千葉市中央区,千葉県,2600009,2024-07-10
9856,藤井直樹,藤井直樹9856@yahoo.co.jp,090-3898-2229,京都府京都市中京区烏丸通4丁目18番3号,京都市中京区,京都府,6040008,2024-11-02
9857,村上由美,村上由美9857@icloud.com,090-9493-7617,北海道札幌市中央区北1条西2丁目23番10号,札幌市中央区,北海道,0600037,2023-06-21
9858,松本雄一,松本雄一9858@outlook.com,090-6196-2336,福岡県福岡市中央区天神4丁目7番6号,福岡市中央区,福岡県,8100021,2023-10-03
9859,井上智子,井上智子9859@icloud.com,090-4484-3500,福岡県福岡市中央区天神8丁目5番4号,福岡市中央区,福岡県,8100041,2023-09-20
9860,鈴木愛,鈴木愛9860@icloud.com,090-3482-6668,大阪府大阪市北区梅田9丁目14番8号,大阪市北区,大阪府,5300020,2023-07-08
9861,近藤恵子,近藤恵子9861@yahoo.co.jp,090-8974-3235,福岡県福岡市中央区天神4丁目15番10号,福岡市中央区,福岡県,8100029,2024-03-28
9862,松本次郎,松本次郎9862@gmail.com,090-6681-4685,東京都新宿区新宿4丁目5番6号,新宿区,東京都,1600017,2024-01-01
9863,藤原健一,藤原健一9863@example.com,090-1905-4969,東京都新宿区新宿9丁目6番6号,新宿区,東京都,1600016,2024-08-18
9864,長谷川次郎,長谷川次郎9864@example.com,090-2712-3406,京都府京都市中京区烏丸通8丁目11番2号,京都市中京区,京都府,6040024,2023-04-11
9865,岡田太郎,岡田太郎9865@icloud.com,090-6292-9147,大阪府大阪市中央区本町5丁目10番8号,大阪市中央区,大阪府,5410037,2023-07-01
9866,青木翔太,青木翔太9866@gmail.com,090-2925-9640,神奈川県横浜市西区みなとみらい10丁目15番4号,横浜市西区,神奈川県,2200015,2023-11-14
9867,高橋直樹,高橋直樹9867@yahoo.co.jp,090-4685-9822,愛知県名古屋市西区名駅8丁目3番6号,名古屋市西区,愛知県,4510012,2024-02-26
9868,木村愛,木村愛9868@example.com,090-9832-5115,千葉県千葉市中央区中央9丁目29番7号,千葉市中央区,千葉県,2600003,2024-01-22
9869,石川健太,石川健太9869@example.com,090-8450-2613,神奈川県横浜市西区みなとみらい8丁目28番1号,横浜市西区,神奈川県,2200036,2024-08-01
9870,森田麻美,森田麻美9870@gmail.com,090-6063-4105,埼玉県さいたま市浦和区高砂4丁目18番3号,さいたま市浦和区,埼玉県,3300029,2023-07-15
9871,坂本太郎,坂本太郎9871@gmail.com,090-3239-4014,福岡県福岡市中央区天神10丁目25番1号,福岡市中央区,福岡県,8100030,2024-08-27
9872,長谷川花子,長谷川花子9872@yahoo.co.jp,090-6983-9827,福岡県福岡市博多区博多駅前3丁目13番4号,福岡市博多区,福岡県,8120007,2024-07-15
9873,吉田大輔,吉田大輔9873@gmail.com,090-8040-2478,千葉県千葉市中央区中央7丁目25番8号,千葉市中央区,千葉県,2600039,2024-09-22
9874,藤原三郎,藤原三郎9874@outlook.com,090-5754-2394,京都府京都市中京区烏丸通4丁目3番8号,京都市中京区,京都府,6040040,2024-11-10
9875,田中千佳,田中千佳9875@yahoo.co.jp,090-1157-1789,東京都渋谷区渋谷3丁目14番6号,渋谷区,東京都,1500006,2023-01-25
9876,松本麻衣,松本麻衣9876@icloud.com,090-4834-6800,大阪府大阪市中央区本町8丁目5番10号,大阪市中央区,大阪府,5410009,2023-09-12
9877,橋本美咲,橋本美咲9877@example.com,090-8503-5865,兵庫県神戸市中央区三宮町7丁目7番9号,神戸市中央区,兵庫県,6500040,2024-12-18
9878,井上慎一,井上慎一9878@yahoo.co.jp,090-9256-3214,兵庫県神戸市中央区三宮町8丁目25番7号,神戸市中央区,兵庫県,6500031,2023-10-21
9879,井上亮,井上亮9879@gmail.com,090-5613-2835,東京都新宿区新宿7丁目8番1号,新宿区,東京都,1600009,2024-07-05
9880,高橋達也,高橋達也9880@yahoo.co.jp,090-9222-9617,神奈川県横浜市中区本町6丁目19番9号,横浜市中区,神奈川県,2310014,2023-06-29
9881,斎藤慎一,斎藤慎一9881@icloud.com,090-9502-3662,兵庫県神戸市灘区灘南通2丁目16番3号,神戸市灘区,兵庫県,6570012,2024-01-08
9882,鈴木さくら,鈴木さくら9882@icloud.com,090-2438-2607,神奈川県横浜市西区みなとみらい6丁目28番1号,横浜市西区,神奈川県,2200029,2024-02-14
9883,遠藤美穂,遠藤美穂9883@gmail.com,090-4774-9808,東京都新宿区新宿2丁目1番1号,新宿区,東京都,1600005,2024-09-03
9884,長谷川美穂,長谷川美穂9884@outlook.com,090-1330-3877,北海道札幌市中央区北1条西8丁目24番7号,札幌市中央区,北海道,0600006,2023-08-10
9885,池田一郎,池田一郎9885@example.com,090-7617-6948,兵庫県神戸市灘区灘南通9丁目3番10号,神戸市灘区,兵庫県,6570012,2023-02-19
9886,長谷川雄一,長谷川雄一9886@yahoo.co.jp,090-1267-4546,京都府京都市下京区四条通4丁目17番4号,京都市下京区,京都府,6000018,2023-07-09
9887,森田剛,森田剛9887@outlook.com,090-5379-9782,京都府京都市中京区烏丸通2丁目7番7号,京都市中京区,京都府,6040019,2024-01-06
9888,森田花子,森田花子9888@icloud.com,090-8161-6173,愛知県名古屋市西区名駅8丁目17番8号,名古屋市西区,愛知県,4510032,2024-02-14
9889,長谷川麻美,長谷川麻美9889@gmail.com,090-6019-4959,神奈川県横浜市中区本町1丁目13番2号,横浜市中区,神奈川県,2310028,2024-02-11
9890,木村麻衣,木村麻衣9890@outlook.com,090-4365-3715,千葉県千葉市中央区中央5丁目15番3号,千葉市中央区,千葉県,2600028,2023-05-13
9891,青木亮,青木亮9891@outlook.com,090-1865-4305,東京都千代田区丸の内2丁目22番1号,千代田区,東京都,1000006,2023-08-15
9892,佐藤千佳,佐藤千佳9892@outlook.com,090-7387-4200,京都府京都市下京区四条通6丁目13番6号,京都市下京区,京都府,6000004,2024-01-26
9893,近藤真由美,近藤真由美9893@yahoo.co.jp,090-4596-7825,愛知県名古屋市中区錦3丁目2番7号,名古屋市中区,愛知県,4600007,2024-04-15
9894,田中一郎,田中一郎9894@icloud.com,090-3232-1608,北海道札幌市中央区北1条西6丁目3番7号,札幌市中央区,北海道,0600023,2023-04-04
9895,松本愛,松本愛9895@outlook.com,090-7793-5434,東京都渋谷区渋谷2丁目17番1号,渋谷区,東京都,1500020,2023-07-06
9896,藤原花子,藤原花子9896@yahoo.co.jp,090-3018-3770,東京都渋谷区渋谷1丁目8番3号,渋谷区,東京都,1500032,2023-09-08
9897,渡辺次郎,渡辺次郎9897@gmail.com,090-6050-1343,東京都新宿区新宿10丁目17番5号,新宿区,東京都,1600006,2023-05-23
9898,長谷川健一,長谷川健一9898@example.com,090-9084-6388,福岡県福岡市中央区天神6丁目27番4号,福岡市中央区,福岡県,8100029,2024-04-14
9899,石川和也,石川和也9899@yahoo.co.jp,090-2549-2918,愛知県名古屋市中区錦2丁目23番5号,名古屋市中区,愛知県,4600007,2024-09-14
9900,前田愛,前田愛9900@outlook.com,090-4417-9144,大阪府大阪市北区梅田5丁目2番7号,大阪市北区,大阪府,5300005,2024-07-12
9901,加藤雄一,加藤雄一9901@icloud.com,090-9102-3282,神奈川県横浜市中区本町5丁目19番2号,横浜市中区,神奈川県,2310041,2023-03-03
9902,田中正,田中正9902@gmail.com,090-7398-6415,埼玉県さいたま市大宮区大宮5丁目26番7号,さいたま市大宮区,埼玉県,3300024,2023-06-12
9903,山本大輔,山本大輔9903@yahoo.co.jp,090-1248-7921,千葉県千葉市美浜区美浜10丁目18番6号,千葉市美浜区,千葉県,2610020,2023-02-19
9904,松本和也,松本和也9904@icloud.com,090-1862-7546,北海道札幌市北区北6条西10丁目11番1号,札幌市北区,北海道,0600034,2023-11-14
9905,長谷川由美,長谷川由美9905@example.com,090-8298-1267,東京都新宿区新宿9丁目13番4号,新宿区,東京都,1600004,2023-09-02
9906,青木由美,青木由美9906@outlook.com,090-3922-2400,東京都渋谷区渋谷9丁目15番6号,渋谷区,東京都,1500040,2024-08-09
9907,山本麻衣,山本麻衣9907@example.com,090-6961-4607,京都府京都市中京区烏丸通3丁目17番10号,京都市中京区,京都府,6040011,2024-12-13
9908,岡田優子,岡田優子9908@icloud.com,090-5030-1063,東京都渋谷区渋谷6丁目29番3号,渋谷区,東京都,1500038,2024-06-24
9909,林和也,林和也9909@example.com,090-8554-2297,東京都渋谷区渋谷7丁目23番2号,渋谷区,東京都,1500041,2024-05-19
9910,渡辺大輔,渡辺大輔9910@gmail.com,090-9568-7188,東京都渋谷区渋谷2丁目3番10号,渋谷区,東京都,1500030,2024-04-13
9911,小林一郎,小林一郎9911@yahoo.co.jp,090-8874-9860,北海道札幌市中央区北1条西6丁目4番5号,札幌市中央区,北海道,0600022,2024-07-03
9912,佐藤由美子,佐藤由美子9912@yahoo.co.jp,090-6002-3201,東京都渋谷区渋谷9丁目28番8号,渋谷区,東京都,1500001,2024-01-20
9913,後藤美咲,後藤美咲9913@example.com,090-1912-2217,福岡県福岡市博多区博多駅前1丁目26番1号,福岡市博多区,福岡県,8120003,2023-08-23
9914,松本花子,松本花子9914@outlook.com,090-9043-8894,埼玉県さいたま市浦和区高砂3丁目28番5号,さいたま市浦和区,埼玉県,3300001,2023-04-11
9915,斎藤一郎,斎藤一郎9915@outlook.com,090-1329-7992,愛知県名古屋市中区錦7丁目23番9号,名古屋市中区,愛知県,4600008,2024-10-30
9916,山本太郎,山本太郎9916@yahoo.co.jp,090-5064-1760,神奈川県横浜市中区本町8丁目13番4号,横浜市中区,神奈川県,2310029,2023-08-07
9917,斎藤恵子,斎藤恵子9917@gmail.com,090-5965-5419,福岡県福岡市博多区博多駅前4丁目15番4号,福岡市博多区,福岡県,8120002,2024-05-13
9918,林太郎,林太郎9918@example.com,090-2137-3021,大阪府大阪市中央区本町7丁目4番10号,大阪市中央区,大阪府,5410038,2024-08-24
9919,井上拓也,井上拓也9919@example.com,090-3050-6071,埼玉県さいたま市大宮区大宮10丁目21番2号,さいたま市大宮区,埼玉県,3300038,2023-03-13
9920,山本由美子,山本由美子9920@yahoo.co.jp,090-9791-8960,京都府京都市下京区四条通4丁目19番4号,京都市下京区,京都府,6000009,2023-05-01
9921,吉田由美子,吉田由美子9921@yahoo.co.jp,090-9112-4095,京都府京都市下京区四条通6丁目6番10号,京都市下京区,京都府,6000001,2023-02-24
9922,吉田美香,吉田美香9922@example.com,090-5595-5834,兵庫県神戸市灘区灘南通10丁目18番6号,神戸市灘区,兵庫県,6570022,2024-10-08
9923,松本愛,松本愛9923@outlook.com,090-6024-3446,兵庫県神戸市灘区灘南通10丁目23番8号,神戸市灘区,兵庫県,6570034,2023-04-28
9924,近藤由美子,近藤由美子9924@icloud.com,090-4507-9674,福岡県福岡市中央区天神10丁目28番9号,福岡市中央区,福岡県,8100021,2023-09-05
9925,藤井次郎,藤井次郎9925@gmail.com,090-8952-7012,神奈川県横浜市西区みなとみらい4丁目17番3号,横浜市西区,神奈川県,2200019,2023-01-17
9926,村上由美子,村上由美子9926@example.com,090-6837-3539,福岡県福岡市中央区天神6丁目29番3号,福岡市中央区,福岡県,8100009,2023-06-06
9927,加藤健太,加藤健太9927@example.com,090-6146-1057,北海道札幌市北区北6条西6丁目1番7号,札幌市北区,北海道,0600027,2024-11-21
9928,長谷川麻美,長谷川麻美9928@outlook.com,090-7825-5360,神奈川県横浜市西区みなとみらい2丁目17番3号,横浜市西区,神奈川県,2200018,2024-04-20
9929,井上優子,井上優子9929@yahoo.co.jp,090-8609-8711,東京都渋谷区渋谷1丁目11番6号,渋谷区,東京都,1500006,2024-03-28
9930,森田和也,森田和也9930@icloud.com,090-4498-6823,埼玉県さいたま市大宮区大宮8丁目7番2号,さいたま市大宮区,埼玉県,3300014,2024-05-30
9931,小林和也,小林和也9931@yahoo.co.jp,090-2326-6573,東京都千代田区丸の内2丁目6番2号,千代田区,東京都,1000020,2023-12-29
9932,近藤麻美,近藤麻美9932@icloud.com,090-4023-5693,福岡県福岡市博多区博多駅前9丁目28番4号,福岡市博多区,福岡県,8120001,2024-09-21
9933,鈴木雄一,鈴木雄一9933@gmail.com,090-8293-7014,大阪府大阪市北区梅田3丁目2番10号,大阪市北区,大阪府,5300020,2024-09-02
9934,村上誠,村上誠9934@gmail.com,090-7979-7075,福岡県福岡市博多区博多駅前5丁目15番10号,福岡市博多区,福岡県,8120016,2023-06-11
9935,遠藤直樹,遠藤直樹9935@yahoo.co.jp,090-9273-7156,京都府京都市下京区四条通3丁目6番8号,京都市下京区,京都府,6000030,2024-02-11
9936,中村香織,中村香織9936@gmail.com,090-2926-4355,福岡県福岡市中央区天神4丁目9番2号,福岡市中央区,福岡県,8100036,2023-11-04
9937,山田智子,山田智子9937@icloud.com,090-4455-7382,愛知県名古屋市西区名駅1丁目27番6号,名古屋市西区,愛知県,4510023,2023-06-28
9938,加藤麻衣,加藤麻衣9938@gmail.com,090-7205-6600,京都府京都市下京区四条通3丁目19番4号,京都市下京区,京都府,6000009,2023-06-12
9939,鈴木翔太,鈴木翔太9939@outlook.com,090-9379-5265,埼玉県さいたま市浦和区高砂9丁目12番1号,さいたま市浦和区,埼玉県,3300028,2023-03-25
9940,佐藤麻衣,佐藤麻衣9940@yahoo.co.jp,090-6418-2373,東京都新宿区新宿4丁目3番5号,新宿区,東京都,1600003,2024-04-09
9941,小林大輔,小林大輔9941@example.com,090-9409-4959,愛知県名古屋市西区名駅7丁目10番3号,名古屋市西区,愛知県,4510034,2023-05-28
9942,渡辺由美,渡辺由美9942@icloud.com,090-3741-9499,埼玉県さいたま市大宮区大宮8丁目7番1号,さいたま市大宮区,埼玉県,3300034,2023-03-13
9943,井上花子,井上花子9943@icloud.com,090-2082-2579,兵庫県神戸市灘区灘南通9丁目29番10号,神戸市灘区,兵庫県,6570036,2024-03-18
9944,伊藤拓也,伊藤拓也9944@yahoo.co.jp,090-1732-3039,東京都新宿区新宿4丁目25番9号,新宿区,東京都,1600008,2023-07-28
9945,藤井正,藤井正9945@example.com,090-7087-6452,愛知県名古屋市西区名駅6丁目12番3号,名古屋市西区,愛知県,4510038,2023-12-31
9946,村上亮,村上亮9946@outlook.com,090-6905-4288,千葉県千葉市中央区中央3丁目7番4号,千葉市中央区,千葉県,2600019,2024-04-12
9947,青木千佳,青木千佳9947@icloud.com,090-3151-1516,神奈川県横浜市西区みなとみらい8丁目26番7号,横浜市西区,神奈川県,2200021,2023-01-29
9948,林由美子,林由美子9948@yahoo.co.jp,090-4289-8686,愛知県名古屋市西区名駅7丁目5番7号,名古屋市西区,愛知県,4510004,2023-02-13
9949,加藤麻美,加藤麻美9949@gmail.com,090-4207-6638,京都府京都市中京区烏丸通10丁目8番10号,京都市中京区,京都府,6040020,2024-07-03
9950,青木智子,青木智子9950@outlook.com,090-1728-6755,京都府京都市中京区烏丸通7丁目16番2号,京都市中京区,京都府,6040028,2024-04-19
9951,松本千佳,松本千佳9951@gmail.com,090-7902-8666,北海道札幌市北区北6条西8丁目3番7号,札幌市北区,北海道,0600016,2023-09-27
9952,中村大輔,中村大輔9952@yahoo.co.jp,090-5223-8148,兵庫県神戸市灘区灘南通4丁目15番7号,神戸市灘区,兵庫県,6570002,2024-08-04
9953,前田由美子,前田由美子9953@gmail.com,090-7168-1231,愛知県名古屋市中区錦10丁目29番3号,名古屋市中区,愛知県,4600003,2023-01-27
9954,木村千佳,木村千佳9954@icloud.com,090-6947-8021,北海道札幌市中央区北1条西1丁目11番7号,札幌市中央区,北海道,0600001,2023-10-16
9955,井上由美子,井上由美子9955@outlook.com,090-2867-6227,埼玉県さいたま市浦和区高砂10丁目30番1号,さいたま市浦和区,埼玉県,3300019,2024-03-25
9956,山本誠,山本誠9956@gmail.com,090-1472-9360,福岡県福岡市中央区天神2丁目20番1号,福岡市中央区,福岡県,8100026,2023-11-08
9957,遠藤拓也,遠藤拓也9957@example.com,090-3089-1384,北海道札幌市北区北6条西6丁目12番6号,札幌市北区,北海道,0600002,2023-09-25
9958,吉田誠,吉田誠9958@gmail.com,090-1902-1982,大阪府大阪市中央区本町9丁目25番8号,大阪市中央区,大阪府,5410015,2023-11-28
9959,斎藤真由美,斎藤真由美9959@yahoo.co.jp,090-1534-1638,北海道札幌市中央区北1条西5丁目4番10号,札幌市中央区,北海道,0600026,2023-03-07
9960,石川拓也,石川拓也9960@outlook.com,090-1567-5620,京都府京都市下京区四条通3丁目22番8号,京都市下京区,京都府,6000039,2023-07-22
9961,吉田正,吉田正9961@icloud.com,090-9543-4922,神奈川県横浜市中区本町1丁目7番2号,横浜市中区,神奈川県,2310039,2023-03-24
9962,田中亮,田中亮9962@outlook.com,090-4994-5133,東京都千代田区丸の内10丁目30番1号,千代田区,東京都,1000013,2024-08-30
9963,藤原誠,藤原誠9963@icloud.com,090-5999-4607,大阪府大阪市北区梅田10丁目18番7号,大阪市北区,大阪府,5300020,2023-08-01
9964,青木拓也,青木拓也9964@example.com,090-3081-3846,神奈川県横浜市中区本町7丁目17番1号,横浜市中区,神奈川県,2310041,2023-06-27
9965,石川直樹,石川直樹9965@example.com,090-3029-7185,兵庫県神戸市灘区灘南通7丁目24番9号,神戸市灘区,兵庫県,6570020,2024-06-25
9966,近藤真由美,近藤真由美9966@gmail.com,090-2348-1568,京都府京都市中京区烏丸通2丁目14番1号,京都市中京区,京都府,6040017,2023-03-11
9967,山本翔太,山本翔太9967@example.com,090-6413-2403,神奈川県横浜市西区みなとみらい9丁目23番8号,横浜市西区,神奈川県,2200006,2023-12-17
9968,渡辺一郎,渡辺一郎9968@yahoo.co.jp,090-8714-3655,神奈川県横浜市西区みなとみらい5丁目19番9号,横浜市西区,神奈川県,2200015,2023-01-19
9969,遠藤大輔,遠藤大輔9969@example.com,090-3474-7335,神奈川県横浜市西区みなとみらい10丁目2番3号,横浜市西区,神奈川県,2200038,2024-06-29
9970,後藤恵子,後藤恵子9970@outlook.com,090-8809-6004,東京都千代田区丸の内9丁目22番10号,千代田区,東京都,1000017,2024-10-12
9971,近藤麻美,近藤麻美9971@yahoo.co.jp,090-7485-6956,大阪府大阪市中央区本町5丁目1番1号,大阪市中央区,大阪府,5410004,2023-12-12
9972,伊藤真由美,伊藤真由美9972@yahoo.co.jp,090-2290-1605,兵庫県神戸市灘区灘南通10丁目2番9号,神戸市灘区,兵庫県,6570004,2024-08-23
9973,加藤雄一,加藤雄一9973@icloud.com,090-6773-9030,北海道札幌市北区北6条西10丁目13番6号,札幌市北区,北海道,0600033,2024-10-21
9974,岡田智子,岡田智子9974@outlook.com,090-6214-9183,千葉県千葉市美浜区美浜6丁目8番1号,千葉市美浜区,千葉県,2610021,2023-04-21
9975,中村優子,中村優子9975@example.com,090-5407-5161,愛知県名古屋市中区錦4丁目8番7号,名古屋市中区,愛知県,4600005,2024-04-24
9976,後藤美穂,後藤美穂9976@example.com,090-5965-1200,福岡県福岡市博多区博多駅前2丁目23番7号,福岡市博多区,福岡県,8120021,2024-12-11
9977,山田剛,山田剛9977@outlook.com,090-3728-8497,東京都渋谷区渋谷8丁目29番8号,渋谷区,東京都,1500035,2024-11-07
9978,田中達也,田中達也9978@yahoo.co.jp,090-5861-7514,埼玉県さいたま市浦和区高砂10丁目28番8号,さいたま市浦和区,埼玉県,3300010,2023-09-01
9979,吉田一郎,吉田一郎9979@example.com,090-7529-4986,東京都新宿区新宿6丁目30番7号,新宿区,東京都,1600009,2023-07-22
9980,木村真由美,木村真由美9980@outlook.com,090-2703-3958,千葉県千葉市中央区中央9丁目16番6号,千葉市中央区,千葉県,2600039,2023-09-07
9981,池田雄一,池田雄一9981@outlook.com,090-4193-1307,東京都渋谷区渋谷4丁目13番3号,渋谷区,東京都,1500014,2023-06-04
9982,森田健太,森田健太9982@gmail.com,090-3632-8338,埼玉県さいたま市大宮区大宮5丁目30番6号,さいたま市大宮区,埼玉県,3300026,2023-10-17
9983,山本達也,山本達也9983@gmail.com,090-8690-8561,神奈川県横浜市中区本町10丁目1番1号,横浜市中区,神奈川県,2310038,2024-09-16
9984,藤井真由美,藤井真由美9984@yahoo.co.jp,090-8852-1541,埼玉県さいたま市浦和区高砂10丁目27番3号,さいたま市浦和区,埼玉県,3300028,2023-01-03
9985,林美咲,林美咲9985@example.com,090-1965-3217,兵庫県神戸市灘区灘南通1丁目26番4号,神戸市灘区,兵庫県,6570013,2024-06-27
9986,橋本真由美,橋本真由美9986@outlook.com,090-7349-2413,千葉県千葉市美浜区美浜9丁目28番9号,千葉市美浜区,千葉県,2610016,2024-05-01
9987,佐藤健太,佐藤健太9987@example.com,090-7498-7784,千葉県千葉市中央区中央3丁目27番9号,千葉市中央区,千葉県,2600005,2023-01-05
9988,森田直樹,森田直樹9988@icloud.com,090-5217-7738,京都府京都市下京区四条通2丁目30番3号,京都市下京区,京都府,6000010,2023-06-16
9989,近藤智子,近藤智子9989@gmail.com,090-1369-3180,福岡県福岡市博多区博多駅前3丁目24番7号,福岡市博多区,福岡県,8120006,2023-12-29
9990,鈴木拓也,鈴木拓也9990@outlook.com,090-4277-4903,北海道札幌市中央区北1条西6丁目28番5号,札幌市中央区,北海道,0600035,2024-11-23
9991,林和也,林和也9991@gmail.com,090-8352-7616,東京都千代田区丸の内1丁目12番8号,千代田区,東京都,1000018,2024-12-14
9992,山田一郎,山田一郎9992@gmail.com,090-7350-7276,大阪府大阪市北区梅田6丁目21番3号,大阪市北区,大阪府,5300007,2023-02-21
9993,遠藤由美,遠藤由美9993@outlook.com,090-2424-8751,愛知県名古屋市中区錦1丁目26番3号,名古屋市中区,愛知県,4600007,2023-10-31
9994,山本拓也,山本拓也9994@outlook.com,090-6586-6718,埼玉県さいたま市浦和区高砂4丁目26番7号,さいたま市浦和区,埼玉県,3300010,2024-10-07
9995,伊藤剛,伊藤剛9995@icloud.com,090-8059-3567,東京都渋谷区渋谷9丁目28番7号,渋谷区,東京都,1500016,2024-10-04
9996,佐藤拓也,佐藤拓也9996@example.com,090-1519-7532,北海道札幌市中央区北1条西5丁目22番2号,札幌市中央区,北海道,0600012,2024-09-20
9997,池田拓也,池田拓也9997@example.com,090-3347-2427,兵庫県神戸市灘区灘南通9丁目18番7号,神戸市灘区,兵庫県,6570018,2024-03-03
9998,池田正,池田正9998@yahoo.co.jp,090-4906-1242,大阪府大阪市北区梅田4丁目25番10号,大阪市北区,大阪府,5300010,2024-01-02
9999,伊藤さくら,伊藤さくら9999@yahoo.co.jp,090-6217-4972,神奈川県横浜市西区みなとみらい4丁目9番5号,横浜市西区,神奈川県,2200037,2024-08-06
10000,小林優子,小林優子10000@gmail.com,090-3147-4187,北海道札幌市中央区北1条西10丁目29番10号,札幌市中央区,北海道,0600013,2023-11-07
