product_id,name,category,brand,price,stock_quantity,description,created_at
1,ワイヤレスイヤホン,エレクトロニクス,TechPro,41619,561,ワイヤレスイヤホンの詳細説明です。高品質でおすすめの商品です。,2023-04-26
2,スマートフォンケース,エレクトロニクス,DigitalLife,35005,638,スマートフォンケースの詳細説明です。高品質でおすすめの商品です。,2023-02-13
3,モバイルバッテリー,エレクトロニクス,DigitalLife,31531,453,モバイルバッテリーの詳細説明です。高品質でおすすめの商品です。,2023-02-05
4,USBケーブル,エレクトロニクス,SoundMax,19838,990,USBケーブルの詳細説明です。高品質でおすすめの商品です。,2023-04-18
5,Bluetoothスピーカー,エレクトロニクス,DigitalLife,38793,949,Bluetoothスピーカーの詳細説明です。高品質でおすすめの商品です。,2023-05-25
6,タブレットスタンド,エレクトロニクス,Connect,10989,411,タブレットスタンドの詳細説明です。高品質でおすすめの商品です。,2023-01-01
7,ワイヤレスマウス,エレクトロニクス,Connect,38787,976,ワイヤレスマウスの詳細説明です。高品質でおすすめの商品です。,2023-10-15
8,キーボード,エレクトロニクス,DigitalLife,16340,823,キーボードの詳細説明です。高品質でおすすめの商品です。,2023-10-31
9,モニタースタンド,エレクトロニクス,DigitalLife,42616,191,モニタースタンドの詳細説明です。高品質でおすすめの商品です。,2023-12-27
10,充電器,エレクトロニクス,DigitalLife,48482,269,充電器の詳細説明です。高品質でおすすめの商品です。,2023-01-13
11,ワイヤレスイヤホン 2,エレクトロニクス,TechPro,25585,27,ワイヤレスイヤホン 2の詳細説明です。高品質でおすすめの商品です。,2023-09-22
12,スマートフォンケース 2,エレクトロニクス,PowerUp,42965,418,スマートフォンケース 2の詳細説明です。高品質でおすすめの商品です。,2023-06-12
13,モバイルバッテリー 2,エレクトロニクス,TechPro,8698,492,モバイルバッテリー 2の詳細説明です。高品質でおすすめの商品です。,2023-04-05
14,USBケーブル 2,エレクトロニクス,TechPro,34811,934,USBケーブル 2の詳細説明です。高品質でおすすめの商品です。,2023-12-26
15,Bluetoothスピーカー 2,エレクトロニクス,DigitalLife,22063,636,Bluetoothスピーカー 2の詳細説明です。高品質でおすすめの商品です。,2023-12-20
16,タブレットスタンド 2,エレクトロニクス,SoundMax,30643,319,タブレットスタンド 2の詳細説明です。高品質でおすすめの商品です。,2023-09-02
17,ワイヤレスマウス 2,エレクトロニクス,DigitalLife,14021,438,ワイヤレスマウス 2の詳細説明です。高品質でおすすめの商品です。,2023-04-13
18,キーボード 2,エレクトロニクス,SoundMax,19394,293,キーボード 2の詳細説明です。高品質でおすすめの商品です。,2023-04-19
19,モニタースタンド 2,エレクトロニクス,TechPro,19666,298,モニタースタンド 2の詳細説明です。高品質でおすすめの商品です。,2023-11-01
20,充電器 2,エレクトロニクス,TechPro,26984,147,充電器 2の詳細説明です。高品質でおすすめの商品です。,2023-02-27
21,ワイヤレスイヤホン 3,エレクトロニクス,Connect,34298,84,ワイヤレスイヤホン 3の詳細説明です。高品質でおすすめの商品です。,2023-08-20
22,スマートフォンケース 3,エレクトロニクス,SoundMax,8099,289,スマートフォンケース 3の詳細説明です。高品質でおすすめの商品です。,2023-03-15
23,モバイルバッテリー 3,エレクトロニクス,SoundMax,2730,692,モバイルバッテリー 3の詳細説明です。高品質でおすすめの商品です。,2023-07-06
24,USBケーブル 3,エレクトロニクス,Connect,5544,949,USBケーブル 3の詳細説明です。高品質でおすすめの商品です。,2023-12-02
25,Bluetoothスピーカー 3,エレクトロニクス,PowerUp,3717,821,Bluetoothスピーカー 3の詳細説明です。高品質でおすすめの商品です。,2023-02-25
26,タブレットスタンド 3,エレクトロニクス,PowerUp,19462,46,タブレットスタンド 3の詳細説明です。高品質でおすすめの商品です。,2023-06-12
27,ワイヤレスマウス 3,エレクトロニクス,SoundMax,10205,252,ワイヤレスマウス 3の詳細説明です。高品質でおすすめの商品です。,2023-10-27
28,キーボード 3,エレクトロニクス,SoundMax,35850,749,キーボード 3の詳細説明です。高品質でおすすめの商品です。,2023-07-27
29,モニタースタンド 3,エレクトロニクス,DigitalLife,13872,143,モニタースタンド 3の詳細説明です。高品質でおすすめの商品です。,2023-08-06
30,充電器 3,エレクトロニクス,PowerUp,23497,228,充電器 3の詳細説明です。高品質でおすすめの商品です。,2023-09-26
31,ワイヤレスイヤホン 4,エレクトロニクス,SoundMax,1176,258,ワイヤレスイヤホン 4の詳細説明です。高品質でおすすめの商品です。,2023-04-03
32,スマートフォンケース 4,エレクトロニクス,DigitalLife,8418,601,スマートフォンケース 4の詳細説明です。高品質でおすすめの商品です。,2023-04-29
33,モバイルバッテリー 4,エレクトロニクス,Connect,23978,518,モバイルバッテリー 4の詳細説明です。高品質でおすすめの商品です。,2023-07-22
34,USBケーブル 4,エレクトロニクス,PowerUp,34310,749,USBケーブル 4の詳細説明です。高品質でおすすめの商品です。,2023-04-07
35,Bluetoothスピーカー 4,エレクトロニクス,TechPro,25181,28,Bluetoothスピーカー 4の詳細説明です。高品質でおすすめの商品です。,2023-02-18
36,タブレットスタンド 4,エレクトロニクス,SoundMax,12989,783,タブレットスタンド 4の詳細説明です。高品質でおすすめの商品です。,2023-07-09
37,ワイヤレスマウス 4,エレクトロニクス,PowerUp,13296,176,ワイヤレスマウス 4の詳細説明です。高品質でおすすめの商品です。,2023-07-26
38,キーボード 4,エレクトロニクス,SoundMax,8678,754,キーボード 4の詳細説明です。高品質でおすすめの商品です。,2023-03-03
39,モニタースタンド 4,エレクトロニクス,PowerUp,16490,628,モニタースタンド 4の詳細説明です。高品質でおすすめの商品です。,2023-09-28
40,充電器 4,エレクトロニクス,TechPro,42546,543,充電器 4の詳細説明です。高品質でおすすめの商品です。,2023-02-19
41,ワイヤレスイヤホン 5,エレクトロニクス,PowerUp,22231,701,ワイヤレスイヤホン 5の詳細説明です。高品質でおすすめの商品です。,2023-06-28
42,スマートフォンケース 5,エレクトロニクス,DigitalLife,6242,806,スマートフォンケース 5の詳細説明です。高品質でおすすめの商品です。,2023-07-28
43,モバイルバッテリー 5,エレクトロニクス,SoundMax,11423,928,モバイルバッテリー 5の詳細説明です。高品質でおすすめの商品です。,2023-07-03
44,USBケーブル 5,エレクトロニクス,SoundMax,8676,905,USBケーブル 5の詳細説明です。高品質でおすすめの商品です。,2023-03-31
45,Bluetoothスピーカー 5,エレクトロニクス,TechPro,30640,738,Bluetoothスピーカー 5の詳細説明です。高品質でおすすめの商品です。,2023-03-09
46,タブレットスタンド 5,エレクトロニクス,SoundMax,33666,767,タブレットスタンド 5の詳細説明です。高品質でおすすめの商品です。,2023-07-05
47,ワイヤレスマウス 5,エレクトロニクス,PowerUp,23099,617,ワイヤレスマウス 5の詳細説明です。高品質でおすすめの商品です。,2023-10-30
48,キーボード 5,エレクトロニクス,DigitalLife,21864,365,キーボード 5の詳細説明です。高品質でおすすめの商品です。,2023-09-26
49,モニタースタンド 5,エレクトロニクス,TechPro,32767,608,モニタースタンド 5の詳細説明です。高品質でおすすめの商品です。,2023-01-09
50,充電器 5,エレクトロニクス,Connect,14291,982,充電器 5の詳細説明です。高品質でおすすめの商品です。,2023-07-13
51,ワイヤレスイヤホン 6,エレクトロニクス,TechPro,36948,248,ワイヤレスイヤホン 6の詳細説明です。高品質でおすすめの商品です。,2023-05-07
52,スマートフォンケース 6,エレクトロニクス,PowerUp,44487,940,スマートフォンケース 6の詳細説明です。高品質でおすすめの商品です。,2023-01-12
53,モバイルバッテリー 6,エレクトロニクス,Connect,9727,624,モバイルバッテリー 6の詳細説明です。高品質でおすすめの商品です。,2023-07-10
54,USBケーブル 6,エレクトロニクス,PowerUp,46084,345,USBケーブル 6の詳細説明です。高品質でおすすめの商品です。,2023-05-05
55,Bluetoothスピーカー 6,エレクトロニクス,Connect,24624,781,Bluetoothスピーカー 6の詳細説明です。高品質でおすすめの商品です。,2023-10-19
56,タブレットスタンド 6,エレクトロニクス,DigitalLife,1233,908,タブレットスタンド 6の詳細説明です。高品質でおすすめの商品です。,2023-10-18
57,ワイヤレスマウス 6,エレクトロニクス,SoundMax,21995,995,ワイヤレスマウス 6の詳細説明です。高品質でおすすめの商品です。,2023-06-20
58,キーボード 6,エレクトロニクス,Connect,46174,316,キーボード 6の詳細説明です。高品質でおすすめの商品です。,2023-09-21
59,モニタースタンド 6,エレクトロニクス,SoundMax,4754,985,モニタースタンド 6の詳細説明です。高品質でおすすめの商品です。,2023-11-17
60,充電器 6,エレクトロニクス,Connect,24212,828,充電器 6の詳細説明です。高品質でおすすめの商品です。,2023-06-28
61,ワイヤレスイヤホン 7,エレクトロニクス,Connect,25304,942,ワイヤレスイヤホン 7の詳細説明です。高品質でおすすめの商品です。,2023-04-25
62,スマートフォンケース 7,エレクトロニクス,DigitalLife,4270,12,スマートフォンケース 7の詳細説明です。高品質でおすすめの商品です。,2023-07-05
63,モバイルバッテリー 7,エレクトロニクス,Connect,34683,936,モバイルバッテリー 7の詳細説明です。高品質でおすすめの商品です。,2023-05-09
64,USBケーブル 7,エレクトロニクス,SoundMax,10117,52,USBケーブル 7の詳細説明です。高品質でおすすめの商品です。,2023-04-17
65,Bluetoothスピーカー 7,エレクトロニクス,SoundMax,33369,436,Bluetoothスピーカー 7の詳細説明です。高品質でおすすめの商品です。,2023-05-06
66,タブレットスタンド 7,エレクトロニクス,TechPro,5093,584,タブレットスタンド 7の詳細説明です。高品質でおすすめの商品です。,2023-12-09
67,ワイヤレスマウス 7,エレクトロニクス,PowerUp,40860,603,ワイヤレスマウス 7の詳細説明です。高品質でおすすめの商品です。,2023-07-18
68,キーボード 7,エレクトロニクス,Connect,43087,100,キーボード 7の詳細説明です。高品質でおすすめの商品です。,2023-05-25
69,モニタースタンド 7,エレクトロニクス,SoundMax,6039,550,モニタースタンド 7の詳細説明です。高品質でおすすめの商品です。,2023-09-16
70,充電器 7,エレクトロニクス,SoundMax,41239,750,充電器 7の詳細説明です。高品質でおすすめの商品です。,2023-03-02
71,ワイヤレスイヤホン 8,エレクトロニクス,TechPro,24421,258,ワイヤレスイヤホン 8の詳細説明です。高品質でおすすめの商品です。,2023-04-18
72,スマートフォンケース 8,エレクトロニクス,Connect,21767,567,スマートフォンケース 8の詳細説明です。高品質でおすすめの商品です。,2023-10-17
73,モバイルバッテリー 8,エレクトロニクス,PowerUp,1686,799,モバイルバッテリー 8の詳細説明です。高品質でおすすめの商品です。,2023-08-30
74,USBケーブル 8,エレクトロニクス,DigitalLife,3413,587,USBケーブル 8の詳細説明です。高品質でおすすめの商品です。,2023-10-27
75,Bluetoothスピーカー 8,エレクトロニクス,DigitalLife,6600,54,Bluetoothスピーカー 8の詳細説明です。高品質でおすすめの商品です。,2023-05-14
76,タブレットスタンド 8,エレクトロニクス,SoundMax,27565,468,タブレットスタンド 8の詳細説明です。高品質でおすすめの商品です。,2023-12-04
77,ワイヤレスマウス 8,エレクトロニクス,SoundMax,44345,848,ワイヤレスマウス 8の詳細説明です。高品質でおすすめの商品です。,2023-04-09
78,キーボード 8,エレクトロニクス,SoundMax,23795,753,キーボード 8の詳細説明です。高品質でおすすめの商品です。,2023-05-24
79,モニタースタンド 8,エレクトロニクス,PowerUp,43810,896,モニタースタンド 8の詳細説明です。高品質でおすすめの商品です。,2023-03-15
80,充電器 8,エレクトロニクス,DigitalLife,6534,338,充電器 8の詳細説明です。高品質でおすすめの商品です。,2023-09-06
81,ワイヤレスイヤホン 9,エレクトロニクス,SoundMax,17587,252,ワイヤレスイヤホン 9の詳細説明です。高品質でおすすめの商品です。,2023-02-22
82,スマートフォンケース 9,エレクトロニクス,DigitalLife,16742,583,スマートフォンケース 9の詳細説明です。高品質でおすすめの商品です。,2023-02-07
83,モバイルバッテリー 9,エレクトロニクス,TechPro,26499,378,モバイルバッテリー 9の詳細説明です。高品質でおすすめの商品です。,2023-02-09
84,USBケーブル 9,エレクトロニクス,TechPro,2520,338,USBケーブル 9の詳細説明です。高品質でおすすめの商品です。,2023-09-25
85,Bluetoothスピーカー 9,エレクトロニクス,Connect,1042,392,Bluetoothスピーカー 9の詳細説明です。高品質でおすすめの商品です。,2023-01-20
86,タブレットスタンド 9,エレクトロニクス,SoundMax,13999,802,タブレットスタンド 9の詳細説明です。高品質でおすすめの商品です。,2023-05-08
87,ワイヤレスマウス 9,エレクトロニクス,DigitalLife,46315,529,ワイヤレスマウス 9の詳細説明です。高品質でおすすめの商品です。,2023-06-05
88,キーボード 9,エレクトロニクス,DigitalLife,13738,408,キーボード 9の詳細説明です。高品質でおすすめの商品です。,2023-02-17
89,モニタースタンド 9,エレクトロニクス,PowerUp,17145,771,モニタースタンド 9の詳細説明です。高品質でおすすめの商品です。,2023-12-17
90,充電器 9,エレクトロニクス,SoundMax,14744,870,充電器 9の詳細説明です。高品質でおすすめの商品です。,2023-08-20
91,ワイヤレスイヤホン 10,エレクトロニクス,SoundMax,30434,220,ワイヤレスイヤホン 10の詳細説明です。高品質でおすすめの商品です。,2023-05-12
92,スマートフォンケース 10,エレクトロニクス,Connect,24330,302,スマートフォンケース 10の詳細説明です。高品質でおすすめの商品です。,2023-04-29
93,モバイルバッテリー 10,エレクトロニクス,SoundMax,37208,113,モバイルバッテリー 10の詳細説明です。高品質でおすすめの商品です。,2023-03-11
94,USBケーブル 10,エレクトロニクス,TechPro,19359,588,USBケーブル 10の詳細説明です。高品質でおすすめの商品です。,2023-12-21
95,Bluetoothスピーカー 10,エレクトロニクス,TechPro,2789,219,Bluetoothスピーカー 10の詳細説明です。高品質でおすすめの商品です。,2023-06-26
96,タブレットスタンド 10,エレクトロニクス,PowerUp,17953,98,タブレットスタンド 10の詳細説明です。高品質でおすすめの商品です。,2023-06-28
97,ワイヤレスマウス 10,エレクトロニクス,TechPro,17226,179,ワイヤレスマウス 10の詳細説明です。高品質でおすすめの商品です。,2023-11-18
98,キーボード 10,エレクトロニクス,DigitalLife,15240,904,キーボード 10の詳細説明です。高品質でおすすめの商品です。,2023-05-01
99,モニタースタンド 10,エレクトロニクス,PowerUp,12488,849,モニタースタンド 10の詳細説明です。高品質でおすすめの商品です。,2023-05-27
100,充電器 10,エレクトロニクス,TechPro,24069,244,充電器 10の詳細説明です。高品質でおすすめの商品です。,2023-10-12
101,ワイヤレスイヤホン 11,エレクトロニクス,PowerUp,49137,330,ワイヤレスイヤホン 11の詳細説明です。高品質でおすすめの商品です。,2023-05-20
102,スマートフォンケース 11,エレクトロニクス,DigitalLife,41838,319,スマートフォンケース 11の詳細説明です。高品質でおすすめの商品です。,2023-11-01
103,モバイルバッテリー 11,エレクトロニクス,PowerUp,49328,39,モバイルバッテリー 11の詳細説明です。高品質でおすすめの商品です。,2023-03-27
104,USBケーブル 11,エレクトロニクス,TechPro,16380,764,USBケーブル 11の詳細説明です。高品質でおすすめの商品です。,2023-05-24
105,Bluetoothスピーカー 11,エレクトロニクス,Connect,11237,707,Bluetoothスピーカー 11の詳細説明です。高品質でおすすめの商品です。,2023-04-06
106,タブレットスタンド 11,エレクトロニクス,TechPro,14782,915,タブレットスタンド 11の詳細説明です。高品質でおすすめの商品です。,2023-08-12
107,ワイヤレスマウス 11,エレクトロニクス,DigitalLife,49047,598,ワイヤレスマウス 11の詳細説明です。高品質でおすすめの商品です。,2023-04-07
108,キーボード 11,エレクトロニクス,TechPro,25865,435,キーボード 11の詳細説明です。高品質でおすすめの商品です。,2023-10-06
109,モニタースタンド 11,エレクトロニクス,PowerUp,43857,728,モニタースタンド 11の詳細説明です。高品質でおすすめの商品です。,2023-05-07
110,充電器 11,エレクトロニクス,Connect,12953,711,充電器 11の詳細説明です。高品質でおすすめの商品です。,2023-06-12
111,ワイヤレスイヤホン 12,エレクトロニクス,Connect,2982,644,ワイヤレスイヤホン 12の詳細説明です。高品質でおすすめの商品です。,2023-01-12
112,スマートフォンケース 12,エレクトロニクス,PowerUp,33207,80,スマートフォンケース 12の詳細説明です。高品質でおすすめの商品です。,2023-07-26
113,モバイルバッテリー 12,エレクトロニクス,TechPro,5094,876,モバイルバッテリー 12の詳細説明です。高品質でおすすめの商品です。,2023-01-14
114,USBケーブル 12,エレクトロニクス,DigitalLife,7938,678,USBケーブル 12の詳細説明です。高品質でおすすめの商品です。,2023-06-10
115,Bluetoothスピーカー 12,エレクトロニクス,SoundMax,32154,841,Bluetoothスピーカー 12の詳細説明です。高品質でおすすめの商品です。,2023-02-10
116,タブレットスタンド 12,エレクトロニクス,PowerUp,43819,539,タブレットスタンド 12の詳細説明です。高品質でおすすめの商品です。,2023-03-31
117,ワイヤレスマウス 12,エレクトロニクス,DigitalLife,41918,531,ワイヤレスマウス 12の詳細説明です。高品質でおすすめの商品です。,2023-10-14
118,キーボード 12,エレクトロニクス,PowerUp,35404,681,キーボード 12の詳細説明です。高品質でおすすめの商品です。,2023-03-10
119,モニタースタンド 12,エレクトロニクス,TechPro,40878,520,モニタースタンド 12の詳細説明です。高品質でおすすめの商品です。,2023-11-08
120,充電器 12,エレクトロニクス,TechPro,30270,622,充電器 12の詳細説明です。高品質でおすすめの商品です。,2023-09-11
121,ワイヤレスイヤホン 13,エレクトロニクス,Connect,32664,71,ワイヤレスイヤホン 13の詳細説明です。高品質でおすすめの商品です。,2023-12-03
122,スマートフォンケース 13,エレクトロニクス,SoundMax,4571,34,スマートフォンケース 13の詳細説明です。高品質でおすすめの商品です。,2023-12-15
123,モバイルバッテリー 13,エレクトロニクス,TechPro,30184,525,モバイルバッテリー 13の詳細説明です。高品質でおすすめの商品です。,2023-07-19
124,USBケーブル 13,エレクトロニクス,Connect,41927,925,USBケーブル 13の詳細説明です。高品質でおすすめの商品です。,2023-08-04
125,Bluetoothスピーカー 13,エレクトロニクス,SoundMax,38004,416,Bluetoothスピーカー 13の詳細説明です。高品質でおすすめの商品です。,2023-06-04
126,タブレットスタンド 13,エレクトロニクス,Connect,33903,437,タブレットスタンド 13の詳細説明です。高品質でおすすめの商品です。,2023-11-22
127,ワイヤレスマウス 13,エレクトロニクス,SoundMax,45130,455,ワイヤレスマウス 13の詳細説明です。高品質でおすすめの商品です。,2023-04-07
128,キーボード 13,エレクトロニクス,Connect,4054,717,キーボード 13の詳細説明です。高品質でおすすめの商品です。,2023-06-04
129,モニタースタンド 13,エレクトロニクス,TechPro,29738,460,モニタースタンド 13の詳細説明です。高品質でおすすめの商品です。,2023-02-20
130,充電器 13,エレクトロニクス,PowerUp,34854,931,充電器 13の詳細説明です。高品質でおすすめの商品です。,2023-11-20
131,ワイヤレスイヤホン 14,エレクトロニクス,Connect,16231,920,ワイヤレスイヤホン 14の詳細説明です。高品質でおすすめの商品です。,2023-04-25
132,スマートフォンケース 14,エレクトロニクス,TechPro,11551,497,スマートフォンケース 14の詳細説明です。高品質でおすすめの商品です。,2023-05-23
133,モバイルバッテリー 14,エレクトロニクス,Connect,40263,660,モバイルバッテリー 14の詳細説明です。高品質でおすすめの商品です。,2023-05-02
134,USBケーブル 14,エレクトロニクス,DigitalLife,11866,191,USBケーブル 14の詳細説明です。高品質でおすすめの商品です。,2023-03-03
135,Bluetoothスピーカー 14,エレクトロニクス,Connect,30877,178,Bluetoothスピーカー 14の詳細説明です。高品質でおすすめの商品です。,2023-04-07
136,タブレットスタンド 14,エレクトロニクス,Connect,30661,160,タブレットスタンド 14の詳細説明です。高品質でおすすめの商品です。,2023-08-03
137,ワイヤレスマウス 14,エレクトロニクス,PowerUp,27398,808,ワイヤレスマウス 14の詳細説明です。高品質でおすすめの商品です。,2023-02-11
138,キーボード 14,エレクトロニクス,TechPro,13646,358,キーボード 14の詳細説明です。高品質でおすすめの商品です。,2023-10-01
139,モニタースタンド 14,エレクトロニクス,DigitalLife,1313,881,モニタースタンド 14の詳細説明です。高品質でおすすめの商品です。,2023-05-26
140,充電器 14,エレクトロニクス,PowerUp,40644,135,充電器 14の詳細説明です。高品質でおすすめの商品です。,2023-03-23
141,ワイヤレスイヤホン 15,エレクトロニクス,DigitalLife,14706,442,ワイヤレスイヤホン 15の詳細説明です。高品質でおすすめの商品です。,2023-06-14
142,スマートフォンケース 15,エレクトロニクス,Connect,2735,106,スマートフォンケース 15の詳細説明です。高品質でおすすめの商品です。,2023-02-25
143,モバイルバッテリー 15,エレクトロニクス,PowerUp,9112,862,モバイルバッテリー 15の詳細説明です。高品質でおすすめの商品です。,2023-01-09
144,USBケーブル 15,エレクトロニクス,PowerUp,32880,898,USBケーブル 15の詳細説明です。高品質でおすすめの商品です。,2023-09-14
145,Bluetoothスピーカー 15,エレクトロニクス,PowerUp,37349,156,Bluetoothスピーカー 15の詳細説明です。高品質でおすすめの商品です。,2023-11-05
146,タブレットスタンド 15,エレクトロニクス,TechPro,46675,377,タブレットスタンド 15の詳細説明です。高品質でおすすめの商品です。,2023-06-06
147,ワイヤレスマウス 15,エレクトロニクス,PowerUp,36857,153,ワイヤレスマウス 15の詳細説明です。高品質でおすすめの商品です。,2023-05-24
148,キーボード 15,エレクトロニクス,TechPro,34669,181,キーボード 15の詳細説明です。高品質でおすすめの商品です。,2023-02-05
149,モニタースタンド 15,エレクトロニクス,SoundMax,4301,474,モニタースタンド 15の詳細説明です。高品質でおすすめの商品です。,2023-04-06
150,充電器 15,エレクトロニクス,SoundMax,20669,331,充電器 15の詳細説明です。高品質でおすすめの商品です。,2023-05-23
151,ワイヤレスイヤホン 16,エレクトロニクス,Connect,23673,502,ワイヤレスイヤホン 16の詳細説明です。高品質でおすすめの商品です。,2023-02-02
152,スマートフォンケース 16,エレクトロニクス,PowerUp,47861,746,スマートフォンケース 16の詳細説明です。高品質でおすすめの商品です。,2023-12-03
153,モバイルバッテリー 16,エレクトロニクス,TechPro,26236,574,モバイルバッテリー 16の詳細説明です。高品質でおすすめの商品です。,2023-01-23
154,USBケーブル 16,エレクトロニクス,Connect,3552,33,USBケーブル 16の詳細説明です。高品質でおすすめの商品です。,2023-02-21
155,Bluetoothスピーカー 16,エレクトロニクス,Connect,9229,681,Bluetoothスピーカー 16の詳細説明です。高品質でおすすめの商品です。,2023-12-24
156,タブレットスタンド 16,エレクトロニクス,Connect,14079,655,タブレットスタンド 16の詳細説明です。高品質でおすすめの商品です。,2023-04-19
157,ワイヤレスマウス 16,エレクトロニクス,SoundMax,30852,762,ワイヤレスマウス 16の詳細説明です。高品質でおすすめの商品です。,2023-08-16
158,キーボード 16,エレクトロニクス,PowerUp,35256,630,キーボード 16の詳細説明です。高品質でおすすめの商品です。,2023-02-04
159,モニタースタンド 16,エレクトロニクス,DigitalLife,29393,886,モニタースタンド 16の詳細説明です。高品質でおすすめの商品です。,2023-01-12
160,充電器 16,エレクトロニクス,TechPro,34587,195,充電器 16の詳細説明です。高品質でおすすめの商品です。,2023-07-19
161,ワイヤレスイヤホン 17,エレクトロニクス,DigitalLife,38591,271,ワイヤレスイヤホン 17の詳細説明です。高品質でおすすめの商品です。,2023-12-12
162,スマートフォンケース 17,エレクトロニクス,DigitalLife,33760,815,スマートフォンケース 17の詳細説明です。高品質でおすすめの商品です。,2023-12-01
163,モバイルバッテリー 17,エレクトロニクス,SoundMax,15542,993,モバイルバッテリー 17の詳細説明です。高品質でおすすめの商品です。,2023-02-20
164,USBケーブル 17,エレクトロニクス,DigitalLife,20959,213,USBケーブル 17の詳細説明です。高品質でおすすめの商品です。,2023-03-08
165,Bluetoothスピーカー 17,エレクトロニクス,TechPro,43442,429,Bluetoothスピーカー 17の詳細説明です。高品質でおすすめの商品です。,2023-10-22
166,タブレットスタンド 17,エレクトロニクス,TechPro,8052,417,タブレットスタンド 17の詳細説明です。高品質でおすすめの商品です。,2023-07-19
167,ワイヤレスマウス 17,エレクトロニクス,Connect,12621,286,ワイヤレスマウス 17の詳細説明です。高品質でおすすめの商品です。,2023-12-05
168,キーボード 17,エレクトロニクス,Connect,24544,251,キーボード 17の詳細説明です。高品質でおすすめの商品です。,2023-04-05
169,モニタースタンド 17,エレクトロニクス,DigitalLife,48402,632,モニタースタンド 17の詳細説明です。高品質でおすすめの商品です。,2023-01-08
170,充電器 17,エレクトロニクス,TechPro,17237,309,充電器 17の詳細説明です。高品質でおすすめの商品です。,2023-07-11
171,ワイヤレスイヤホン 18,エレクトロニクス,SoundMax,18921,808,ワイヤレスイヤホン 18の詳細説明です。高品質でおすすめの商品です。,2023-01-30
172,スマートフォンケース 18,エレクトロニクス,PowerUp,25065,828,スマートフォンケース 18の詳細説明です。高品質でおすすめの商品です。,2023-04-02
173,モバイルバッテリー 18,エレクトロニクス,TechPro,13054,277,モバイルバッテリー 18の詳細説明です。高品質でおすすめの商品です。,2023-10-03
174,USBケーブル 18,エレクトロニクス,TechPro,7905,492,USBケーブル 18の詳細説明です。高品質でおすすめの商品です。,2023-05-13
175,Bluetoothスピーカー 18,エレクトロニクス,DigitalLife,11601,122,Bluetoothスピーカー 18の詳細説明です。高品質でおすすめの商品です。,2023-12-20
176,タブレットスタンド 18,エレクトロニクス,SoundMax,10822,877,タブレットスタンド 18の詳細説明です。高品質でおすすめの商品です。,2023-12-01
177,ワイヤレスマウス 18,エレクトロニクス,Connect,15756,987,ワイヤレスマウス 18の詳細説明です。高品質でおすすめの商品です。,2023-02-15
178,キーボード 18,エレクトロニクス,SoundMax,667,914,キーボード 18の詳細説明です。高品質でおすすめの商品です。,2023-09-13
179,モニタースタンド 18,エレクトロニクス,DigitalLife,36558,726,モニタースタンド 18の詳細説明です。高品質でおすすめの商品です。,2023-04-08
180,充電器 18,エレクトロニクス,Connect,39228,174,充電器 18の詳細説明です。高品質でおすすめの商品です。,2023-08-07
181,ワイヤレスイヤホン 19,エレクトロニクス,PowerUp,42176,521,ワイヤレスイヤホン 19の詳細説明です。高品質でおすすめの商品です。,2023-07-03
182,スマートフォンケース 19,エレクトロニクス,DigitalLife,47640,814,スマートフォンケース 19の詳細説明です。高品質でおすすめの商品です。,2023-10-09
183,モバイルバッテリー 19,エレクトロニクス,TechPro,39507,131,モバイルバッテリー 19の詳細説明です。高品質でおすすめの商品です。,2023-06-11
184,USBケーブル 19,エレクトロニクス,DigitalLife,45467,518,USBケーブル 19の詳細説明です。高品質でおすすめの商品です。,2023-03-25
185,Bluetoothスピーカー 19,エレクトロニクス,SoundMax,10895,482,Bluetoothスピーカー 19の詳細説明です。高品質でおすすめの商品です。,2023-03-05
186,タブレットスタンド 19,エレクトロニクス,Connect,8310,449,タブレットスタンド 19の詳細説明です。高品質でおすすめの商品です。,2023-08-18
187,ワイヤレスマウス 19,エレクトロニクス,DigitalLife,44870,921,ワイヤレスマウス 19の詳細説明です。高品質でおすすめの商品です。,2023-06-08
188,キーボード 19,エレクトロニクス,DigitalLife,7370,827,キーボード 19の詳細説明です。高品質でおすすめの商品です。,2023-11-20
189,モニタースタンド 19,エレクトロニクス,PowerUp,40040,560,モニタースタンド 19の詳細説明です。高品質でおすすめの商品です。,2023-12-29
190,充電器 19,エレクトロニクス,DigitalLife,2353,611,充電器 19の詳細説明です。高品質でおすすめの商品です。,2023-11-26
191,ワイヤレスイヤホン 20,エレクトロニクス,TechPro,33396,299,ワイヤレスイヤホン 20の詳細説明です。高品質でおすすめの商品です。,2023-02-24
192,スマートフォンケース 20,エレクトロニクス,PowerUp,28940,864,スマートフォンケース 20の詳細説明です。高品質でおすすめの商品です。,2023-10-26
193,モバイルバッテリー 20,エレクトロニクス,DigitalLife,42247,708,モバイルバッテリー 20の詳細説明です。高品質でおすすめの商品です。,2023-08-28
194,USBケーブル 20,エレクトロニクス,PowerUp,25501,751,USBケーブル 20の詳細説明です。高品質でおすすめの商品です。,2023-08-30
195,Bluetoothスピーカー 20,エレクトロニクス,SoundMax,39054,238,Bluetoothスピーカー 20の詳細説明です。高品質でおすすめの商品です。,2023-01-12
196,タブレットスタンド 20,エレクトロニクス,SoundMax,12930,351,タブレットスタンド 20の詳細説明です。高品質でおすすめの商品です。,2023-05-03
197,ワイヤレスマウス 20,エレクトロニクス,SoundMax,15094,221,ワイヤレスマウス 20の詳細説明です。高品質でおすすめの商品です。,2023-12-10
198,キーボード 20,エレクトロニクス,SoundMax,8002,906,キーボード 20の詳細説明です。高品質でおすすめの商品です。,2023-02-18
199,モニタースタンド 20,エレクトロニクス,SoundMax,6442,662,モニタースタンド 20の詳細説明です。高品質でおすすめの商品です。,2023-08-13
200,充電器 20,エレクトロニクス,SoundMax,29121,407,充電器 20の詳細説明です。高品質でおすすめの商品です。,2023-01-08
201,ワイヤレスイヤホン 21,エレクトロニクス,TechPro,10861,886,ワイヤレスイヤホン 21の詳細説明です。高品質でおすすめの商品です。,2023-03-25
202,スマートフォンケース 21,エレクトロニクス,SoundMax,41411,800,スマートフォンケース 21の詳細説明です。高品質でおすすめの商品です。,2023-03-11
203,モバイルバッテリー 21,エレクトロニクス,DigitalLife,46226,294,モバイルバッテリー 21の詳細説明です。高品質でおすすめの商品です。,2023-06-29
204,USBケーブル 21,エレクトロニクス,Connect,3419,767,USBケーブル 21の詳細説明です。高品質でおすすめの商品です。,2023-02-16
205,Bluetoothスピーカー 21,エレクトロニクス,PowerUp,46570,533,Bluetoothスピーカー 21の詳細説明です。高品質でおすすめの商品です。,2023-04-10
206,タブレットスタンド 21,エレクトロニクス,DigitalLife,38240,86,タブレットスタンド 21の詳細説明です。高品質でおすすめの商品です。,2023-01-31
207,ワイヤレスマウス 21,エレクトロニクス,DigitalLife,40330,934,ワイヤレスマウス 21の詳細説明です。高品質でおすすめの商品です。,2023-12-21
208,キーボード 21,エレクトロニクス,PowerUp,28859,306,キーボード 21の詳細説明です。高品質でおすすめの商品です。,2023-02-09
209,モニタースタンド 21,エレクトロニクス,SoundMax,47238,770,モニタースタンド 21の詳細説明です。高品質でおすすめの商品です。,2023-04-01
210,充電器 21,エレクトロニクス,PowerUp,8408,357,充電器 21の詳細説明です。高品質でおすすめの商品です。,2023-05-23
211,ワイヤレスイヤホン 22,エレクトロニクス,Connect,43285,110,ワイヤレスイヤホン 22の詳細説明です。高品質でおすすめの商品です。,2023-12-17
212,スマートフォンケース 22,エレクトロニクス,PowerUp,21483,286,スマートフォンケース 22の詳細説明です。高品質でおすすめの商品です。,2023-03-17
213,モバイルバッテリー 22,エレクトロニクス,TechPro,19817,248,モバイルバッテリー 22の詳細説明です。高品質でおすすめの商品です。,2023-08-06
214,USBケーブル 22,エレクトロニクス,PowerUp,20022,718,USBケーブル 22の詳細説明です。高品質でおすすめの商品です。,2023-09-08
215,Bluetoothスピーカー 22,エレクトロニクス,SoundMax,14391,263,Bluetoothスピーカー 22の詳細説明です。高品質でおすすめの商品です。,2023-04-17
216,タブレットスタンド 22,エレクトロニクス,TechPro,31970,146,タブレットスタンド 22の詳細説明です。高品質でおすすめの商品です。,2023-12-01
217,ワイヤレスマウス 22,エレクトロニクス,SoundMax,7763,420,ワイヤレスマウス 22の詳細説明です。高品質でおすすめの商品です。,2023-09-11
218,キーボード 22,エレクトロニクス,DigitalLife,988,797,キーボード 22の詳細説明です。高品質でおすすめの商品です。,2023-02-18
219,モニタースタンド 22,エレクトロニクス,DigitalLife,20612,498,モニタースタンド 22の詳細説明です。高品質でおすすめの商品です。,2023-10-27
220,充電器 22,エレクトロニクス,TechPro,31664,457,充電器 22の詳細説明です。高品質でおすすめの商品です。,2023-11-25
221,ワイヤレスイヤホン 23,エレクトロニクス,DigitalLife,17258,556,ワイヤレスイヤホン 23の詳細説明です。高品質でおすすめの商品です。,2023-03-10
222,スマートフォンケース 23,エレクトロニクス,PowerUp,44061,22,スマートフォンケース 23の詳細説明です。高品質でおすすめの商品です。,2023-11-24
223,モバイルバッテリー 23,エレクトロニクス,Connect,3526,686,モバイルバッテリー 23の詳細説明です。高品質でおすすめの商品です。,2023-05-05
224,USBケーブル 23,エレクトロニクス,SoundMax,23520,661,USBケーブル 23の詳細説明です。高品質でおすすめの商品です。,2023-12-22
225,Bluetoothスピーカー 23,エレクトロニクス,SoundMax,7551,19,Bluetoothスピーカー 23の詳細説明です。高品質でおすすめの商品です。,2023-10-18
226,タブレットスタンド 23,エレクトロニクス,PowerUp,9655,890,タブレットスタンド 23の詳細説明です。高品質でおすすめの商品です。,2023-03-28
227,ワイヤレスマウス 23,エレクトロニクス,PowerUp,12088,87,ワイヤレスマウス 23の詳細説明です。高品質でおすすめの商品です。,2023-08-08
228,キーボード 23,エレクトロニクス,PowerUp,25486,478,キーボード 23の詳細説明です。高品質でおすすめの商品です。,2023-10-28
229,モニタースタンド 23,エレクトロニクス,SoundMax,32705,819,モニタースタンド 23の詳細説明です。高品質でおすすめの商品です。,2023-07-04
230,充電器 23,エレクトロニクス,SoundMax,29960,339,充電器 23の詳細説明です。高品質でおすすめの商品です。,2023-05-11
231,ワイヤレスイヤホン 24,エレクトロニクス,TechPro,13786,900,ワイヤレスイヤホン 24の詳細説明です。高品質でおすすめの商品です。,2023-06-13
232,スマートフォンケース 24,エレクトロニクス,PowerUp,19454,614,スマートフォンケース 24の詳細説明です。高品質でおすすめの商品です。,2023-04-24
233,モバイルバッテリー 24,エレクトロニクス,DigitalLife,25361,255,モバイルバッテリー 24の詳細説明です。高品質でおすすめの商品です。,2023-04-20
234,USBケーブル 24,エレクトロニクス,DigitalLife,1620,551,USBケーブル 24の詳細説明です。高品質でおすすめの商品です。,2023-03-27
235,Bluetoothスピーカー 24,エレクトロニクス,PowerUp,9653,841,Bluetoothスピーカー 24の詳細説明です。高品質でおすすめの商品です。,2023-01-30
236,タブレットスタンド 24,エレクトロニクス,TechPro,9137,648,タブレットスタンド 24の詳細説明です。高品質でおすすめの商品です。,2023-09-19
237,ワイヤレスマウス 24,エレクトロニクス,PowerUp,40854,884,ワイヤレスマウス 24の詳細説明です。高品質でおすすめの商品です。,2023-01-01
238,キーボード 24,エレクトロニクス,DigitalLife,16835,343,キーボード 24の詳細説明です。高品質でおすすめの商品です。,2023-03-29
239,モニタースタンド 24,エレクトロニクス,DigitalLife,48072,91,モニタースタンド 24の詳細説明です。高品質でおすすめの商品です。,2023-08-13
240,充電器 24,エレクトロニクス,DigitalLife,13894,7,充電器 24の詳細説明です。高品質でおすすめの商品です。,2023-11-22
241,ワイヤレスイヤホン 25,エレクトロニクス,TechPro,22532,598,ワイヤレスイヤホン 25の詳細説明です。高品質でおすすめの商品です。,2023-10-23
242,スマートフォンケース 25,エレクトロニクス,SoundMax,16885,730,スマートフォンケース 25の詳細説明です。高品質でおすすめの商品です。,2023-12-30
243,モバイルバッテリー 25,エレクトロニクス,Connect,18414,611,モバイルバッテリー 25の詳細説明です。高品質でおすすめの商品です。,2023-06-14
244,USBケーブル 25,エレクトロニクス,Connect,21008,877,USBケーブル 25の詳細説明です。高品質でおすすめの商品です。,2023-12-06
245,Bluetoothスピーカー 25,エレクトロニクス,DigitalLife,37058,640,Bluetoothスピーカー 25の詳細説明です。高品質でおすすめの商品です。,2023-04-26
246,タブレットスタンド 25,エレクトロニクス,TechPro,41096,618,タブレットスタンド 25の詳細説明です。高品質でおすすめの商品です。,2023-09-29
247,ワイヤレスマウス 25,エレクトロニクス,SoundMax,12523,233,ワイヤレスマウス 25の詳細説明です。高品質でおすすめの商品です。,2023-12-19
248,キーボード 25,エレクトロニクス,Connect,20713,216,キーボード 25の詳細説明です。高品質でおすすめの商品です。,2023-02-20
249,モニタースタンド 25,エレクトロニクス,PowerUp,6802,398,モニタースタンド 25の詳細説明です。高品質でおすすめの商品です。,2023-03-03
250,充電器 25,エレクトロニクス,PowerUp,19847,512,充電器 25の詳細説明です。高品質でおすすめの商品です。,2023-08-21
251,ワイヤレスイヤホン 26,エレクトロニクス,PowerUp,12087,899,ワイヤレスイヤホン 26の詳細説明です。高品質でおすすめの商品です。,2023-03-03
252,スマートフォンケース 26,エレクトロニクス,DigitalLife,24249,254,スマートフォンケース 26の詳細説明です。高品質でおすすめの商品です。,2023-03-20
253,モバイルバッテリー 26,エレクトロニクス,Connect,43757,636,モバイルバッテリー 26の詳細説明です。高品質でおすすめの商品です。,2023-10-14
254,USBケーブル 26,エレクトロニクス,Connect,10731,183,USBケーブル 26の詳細説明です。高品質でおすすめの商品です。,2023-11-02
255,Bluetoothスピーカー 26,エレクトロニクス,TechPro,27339,218,Bluetoothスピーカー 26の詳細説明です。高品質でおすすめの商品です。,2023-08-28
256,タブレットスタンド 26,エレクトロニクス,TechPro,42509,503,タブレットスタンド 26の詳細説明です。高品質でおすすめの商品です。,2023-10-02
257,ワイヤレスマウス 26,エレクトロニクス,DigitalLife,822,600,ワイヤレスマウス 26の詳細説明です。高品質でおすすめの商品です。,2023-12-02
258,キーボード 26,エレクトロニクス,Connect,17637,762,キーボード 26の詳細説明です。高品質でおすすめの商品です。,2023-04-02
259,モニタースタンド 26,エレクトロニクス,Connect,39267,489,モニタースタンド 26の詳細説明です。高品質でおすすめの商品です。,2023-09-22
260,充電器 26,エレクトロニクス,Connect,44906,594,充電器 26の詳細説明です。高品質でおすすめの商品です。,2023-10-06
261,ワイヤレスイヤホン 27,エレクトロニクス,SoundMax,32535,393,ワイヤレスイヤホン 27の詳細説明です。高品質でおすすめの商品です。,2023-05-14
262,スマートフォンケース 27,エレクトロニクス,Connect,48376,429,スマートフォンケース 27の詳細説明です。高品質でおすすめの商品です。,2023-08-31
263,モバイルバッテリー 27,エレクトロニクス,PowerUp,7909,950,モバイルバッテリー 27の詳細説明です。高品質でおすすめの商品です。,2023-11-20
264,USBケーブル 27,エレクトロニクス,DigitalLife,18720,120,USBケーブル 27の詳細説明です。高品質でおすすめの商品です。,2023-06-03
265,Bluetoothスピーカー 27,エレクトロニクス,PowerUp,47479,4,Bluetoothスピーカー 27の詳細説明です。高品質でおすすめの商品です。,2023-08-22
266,タブレットスタンド 27,エレクトロニクス,PowerUp,7796,756,タブレットスタンド 27の詳細説明です。高品質でおすすめの商品です。,2023-06-30
267,ワイヤレスマウス 27,エレクトロニクス,TechPro,49212,467,ワイヤレスマウス 27の詳細説明です。高品質でおすすめの商品です。,2023-05-08
268,キーボード 27,エレクトロニクス,SoundMax,11484,8,キーボード 27の詳細説明です。高品質でおすすめの商品です。,2023-01-12
269,モニタースタンド 27,エレクトロニクス,Connect,14053,856,モニタースタンド 27の詳細説明です。高品質でおすすめの商品です。,2023-09-21
270,充電器 27,エレクトロニクス,PowerUp,29609,612,充電器 27の詳細説明です。高品質でおすすめの商品です。,2023-04-17
271,ワイヤレスイヤホン 28,エレクトロニクス,DigitalLife,21564,282,ワイヤレスイヤホン 28の詳細説明です。高品質でおすすめの商品です。,2023-11-23
272,スマートフォンケース 28,エレクトロニクス,PowerUp,44492,550,スマートフォンケース 28の詳細説明です。高品質でおすすめの商品です。,2023-12-07
273,モバイルバッテリー 28,エレクトロニクス,DigitalLife,27718,74,モバイルバッテリー 28の詳細説明です。高品質でおすすめの商品です。,2023-07-19
274,USBケーブル 28,エレクトロニクス,PowerUp,20484,841,USBケーブル 28の詳細説明です。高品質でおすすめの商品です。,2023-02-20
275,Bluetoothスピーカー 28,エレクトロニクス,DigitalLife,48915,0,Bluetoothスピーカー 28の詳細説明です。高品質でおすすめの商品です。,2023-08-31
276,タブレットスタンド 28,エレクトロニクス,SoundMax,21331,619,タブレットスタンド 28の詳細説明です。高品質でおすすめの商品です。,2023-09-17
277,ワイヤレスマウス 28,エレクトロニクス,TechPro,41725,763,ワイヤレスマウス 28の詳細説明です。高品質でおすすめの商品です。,2023-04-08
278,キーボード 28,エレクトロニクス,Connect,20234,463,キーボード 28の詳細説明です。高品質でおすすめの商品です。,2023-11-13
279,モニタースタンド 28,エレクトロニクス,SoundMax,12449,192,モニタースタンド 28の詳細説明です。高品質でおすすめの商品です。,2023-04-16
280,充電器 28,エレクトロニクス,PowerUp,14818,588,充電器 28の詳細説明です。高品質でおすすめの商品です。,2023-09-13
281,ワイヤレスイヤホン 29,エレクトロニクス,SoundMax,32912,878,ワイヤレスイヤホン 29の詳細説明です。高品質でおすすめの商品です。,2023-09-16
282,スマートフォンケース 29,エレクトロニクス,TechPro,37669,675,スマートフォンケース 29の詳細説明です。高品質でおすすめの商品です。,2023-01-02
283,モバイルバッテリー 29,エレクトロニクス,PowerUp,48772,322,モバイルバッテリー 29の詳細説明です。高品質でおすすめの商品です。,2023-01-27
284,USBケーブル 29,エレクトロニクス,PowerUp,42886,905,USBケーブル 29の詳細説明です。高品質でおすすめの商品です。,2023-06-08
285,Bluetoothスピーカー 29,エレクトロニクス,Connect,4667,502,Bluetoothスピーカー 29の詳細説明です。高品質でおすすめの商品です。,2023-04-08
286,タブレットスタンド 29,エレクトロニクス,DigitalLife,4663,339,タブレットスタンド 29の詳細説明です。高品質でおすすめの商品です。,2023-08-07
287,ワイヤレスマウス 29,エレクトロニクス,DigitalLife,25205,493,ワイヤレスマウス 29の詳細説明です。高品質でおすすめの商品です。,2023-04-22
288,キーボード 29,エレクトロニクス,TechPro,49709,883,キーボード 29の詳細説明です。高品質でおすすめの商品です。,2023-08-08
289,モニタースタンド 29,エレクトロニクス,TechPro,17607,275,モニタースタンド 29の詳細説明です。高品質でおすすめの商品です。,2023-10-04
290,充電器 29,エレクトロニクス,PowerUp,36854,419,充電器 29の詳細説明です。高品質でおすすめの商品です。,2023-05-06
291,ワイヤレスイヤホン 30,エレクトロニクス,DigitalLife,20228,976,ワイヤレスイヤホン 30の詳細説明です。高品質でおすすめの商品です。,2023-04-04
292,スマートフォンケース 30,エレクトロニクス,SoundMax,22449,103,スマートフォンケース 30の詳細説明です。高品質でおすすめの商品です。,2023-11-05
293,モバイルバッテリー 30,エレクトロニクス,PowerUp,15675,880,モバイルバッテリー 30の詳細説明です。高品質でおすすめの商品です。,2023-03-19
294,USBケーブル 30,エレクトロニクス,SoundMax,28524,514,USBケーブル 30の詳細説明です。高品質でおすすめの商品です。,2023-12-30
295,Bluetoothスピーカー 30,エレクトロニクス,PowerUp,45325,856,Bluetoothスピーカー 30の詳細説明です。高品質でおすすめの商品です。,2023-06-12
296,タブレットスタンド 30,エレクトロニクス,SoundMax,1075,509,タブレットスタンド 30の詳細説明です。高品質でおすすめの商品です。,2023-01-24
297,ワイヤレスマウス 30,エレクトロニクス,TechPro,10333,670,ワイヤレスマウス 30の詳細説明です。高品質でおすすめの商品です。,2023-12-20
298,キーボード 30,エレクトロニクス,TechPro,23308,294,キーボード 30の詳細説明です。高品質でおすすめの商品です。,2023-12-10
299,モニタースタンド 30,エレクトロニクス,PowerUp,44218,903,モニタースタンド 30の詳細説明です。高品質でおすすめの商品です。,2023-09-16
300,充電器 30,エレクトロニクス,Connect,3767,192,充電器 30の詳細説明です。高品質でおすすめの商品です。,2023-08-09
301,ワイヤレスイヤホン 31,エレクトロニクス,SoundMax,36722,7,ワイヤレスイヤホン 31の詳細説明です。高品質でおすすめの商品です。,2023-03-22
302,スマートフォンケース 31,エレクトロニクス,TechPro,26342,500,スマートフォンケース 31の詳細説明です。高品質でおすすめの商品です。,2023-10-30
303,モバイルバッテリー 31,エレクトロニクス,SoundMax,38765,791,モバイルバッテリー 31の詳細説明です。高品質でおすすめの商品です。,2023-09-20
304,USBケーブル 31,エレクトロニクス,PowerUp,9000,304,USBケーブル 31の詳細説明です。高品質でおすすめの商品です。,2023-01-05
305,Bluetoothスピーカー 31,エレクトロニクス,PowerUp,42652,93,Bluetoothスピーカー 31の詳細説明です。高品質でおすすめの商品です。,2023-08-24
306,タブレットスタンド 31,エレクトロニクス,PowerUp,7838,437,タブレットスタンド 31の詳細説明です。高品質でおすすめの商品です。,2023-03-17
307,ワイヤレスマウス 31,エレクトロニクス,TechPro,22607,265,ワイヤレスマウス 31の詳細説明です。高品質でおすすめの商品です。,2023-04-15
308,キーボード 31,エレクトロニクス,TechPro,3295,752,キーボード 31の詳細説明です。高品質でおすすめの商品です。,2023-01-02
309,モニタースタンド 31,エレクトロニクス,TechPro,38844,351,モニタースタンド 31の詳細説明です。高品質でおすすめの商品です。,2023-03-09
310,充電器 31,エレクトロニクス,DigitalLife,35725,875,充電器 31の詳細説明です。高品質でおすすめの商品です。,2023-06-06
311,ワイヤレスイヤホン 32,エレクトロニクス,DigitalLife,15236,676,ワイヤレスイヤホン 32の詳細説明です。高品質でおすすめの商品です。,2023-06-19
312,スマートフォンケース 32,エレクトロニクス,TechPro,16247,811,スマートフォンケース 32の詳細説明です。高品質でおすすめの商品です。,2023-08-14
313,モバイルバッテリー 32,エレクトロニクス,DigitalLife,34543,830,モバイルバッテリー 32の詳細説明です。高品質でおすすめの商品です。,2023-10-23
314,USBケーブル 32,エレクトロニクス,Connect,38433,965,USBケーブル 32の詳細説明です。高品質でおすすめの商品です。,2023-10-31
315,Bluetoothスピーカー 32,エレクトロニクス,SoundMax,36783,86,Bluetoothスピーカー 32の詳細説明です。高品質でおすすめの商品です。,2023-05-04
316,タブレットスタンド 32,エレクトロニクス,SoundMax,23848,297,タブレットスタンド 32の詳細説明です。高品質でおすすめの商品です。,2023-05-19
317,ワイヤレスマウス 32,エレクトロニクス,SoundMax,36449,618,ワイヤレスマウス 32の詳細説明です。高品質でおすすめの商品です。,2023-06-07
318,キーボード 32,エレクトロニクス,PowerUp,27338,433,キーボード 32の詳細説明です。高品質でおすすめの商品です。,2023-12-11
319,モニタースタンド 32,エレクトロニクス,SoundMax,8489,800,モニタースタンド 32の詳細説明です。高品質でおすすめの商品です。,2023-12-21
320,充電器 32,エレクトロニクス,SoundMax,47226,189,充電器 32の詳細説明です。高品質でおすすめの商品です。,2023-09-28
321,ワイヤレスイヤホン 33,エレクトロニクス,Connect,27356,376,ワイヤレスイヤホン 33の詳細説明です。高品質でおすすめの商品です。,2023-02-15
322,スマートフォンケース 33,エレクトロニクス,SoundMax,24036,225,スマートフォンケース 33の詳細説明です。高品質でおすすめの商品です。,2023-08-06
323,モバイルバッテリー 33,エレクトロニクス,TechPro,9029,114,モバイルバッテリー 33の詳細説明です。高品質でおすすめの商品です。,2023-03-13
324,USBケーブル 33,エレクトロニクス,SoundMax,40107,275,USBケーブル 33の詳細説明です。高品質でおすすめの商品です。,2023-02-26
325,Bluetoothスピーカー 33,エレクトロニクス,Connect,15314,752,Bluetoothスピーカー 33の詳細説明です。高品質でおすすめの商品です。,2023-11-02
326,タブレットスタンド 33,エレクトロニクス,Connect,7544,474,タブレットスタンド 33の詳細説明です。高品質でおすすめの商品です。,2023-01-02
327,ワイヤレスマウス 33,エレクトロニクス,PowerUp,30921,192,ワイヤレスマウス 33の詳細説明です。高品質でおすすめの商品です。,2023-05-14
328,キーボード 33,エレクトロニクス,SoundMax,19918,998,キーボード 33の詳細説明です。高品質でおすすめの商品です。,2023-12-29
329,モニタースタンド 33,エレクトロニクス,DigitalLife,4403,933,モニタースタンド 33の詳細説明です。高品質でおすすめの商品です。,2023-06-07
330,充電器 33,エレクトロニクス,TechPro,9136,819,充電器 33の詳細説明です。高品質でおすすめの商品です。,2023-01-05
331,ワイヤレスイヤホン 34,エレクトロニクス,DigitalLife,33842,161,ワイヤレスイヤホン 34の詳細説明です。高品質でおすすめの商品です。,2023-03-20
332,スマートフォンケース 34,エレクトロニクス,SoundMax,16274,777,スマートフォンケース 34の詳細説明です。高品質でおすすめの商品です。,2023-02-11
333,モバイルバッテリー 34,エレクトロニクス,SoundMax,48117,96,モバイルバッテリー 34の詳細説明です。高品質でおすすめの商品です。,2023-04-01
334,USBケーブル 34,エレクトロニクス,PowerUp,19444,17,USBケーブル 34の詳細説明です。高品質でおすすめの商品です。,2023-03-18
335,Bluetoothスピーカー 34,エレクトロニクス,PowerUp,38356,388,Bluetoothスピーカー 34の詳細説明です。高品質でおすすめの商品です。,2023-12-10
336,タブレットスタンド 34,エレクトロニクス,Connect,13408,435,タブレットスタンド 34の詳細説明です。高品質でおすすめの商品です。,2023-09-09
337,ワイヤレスマウス 34,エレクトロニクス,SoundMax,21987,374,ワイヤレスマウス 34の詳細説明です。高品質でおすすめの商品です。,2023-02-16
338,キーボード 34,エレクトロニクス,PowerUp,27996,382,キーボード 34の詳細説明です。高品質でおすすめの商品です。,2023-07-07
339,モニタースタンド 34,エレクトロニクス,Connect,45405,922,モニタースタンド 34の詳細説明です。高品質でおすすめの商品です。,2023-08-29
340,充電器 34,エレクトロニクス,Connect,49879,365,充電器 34の詳細説明です。高品質でおすすめの商品です。,2023-04-03
341,ワイヤレスイヤホン 35,エレクトロニクス,DigitalLife,10970,515,ワイヤレスイヤホン 35の詳細説明です。高品質でおすすめの商品です。,2023-11-25
342,スマートフォンケース 35,エレクトロニクス,DigitalLife,7188,948,スマートフォンケース 35の詳細説明です。高品質でおすすめの商品です。,2023-12-04
343,モバイルバッテリー 35,エレクトロニクス,DigitalLife,29908,521,モバイルバッテリー 35の詳細説明です。高品質でおすすめの商品です。,2023-07-13
344,USBケーブル 35,エレクトロニクス,SoundMax,18634,276,USBケーブル 35の詳細説明です。高品質でおすすめの商品です。,2023-12-05
345,Bluetoothスピーカー 35,エレクトロニクス,TechPro,34894,552,Bluetoothスピーカー 35の詳細説明です。高品質でおすすめの商品です。,2023-07-21
346,タブレットスタンド 35,エレクトロニクス,SoundMax,31053,754,タブレットスタンド 35の詳細説明です。高品質でおすすめの商品です。,2023-04-16
347,ワイヤレスマウス 35,エレクトロニクス,PowerUp,11623,476,ワイヤレスマウス 35の詳細説明です。高品質でおすすめの商品です。,2023-04-23
348,キーボード 35,エレクトロニクス,PowerUp,8422,763,キーボード 35の詳細説明です。高品質でおすすめの商品です。,2023-05-23
349,モニタースタンド 35,エレクトロニクス,Connect,37189,233,モニタースタンド 35の詳細説明です。高品質でおすすめの商品です。,2023-03-08
350,充電器 35,エレクトロニクス,PowerUp,31234,384,充電器 35の詳細説明です。高品質でおすすめの商品です。,2023-11-17
351,ワイヤレスイヤホン 36,エレクトロニクス,Connect,6130,282,ワイヤレスイヤホン 36の詳細説明です。高品質でおすすめの商品です。,2023-07-18
352,スマートフォンケース 36,エレクトロニクス,Connect,27985,297,スマートフォンケース 36の詳細説明です。高品質でおすすめの商品です。,2023-09-21
353,モバイルバッテリー 36,エレクトロニクス,Connect,42741,269,モバイルバッテリー 36の詳細説明です。高品質でおすすめの商品です。,2023-04-19
354,USBケーブル 36,エレクトロニクス,SoundMax,23343,787,USBケーブル 36の詳細説明です。高品質でおすすめの商品です。,2023-02-08
355,Bluetoothスピーカー 36,エレクトロニクス,Connect,8971,206,Bluetoothスピーカー 36の詳細説明です。高品質でおすすめの商品です。,2023-01-25
356,タブレットスタンド 36,エレクトロニクス,PowerUp,17960,196,タブレットスタンド 36の詳細説明です。高品質でおすすめの商品です。,2023-05-01
357,ワイヤレスマウス 36,エレクトロニクス,TechPro,798,396,ワイヤレスマウス 36の詳細説明です。高品質でおすすめの商品です。,2023-08-02
358,キーボード 36,エレクトロニクス,SoundMax,15747,346,キーボード 36の詳細説明です。高品質でおすすめの商品です。,2023-09-20
359,モニタースタンド 36,エレクトロニクス,DigitalLife,35914,547,モニタースタンド 36の詳細説明です。高品質でおすすめの商品です。,2023-01-23
360,充電器 36,エレクトロニクス,Connect,24313,547,充電器 36の詳細説明です。高品質でおすすめの商品です。,2023-04-04
361,ワイヤレスイヤホン 37,エレクトロニクス,Connect,45189,945,ワイヤレスイヤホン 37の詳細説明です。高品質でおすすめの商品です。,2023-11-01
362,スマートフォンケース 37,エレクトロニクス,Connect,1709,385,スマートフォンケース 37の詳細説明です。高品質でおすすめの商品です。,2023-12-05
363,モバイルバッテリー 37,エレクトロニクス,PowerUp,21126,696,モバイルバッテリー 37の詳細説明です。高品質でおすすめの商品です。,2023-11-11
364,USBケーブル 37,エレクトロニクス,DigitalLife,32785,570,USBケーブル 37の詳細説明です。高品質でおすすめの商品です。,2023-05-26
365,Bluetoothスピーカー 37,エレクトロニクス,PowerUp,29096,729,Bluetoothスピーカー 37の詳細説明です。高品質でおすすめの商品です。,2023-04-10
366,タブレットスタンド 37,エレクトロニクス,Connect,16517,968,タブレットスタンド 37の詳細説明です。高品質でおすすめの商品です。,2023-03-19
367,ワイヤレスマウス 37,エレクトロニクス,Connect,34505,327,ワイヤレスマウス 37の詳細説明です。高品質でおすすめの商品です。,2023-05-08
368,キーボード 37,エレクトロニクス,PowerUp,40350,349,キーボード 37の詳細説明です。高品質でおすすめの商品です。,2023-12-18
369,モニタースタンド 37,エレクトロニクス,DigitalLife,3202,42,モニタースタンド 37の詳細説明です。高品質でおすすめの商品です。,2023-04-24
370,充電器 37,エレクトロニクス,TechPro,35119,347,充電器 37の詳細説明です。高品質でおすすめの商品です。,2023-11-10
371,ワイヤレスイヤホン 38,エレクトロニクス,TechPro,6777,75,ワイヤレスイヤホン 38の詳細説明です。高品質でおすすめの商品です。,2023-04-19
372,スマートフォンケース 38,エレクトロニクス,PowerUp,29236,958,スマートフォンケース 38の詳細説明です。高品質でおすすめの商品です。,2023-05-30
373,モバイルバッテリー 38,エレクトロニクス,SoundMax,24641,434,モバイルバッテリー 38の詳細説明です。高品質でおすすめの商品です。,2023-10-20
374,USBケーブル 38,エレクトロニクス,DigitalLife,22654,736,USBケーブル 38の詳細説明です。高品質でおすすめの商品です。,2023-10-12
375,Bluetoothスピーカー 38,エレクトロニクス,PowerUp,38168,729,Bluetoothスピーカー 38の詳細説明です。高品質でおすすめの商品です。,2023-02-02
376,タブレットスタンド 38,エレクトロニクス,Connect,8182,615,タブレットスタンド 38の詳細説明です。高品質でおすすめの商品です。,2023-07-20
377,ワイヤレスマウス 38,エレクトロニクス,SoundMax,13632,865,ワイヤレスマウス 38の詳細説明です。高品質でおすすめの商品です。,2023-03-08
378,キーボード 38,エレクトロニクス,SoundMax,47383,893,キーボード 38の詳細説明です。高品質でおすすめの商品です。,2023-04-23
379,モニタースタンド 38,エレクトロニクス,TechPro,2825,770,モニタースタンド 38の詳細説明です。高品質でおすすめの商品です。,2023-04-17
380,充電器 38,エレクトロニクス,PowerUp,33661,34,充電器 38の詳細説明です。高品質でおすすめの商品です。,2023-05-06
381,ワイヤレスイヤホン 39,エレクトロニクス,Connect,29674,683,ワイヤレスイヤホン 39の詳細説明です。高品質でおすすめの商品です。,2023-05-24
382,スマートフォンケース 39,エレクトロニクス,TechPro,44857,220,スマートフォンケース 39の詳細説明です。高品質でおすすめの商品です。,2023-04-11
383,モバイルバッテリー 39,エレクトロニクス,SoundMax,31606,178,モバイルバッテリー 39の詳細説明です。高品質でおすすめの商品です。,2023-08-28
384,USBケーブル 39,エレクトロニクス,PowerUp,33289,377,USBケーブル 39の詳細説明です。高品質でおすすめの商品です。,2023-05-11
385,Bluetoothスピーカー 39,エレクトロニクス,Connect,41756,101,Bluetoothスピーカー 39の詳細説明です。高品質でおすすめの商品です。,2023-01-14
386,タブレットスタンド 39,エレクトロニクス,Connect,5564,705,タブレットスタンド 39の詳細説明です。高品質でおすすめの商品です。,2023-03-20
387,ワイヤレスマウス 39,エレクトロニクス,TechPro,20572,228,ワイヤレスマウス 39の詳細説明です。高品質でおすすめの商品です。,2023-03-09
388,キーボード 39,エレクトロニクス,PowerUp,3938,881,キーボード 39の詳細説明です。高品質でおすすめの商品です。,2023-10-17
389,モニタースタンド 39,エレクトロニクス,TechPro,33890,974,モニタースタンド 39の詳細説明です。高品質でおすすめの商品です。,2023-04-30
390,充電器 39,エレクトロニクス,DigitalLife,35920,441,充電器 39の詳細説明です。高品質でおすすめの商品です。,2023-10-26
391,ワイヤレスイヤホン 40,エレクトロニクス,SoundMax,8096,477,ワイヤレスイヤホン 40の詳細説明です。高品質でおすすめの商品です。,2023-11-04
392,スマートフォンケース 40,エレクトロニクス,PowerUp,15849,276,スマートフォンケース 40の詳細説明です。高品質でおすすめの商品です。,2023-03-28
393,モバイルバッテリー 40,エレクトロニクス,TechPro,22776,716,モバイルバッテリー 40の詳細説明です。高品質でおすすめの商品です。,2023-06-30
394,USBケーブル 40,エレクトロニクス,TechPro,45570,55,USBケーブル 40の詳細説明です。高品質でおすすめの商品です。,2023-11-22
395,Bluetoothスピーカー 40,エレクトロニクス,TechPro,26602,921,Bluetoothスピーカー 40の詳細説明です。高品質でおすすめの商品です。,2023-08-12
396,タブレットスタンド 40,エレクトロニクス,DigitalLife,44771,669,タブレットスタンド 40の詳細説明です。高品質でおすすめの商品です。,2023-05-24
397,ワイヤレスマウス 40,エレクトロニクス,Connect,705,166,ワイヤレスマウス 40の詳細説明です。高品質でおすすめの商品です。,2023-01-30
398,キーボード 40,エレクトロニクス,PowerUp,27954,546,キーボード 40の詳細説明です。高品質でおすすめの商品です。,2023-06-20
399,モニタースタンド 40,エレクトロニクス,Connect,20376,878,モニタースタンド 40の詳細説明です。高品質でおすすめの商品です。,2023-09-24
400,充電器 40,エレクトロニクス,DigitalLife,31685,285,充電器 40の詳細説明です。高品質でおすすめの商品です。,2023-06-14
401,ワイヤレスイヤホン 41,エレクトロニクス,Connect,42580,410,ワイヤレスイヤホン 41の詳細説明です。高品質でおすすめの商品です。,2023-04-03
402,スマートフォンケース 41,エレクトロニクス,DigitalLife,30005,241,スマートフォンケース 41の詳細説明です。高品質でおすすめの商品です。,2023-09-27
403,モバイルバッテリー 41,エレクトロニクス,PowerUp,23769,857,モバイルバッテリー 41の詳細説明です。高品質でおすすめの商品です。,2023-12-17
404,USBケーブル 41,エレクトロニクス,DigitalLife,36681,916,USBケーブル 41の詳細説明です。高品質でおすすめの商品です。,2023-12-03
405,Bluetoothスピーカー 41,エレクトロニクス,TechPro,10948,297,Bluetoothスピーカー 41の詳細説明です。高品質でおすすめの商品です。,2023-02-27
406,タブレットスタンド 41,エレクトロニクス,DigitalLife,20896,289,タブレットスタンド 41の詳細説明です。高品質でおすすめの商品です。,2023-09-01
407,ワイヤレスマウス 41,エレクトロニクス,Connect,44584,240,ワイヤレスマウス 41の詳細説明です。高品質でおすすめの商品です。,2023-09-23
408,キーボード 41,エレクトロニクス,Connect,18346,519,キーボード 41の詳細説明です。高品質でおすすめの商品です。,2023-07-20
409,モニタースタンド 41,エレクトロニクス,SoundMax,25732,509,モニタースタンド 41の詳細説明です。高品質でおすすめの商品です。,2023-04-27
410,充電器 41,エレクトロニクス,PowerUp,22833,909,充電器 41の詳細説明です。高品質でおすすめの商品です。,2023-04-26
411,ワイヤレスイヤホン 42,エレクトロニクス,TechPro,47441,630,ワイヤレスイヤホン 42の詳細説明です。高品質でおすすめの商品です。,2023-04-08
412,スマートフォンケース 42,エレクトロニクス,DigitalLife,1869,966,スマートフォンケース 42の詳細説明です。高品質でおすすめの商品です。,2023-01-04
413,モバイルバッテリー 42,エレクトロニクス,SoundMax,8694,56,モバイルバッテリー 42の詳細説明です。高品質でおすすめの商品です。,2023-01-23
414,USBケーブル 42,エレクトロニクス,SoundMax,29202,77,USBケーブル 42の詳細説明です。高品質でおすすめの商品です。,2023-04-19
415,Bluetoothスピーカー 42,エレクトロニクス,PowerUp,16930,257,Bluetoothスピーカー 42の詳細説明です。高品質でおすすめの商品です。,2023-07-24
416,タブレットスタンド 42,エレクトロニクス,TechPro,14866,432,タブレットスタンド 42の詳細説明です。高品質でおすすめの商品です。,2023-08-19
417,ワイヤレスマウス 42,エレクトロニクス,SoundMax,3766,534,ワイヤレスマウス 42の詳細説明です。高品質でおすすめの商品です。,2023-11-13
418,キーボード 42,エレクトロニクス,DigitalLife,39290,357,キーボード 42の詳細説明です。高品質でおすすめの商品です。,2023-11-14
419,モニタースタンド 42,エレクトロニクス,PowerUp,47891,175,モニタースタンド 42の詳細説明です。高品質でおすすめの商品です。,2023-12-10
420,充電器 42,エレクトロニクス,Connect,41126,252,充電器 42の詳細説明です。高品質でおすすめの商品です。,2023-03-10
421,ワイヤレスイヤホン 43,エレクトロニクス,DigitalLife,8779,270,ワイヤレスイヤホン 43の詳細説明です。高品質でおすすめの商品です。,2023-01-20
422,スマートフォンケース 43,エレクトロニクス,PowerUp,1935,753,スマートフォンケース 43の詳細説明です。高品質でおすすめの商品です。,2023-11-15
423,モバイルバッテリー 43,エレクトロニクス,Connect,39423,335,モバイルバッテリー 43の詳細説明です。高品質でおすすめの商品です。,2023-04-08
424,USBケーブル 43,エレクトロニクス,DigitalLife,26659,17,USBケーブル 43の詳細説明です。高品質でおすすめの商品です。,2023-10-21
425,Bluetoothスピーカー 43,エレクトロニクス,SoundMax,17343,657,Bluetoothスピーカー 43の詳細説明です。高品質でおすすめの商品です。,2023-02-23
426,タブレットスタンド 43,エレクトロニクス,TechPro,13131,182,タブレットスタンド 43の詳細説明です。高品質でおすすめの商品です。,2023-06-24
427,ワイヤレスマウス 43,エレクトロニクス,SoundMax,5204,809,ワイヤレスマウス 43の詳細説明です。高品質でおすすめの商品です。,2023-09-24
428,キーボード 43,エレクトロニクス,TechPro,10067,406,キーボード 43の詳細説明です。高品質でおすすめの商品です。,2023-09-11
429,モニタースタンド 43,エレクトロニクス,PowerUp,22848,420,モニタースタンド 43の詳細説明です。高品質でおすすめの商品です。,2023-05-30
430,充電器 43,エレクトロニクス,Connect,25994,269,充電器 43の詳細説明です。高品質でおすすめの商品です。,2023-10-04
431,ワイヤレスイヤホン 44,エレクトロニクス,DigitalLife,7198,499,ワイヤレスイヤホン 44の詳細説明です。高品質でおすすめの商品です。,2023-12-28
432,スマートフォンケース 44,エレクトロニクス,TechPro,47174,868,スマートフォンケース 44の詳細説明です。高品質でおすすめの商品です。,2023-06-01
433,モバイルバッテリー 44,エレクトロニクス,PowerUp,45211,30,モバイルバッテリー 44の詳細説明です。高品質でおすすめの商品です。,2023-11-27
434,USBケーブル 44,エレクトロニクス,DigitalLife,33038,695,USBケーブル 44の詳細説明です。高品質でおすすめの商品です。,2023-05-21
435,Bluetoothスピーカー 44,エレクトロニクス,Connect,13247,704,Bluetoothスピーカー 44の詳細説明です。高品質でおすすめの商品です。,2023-09-02
436,タブレットスタンド 44,エレクトロニクス,Connect,7239,576,タブレットスタンド 44の詳細説明です。高品質でおすすめの商品です。,2023-12-22
437,ワイヤレスマウス 44,エレクトロニクス,DigitalLife,14821,964,ワイヤレスマウス 44の詳細説明です。高品質でおすすめの商品です。,2023-03-20
438,キーボード 44,エレクトロニクス,TechPro,32904,408,キーボード 44の詳細説明です。高品質でおすすめの商品です。,2023-07-19
439,モニタースタンド 44,エレクトロニクス,SoundMax,37646,656,モニタースタンド 44の詳細説明です。高品質でおすすめの商品です。,2023-07-06
440,充電器 44,エレクトロニクス,Connect,49808,777,充電器 44の詳細説明です。高品質でおすすめの商品です。,2023-06-18
441,ワイヤレスイヤホン 45,エレクトロニクス,SoundMax,40753,995,ワイヤレスイヤホン 45の詳細説明です。高品質でおすすめの商品です。,2023-12-09
442,スマートフォンケース 45,エレクトロニクス,Connect,28801,967,スマートフォンケース 45の詳細説明です。高品質でおすすめの商品です。,2023-11-23
443,モバイルバッテリー 45,エレクトロニクス,Connect,38761,346,モバイルバッテリー 45の詳細説明です。高品質でおすすめの商品です。,2023-07-22
444,USBケーブル 45,エレクトロニクス,PowerUp,792,297,USBケーブル 45の詳細説明です。高品質でおすすめの商品です。,2023-11-27
445,Bluetoothスピーカー 45,エレクトロニクス,SoundMax,3254,298,Bluetoothスピーカー 45の詳細説明です。高品質でおすすめの商品です。,2023-11-26
446,タブレットスタンド 45,エレクトロニクス,PowerUp,28632,114,タブレットスタンド 45の詳細説明です。高品質でおすすめの商品です。,2023-03-31
447,ワイヤレスマウス 45,エレクトロニクス,PowerUp,24188,579,ワイヤレスマウス 45の詳細説明です。高品質でおすすめの商品です。,2023-05-17
448,キーボード 45,エレクトロニクス,SoundMax,17290,583,キーボード 45の詳細説明です。高品質でおすすめの商品です。,2023-01-03
449,モニタースタンド 45,エレクトロニクス,Connect,44641,747,モニタースタンド 45の詳細説明です。高品質でおすすめの商品です。,2023-04-30
450,充電器 45,エレクトロニクス,SoundMax,13370,780,充電器 45の詳細説明です。高品質でおすすめの商品です。,2023-03-24
451,ワイヤレスイヤホン 46,エレクトロニクス,PowerUp,30289,751,ワイヤレスイヤホン 46の詳細説明です。高品質でおすすめの商品です。,2023-08-10
452,スマートフォンケース 46,エレクトロニクス,DigitalLife,4822,848,スマートフォンケース 46の詳細説明です。高品質でおすすめの商品です。,2023-08-29
453,モバイルバッテリー 46,エレクトロニクス,PowerUp,10659,483,モバイルバッテリー 46の詳細説明です。高品質でおすすめの商品です。,2023-04-06
454,USBケーブル 46,エレクトロニクス,DigitalLife,14920,974,USBケーブル 46の詳細説明です。高品質でおすすめの商品です。,2023-07-20
455,Bluetoothスピーカー 46,エレクトロニクス,Connect,15206,121,Bluetoothスピーカー 46の詳細説明です。高品質でおすすめの商品です。,2023-08-16
456,タブレットスタンド 46,エレクトロニクス,PowerUp,30644,853,タブレットスタンド 46の詳細説明です。高品質でおすすめの商品です。,2023-06-15
457,ワイヤレスマウス 46,エレクトロニクス,SoundMax,43809,722,ワイヤレスマウス 46の詳細説明です。高品質でおすすめの商品です。,2023-07-21
458,キーボード 46,エレクトロニクス,PowerUp,47710,713,キーボード 46の詳細説明です。高品質でおすすめの商品です。,2023-11-03
459,モニタースタンド 46,エレクトロニクス,SoundMax,21002,217,モニタースタンド 46の詳細説明です。高品質でおすすめの商品です。,2023-04-03
460,充電器 46,エレクトロニクス,SoundMax,37848,380,充電器 46の詳細説明です。高品質でおすすめの商品です。,2023-08-25
461,ワイヤレスイヤホン 47,エレクトロニクス,SoundMax,25641,543,ワイヤレスイヤホン 47の詳細説明です。高品質でおすすめの商品です。,2023-11-15
462,スマートフォンケース 47,エレクトロニクス,Connect,30576,223,スマートフォンケース 47の詳細説明です。高品質でおすすめの商品です。,2023-10-15
463,モバイルバッテリー 47,エレクトロニクス,Connect,49357,262,モバイルバッテリー 47の詳細説明です。高品質でおすすめの商品です。,2023-11-04
464,USBケーブル 47,エレクトロニクス,Connect,23672,44,USBケーブル 47の詳細説明です。高品質でおすすめの商品です。,2023-11-25
465,Bluetoothスピーカー 47,エレクトロニクス,SoundMax,47755,574,Bluetoothスピーカー 47の詳細説明です。高品質でおすすめの商品です。,2023-09-15
466,タブレットスタンド 47,エレクトロニクス,TechPro,8367,948,タブレットスタンド 47の詳細説明です。高品質でおすすめの商品です。,2023-09-22
467,ワイヤレスマウス 47,エレクトロニクス,PowerUp,31859,737,ワイヤレスマウス 47の詳細説明です。高品質でおすすめの商品です。,2023-03-18
468,キーボード 47,エレクトロニクス,TechPro,45703,849,キーボード 47の詳細説明です。高品質でおすすめの商品です。,2023-12-08
469,モニタースタンド 47,エレクトロニクス,DigitalLife,10101,362,モニタースタンド 47の詳細説明です。高品質でおすすめの商品です。,2023-06-22
470,充電器 47,エレクトロニクス,DigitalLife,24471,302,充電器 47の詳細説明です。高品質でおすすめの商品です。,2023-04-02
471,ワイヤレスイヤホン 48,エレクトロニクス,PowerUp,48790,106,ワイヤレスイヤホン 48の詳細説明です。高品質でおすすめの商品です。,2023-06-05
472,スマートフォンケース 48,エレクトロニクス,DigitalLife,19928,440,スマートフォンケース 48の詳細説明です。高品質でおすすめの商品です。,2023-10-31
473,モバイルバッテリー 48,エレクトロニクス,DigitalLife,46160,232,モバイルバッテリー 48の詳細説明です。高品質でおすすめの商品です。,2023-01-30
474,USBケーブル 48,エレクトロニクス,SoundMax,10323,995,USBケーブル 48の詳細説明です。高品質でおすすめの商品です。,2023-02-26
475,Bluetoothスピーカー 48,エレクトロニクス,DigitalLife,5315,381,Bluetoothスピーカー 48の詳細説明です。高品質でおすすめの商品です。,2023-10-26
476,タブレットスタンド 48,エレクトロニクス,PowerUp,23502,637,タブレットスタンド 48の詳細説明です。高品質でおすすめの商品です。,2023-09-28
477,ワイヤレスマウス 48,エレクトロニクス,SoundMax,47208,907,ワイヤレスマウス 48の詳細説明です。高品質でおすすめの商品です。,2023-03-24
478,キーボード 48,エレクトロニクス,DigitalLife,3367,882,キーボード 48の詳細説明です。高品質でおすすめの商品です。,2023-11-26
479,モニタースタンド 48,エレクトロニクス,SoundMax,41130,426,モニタースタンド 48の詳細説明です。高品質でおすすめの商品です。,2023-07-06
480,充電器 48,エレクトロニクス,Connect,48937,323,充電器 48の詳細説明です。高品質でおすすめの商品です。,2023-11-30
481,ワイヤレスイヤホン 49,エレクトロニクス,TechPro,32824,515,ワイヤレスイヤホン 49の詳細説明です。高品質でおすすめの商品です。,2023-02-22
482,スマートフォンケース 49,エレクトロニクス,Connect,17086,910,スマートフォンケース 49の詳細説明です。高品質でおすすめの商品です。,2023-11-30
483,モバイルバッテリー 49,エレクトロニクス,TechPro,6223,430,モバイルバッテリー 49の詳細説明です。高品質でおすすめの商品です。,2023-09-13
484,USBケーブル 49,エレクトロニクス,Connect,33153,702,USBケーブル 49の詳細説明です。高品質でおすすめの商品です。,2023-10-13
485,Bluetoothスピーカー 49,エレクトロニクス,Connect,35786,100,Bluetoothスピーカー 49の詳細説明です。高品質でおすすめの商品です。,2023-07-29
486,タブレットスタンド 49,エレクトロニクス,TechPro,28980,372,タブレットスタンド 49の詳細説明です。高品質でおすすめの商品です。,2023-03-24
487,ワイヤレスマウス 49,エレクトロニクス,TechPro,23485,248,ワイヤレスマウス 49の詳細説明です。高品質でおすすめの商品です。,2023-06-11
488,キーボード 49,エレクトロニクス,PowerUp,30141,287,キーボード 49の詳細説明です。高品質でおすすめの商品です。,2023-07-23
489,モニタースタンド 49,エレクトロニクス,PowerUp,8904,326,モニタースタンド 49の詳細説明です。高品質でおすすめの商品です。,2023-12-25
490,充電器 49,エレクトロニクス,PowerUp,46179,659,充電器 49の詳細説明です。高品質でおすすめの商品です。,2023-07-12
491,ワイヤレスイヤホン 50,エレクトロニクス,TechPro,10277,913,ワイヤレスイヤホン 50の詳細説明です。高品質でおすすめの商品です。,2023-04-28
492,スマートフォンケース 50,エレクトロニクス,SoundMax,30598,528,スマートフォンケース 50の詳細説明です。高品質でおすすめの商品です。,2023-07-15
493,モバイルバッテリー 50,エレクトロニクス,SoundMax,15453,386,モバイルバッテリー 50の詳細説明です。高品質でおすすめの商品です。,2023-07-19
494,USBケーブル 50,エレクトロニクス,TechPro,34238,374,USBケーブル 50の詳細説明です。高品質でおすすめの商品です。,2023-01-24
495,Bluetoothスピーカー 50,エレクトロニクス,PowerUp,15663,623,Bluetoothスピーカー 50の詳細説明です。高品質でおすすめの商品です。,2023-05-24
496,タブレットスタンド 50,エレクトロニクス,TechPro,33706,582,タブレットスタンド 50の詳細説明です。高品質でおすすめの商品です。,2023-08-01
497,ワイヤレスマウス 50,エレクトロニクス,TechPro,46535,882,ワイヤレスマウス 50の詳細説明です。高品質でおすすめの商品です。,2023-12-11
498,キーボード 50,エレクトロニクス,PowerUp,20260,257,キーボード 50の詳細説明です。高品質でおすすめの商品です。,2023-03-18
499,モニタースタンド 50,エレクトロニクス,TechPro,42016,571,モニタースタンド 50の詳細説明です。高品質でおすすめの商品です。,2023-10-13
500,充電器 50,エレクトロニクス,Connect,18755,849,充電器 50の詳細説明です。高品質でおすすめの商品です。,2023-04-28
501,ワイヤレスイヤホン 51,エレクトロニクス,DigitalLife,34737,306,ワイヤレスイヤホン 51の詳細説明です。高品質でおすすめの商品です。,2023-08-04
502,スマートフォンケース 51,エレクトロニクス,DigitalLife,4465,2,スマートフォンケース 51の詳細説明です。高品質でおすすめの商品です。,2023-01-13
503,モバイルバッテリー 51,エレクトロニクス,TechPro,25886,54,モバイルバッテリー 51の詳細説明です。高品質でおすすめの商品です。,2023-07-28
504,USBケーブル 51,エレクトロニクス,SoundMax,18929,830,USBケーブル 51の詳細説明です。高品質でおすすめの商品です。,2023-08-28
505,Bluetoothスピーカー 51,エレクトロニクス,PowerUp,7261,796,Bluetoothスピーカー 51の詳細説明です。高品質でおすすめの商品です。,2023-12-22
506,タブレットスタンド 51,エレクトロニクス,PowerUp,9925,493,タブレットスタンド 51の詳細説明です。高品質でおすすめの商品です。,2023-11-08
507,ワイヤレスマウス 51,エレクトロニクス,PowerUp,15602,780,ワイヤレスマウス 51の詳細説明です。高品質でおすすめの商品です。,2023-09-07
508,キーボード 51,エレクトロニクス,TechPro,16482,552,キーボード 51の詳細説明です。高品質でおすすめの商品です。,2023-12-22
509,モニタースタンド 51,エレクトロニクス,SoundMax,25134,361,モニタースタンド 51の詳細説明です。高品質でおすすめの商品です。,2023-10-27
510,充電器 51,エレクトロニクス,PowerUp,27171,466,充電器 51の詳細説明です。高品質でおすすめの商品です。,2023-06-24
511,ワイヤレスイヤホン 52,エレクトロニクス,TechPro,15768,704,ワイヤレスイヤホン 52の詳細説明です。高品質でおすすめの商品です。,2023-01-04
512,スマートフォンケース 52,エレクトロニクス,PowerUp,22264,847,スマートフォンケース 52の詳細説明です。高品質でおすすめの商品です。,2023-08-31
513,モバイルバッテリー 52,エレクトロニクス,DigitalLife,29446,885,モバイルバッテリー 52の詳細説明です。高品質でおすすめの商品です。,2023-03-07
514,USBケーブル 52,エレクトロニクス,SoundMax,19419,797,USBケーブル 52の詳細説明です。高品質でおすすめの商品です。,2023-02-06
515,Bluetoothスピーカー 52,エレクトロニクス,PowerUp,33174,666,Bluetoothスピーカー 52の詳細説明です。高品質でおすすめの商品です。,2023-03-25
516,タブレットスタンド 52,エレクトロニクス,DigitalLife,34556,909,タブレットスタンド 52の詳細説明です。高品質でおすすめの商品です。,2023-08-18
517,ワイヤレスマウス 52,エレクトロニクス,PowerUp,34378,507,ワイヤレスマウス 52の詳細説明です。高品質でおすすめの商品です。,2023-03-08
518,キーボード 52,エレクトロニクス,DigitalLife,11635,384,キーボード 52の詳細説明です。高品質でおすすめの商品です。,2023-02-20
519,モニタースタンド 52,エレクトロニクス,DigitalLife,43599,436,モニタースタンド 52の詳細説明です。高品質でおすすめの商品です。,2023-12-20
520,充電器 52,エレクトロニクス,TechPro,1637,545,充電器 52の詳細説明です。高品質でおすすめの商品です。,2023-03-21
521,ワイヤレスイヤホン 53,エレクトロニクス,DigitalLife,15459,812,ワイヤレスイヤホン 53の詳細説明です。高品質でおすすめの商品です。,2023-06-21
522,スマートフォンケース 53,エレクトロニクス,SoundMax,26750,684,スマートフォンケース 53の詳細説明です。高品質でおすすめの商品です。,2023-02-03
523,モバイルバッテリー 53,エレクトロニクス,Connect,17094,695,モバイルバッテリー 53の詳細説明です。高品質でおすすめの商品です。,2023-07-02
524,USBケーブル 53,エレクトロニクス,Connect,30686,286,USBケーブル 53の詳細説明です。高品質でおすすめの商品です。,2023-12-18
525,Bluetoothスピーカー 53,エレクトロニクス,Connect,25958,363,Bluetoothスピーカー 53の詳細説明です。高品質でおすすめの商品です。,2023-05-16
526,タブレットスタンド 53,エレクトロニクス,DigitalLife,27371,116,タブレットスタンド 53の詳細説明です。高品質でおすすめの商品です。,2023-07-15
527,ワイヤレスマウス 53,エレクトロニクス,SoundMax,5695,39,ワイヤレスマウス 53の詳細説明です。高品質でおすすめの商品です。,2023-01-07
528,キーボード 53,エレクトロニクス,PowerUp,2805,899,キーボード 53の詳細説明です。高品質でおすすめの商品です。,2023-08-14
529,モニタースタンド 53,エレクトロニクス,DigitalLife,5186,821,モニタースタンド 53の詳細説明です。高品質でおすすめの商品です。,2023-03-29
530,充電器 53,エレクトロニクス,TechPro,6169,648,充電器 53の詳細説明です。高品質でおすすめの商品です。,2023-01-16
531,ワイヤレスイヤホン 54,エレクトロニクス,Connect,42751,284,ワイヤレスイヤホン 54の詳細説明です。高品質でおすすめの商品です。,2023-06-03
532,スマートフォンケース 54,エレクトロニクス,SoundMax,26163,999,スマートフォンケース 54の詳細説明です。高品質でおすすめの商品です。,2023-10-07
533,モバイルバッテリー 54,エレクトロニクス,PowerUp,33328,955,モバイルバッテリー 54の詳細説明です。高品質でおすすめの商品です。,2023-05-11
534,USBケーブル 54,エレクトロニクス,Connect,22142,36,USBケーブル 54の詳細説明です。高品質でおすすめの商品です。,2023-03-09
535,Bluetoothスピーカー 54,エレクトロニクス,DigitalLife,22022,637,Bluetoothスピーカー 54の詳細説明です。高品質でおすすめの商品です。,2023-09-28
536,タブレットスタンド 54,エレクトロニクス,PowerUp,25044,352,タブレットスタンド 54の詳細説明です。高品質でおすすめの商品です。,2023-05-16
537,ワイヤレスマウス 54,エレクトロニクス,SoundMax,15024,843,ワイヤレスマウス 54の詳細説明です。高品質でおすすめの商品です。,2023-05-23
538,キーボード 54,エレクトロニクス,PowerUp,1100,675,キーボード 54の詳細説明です。高品質でおすすめの商品です。,2023-01-26
539,モニタースタンド 54,エレクトロニクス,DigitalLife,32437,538,モニタースタンド 54の詳細説明です。高品質でおすすめの商品です。,2023-06-24
540,充電器 54,エレクトロニクス,DigitalLife,28058,511,充電器 54の詳細説明です。高品質でおすすめの商品です。,2023-09-24
541,ワイヤレスイヤホン 55,エレクトロニクス,TechPro,12170,675,ワイヤレスイヤホン 55の詳細説明です。高品質でおすすめの商品です。,2023-05-22
542,スマートフォンケース 55,エレクトロニクス,DigitalLife,2841,524,スマートフォンケース 55の詳細説明です。高品質でおすすめの商品です。,2023-05-05
543,モバイルバッテリー 55,エレクトロニクス,DigitalLife,6517,544,モバイルバッテリー 55の詳細説明です。高品質でおすすめの商品です。,2023-06-20
544,USBケーブル 55,エレクトロニクス,SoundMax,29549,77,USBケーブル 55の詳細説明です。高品質でおすすめの商品です。,2023-10-18
545,Bluetoothスピーカー 55,エレクトロニクス,SoundMax,6538,348,Bluetoothスピーカー 55の詳細説明です。高品質でおすすめの商品です。,2023-09-28
546,タブレットスタンド 55,エレクトロニクス,PowerUp,35629,916,タブレットスタンド 55の詳細説明です。高品質でおすすめの商品です。,2023-12-13
547,ワイヤレスマウス 55,エレクトロニクス,DigitalLife,37353,621,ワイヤレスマウス 55の詳細説明です。高品質でおすすめの商品です。,2023-01-05
548,キーボード 55,エレクトロニクス,Connect,45415,795,キーボード 55の詳細説明です。高品質でおすすめの商品です。,2023-04-19
549,モニタースタンド 55,エレクトロニクス,TechPro,38445,737,モニタースタンド 55の詳細説明です。高品質でおすすめの商品です。,2023-11-21
550,充電器 55,エレクトロニクス,DigitalLife,49216,25,充電器 55の詳細説明です。高品質でおすすめの商品です。,2023-05-13
551,ワイヤレスイヤホン 56,エレクトロニクス,TechPro,4142,331,ワイヤレスイヤホン 56の詳細説明です。高品質でおすすめの商品です。,2023-06-19
552,スマートフォンケース 56,エレクトロニクス,TechPro,26878,105,スマートフォンケース 56の詳細説明です。高品質でおすすめの商品です。,2023-11-24
553,モバイルバッテリー 56,エレクトロニクス,SoundMax,25427,846,モバイルバッテリー 56の詳細説明です。高品質でおすすめの商品です。,2023-09-26
554,USBケーブル 56,エレクトロニクス,SoundMax,5539,565,USBケーブル 56の詳細説明です。高品質でおすすめの商品です。,2023-06-11
555,Bluetoothスピーカー 56,エレクトロニクス,PowerUp,2799,76,Bluetoothスピーカー 56の詳細説明です。高品質でおすすめの商品です。,2023-06-04
556,タブレットスタンド 56,エレクトロニクス,DigitalLife,5576,283,タブレットスタンド 56の詳細説明です。高品質でおすすめの商品です。,2023-06-09
557,ワイヤレスマウス 56,エレクトロニクス,DigitalLife,24931,42,ワイヤレスマウス 56の詳細説明です。高品質でおすすめの商品です。,2023-11-24
558,キーボード 56,エレクトロニクス,PowerUp,21539,957,キーボード 56の詳細説明です。高品質でおすすめの商品です。,2023-07-09
559,モニタースタンド 56,エレクトロニクス,PowerUp,25393,333,モニタースタンド 56の詳細説明です。高品質でおすすめの商品です。,2023-10-05
560,充電器 56,エレクトロニクス,Connect,35643,135,充電器 56の詳細説明です。高品質でおすすめの商品です。,2023-06-28
561,ワイヤレスイヤホン 57,エレクトロニクス,TechPro,25642,65,ワイヤレスイヤホン 57の詳細説明です。高品質でおすすめの商品です。,2023-02-22
562,スマートフォンケース 57,エレクトロニクス,PowerUp,35930,553,スマートフォンケース 57の詳細説明です。高品質でおすすめの商品です。,2023-05-23
563,モバイルバッテリー 57,エレクトロニクス,Connect,33033,753,モバイルバッテリー 57の詳細説明です。高品質でおすすめの商品です。,2023-08-26
564,USBケーブル 57,エレクトロニクス,PowerUp,45244,815,USBケーブル 57の詳細説明です。高品質でおすすめの商品です。,2023-04-12
565,Bluetoothスピーカー 57,エレクトロニクス,SoundMax,36269,1000,Bluetoothスピーカー 57の詳細説明です。高品質でおすすめの商品です。,2023-09-21
566,タブレットスタンド 57,エレクトロニクス,Connect,11514,494,タブレットスタンド 57の詳細説明です。高品質でおすすめの商品です。,2023-07-22
567,ワイヤレスマウス 57,エレクトロニクス,PowerUp,5147,377,ワイヤレスマウス 57の詳細説明です。高品質でおすすめの商品です。,2023-09-13
568,キーボード 57,エレクトロニクス,TechPro,42005,298,キーボード 57の詳細説明です。高品質でおすすめの商品です。,2023-06-27
569,モニタースタンド 57,エレクトロニクス,Connect,39949,7,モニタースタンド 57の詳細説明です。高品質でおすすめの商品です。,2023-05-08
570,充電器 57,エレクトロニクス,PowerUp,25752,658,充電器 57の詳細説明です。高品質でおすすめの商品です。,2023-03-03
571,ワイヤレスイヤホン 58,エレクトロニクス,SoundMax,17002,609,ワイヤレスイヤホン 58の詳細説明です。高品質でおすすめの商品です。,2023-06-15
572,スマートフォンケース 58,エレクトロニクス,DigitalLife,11995,482,スマートフォンケース 58の詳細説明です。高品質でおすすめの商品です。,2023-02-03
573,モバイルバッテリー 58,エレクトロニクス,DigitalLife,41114,901,モバイルバッテリー 58の詳細説明です。高品質でおすすめの商品です。,2023-05-14
574,USBケーブル 58,エレクトロニクス,Connect,6950,713,USBケーブル 58の詳細説明です。高品質でおすすめの商品です。,2023-10-05
575,Bluetoothスピーカー 58,エレクトロニクス,Connect,39964,253,Bluetoothスピーカー 58の詳細説明です。高品質でおすすめの商品です。,2023-11-06
576,タブレットスタンド 58,エレクトロニクス,PowerUp,21462,534,タブレットスタンド 58の詳細説明です。高品質でおすすめの商品です。,2023-05-26
577,ワイヤレスマウス 58,エレクトロニクス,TechPro,36047,473,ワイヤレスマウス 58の詳細説明です。高品質でおすすめの商品です。,2023-07-21
578,キーボード 58,エレクトロニクス,TechPro,41785,990,キーボード 58の詳細説明です。高品質でおすすめの商品です。,2023-08-22
579,モニタースタンド 58,エレクトロニクス,Connect,12708,164,モニタースタンド 58の詳細説明です。高品質でおすすめの商品です。,2023-07-26
580,充電器 58,エレクトロニクス,PowerUp,40161,764,充電器 58の詳細説明です。高品質でおすすめの商品です。,2023-12-24
581,ワイヤレスイヤホン 59,エレクトロニクス,Connect,18858,320,ワイヤレスイヤホン 59の詳細説明です。高品質でおすすめの商品です。,2023-11-16
582,スマートフォンケース 59,エレクトロニクス,DigitalLife,18741,117,スマートフォンケース 59の詳細説明です。高品質でおすすめの商品です。,2023-01-08
583,モバイルバッテリー 59,エレクトロニクス,Connect,42102,678,モバイルバッテリー 59の詳細説明です。高品質でおすすめの商品です。,2023-06-08
584,USBケーブル 59,エレクトロニクス,Connect,48443,941,USBケーブル 59の詳細説明です。高品質でおすすめの商品です。,2023-09-09
585,Bluetoothスピーカー 59,エレクトロニクス,Connect,47970,749,Bluetoothスピーカー 59の詳細説明です。高品質でおすすめの商品です。,2023-01-25
586,タブレットスタンド 59,エレクトロニクス,DigitalLife,8597,839,タブレットスタンド 59の詳細説明です。高品質でおすすめの商品です。,2023-04-06
587,ワイヤレスマウス 59,エレクトロニクス,Connect,14847,912,ワイヤレスマウス 59の詳細説明です。高品質でおすすめの商品です。,2023-07-02
588,キーボード 59,エレクトロニクス,DigitalLife,36273,176,キーボード 59の詳細説明です。高品質でおすすめの商品です。,2023-09-21
589,モニタースタンド 59,エレクトロニクス,Connect,20934,369,モニタースタンド 59の詳細説明です。高品質でおすすめの商品です。,2023-04-27
590,充電器 59,エレクトロニクス,DigitalLife,25584,707,充電器 59の詳細説明です。高品質でおすすめの商品です。,2023-09-08
591,ワイヤレスイヤホン 60,エレクトロニクス,TechPro,15645,59,ワイヤレスイヤホン 60の詳細説明です。高品質でおすすめの商品です。,2023-11-29
592,スマートフォンケース 60,エレクトロニクス,TechPro,6129,687,スマートフォンケース 60の詳細説明です。高品質でおすすめの商品です。,2023-01-10
593,モバイルバッテリー 60,エレクトロニクス,PowerUp,48913,737,モバイルバッテリー 60の詳細説明です。高品質でおすすめの商品です。,2023-09-27
594,USBケーブル 60,エレクトロニクス,Connect,39305,508,USBケーブル 60の詳細説明です。高品質でおすすめの商品です。,2023-07-17
595,Bluetoothスピーカー 60,エレクトロニクス,TechPro,27804,377,Bluetoothスピーカー 60の詳細説明です。高品質でおすすめの商品です。,2023-11-08
596,タブレットスタンド 60,エレクトロニクス,TechPro,44425,583,タブレットスタンド 60の詳細説明です。高品質でおすすめの商品です。,2023-06-14
597,ワイヤレスマウス 60,エレクトロニクス,Connect,4650,604,ワイヤレスマウス 60の詳細説明です。高品質でおすすめの商品です。,2023-07-04
598,キーボード 60,エレクトロニクス,Connect,17415,102,キーボード 60の詳細説明です。高品質でおすすめの商品です。,2023-06-05
599,モニタースタンド 60,エレクトロニクス,PowerUp,46994,111,モニタースタンド 60の詳細説明です。高品質でおすすめの商品です。,2023-11-22
600,充電器 60,エレクトロニクス,Connect,18159,614,充電器 60の詳細説明です。高品質でおすすめの商品です。,2023-01-30
601,ワイヤレスイヤホン 61,エレクトロニクス,DigitalLife,3344,382,ワイヤレスイヤホン 61の詳細説明です。高品質でおすすめの商品です。,2023-11-20
602,スマートフォンケース 61,エレクトロニクス,DigitalLife,12716,391,スマートフォンケース 61の詳細説明です。高品質でおすすめの商品です。,2023-07-09
603,モバイルバッテリー 61,エレクトロニクス,PowerUp,9717,510,モバイルバッテリー 61の詳細説明です。高品質でおすすめの商品です。,2023-05-16
604,USBケーブル 61,エレクトロニクス,Connect,28321,125,USBケーブル 61の詳細説明です。高品質でおすすめの商品です。,2023-10-15
605,Bluetoothスピーカー 61,エレクトロニクス,DigitalLife,47324,801,Bluetoothスピーカー 61の詳細説明です。高品質でおすすめの商品です。,2023-09-27
606,タブレットスタンド 61,エレクトロニクス,SoundMax,20607,670,タブレットスタンド 61の詳細説明です。高品質でおすすめの商品です。,2023-09-24
607,ワイヤレスマウス 61,エレクトロニクス,TechPro,25757,140,ワイヤレスマウス 61の詳細説明です。高品質でおすすめの商品です。,2023-10-14
608,キーボード 61,エレクトロニクス,Connect,33320,30,キーボード 61の詳細説明です。高品質でおすすめの商品です。,2023-03-24
609,モニタースタンド 61,エレクトロニクス,Connect,17689,269,モニタースタンド 61の詳細説明です。高品質でおすすめの商品です。,2023-02-28
610,充電器 61,エレクトロニクス,DigitalLife,15801,536,充電器 61の詳細説明です。高品質でおすすめの商品です。,2023-02-08
611,ワイヤレスイヤホン 62,エレクトロニクス,Connect,26555,497,ワイヤレスイヤホン 62の詳細説明です。高品質でおすすめの商品です。,2023-11-06
612,スマートフォンケース 62,エレクトロニクス,DigitalLife,13009,944,スマートフォンケース 62の詳細説明です。高品質でおすすめの商品です。,2023-05-30
613,モバイルバッテリー 62,エレクトロニクス,SoundMax,28398,659,モバイルバッテリー 62の詳細説明です。高品質でおすすめの商品です。,2023-05-01
614,USBケーブル 62,エレクトロニクス,SoundMax,25348,752,USBケーブル 62の詳細説明です。高品質でおすすめの商品です。,2023-11-14
615,Bluetoothスピーカー 62,エレクトロニクス,SoundMax,41389,831,Bluetoothスピーカー 62の詳細説明です。高品質でおすすめの商品です。,2023-03-15
616,タブレットスタンド 62,エレクトロニクス,PowerUp,20188,941,タブレットスタンド 62の詳細説明です。高品質でおすすめの商品です。,2023-04-13
617,ワイヤレスマウス 62,エレクトロニクス,PowerUp,49836,526,ワイヤレスマウス 62の詳細説明です。高品質でおすすめの商品です。,2023-08-09
618,キーボード 62,エレクトロニクス,SoundMax,12093,442,キーボード 62の詳細説明です。高品質でおすすめの商品です。,2023-10-05
619,モニタースタンド 62,エレクトロニクス,SoundMax,45687,36,モニタースタンド 62の詳細説明です。高品質でおすすめの商品です。,2023-08-22
620,充電器 62,エレクトロニクス,Connect,36094,917,充電器 62の詳細説明です。高品質でおすすめの商品です。,2023-07-08
621,ワイヤレスイヤホン 63,エレクトロニクス,SoundMax,12001,789,ワイヤレスイヤホン 63の詳細説明です。高品質でおすすめの商品です。,2023-01-10
622,スマートフォンケース 63,エレクトロニクス,PowerUp,3281,765,スマートフォンケース 63の詳細説明です。高品質でおすすめの商品です。,2023-05-08
623,モバイルバッテリー 63,エレクトロニクス,DigitalLife,32478,536,モバイルバッテリー 63の詳細説明です。高品質でおすすめの商品です。,2023-02-09
624,USBケーブル 63,エレクトロニクス,SoundMax,33427,320,USBケーブル 63の詳細説明です。高品質でおすすめの商品です。,2023-07-17
625,Bluetoothスピーカー 63,エレクトロニクス,SoundMax,11613,554,Bluetoothスピーカー 63の詳細説明です。高品質でおすすめの商品です。,2023-03-12
626,タブレットスタンド 63,エレクトロニクス,TechPro,15987,305,タブレットスタンド 63の詳細説明です。高品質でおすすめの商品です。,2023-08-10
627,ワイヤレスマウス 63,エレクトロニクス,Connect,12843,800,ワイヤレスマウス 63の詳細説明です。高品質でおすすめの商品です。,2023-11-05
628,キーボード 63,エレクトロニクス,PowerUp,14736,60,キーボード 63の詳細説明です。高品質でおすすめの商品です。,2023-12-27
629,モニタースタンド 63,エレクトロニクス,DigitalLife,40072,109,モニタースタンド 63の詳細説明です。高品質でおすすめの商品です。,2023-09-20
630,充電器 63,エレクトロニクス,DigitalLife,8819,757,充電器 63の詳細説明です。高品質でおすすめの商品です。,2023-04-14
631,ワイヤレスイヤホン 64,エレクトロニクス,DigitalLife,29045,316,ワイヤレスイヤホン 64の詳細説明です。高品質でおすすめの商品です。,2023-01-26
632,スマートフォンケース 64,エレクトロニクス,PowerUp,35500,470,スマートフォンケース 64の詳細説明です。高品質でおすすめの商品です。,2023-04-27
633,モバイルバッテリー 64,エレクトロニクス,TechPro,17446,453,モバイルバッテリー 64の詳細説明です。高品質でおすすめの商品です。,2023-04-18
634,USBケーブル 64,エレクトロニクス,PowerUp,42984,258,USBケーブル 64の詳細説明です。高品質でおすすめの商品です。,2023-07-27
635,Bluetoothスピーカー 64,エレクトロニクス,PowerUp,8475,60,Bluetoothスピーカー 64の詳細説明です。高品質でおすすめの商品です。,2023-08-01
636,タブレットスタンド 64,エレクトロニクス,Connect,31022,615,タブレットスタンド 64の詳細説明です。高品質でおすすめの商品です。,2023-09-12
637,ワイヤレスマウス 64,エレクトロニクス,SoundMax,8019,920,ワイヤレスマウス 64の詳細説明です。高品質でおすすめの商品です。,2023-05-24
638,キーボード 64,エレクトロニクス,SoundMax,14565,954,キーボード 64の詳細説明です。高品質でおすすめの商品です。,2023-07-22
639,モニタースタンド 64,エレクトロニクス,PowerUp,41101,681,モニタースタンド 64の詳細説明です。高品質でおすすめの商品です。,2023-02-23
640,充電器 64,エレクトロニクス,SoundMax,12461,550,充電器 64の詳細説明です。高品質でおすすめの商品です。,2023-02-19
641,ワイヤレスイヤホン 65,エレクトロニクス,SoundMax,48533,215,ワイヤレスイヤホン 65の詳細説明です。高品質でおすすめの商品です。,2023-07-16
642,スマートフォンケース 65,エレクトロニクス,Connect,32169,16,スマートフォンケース 65の詳細説明です。高品質でおすすめの商品です。,2023-09-18
643,モバイルバッテリー 65,エレクトロニクス,Connect,1706,883,モバイルバッテリー 65の詳細説明です。高品質でおすすめの商品です。,2023-05-22
644,USBケーブル 65,エレクトロニクス,TechPro,16169,916,USBケーブル 65の詳細説明です。高品質でおすすめの商品です。,2023-07-19
645,Bluetoothスピーカー 65,エレクトロニクス,PowerUp,44099,868,Bluetoothスピーカー 65の詳細説明です。高品質でおすすめの商品です。,2023-03-10
646,タブレットスタンド 65,エレクトロニクス,TechPro,44178,681,タブレットスタンド 65の詳細説明です。高品質でおすすめの商品です。,2023-10-19
647,ワイヤレスマウス 65,エレクトロニクス,PowerUp,12847,714,ワイヤレスマウス 65の詳細説明です。高品質でおすすめの商品です。,2023-10-19
648,キーボード 65,エレクトロニクス,TechPro,30878,872,キーボード 65の詳細説明です。高品質でおすすめの商品です。,2023-06-03
649,モニタースタンド 65,エレクトロニクス,DigitalLife,24454,862,モニタースタンド 65の詳細説明です。高品質でおすすめの商品です。,2023-06-29
650,充電器 65,エレクトロニクス,DigitalLife,18678,347,充電器 65の詳細説明です。高品質でおすすめの商品です。,2023-12-07
651,ワイヤレスイヤホン 66,エレクトロニクス,PowerUp,18823,207,ワイヤレスイヤホン 66の詳細説明です。高品質でおすすめの商品です。,2023-04-19
652,スマートフォンケース 66,エレクトロニクス,Connect,33260,957,スマートフォンケース 66の詳細説明です。高品質でおすすめの商品です。,2023-04-01
653,モバイルバッテリー 66,エレクトロニクス,SoundMax,6702,676,モバイルバッテリー 66の詳細説明です。高品質でおすすめの商品です。,2023-10-09
654,USBケーブル 66,エレクトロニクス,DigitalLife,14768,257,USBケーブル 66の詳細説明です。高品質でおすすめの商品です。,2023-04-04
655,Bluetoothスピーカー 66,エレクトロニクス,Connect,15661,111,Bluetoothスピーカー 66の詳細説明です。高品質でおすすめの商品です。,2023-09-20
656,タブレットスタンド 66,エレクトロニクス,SoundMax,17963,22,タブレットスタンド 66の詳細説明です。高品質でおすすめの商品です。,2023-02-05
657,ワイヤレスマウス 66,エレクトロニクス,PowerUp,2615,481,ワイヤレスマウス 66の詳細説明です。高品質でおすすめの商品です。,2023-12-09
658,キーボード 66,エレクトロニクス,SoundMax,12405,237,キーボード 66の詳細説明です。高品質でおすすめの商品です。,2023-03-14
659,モニタースタンド 66,エレクトロニクス,TechPro,779,924,モニタースタンド 66の詳細説明です。高品質でおすすめの商品です。,2023-10-30
660,充電器 66,エレクトロニクス,PowerUp,33951,547,充電器 66の詳細説明です。高品質でおすすめの商品です。,2023-04-23
661,ワイヤレスイヤホン 67,エレクトロニクス,TechPro,44281,134,ワイヤレスイヤホン 67の詳細説明です。高品質でおすすめの商品です。,2023-07-16
662,スマートフォンケース 67,エレクトロニクス,Connect,35173,939,スマートフォンケース 67の詳細説明です。高品質でおすすめの商品です。,2023-06-05
663,モバイルバッテリー 67,エレクトロニクス,PowerUp,6835,779,モバイルバッテリー 67の詳細説明です。高品質でおすすめの商品です。,2023-07-15
664,USBケーブル 67,エレクトロニクス,Connect,16974,11,USBケーブル 67の詳細説明です。高品質でおすすめの商品です。,2023-01-29
665,Bluetoothスピーカー 67,エレクトロニクス,SoundMax,37117,557,Bluetoothスピーカー 67の詳細説明です。高品質でおすすめの商品です。,2023-08-12
666,タブレットスタンド 67,エレクトロニクス,DigitalLife,27488,866,タブレットスタンド 67の詳細説明です。高品質でおすすめの商品です。,2023-11-06
667,ワイヤレスマウス 67,エレクトロニクス,PowerUp,22834,725,ワイヤレスマウス 67の詳細説明です。高品質でおすすめの商品です。,2023-07-16
668,キーボード 67,エレクトロニクス,SoundMax,36942,43,キーボード 67の詳細説明です。高品質でおすすめの商品です。,2023-10-30
669,モニタースタンド 67,エレクトロニクス,Connect,23126,464,モニタースタンド 67の詳細説明です。高品質でおすすめの商品です。,2023-09-21
670,充電器 67,エレクトロニクス,Connect,16583,839,充電器 67の詳細説明です。高品質でおすすめの商品です。,2023-04-01
671,ワイヤレスイヤホン 68,エレクトロニクス,SoundMax,11930,616,ワイヤレスイヤホン 68の詳細説明です。高品質でおすすめの商品です。,2023-08-06
672,スマートフォンケース 68,エレクトロニクス,TechPro,33030,731,スマートフォンケース 68の詳細説明です。高品質でおすすめの商品です。,2023-08-31
673,モバイルバッテリー 68,エレクトロニクス,SoundMax,34464,480,モバイルバッテリー 68の詳細説明です。高品質でおすすめの商品です。,2023-01-18
674,USBケーブル 68,エレクトロニクス,DigitalLife,19007,463,USBケーブル 68の詳細説明です。高品質でおすすめの商品です。,2023-01-25
675,Bluetoothスピーカー 68,エレクトロニクス,DigitalLife,27742,624,Bluetoothスピーカー 68の詳細説明です。高品質でおすすめの商品です。,2023-05-30
676,タブレットスタンド 68,エレクトロニクス,PowerUp,39640,737,タブレットスタンド 68の詳細説明です。高品質でおすすめの商品です。,2023-03-21
677,ワイヤレスマウス 68,エレクトロニクス,SoundMax,33365,206,ワイヤレスマウス 68の詳細説明です。高品質でおすすめの商品です。,2023-02-22
678,キーボード 68,エレクトロニクス,SoundMax,30577,56,キーボード 68の詳細説明です。高品質でおすすめの商品です。,2023-07-03
679,モニタースタンド 68,エレクトロニクス,PowerUp,3744,161,モニタースタンド 68の詳細説明です。高品質でおすすめの商品です。,2023-05-16
680,充電器 68,エレクトロニクス,PowerUp,46112,487,充電器 68の詳細説明です。高品質でおすすめの商品です。,2023-10-12
681,ワイヤレスイヤホン 69,エレクトロニクス,TechPro,22933,839,ワイヤレスイヤホン 69の詳細説明です。高品質でおすすめの商品です。,2023-12-29
682,スマートフォンケース 69,エレクトロニクス,PowerUp,40748,691,スマートフォンケース 69の詳細説明です。高品質でおすすめの商品です。,2023-02-25
683,モバイルバッテリー 69,エレクトロニクス,PowerUp,14103,687,モバイルバッテリー 69の詳細説明です。高品質でおすすめの商品です。,2023-06-18
684,USBケーブル 69,エレクトロニクス,DigitalLife,7823,331,USBケーブル 69の詳細説明です。高品質でおすすめの商品です。,2023-02-02
685,Bluetoothスピーカー 69,エレクトロニクス,SoundMax,15547,572,Bluetoothスピーカー 69の詳細説明です。高品質でおすすめの商品です。,2023-05-28
686,タブレットスタンド 69,エレクトロニクス,Connect,18822,210,タブレットスタンド 69の詳細説明です。高品質でおすすめの商品です。,2023-07-26
687,ワイヤレスマウス 69,エレクトロニクス,DigitalLife,28965,802,ワイヤレスマウス 69の詳細説明です。高品質でおすすめの商品です。,2023-05-17
688,キーボード 69,エレクトロニクス,Connect,39814,162,キーボード 69の詳細説明です。高品質でおすすめの商品です。,2023-02-26
689,モニタースタンド 69,エレクトロニクス,PowerUp,26134,380,モニタースタンド 69の詳細説明です。高品質でおすすめの商品です。,2023-08-04
690,充電器 69,エレクトロニクス,PowerUp,8239,139,充電器 69の詳細説明です。高品質でおすすめの商品です。,2023-10-17
691,ワイヤレスイヤホン 70,エレクトロニクス,DigitalLife,22461,676,ワイヤレスイヤホン 70の詳細説明です。高品質でおすすめの商品です。,2023-05-13
692,スマートフォンケース 70,エレクトロニクス,SoundMax,20335,542,スマートフォンケース 70の詳細説明です。高品質でおすすめの商品です。,2023-10-23
693,モバイルバッテリー 70,エレクトロニクス,Connect,10657,642,モバイルバッテリー 70の詳細説明です。高品質でおすすめの商品です。,2023-01-09
694,USBケーブル 70,エレクトロニクス,SoundMax,37400,981,USBケーブル 70の詳細説明です。高品質でおすすめの商品です。,2023-12-20
695,Bluetoothスピーカー 70,エレクトロニクス,TechPro,37142,407,Bluetoothスピーカー 70の詳細説明です。高品質でおすすめの商品です。,2023-09-06
696,タブレットスタンド 70,エレクトロニクス,Connect,24242,423,タブレットスタンド 70の詳細説明です。高品質でおすすめの商品です。,2023-01-15
697,ワイヤレスマウス 70,エレクトロニクス,PowerUp,41086,315,ワイヤレスマウス 70の詳細説明です。高品質でおすすめの商品です。,2023-05-23
698,キーボード 70,エレクトロニクス,Connect,23201,981,キーボード 70の詳細説明です。高品質でおすすめの商品です。,2023-03-23
699,モニタースタンド 70,エレクトロニクス,PowerUp,34268,842,モニタースタンド 70の詳細説明です。高品質でおすすめの商品です。,2023-11-05
700,充電器 70,エレクトロニクス,PowerUp,3796,529,充電器 70の詳細説明です。高品質でおすすめの商品です。,2023-07-22
701,ワイヤレスイヤホン 71,エレクトロニクス,SoundMax,31087,594,ワイヤレスイヤホン 71の詳細説明です。高品質でおすすめの商品です。,2023-10-14
702,スマートフォンケース 71,エレクトロニクス,TechPro,16220,36,スマートフォンケース 71の詳細説明です。高品質でおすすめの商品です。,2023-06-26
703,モバイルバッテリー 71,エレクトロニクス,SoundMax,37794,629,モバイルバッテリー 71の詳細説明です。高品質でおすすめの商品です。,2023-10-02
704,USBケーブル 71,エレクトロニクス,TechPro,16661,272,USBケーブル 71の詳細説明です。高品質でおすすめの商品です。,2023-03-16
705,Bluetoothスピーカー 71,エレクトロニクス,DigitalLife,43454,828,Bluetoothスピーカー 71の詳細説明です。高品質でおすすめの商品です。,2023-02-13
706,タブレットスタンド 71,エレクトロニクス,DigitalLife,27078,951,タブレットスタンド 71の詳細説明です。高品質でおすすめの商品です。,2023-10-15
707,ワイヤレスマウス 71,エレクトロニクス,DigitalLife,14611,983,ワイヤレスマウス 71の詳細説明です。高品質でおすすめの商品です。,2023-06-22
708,キーボード 71,エレクトロニクス,Connect,44418,498,キーボード 71の詳細説明です。高品質でおすすめの商品です。,2023-03-29
709,モニタースタンド 71,エレクトロニクス,Connect,41701,144,モニタースタンド 71の詳細説明です。高品質でおすすめの商品です。,2023-06-15
710,充電器 71,エレクトロニクス,TechPro,45669,928,充電器 71の詳細説明です。高品質でおすすめの商品です。,2023-12-27
711,ワイヤレスイヤホン 72,エレクトロニクス,DigitalLife,27080,668,ワイヤレスイヤホン 72の詳細説明です。高品質でおすすめの商品です。,2023-10-23
712,スマートフォンケース 72,エレクトロニクス,Connect,23142,913,スマートフォンケース 72の詳細説明です。高品質でおすすめの商品です。,2023-06-08
713,モバイルバッテリー 72,エレクトロニクス,PowerUp,38494,804,モバイルバッテリー 72の詳細説明です。高品質でおすすめの商品です。,2023-04-26
714,USBケーブル 72,エレクトロニクス,SoundMax,33664,8,USBケーブル 72の詳細説明です。高品質でおすすめの商品です。,2023-12-10
715,Bluetoothスピーカー 72,エレクトロニクス,DigitalLife,45150,54,Bluetoothスピーカー 72の詳細説明です。高品質でおすすめの商品です。,2023-01-22
716,タブレットスタンド 72,エレクトロニクス,PowerUp,28234,211,タブレットスタンド 72の詳細説明です。高品質でおすすめの商品です。,2023-12-22
717,ワイヤレスマウス 72,エレクトロニクス,SoundMax,790,662,ワイヤレスマウス 72の詳細説明です。高品質でおすすめの商品です。,2023-01-22
718,キーボード 72,エレクトロニクス,PowerUp,3817,119,キーボード 72の詳細説明です。高品質でおすすめの商品です。,2023-05-08
719,モニタースタンド 72,エレクトロニクス,DigitalLife,39490,645,モニタースタンド 72の詳細説明です。高品質でおすすめの商品です。,2023-11-10
720,充電器 72,エレクトロニクス,TechPro,951,542,充電器 72の詳細説明です。高品質でおすすめの商品です。,2023-10-18
721,ワイヤレスイヤホン 73,エレクトロニクス,DigitalLife,36173,279,ワイヤレスイヤホン 73の詳細説明です。高品質でおすすめの商品です。,2023-01-18
722,スマートフォンケース 73,エレクトロニクス,Connect,15785,47,スマートフォンケース 73の詳細説明です。高品質でおすすめの商品です。,2023-06-16
723,モバイルバッテリー 73,エレクトロニクス,PowerUp,48362,914,モバイルバッテリー 73の詳細説明です。高品質でおすすめの商品です。,2023-03-09
724,USBケーブル 73,エレクトロニクス,Connect,30468,679,USBケーブル 73の詳細説明です。高品質でおすすめの商品です。,2023-04-17
725,Bluetoothスピーカー 73,エレクトロニクス,SoundMax,33358,884,Bluetoothスピーカー 73の詳細説明です。高品質でおすすめの商品です。,2023-06-01
726,タブレットスタンド 73,エレクトロニクス,TechPro,22960,713,タブレットスタンド 73の詳細説明です。高品質でおすすめの商品です。,2023-01-06
727,ワイヤレスマウス 73,エレクトロニクス,SoundMax,15395,29,ワイヤレスマウス 73の詳細説明です。高品質でおすすめの商品です。,2023-02-09
728,キーボード 73,エレクトロニクス,PowerUp,24277,188,キーボード 73の詳細説明です。高品質でおすすめの商品です。,2023-06-16
729,モニタースタンド 73,エレクトロニクス,SoundMax,18959,315,モニタースタンド 73の詳細説明です。高品質でおすすめの商品です。,2023-04-06
730,充電器 73,エレクトロニクス,Connect,41176,26,充電器 73の詳細説明です。高品質でおすすめの商品です。,2023-11-12
731,ワイヤレスイヤホン 74,エレクトロニクス,PowerUp,6042,521,ワイヤレスイヤホン 74の詳細説明です。高品質でおすすめの商品です。,2023-07-08
732,スマートフォンケース 74,エレクトロニクス,TechPro,1224,332,スマートフォンケース 74の詳細説明です。高品質でおすすめの商品です。,2023-09-07
733,モバイルバッテリー 74,エレクトロニクス,SoundMax,20203,730,モバイルバッテリー 74の詳細説明です。高品質でおすすめの商品です。,2023-05-29
734,USBケーブル 74,エレクトロニクス,TechPro,11145,903,USBケーブル 74の詳細説明です。高品質でおすすめの商品です。,2023-06-27
735,Bluetoothスピーカー 74,エレクトロニクス,TechPro,18040,194,Bluetoothスピーカー 74の詳細説明です。高品質でおすすめの商品です。,2023-01-17
736,タブレットスタンド 74,エレクトロニクス,TechPro,3794,685,タブレットスタンド 74の詳細説明です。高品質でおすすめの商品です。,2023-01-20
737,ワイヤレスマウス 74,エレクトロニクス,PowerUp,8836,39,ワイヤレスマウス 74の詳細説明です。高品質でおすすめの商品です。,2023-02-04
738,キーボード 74,エレクトロニクス,Connect,47665,908,キーボード 74の詳細説明です。高品質でおすすめの商品です。,2023-04-06
739,モニタースタンド 74,エレクトロニクス,TechPro,3036,10,モニタースタンド 74の詳細説明です。高品質でおすすめの商品です。,2023-09-07
740,充電器 74,エレクトロニクス,SoundMax,14590,579,充電器 74の詳細説明です。高品質でおすすめの商品です。,2023-02-06
741,ワイヤレスイヤホン 75,エレクトロニクス,DigitalLife,36335,436,ワイヤレスイヤホン 75の詳細説明です。高品質でおすすめの商品です。,2023-04-02
742,スマートフォンケース 75,エレクトロニクス,PowerUp,31722,445,スマートフォンケース 75の詳細説明です。高品質でおすすめの商品です。,2023-05-09
743,モバイルバッテリー 75,エレクトロニクス,PowerUp,3322,290,モバイルバッテリー 75の詳細説明です。高品質でおすすめの商品です。,2023-03-30
744,USBケーブル 75,エレクトロニクス,SoundMax,21934,842,USBケーブル 75の詳細説明です。高品質でおすすめの商品です。,2023-02-13
745,Bluetoothスピーカー 75,エレクトロニクス,Connect,3242,579,Bluetoothスピーカー 75の詳細説明です。高品質でおすすめの商品です。,2023-06-17
746,タブレットスタンド 75,エレクトロニクス,SoundMax,4048,878,タブレットスタンド 75の詳細説明です。高品質でおすすめの商品です。,2023-10-22
747,ワイヤレスマウス 75,エレクトロニクス,Connect,29183,802,ワイヤレスマウス 75の詳細説明です。高品質でおすすめの商品です。,2023-01-31
748,キーボード 75,エレクトロニクス,DigitalLife,8742,416,キーボード 75の詳細説明です。高品質でおすすめの商品です。,2023-11-06
749,モニタースタンド 75,エレクトロニクス,TechPro,38562,42,モニタースタンド 75の詳細説明です。高品質でおすすめの商品です。,2023-04-03
750,充電器 75,エレクトロニクス,SoundMax,22965,568,充電器 75の詳細説明です。高品質でおすすめの商品です。,2023-11-11
751,ワイヤレスイヤホン 76,エレクトロニクス,DigitalLife,45291,127,ワイヤレスイヤホン 76の詳細説明です。高品質でおすすめの商品です。,2023-12-01
752,スマートフォンケース 76,エレクトロニクス,DigitalLife,43923,730,スマートフォンケース 76の詳細説明です。高品質でおすすめの商品です。,2023-07-08
753,モバイルバッテリー 76,エレクトロニクス,PowerUp,26161,988,モバイルバッテリー 76の詳細説明です。高品質でおすすめの商品です。,2023-05-28
754,USBケーブル 76,エレクトロニクス,SoundMax,36019,254,USBケーブル 76の詳細説明です。高品質でおすすめの商品です。,2023-05-22
755,Bluetoothスピーカー 76,エレクトロニクス,Connect,39980,448,Bluetoothスピーカー 76の詳細説明です。高品質でおすすめの商品です。,2023-05-06
756,タブレットスタンド 76,エレクトロニクス,SoundMax,15596,376,タブレットスタンド 76の詳細説明です。高品質でおすすめの商品です。,2023-10-24
757,ワイヤレスマウス 76,エレクトロニクス,PowerUp,34750,92,ワイヤレスマウス 76の詳細説明です。高品質でおすすめの商品です。,2023-08-13
758,キーボード 76,エレクトロニクス,SoundMax,39095,976,キーボード 76の詳細説明です。高品質でおすすめの商品です。,2023-03-10
759,モニタースタンド 76,エレクトロニクス,DigitalLife,26816,818,モニタースタンド 76の詳細説明です。高品質でおすすめの商品です。,2023-10-12
760,充電器 76,エレクトロニクス,DigitalLife,18949,646,充電器 76の詳細説明です。高品質でおすすめの商品です。,2023-06-20
761,ワイヤレスイヤホン 77,エレクトロニクス,Connect,17058,25,ワイヤレスイヤホン 77の詳細説明です。高品質でおすすめの商品です。,2023-11-01
762,スマートフォンケース 77,エレクトロニクス,DigitalLife,1234,826,スマートフォンケース 77の詳細説明です。高品質でおすすめの商品です。,2023-10-25
763,モバイルバッテリー 77,エレクトロニクス,SoundMax,23604,145,モバイルバッテリー 77の詳細説明です。高品質でおすすめの商品です。,2023-03-24
764,USBケーブル 77,エレクトロニクス,Connect,32758,381,USBケーブル 77の詳細説明です。高品質でおすすめの商品です。,2023-01-16
765,Bluetoothスピーカー 77,エレクトロニクス,PowerUp,28277,442,Bluetoothスピーカー 77の詳細説明です。高品質でおすすめの商品です。,2023-03-04
766,タブレットスタンド 77,エレクトロニクス,DigitalLife,9175,486,タブレットスタンド 77の詳細説明です。高品質でおすすめの商品です。,2023-04-12
767,ワイヤレスマウス 77,エレクトロニクス,SoundMax,27655,398,ワイヤレスマウス 77の詳細説明です。高品質でおすすめの商品です。,2023-09-11
768,キーボード 77,エレクトロニクス,DigitalLife,7733,97,キーボード 77の詳細説明です。高品質でおすすめの商品です。,2023-06-21
769,モニタースタンド 77,エレクトロニクス,PowerUp,49755,859,モニタースタンド 77の詳細説明です。高品質でおすすめの商品です。,2023-06-16
770,充電器 77,エレクトロニクス,TechPro,40295,743,充電器 77の詳細説明です。高品質でおすすめの商品です。,2023-11-13
771,ワイヤレスイヤホン 78,エレクトロニクス,PowerUp,12914,891,ワイヤレスイヤホン 78の詳細説明です。高品質でおすすめの商品です。,2023-12-15
772,スマートフォンケース 78,エレクトロニクス,SoundMax,24324,960,スマートフォンケース 78の詳細説明です。高品質でおすすめの商品です。,2023-05-18
773,モバイルバッテリー 78,エレクトロニクス,TechPro,10710,143,モバイルバッテリー 78の詳細説明です。高品質でおすすめの商品です。,2023-02-15
774,USBケーブル 78,エレクトロニクス,DigitalLife,22059,339,USBケーブル 78の詳細説明です。高品質でおすすめの商品です。,2023-05-17
775,Bluetoothスピーカー 78,エレクトロニクス,DigitalLife,12524,213,Bluetoothスピーカー 78の詳細説明です。高品質でおすすめの商品です。,2023-04-07
776,タブレットスタンド 78,エレクトロニクス,DigitalLife,4350,305,タブレットスタンド 78の詳細説明です。高品質でおすすめの商品です。,2023-01-08
777,ワイヤレスマウス 78,エレクトロニクス,PowerUp,36240,833,ワイヤレスマウス 78の詳細説明です。高品質でおすすめの商品です。,2023-02-06
778,キーボード 78,エレクトロニクス,PowerUp,5657,518,キーボード 78の詳細説明です。高品質でおすすめの商品です。,2023-07-09
779,モニタースタンド 78,エレクトロニクス,Connect,48428,211,モニタースタンド 78の詳細説明です。高品質でおすすめの商品です。,2023-05-02
780,充電器 78,エレクトロニクス,PowerUp,9980,360,充電器 78の詳細説明です。高品質でおすすめの商品です。,2023-10-26
781,ワイヤレスイヤホン 79,エレクトロニクス,DigitalLife,1203,318,ワイヤレスイヤホン 79の詳細説明です。高品質でおすすめの商品です。,2023-04-21
782,スマートフォンケース 79,エレクトロニクス,TechPro,2834,296,スマートフォンケース 79の詳細説明です。高品質でおすすめの商品です。,2023-06-03
783,モバイルバッテリー 79,エレクトロニクス,TechPro,31904,260,モバイルバッテリー 79の詳細説明です。高品質でおすすめの商品です。,2023-12-07
784,USBケーブル 79,エレクトロニクス,PowerUp,14107,229,USBケーブル 79の詳細説明です。高品質でおすすめの商品です。,2023-09-17
785,Bluetoothスピーカー 79,エレクトロニクス,PowerUp,36749,29,Bluetoothスピーカー 79の詳細説明です。高品質でおすすめの商品です。,2023-12-04
786,タブレットスタンド 79,エレクトロニクス,DigitalLife,11654,895,タブレットスタンド 79の詳細説明です。高品質でおすすめの商品です。,2023-01-14
787,ワイヤレスマウス 79,エレクトロニクス,SoundMax,40042,959,ワイヤレスマウス 79の詳細説明です。高品質でおすすめの商品です。,2023-07-01
788,キーボード 79,エレクトロニクス,TechPro,3700,276,キーボード 79の詳細説明です。高品質でおすすめの商品です。,2023-05-05
789,モニタースタンド 79,エレクトロニクス,PowerUp,37910,654,モニタースタンド 79の詳細説明です。高品質でおすすめの商品です。,2023-10-27
790,充電器 79,エレクトロニクス,DigitalLife,46290,471,充電器 79の詳細説明です。高品質でおすすめの商品です。,2023-04-21
791,ワイヤレスイヤホン 80,エレクトロニクス,PowerUp,28590,455,ワイヤレスイヤホン 80の詳細説明です。高品質でおすすめの商品です。,2023-01-04
792,スマートフォンケース 80,エレクトロニクス,DigitalLife,27763,72,スマートフォンケース 80の詳細説明です。高品質でおすすめの商品です。,2023-01-29
793,モバイルバッテリー 80,エレクトロニクス,SoundMax,4268,52,モバイルバッテリー 80の詳細説明です。高品質でおすすめの商品です。,2023-09-10
794,USBケーブル 80,エレクトロニクス,DigitalLife,14728,983,USBケーブル 80の詳細説明です。高品質でおすすめの商品です。,2023-11-24
795,Bluetoothスピーカー 80,エレクトロニクス,SoundMax,45779,929,Bluetoothスピーカー 80の詳細説明です。高品質でおすすめの商品です。,2023-02-11
796,タブレットスタンド 80,エレクトロニクス,Connect,24942,147,タブレットスタンド 80の詳細説明です。高品質でおすすめの商品です。,2023-01-26
797,ワイヤレスマウス 80,エレクトロニクス,Connect,12347,946,ワイヤレスマウス 80の詳細説明です。高品質でおすすめの商品です。,2023-05-09
798,キーボード 80,エレクトロニクス,PowerUp,36669,304,キーボード 80の詳細説明です。高品質でおすすめの商品です。,2023-01-07
799,モニタースタンド 80,エレクトロニクス,PowerUp,40935,781,モニタースタンド 80の詳細説明です。高品質でおすすめの商品です。,2023-12-15
800,充電器 80,エレクトロニクス,DigitalLife,36248,312,充電器 80の詳細説明です。高品質でおすすめの商品です。,2023-07-03
801,ワイヤレスイヤホン 81,エレクトロニクス,Connect,45337,965,ワイヤレスイヤホン 81の詳細説明です。高品質でおすすめの商品です。,2023-04-11
802,スマートフォンケース 81,エレクトロニクス,SoundMax,8324,37,スマートフォンケース 81の詳細説明です。高品質でおすすめの商品です。,2023-11-20
803,モバイルバッテリー 81,エレクトロニクス,Connect,26641,808,モバイルバッテリー 81の詳細説明です。高品質でおすすめの商品です。,2023-01-26
804,USBケーブル 81,エレクトロニクス,SoundMax,18683,424,USBケーブル 81の詳細説明です。高品質でおすすめの商品です。,2023-09-07
805,Bluetoothスピーカー 81,エレクトロニクス,SoundMax,15513,818,Bluetoothスピーカー 81の詳細説明です。高品質でおすすめの商品です。,2023-02-05
806,タブレットスタンド 81,エレクトロニクス,Connect,19884,120,タブレットスタンド 81の詳細説明です。高品質でおすすめの商品です。,2023-09-06
807,ワイヤレスマウス 81,エレクトロニクス,Connect,47021,29,ワイヤレスマウス 81の詳細説明です。高品質でおすすめの商品です。,2023-05-19
808,キーボード 81,エレクトロニクス,SoundMax,9432,158,キーボード 81の詳細説明です。高品質でおすすめの商品です。,2023-11-02
809,モニタースタンド 81,エレクトロニクス,PowerUp,28970,280,モニタースタンド 81の詳細説明です。高品質でおすすめの商品です。,2024-01-01
810,充電器 81,エレクトロニクス,Connect,49521,162,充電器 81の詳細説明です。高品質でおすすめの商品です。,2023-10-03
811,ワイヤレスイヤホン 82,エレクトロニクス,DigitalLife,31039,484,ワイヤレスイヤホン 82の詳細説明です。高品質でおすすめの商品です。,2023-04-06
812,スマートフォンケース 82,エレクトロニクス,PowerUp,7971,16,スマートフォンケース 82の詳細説明です。高品質でおすすめの商品です。,2023-05-14
813,モバイルバッテリー 82,エレクトロニクス,PowerUp,17653,36,モバイルバッテリー 82の詳細説明です。高品質でおすすめの商品です。,2023-02-19
814,USBケーブル 82,エレクトロニクス,SoundMax,48542,544,USBケーブル 82の詳細説明です。高品質でおすすめの商品です。,2023-08-23
815,Bluetoothスピーカー 82,エレクトロニクス,PowerUp,16455,858,Bluetoothスピーカー 82の詳細説明です。高品質でおすすめの商品です。,2023-03-26
816,タブレットスタンド 82,エレクトロニクス,Connect,20903,872,タブレットスタンド 82の詳細説明です。高品質でおすすめの商品です。,2023-04-25
817,ワイヤレスマウス 82,エレクトロニクス,PowerUp,33420,381,ワイヤレスマウス 82の詳細説明です。高品質でおすすめの商品です。,2023-10-08
818,キーボード 82,エレクトロニクス,TechPro,25241,359,キーボード 82の詳細説明です。高品質でおすすめの商品です。,2023-01-09
819,モニタースタンド 82,エレクトロニクス,PowerUp,27702,846,モニタースタンド 82の詳細説明です。高品質でおすすめの商品です。,2023-01-09
820,充電器 82,エレクトロニクス,SoundMax,35954,799,充電器 82の詳細説明です。高品質でおすすめの商品です。,2023-08-15
821,ワイヤレスイヤホン 83,エレクトロニクス,DigitalLife,3150,248,ワイヤレスイヤホン 83の詳細説明です。高品質でおすすめの商品です。,2023-11-03
822,スマートフォンケース 83,エレクトロニクス,Connect,9653,638,スマートフォンケース 83の詳細説明です。高品質でおすすめの商品です。,2023-03-30
823,モバイルバッテリー 83,エレクトロニクス,DigitalLife,10724,125,モバイルバッテリー 83の詳細説明です。高品質でおすすめの商品です。,2023-08-10
824,USBケーブル 83,エレクトロニクス,PowerUp,3160,286,USBケーブル 83の詳細説明です。高品質でおすすめの商品です。,2023-08-14
825,Bluetoothスピーカー 83,エレクトロニクス,DigitalLife,2308,902,Bluetoothスピーカー 83の詳細説明です。高品質でおすすめの商品です。,2023-05-14
826,タブレットスタンド 83,エレクトロニクス,SoundMax,25833,191,タブレットスタンド 83の詳細説明です。高品質でおすすめの商品です。,2023-09-17
827,ワイヤレスマウス 83,エレクトロニクス,DigitalLife,23475,962,ワイヤレスマウス 83の詳細説明です。高品質でおすすめの商品です。,2023-07-25
828,キーボード 83,エレクトロニクス,DigitalLife,23801,583,キーボード 83の詳細説明です。高品質でおすすめの商品です。,2023-08-31
829,モニタースタンド 83,エレクトロニクス,DigitalLife,38771,792,モニタースタンド 83の詳細説明です。高品質でおすすめの商品です。,2023-01-20
830,充電器 83,エレクトロニクス,TechPro,13136,809,充電器 83の詳細説明です。高品質でおすすめの商品です。,2023-04-21
831,ワイヤレスイヤホン 84,エレクトロニクス,SoundMax,48905,946,ワイヤレスイヤホン 84の詳細説明です。高品質でおすすめの商品です。,2023-01-18
832,スマートフォンケース 84,エレクトロニクス,SoundMax,20106,468,スマートフォンケース 84の詳細説明です。高品質でおすすめの商品です。,2023-08-30
833,モバイルバッテリー 84,エレクトロニクス,PowerUp,30963,989,モバイルバッテリー 84の詳細説明です。高品質でおすすめの商品です。,2023-05-19
834,USBケーブル 84,エレクトロニクス,PowerUp,32652,933,USBケーブル 84の詳細説明です。高品質でおすすめの商品です。,2023-05-30
835,Bluetoothスピーカー 84,エレクトロニクス,TechPro,10620,26,Bluetoothスピーカー 84の詳細説明です。高品質でおすすめの商品です。,2023-11-23
836,タブレットスタンド 84,エレクトロニクス,PowerUp,27008,522,タブレットスタンド 84の詳細説明です。高品質でおすすめの商品です。,2023-10-02
837,ワイヤレスマウス 84,エレクトロニクス,DigitalLife,47011,860,ワイヤレスマウス 84の詳細説明です。高品質でおすすめの商品です。,2023-01-11
838,キーボード 84,エレクトロニクス,SoundMax,23688,702,キーボード 84の詳細説明です。高品質でおすすめの商品です。,2023-10-07
839,モニタースタンド 84,エレクトロニクス,PowerUp,17854,798,モニタースタンド 84の詳細説明です。高品質でおすすめの商品です。,2023-11-01
840,充電器 84,エレクトロニクス,PowerUp,14596,276,充電器 84の詳細説明です。高品質でおすすめの商品です。,2023-09-05
841,ワイヤレスイヤホン 85,エレクトロニクス,DigitalLife,37251,277,ワイヤレスイヤホン 85の詳細説明です。高品質でおすすめの商品です。,2023-11-10
842,スマートフォンケース 85,エレクトロニクス,DigitalLife,29935,756,スマートフォンケース 85の詳細説明です。高品質でおすすめの商品です。,2023-06-21
843,モバイルバッテリー 85,エレクトロニクス,Connect,45931,250,モバイルバッテリー 85の詳細説明です。高品質でおすすめの商品です。,2024-01-01
844,USBケーブル 85,エレクトロニクス,TechPro,18378,952,USBケーブル 85の詳細説明です。高品質でおすすめの商品です。,2023-04-07
845,Bluetoothスピーカー 85,エレクトロニクス,TechPro,41820,178,Bluetoothスピーカー 85の詳細説明です。高品質でおすすめの商品です。,2023-03-30
846,タブレットスタンド 85,エレクトロニクス,DigitalLife,6592,653,タブレットスタンド 85の詳細説明です。高品質でおすすめの商品です。,2023-07-06
847,ワイヤレスマウス 85,エレクトロニクス,PowerUp,25827,688,ワイヤレスマウス 85の詳細説明です。高品質でおすすめの商品です。,2023-01-21
848,キーボード 85,エレクトロニクス,DigitalLife,2765,534,キーボード 85の詳細説明です。高品質でおすすめの商品です。,2023-10-28
849,モニタースタンド 85,エレクトロニクス,PowerUp,24281,277,モニタースタンド 85の詳細説明です。高品質でおすすめの商品です。,2023-09-23
850,充電器 85,エレクトロニクス,TechPro,30894,732,充電器 85の詳細説明です。高品質でおすすめの商品です。,2023-11-15
851,ワイヤレスイヤホン 86,エレクトロニクス,DigitalLife,643,374,ワイヤレスイヤホン 86の詳細説明です。高品質でおすすめの商品です。,2023-05-09
852,スマートフォンケース 86,エレクトロニクス,PowerUp,20151,914,スマートフォンケース 86の詳細説明です。高品質でおすすめの商品です。,2023-01-19
853,モバイルバッテリー 86,エレクトロニクス,TechPro,9895,806,モバイルバッテリー 86の詳細説明です。高品質でおすすめの商品です。,2023-11-14
854,USBケーブル 86,エレクトロニクス,DigitalLife,46666,657,USBケーブル 86の詳細説明です。高品質でおすすめの商品です。,2023-08-30
855,Bluetoothスピーカー 86,エレクトロニクス,TechPro,4563,303,Bluetoothスピーカー 86の詳細説明です。高品質でおすすめの商品です。,2023-11-26
856,タブレットスタンド 86,エレクトロニクス,SoundMax,4037,98,タブレットスタンド 86の詳細説明です。高品質でおすすめの商品です。,2023-05-31
857,ワイヤレスマウス 86,エレクトロニクス,TechPro,44020,439,ワイヤレスマウス 86の詳細説明です。高品質でおすすめの商品です。,2023-02-27
858,キーボード 86,エレクトロニクス,TechPro,31325,957,キーボード 86の詳細説明です。高品質でおすすめの商品です。,2023-06-02
859,モニタースタンド 86,エレクトロニクス,TechPro,15597,145,モニタースタンド 86の詳細説明です。高品質でおすすめの商品です。,2023-12-06
860,充電器 86,エレクトロニクス,SoundMax,30357,929,充電器 86の詳細説明です。高品質でおすすめの商品です。,2023-04-07
861,ワイヤレスイヤホン 87,エレクトロニクス,PowerUp,38766,380,ワイヤレスイヤホン 87の詳細説明です。高品質でおすすめの商品です。,2023-09-25
862,スマートフォンケース 87,エレクトロニクス,TechPro,24007,793,スマートフォンケース 87の詳細説明です。高品質でおすすめの商品です。,2023-07-23
863,モバイルバッテリー 87,エレクトロニクス,SoundMax,25394,700,モバイルバッテリー 87の詳細説明です。高品質でおすすめの商品です。,2023-11-03
864,USBケーブル 87,エレクトロニクス,DigitalLife,15188,901,USBケーブル 87の詳細説明です。高品質でおすすめの商品です。,2023-06-28
865,Bluetoothスピーカー 87,エレクトロニクス,SoundMax,7708,802,Bluetoothスピーカー 87の詳細説明です。高品質でおすすめの商品です。,2023-01-23
866,タブレットスタンド 87,エレクトロニクス,PowerUp,18809,835,タブレットスタンド 87の詳細説明です。高品質でおすすめの商品です。,2023-09-06
867,ワイヤレスマウス 87,エレクトロニクス,Connect,2062,525,ワイヤレスマウス 87の詳細説明です。高品質でおすすめの商品です。,2023-03-07
868,キーボード 87,エレクトロニクス,Connect,12304,86,キーボード 87の詳細説明です。高品質でおすすめの商品です。,2023-01-27
869,モニタースタンド 87,エレクトロニクス,TechPro,22330,118,モニタースタンド 87の詳細説明です。高品質でおすすめの商品です。,2023-05-21
870,充電器 87,エレクトロニクス,TechPro,25914,992,充電器 87の詳細説明です。高品質でおすすめの商品です。,2023-01-19
871,ワイヤレスイヤホン 88,エレクトロニクス,TechPro,12032,288,ワイヤレスイヤホン 88の詳細説明です。高品質でおすすめの商品です。,2023-12-17
872,スマートフォンケース 88,エレクトロニクス,Connect,18629,36,スマートフォンケース 88の詳細説明です。高品質でおすすめの商品です。,2023-08-11
873,モバイルバッテリー 88,エレクトロニクス,TechPro,5640,394,モバイルバッテリー 88の詳細説明です。高品質でおすすめの商品です。,2023-08-20
874,USBケーブル 88,エレクトロニクス,DigitalLife,12966,754,USBケーブル 88の詳細説明です。高品質でおすすめの商品です。,2023-08-09
875,Bluetoothスピーカー 88,エレクトロニクス,TechPro,36222,487,Bluetoothスピーカー 88の詳細説明です。高品質でおすすめの商品です。,2023-04-27
876,タブレットスタンド 88,エレクトロニクス,Connect,9872,829,タブレットスタンド 88の詳細説明です。高品質でおすすめの商品です。,2023-08-06
877,ワイヤレスマウス 88,エレクトロニクス,PowerUp,12094,457,ワイヤレスマウス 88の詳細説明です。高品質でおすすめの商品です。,2023-04-08
878,キーボード 88,エレクトロニクス,TechPro,37087,561,キーボード 88の詳細説明です。高品質でおすすめの商品です。,2023-12-29
879,モニタースタンド 88,エレクトロニクス,TechPro,31941,827,モニタースタンド 88の詳細説明です。高品質でおすすめの商品です。,2023-09-14
880,充電器 88,エレクトロニクス,Connect,33709,687,充電器 88の詳細説明です。高品質でおすすめの商品です。,2023-02-16
881,ワイヤレスイヤホン 89,エレクトロニクス,PowerUp,5282,826,ワイヤレスイヤホン 89の詳細説明です。高品質でおすすめの商品です。,2023-10-05
882,スマートフォンケース 89,エレクトロニクス,SoundMax,904,968,スマートフォンケース 89の詳細説明です。高品質でおすすめの商品です。,2023-12-12
883,モバイルバッテリー 89,エレクトロニクス,DigitalLife,48042,751,モバイルバッテリー 89の詳細説明です。高品質でおすすめの商品です。,2023-06-19
884,USBケーブル 89,エレクトロニクス,PowerUp,1369,599,USBケーブル 89の詳細説明です。高品質でおすすめの商品です。,2023-09-29
885,Bluetoothスピーカー 89,エレクトロニクス,DigitalLife,38903,759,Bluetoothスピーカー 89の詳細説明です。高品質でおすすめの商品です。,2023-02-16
886,タブレットスタンド 89,エレクトロニクス,DigitalLife,21011,914,タブレットスタンド 89の詳細説明です。高品質でおすすめの商品です。,2023-06-13
887,ワイヤレスマウス 89,エレクトロニクス,Connect,26067,257,ワイヤレスマウス 89の詳細説明です。高品質でおすすめの商品です。,2023-02-22
888,キーボード 89,エレクトロニクス,PowerUp,48049,510,キーボード 89の詳細説明です。高品質でおすすめの商品です。,2023-05-06
889,モニタースタンド 89,エレクトロニクス,DigitalLife,43237,713,モニタースタンド 89の詳細説明です。高品質でおすすめの商品です。,2023-09-13
890,充電器 89,エレクトロニクス,TechPro,28842,713,充電器 89の詳細説明です。高品質でおすすめの商品です。,2023-11-07
891,ワイヤレスイヤホン 90,エレクトロニクス,DigitalLife,42776,64,ワイヤレスイヤホン 90の詳細説明です。高品質でおすすめの商品です。,2023-07-10
892,スマートフォンケース 90,エレクトロニクス,TechPro,1759,900,スマートフォンケース 90の詳細説明です。高品質でおすすめの商品です。,2023-05-05
893,モバイルバッテリー 90,エレクトロニクス,TechPro,2371,962,モバイルバッテリー 90の詳細説明です。高品質でおすすめの商品です。,2023-12-27
894,USBケーブル 90,エレクトロニクス,DigitalLife,43909,34,USBケーブル 90の詳細説明です。高品質でおすすめの商品です。,2023-02-01
895,Bluetoothスピーカー 90,エレクトロニクス,Connect,38217,933,Bluetoothスピーカー 90の詳細説明です。高品質でおすすめの商品です。,2023-04-27
896,タブレットスタンド 90,エレクトロニクス,TechPro,31103,111,タブレットスタンド 90の詳細説明です。高品質でおすすめの商品です。,2023-08-04
897,ワイヤレスマウス 90,エレクトロニクス,Connect,10852,189,ワイヤレスマウス 90の詳細説明です。高品質でおすすめの商品です。,2023-12-08
898,キーボード 90,エレクトロニクス,PowerUp,35696,765,キーボード 90の詳細説明です。高品質でおすすめの商品です。,2023-03-27
899,モニタースタンド 90,エレクトロニクス,PowerUp,38197,595,モニタースタンド 90の詳細説明です。高品質でおすすめの商品です。,2023-02-09
900,充電器 90,エレクトロニクス,DigitalLife,29696,239,充電器 90の詳細説明です。高品質でおすすめの商品です。,2023-12-17
901,ワイヤレスイヤホン 91,エレクトロニクス,Connect,43364,861,ワイヤレスイヤホン 91の詳細説明です。高品質でおすすめの商品です。,2023-10-08
902,スマートフォンケース 91,エレクトロニクス,DigitalLife,13175,316,スマートフォンケース 91の詳細説明です。高品質でおすすめの商品です。,2023-08-18
903,モバイルバッテリー 91,エレクトロニクス,DigitalLife,29478,137,モバイルバッテリー 91の詳細説明です。高品質でおすすめの商品です。,2023-08-08
904,USBケーブル 91,エレクトロニクス,SoundMax,26647,287,USBケーブル 91の詳細説明です。高品質でおすすめの商品です。,2023-09-24
905,Bluetoothスピーカー 91,エレクトロニクス,SoundMax,38964,883,Bluetoothスピーカー 91の詳細説明です。高品質でおすすめの商品です。,2023-02-04
906,タブレットスタンド 91,エレクトロニクス,TechPro,28819,132,タブレットスタンド 91の詳細説明です。高品質でおすすめの商品です。,2023-07-08
907,ワイヤレスマウス 91,エレクトロニクス,TechPro,19041,645,ワイヤレスマウス 91の詳細説明です。高品質でおすすめの商品です。,2023-12-05
908,キーボード 91,エレクトロニクス,TechPro,26149,88,キーボード 91の詳細説明です。高品質でおすすめの商品です。,2023-03-05
909,モニタースタンド 91,エレクトロニクス,PowerUp,34988,825,モニタースタンド 91の詳細説明です。高品質でおすすめの商品です。,2023-02-16
910,充電器 91,エレクトロニクス,PowerUp,14265,313,充電器 91の詳細説明です。高品質でおすすめの商品です。,2023-12-22
911,ワイヤレスイヤホン 92,エレクトロニクス,DigitalLife,42145,95,ワイヤレスイヤホン 92の詳細説明です。高品質でおすすめの商品です。,2023-07-06
912,スマートフォンケース 92,エレクトロニクス,Connect,25762,648,スマートフォンケース 92の詳細説明です。高品質でおすすめの商品です。,2023-10-25
913,モバイルバッテリー 92,エレクトロニクス,DigitalLife,4068,488,モバイルバッテリー 92の詳細説明です。高品質でおすすめの商品です。,2023-05-16
914,USBケーブル 92,エレクトロニクス,SoundMax,39214,309,USBケーブル 92の詳細説明です。高品質でおすすめの商品です。,2023-03-18
915,Bluetoothスピーカー 92,エレクトロニクス,SoundMax,49301,394,Bluetoothスピーカー 92の詳細説明です。高品質でおすすめの商品です。,2023-01-10
916,タブレットスタンド 92,エレクトロニクス,DigitalLife,10810,270,タブレットスタンド 92の詳細説明です。高品質でおすすめの商品です。,2023-02-19
917,ワイヤレスマウス 92,エレクトロニクス,SoundMax,38585,507,ワイヤレスマウス 92の詳細説明です。高品質でおすすめの商品です。,2023-11-18
918,キーボード 92,エレクトロニクス,TechPro,42051,409,キーボード 92の詳細説明です。高品質でおすすめの商品です。,2023-01-21
919,モニタースタンド 92,エレクトロニクス,Connect,27536,170,モニタースタンド 92の詳細説明です。高品質でおすすめの商品です。,2023-12-21
920,充電器 92,エレクトロニクス,Connect,19955,987,充電器 92の詳細説明です。高品質でおすすめの商品です。,2023-05-30
921,ワイヤレスイヤホン 93,エレクトロニクス,Connect,23867,390,ワイヤレスイヤホン 93の詳細説明です。高品質でおすすめの商品です。,2023-02-07
922,スマートフォンケース 93,エレクトロニクス,SoundMax,34813,867,スマートフォンケース 93の詳細説明です。高品質でおすすめの商品です。,2023-05-20
923,モバイルバッテリー 93,エレクトロニクス,Connect,48035,435,モバイルバッテリー 93の詳細説明です。高品質でおすすめの商品です。,2023-12-19
924,USBケーブル 93,エレクトロニクス,Connect,7049,910,USBケーブル 93の詳細説明です。高品質でおすすめの商品です。,2023-01-04
925,Bluetoothスピーカー 93,エレクトロニクス,TechPro,41262,623,Bluetoothスピーカー 93の詳細説明です。高品質でおすすめの商品です。,2023-01-28
926,タブレットスタンド 93,エレクトロニクス,DigitalLife,1061,702,タブレットスタンド 93の詳細説明です。高品質でおすすめの商品です。,2023-07-24
927,ワイヤレスマウス 93,エレクトロニクス,PowerUp,39947,600,ワイヤレスマウス 93の詳細説明です。高品質でおすすめの商品です。,2023-03-25
928,キーボード 93,エレクトロニクス,Connect,29688,823,キーボード 93の詳細説明です。高品質でおすすめの商品です。,2023-07-18
929,モニタースタンド 93,エレクトロニクス,PowerUp,4800,682,モニタースタンド 93の詳細説明です。高品質でおすすめの商品です。,2023-11-13
930,充電器 93,エレクトロニクス,TechPro,30405,918,充電器 93の詳細説明です。高品質でおすすめの商品です。,2023-01-19
931,ワイヤレスイヤホン 94,エレクトロニクス,PowerUp,17180,686,ワイヤレスイヤホン 94の詳細説明です。高品質でおすすめの商品です。,2023-08-07
932,スマートフォンケース 94,エレクトロニクス,SoundMax,10214,247,スマートフォンケース 94の詳細説明です。高品質でおすすめの商品です。,2023-10-24
933,モバイルバッテリー 94,エレクトロニクス,SoundMax,21125,630,モバイルバッテリー 94の詳細説明です。高品質でおすすめの商品です。,2023-12-11
934,USBケーブル 94,エレクトロニクス,Connect,46967,628,USBケーブル 94の詳細説明です。高品質でおすすめの商品です。,2023-12-29
935,Bluetoothスピーカー 94,エレクトロニクス,DigitalLife,11479,825,Bluetoothスピーカー 94の詳細説明です。高品質でおすすめの商品です。,2023-02-06
936,タブレットスタンド 94,エレクトロニクス,TechPro,22656,344,タブレットスタンド 94の詳細説明です。高品質でおすすめの商品です。,2023-06-18
937,ワイヤレスマウス 94,エレクトロニクス,PowerUp,2803,233,ワイヤレスマウス 94の詳細説明です。高品質でおすすめの商品です。,2023-08-10
938,キーボード 94,エレクトロニクス,DigitalLife,9445,491,キーボード 94の詳細説明です。高品質でおすすめの商品です。,2023-10-09
939,モニタースタンド 94,エレクトロニクス,DigitalLife,21700,449,モニタースタンド 94の詳細説明です。高品質でおすすめの商品です。,2023-09-03
940,充電器 94,エレクトロニクス,TechPro,17674,822,充電器 94の詳細説明です。高品質でおすすめの商品です。,2023-07-18
941,ワイヤレスイヤホン 95,エレクトロニクス,PowerUp,19122,651,ワイヤレスイヤホン 95の詳細説明です。高品質でおすすめの商品です。,2023-02-20
942,スマートフォンケース 95,エレクトロニクス,SoundMax,32148,162,スマートフォンケース 95の詳細説明です。高品質でおすすめの商品です。,2023-10-07
943,モバイルバッテリー 95,エレクトロニクス,PowerUp,39354,532,モバイルバッテリー 95の詳細説明です。高品質でおすすめの商品です。,2023-12-05
944,USBケーブル 95,エレクトロニクス,DigitalLife,31089,261,USBケーブル 95の詳細説明です。高品質でおすすめの商品です。,2023-08-17
945,Bluetoothスピーカー 95,エレクトロニクス,DigitalLife,41748,439,Bluetoothスピーカー 95の詳細説明です。高品質でおすすめの商品です。,2023-07-22
946,タブレットスタンド 95,エレクトロニクス,TechPro,5639,963,タブレットスタンド 95の詳細説明です。高品質でおすすめの商品です。,2023-09-25
947,ワイヤレスマウス 95,エレクトロニクス,Connect,13036,892,ワイヤレスマウス 95の詳細説明です。高品質でおすすめの商品です。,2023-04-06
948,キーボード 95,エレクトロニクス,SoundMax,20640,660,キーボード 95の詳細説明です。高品質でおすすめの商品です。,2023-07-19
949,モニタースタンド 95,エレクトロニクス,TechPro,32121,9,モニタースタンド 95の詳細説明です。高品質でおすすめの商品です。,2023-10-29
950,充電器 95,エレクトロニクス,PowerUp,10513,517,充電器 95の詳細説明です。高品質でおすすめの商品です。,2023-04-09
951,ワイヤレスイヤホン 96,エレクトロニクス,PowerUp,10469,44,ワイヤレスイヤホン 96の詳細説明です。高品質でおすすめの商品です。,2023-07-16
952,スマートフォンケース 96,エレクトロニクス,DigitalLife,6364,510,スマートフォンケース 96の詳細説明です。高品質でおすすめの商品です。,2023-01-16
953,モバイルバッテリー 96,エレクトロニクス,TechPro,7102,583,モバイルバッテリー 96の詳細説明です。高品質でおすすめの商品です。,2023-12-05
954,USBケーブル 96,エレクトロニクス,Connect,1576,479,USBケーブル 96の詳細説明です。高品質でおすすめの商品です。,2023-07-08
955,Bluetoothスピーカー 96,エレクトロニクス,DigitalLife,1525,116,Bluetoothスピーカー 96の詳細説明です。高品質でおすすめの商品です。,2023-11-12
956,タブレットスタンド 96,エレクトロニクス,SoundMax,49437,989,タブレットスタンド 96の詳細説明です。高品質でおすすめの商品です。,2023-11-06
957,ワイヤレスマウス 96,エレクトロニクス,TechPro,24734,580,ワイヤレスマウス 96の詳細説明です。高品質でおすすめの商品です。,2023-08-06
958,キーボード 96,エレクトロニクス,Connect,25287,658,キーボード 96の詳細説明です。高品質でおすすめの商品です。,2023-07-03
959,モニタースタンド 96,エレクトロニクス,TechPro,1857,741,モニタースタンド 96の詳細説明です。高品質でおすすめの商品です。,2023-02-23
960,充電器 96,エレクトロニクス,TechPro,30120,666,充電器 96の詳細説明です。高品質でおすすめの商品です。,2023-09-29
961,ワイヤレスイヤホン 97,エレクトロニクス,DigitalLife,15671,985,ワイヤレスイヤホン 97の詳細説明です。高品質でおすすめの商品です。,2023-11-02
962,スマートフォンケース 97,エレクトロニクス,Connect,11251,90,スマートフォンケース 97の詳細説明です。高品質でおすすめの商品です。,2023-12-29
963,モバイルバッテリー 97,エレクトロニクス,PowerUp,18777,643,モバイルバッテリー 97の詳細説明です。高品質でおすすめの商品です。,2023-11-11
964,USBケーブル 97,エレクトロニクス,PowerUp,16696,341,USBケーブル 97の詳細説明です。高品質でおすすめの商品です。,2023-10-10
965,Bluetoothスピーカー 97,エレクトロニクス,SoundMax,24666,149,Bluetoothスピーカー 97の詳細説明です。高品質でおすすめの商品です。,2023-06-23
966,タブレットスタンド 97,エレクトロニクス,DigitalLife,29264,786,タブレットスタンド 97の詳細説明です。高品質でおすすめの商品です。,2023-09-30
967,ワイヤレスマウス 97,エレクトロニクス,SoundMax,40788,76,ワイヤレスマウス 97の詳細説明です。高品質でおすすめの商品です。,2023-11-13
968,キーボード 97,エレクトロニクス,TechPro,16120,490,キーボード 97の詳細説明です。高品質でおすすめの商品です。,2023-05-05
969,モニタースタンド 97,エレクトロニクス,PowerUp,25910,247,モニタースタンド 97の詳細説明です。高品質でおすすめの商品です。,2023-11-03
970,充電器 97,エレクトロニクス,TechPro,10960,548,充電器 97の詳細説明です。高品質でおすすめの商品です。,2023-01-01
971,ワイヤレスイヤホン 98,エレクトロニクス,TechPro,39438,804,ワイヤレスイヤホン 98の詳細説明です。高品質でおすすめの商品です。,2023-12-28
972,スマートフォンケース 98,エレクトロニクス,TechPro,40065,682,スマートフォンケース 98の詳細説明です。高品質でおすすめの商品です。,2023-03-18
973,モバイルバッテリー 98,エレクトロニクス,SoundMax,18537,267,モバイルバッテリー 98の詳細説明です。高品質でおすすめの商品です。,2023-02-20
974,USBケーブル 98,エレクトロニクス,TechPro,29865,255,USBケーブル 98の詳細説明です。高品質でおすすめの商品です。,2023-04-02
975,Bluetoothスピーカー 98,エレクトロニクス,DigitalLife,5973,867,Bluetoothスピーカー 98の詳細説明です。高品質でおすすめの商品です。,2023-07-14
976,タブレットスタンド 98,エレクトロニクス,TechPro,47817,407,タブレットスタンド 98の詳細説明です。高品質でおすすめの商品です。,2023-11-26
977,ワイヤレスマウス 98,エレクトロニクス,Connect,41268,685,ワイヤレスマウス 98の詳細説明です。高品質でおすすめの商品です。,2023-01-30
978,キーボード 98,エレクトロニクス,PowerUp,21337,436,キーボード 98の詳細説明です。高品質でおすすめの商品です。,2023-02-06
979,モニタースタンド 98,エレクトロニクス,TechPro,45592,300,モニタースタンド 98の詳細説明です。高品質でおすすめの商品です。,2023-06-09
980,充電器 98,エレクトロニクス,Connect,36349,936,充電器 98の詳細説明です。高品質でおすすめの商品です。,2023-08-17
981,ワイヤレスイヤホン 99,エレクトロニクス,PowerUp,25044,741,ワイヤレスイヤホン 99の詳細説明です。高品質でおすすめの商品です。,2023-02-14
982,スマートフォンケース 99,エレクトロニクス,SoundMax,48749,899,スマートフォンケース 99の詳細説明です。高品質でおすすめの商品です。,2023-09-25
983,モバイルバッテリー 99,エレクトロニクス,SoundMax,24556,615,モバイルバッテリー 99の詳細説明です。高品質でおすすめの商品です。,2023-11-15
984,USBケーブル 99,エレクトロニクス,PowerUp,43823,234,USBケーブル 99の詳細説明です。高品質でおすすめの商品です。,2023-05-29
985,Bluetoothスピーカー 99,エレクトロニクス,Connect,17493,161,Bluetoothスピーカー 99の詳細説明です。高品質でおすすめの商品です。,2023-08-26
986,タブレットスタンド 99,エレクトロニクス,Connect,10014,621,タブレットスタンド 99の詳細説明です。高品質でおすすめの商品です。,2023-11-24
987,ワイヤレスマウス 99,エレクトロニクス,PowerUp,46373,161,ワイヤレスマウス 99の詳細説明です。高品質でおすすめの商品です。,2023-11-29
988,キーボード 99,エレクトロニクス,SoundMax,22742,678,キーボード 99の詳細説明です。高品質でおすすめの商品です。,2023-03-31
989,モニタースタンド 99,エレクトロニクス,Connect,6931,54,モニタースタンド 99の詳細説明です。高品質でおすすめの商品です。,2023-11-24
990,充電器 99,エレクトロニクス,PowerUp,1198,983,充電器 99の詳細説明です。高品質でおすすめの商品です。,2023-05-22
991,ワイヤレスイヤホン 100,エレクトロニクス,PowerUp,47869,519,ワイヤレスイヤホン 100の詳細説明です。高品質でおすすめの商品です。,2023-03-24
992,スマートフォンケース 100,エレクトロニクス,SoundMax,7566,953,スマートフォンケース 100の詳細説明です。高品質でおすすめの商品です。,2023-11-09
993,モバイルバッテリー 100,エレクトロニクス,Connect,9200,283,モバイルバッテリー 100の詳細説明です。高品質でおすすめの商品です。,2023-03-16
994,USBケーブル 100,エレクトロニクス,Connect,49181,66,USBケーブル 100の詳細説明です。高品質でおすすめの商品です。,2023-11-04
995,Bluetoothスピーカー 100,エレクトロニクス,PowerUp,24139,754,Bluetoothスピーカー 100の詳細説明です。高品質でおすすめの商品です。,2023-05-05
996,タブレットスタンド 100,エレクトロニクス,Connect,18526,263,タブレットスタンド 100の詳細説明です。高品質でおすすめの商品です。,2023-09-30
997,ワイヤレスマウス 100,エレクトロニクス,DigitalLife,27742,300,ワイヤレスマウス 100の詳細説明です。高品質でおすすめの商品です。,2023-04-22
998,キーボード 100,エレクトロニクス,PowerUp,14167,97,キーボード 100の詳細説明です。高品質でおすすめの商品です。,2023-08-18
999,モニタースタンド 100,エレクトロニクス,TechPro,514,9,モニタースタンド 100の詳細説明です。高品質でおすすめの商品です。,2023-03-07
1000,充電器 100,エレクトロニクス,SoundMax,28747,494,充電器 100の詳細説明です。高品質でおすすめの商品です。,2023-07-03
1001,ワイヤレスイヤホン 101,エレクトロニクス,SoundMax,15742,531,ワイヤレスイヤホン 101の詳細説明です。高品質でおすすめの商品です。,2023-12-09
1002,スマートフォンケース 101,エレクトロニクス,PowerUp,31253,439,スマートフォンケース 101の詳細説明です。高品質でおすすめの商品です。,2023-07-03
1003,モバイルバッテリー 101,エレクトロニクス,Connect,5583,766,モバイルバッテリー 101の詳細説明です。高品質でおすすめの商品です。,2023-12-16
1004,USBケーブル 101,エレクトロニクス,DigitalLife,11124,52,USBケーブル 101の詳細説明です。高品質でおすすめの商品です。,2023-04-15
1005,Bluetoothスピーカー 101,エレクトロニクス,DigitalLife,13689,736,Bluetoothスピーカー 101の詳細説明です。高品質でおすすめの商品です。,2023-01-10
1006,タブレットスタンド 101,エレクトロニクス,Connect,9086,112,タブレットスタンド 101の詳細説明です。高品質でおすすめの商品です。,2023-09-03
1007,ワイヤレスマウス 101,エレクトロニクス,PowerUp,5107,808,ワイヤレスマウス 101の詳細説明です。高品質でおすすめの商品です。,2023-03-28
1008,キーボード 101,エレクトロニクス,TechPro,24646,355,キーボード 101の詳細説明です。高品質でおすすめの商品です。,2023-12-08
1009,モニタースタンド 101,エレクトロニクス,SoundMax,47428,1000,モニタースタンド 101の詳細説明です。高品質でおすすめの商品です。,2023-03-05
1010,充電器 101,エレクトロニクス,DigitalLife,6040,374,充電器 101の詳細説明です。高品質でおすすめの商品です。,2023-12-30
1011,ワイヤレスイヤホン 102,エレクトロニクス,DigitalLife,38362,165,ワイヤレスイヤホン 102の詳細説明です。高品質でおすすめの商品です。,2023-01-02
1012,スマートフォンケース 102,エレクトロニクス,SoundMax,20863,620,スマートフォンケース 102の詳細説明です。高品質でおすすめの商品です。,2023-11-03
1013,モバイルバッテリー 102,エレクトロニクス,PowerUp,1899,122,モバイルバッテリー 102の詳細説明です。高品質でおすすめの商品です。,2023-05-30
1014,USBケーブル 102,エレクトロニクス,SoundMax,32420,598,USBケーブル 102の詳細説明です。高品質でおすすめの商品です。,2023-04-23
1015,Bluetoothスピーカー 102,エレクトロニクス,PowerUp,20424,529,Bluetoothスピーカー 102の詳細説明です。高品質でおすすめの商品です。,2023-06-29
1016,タブレットスタンド 102,エレクトロニクス,DigitalLife,35615,821,タブレットスタンド 102の詳細説明です。高品質でおすすめの商品です。,2023-05-30
1017,ワイヤレスマウス 102,エレクトロニクス,SoundMax,47367,799,ワイヤレスマウス 102の詳細説明です。高品質でおすすめの商品です。,2023-12-08
1018,キーボード 102,エレクトロニクス,PowerUp,25594,653,キーボード 102の詳細説明です。高品質でおすすめの商品です。,2023-03-04
1019,モニタースタンド 102,エレクトロニクス,Connect,20964,779,モニタースタンド 102の詳細説明です。高品質でおすすめの商品です。,2023-07-01
1020,充電器 102,エレクトロニクス,TechPro,9324,403,充電器 102の詳細説明です。高品質でおすすめの商品です。,2023-05-28
1021,ワイヤレスイヤホン 103,エレクトロニクス,PowerUp,24735,492,ワイヤレスイヤホン 103の詳細説明です。高品質でおすすめの商品です。,2023-01-15
1022,スマートフォンケース 103,エレクトロニクス,TechPro,24312,70,スマートフォンケース 103の詳細説明です。高品質でおすすめの商品です。,2023-08-15
1023,モバイルバッテリー 103,エレクトロニクス,PowerUp,1331,107,モバイルバッテリー 103の詳細説明です。高品質でおすすめの商品です。,2023-10-19
1024,USBケーブル 103,エレクトロニクス,TechPro,34153,170,USBケーブル 103の詳細説明です。高品質でおすすめの商品です。,2023-07-16
1025,Bluetoothスピーカー 103,エレクトロニクス,PowerUp,39805,952,Bluetoothスピーカー 103の詳細説明です。高品質でおすすめの商品です。,2023-11-22
1026,タブレットスタンド 103,エレクトロニクス,Connect,40113,758,タブレットスタンド 103の詳細説明です。高品質でおすすめの商品です。,2023-09-16
1027,ワイヤレスマウス 103,エレクトロニクス,DigitalLife,28612,646,ワイヤレスマウス 103の詳細説明です。高品質でおすすめの商品です。,2023-07-14
1028,キーボード 103,エレクトロニクス,SoundMax,27868,935,キーボード 103の詳細説明です。高品質でおすすめの商品です。,2023-10-11
1029,モニタースタンド 103,エレクトロニクス,PowerUp,7122,240,モニタースタンド 103の詳細説明です。高品質でおすすめの商品です。,2023-11-18
1030,充電器 103,エレクトロニクス,PowerUp,48565,829,充電器 103の詳細説明です。高品質でおすすめの商品です。,2023-08-07
1031,ワイヤレスイヤホン 104,エレクトロニクス,Connect,32955,994,ワイヤレスイヤホン 104の詳細説明です。高品質でおすすめの商品です。,2023-03-27
1032,スマートフォンケース 104,エレクトロニクス,Connect,29852,488,スマートフォンケース 104の詳細説明です。高品質でおすすめの商品です。,2023-06-21
1033,モバイルバッテリー 104,エレクトロニクス,TechPro,47465,946,モバイルバッテリー 104の詳細説明です。高品質でおすすめの商品です。,2023-07-06
1034,USBケーブル 104,エレクトロニクス,SoundMax,13641,38,USBケーブル 104の詳細説明です。高品質でおすすめの商品です。,2023-02-19
1035,Bluetoothスピーカー 104,エレクトロニクス,Connect,39982,737,Bluetoothスピーカー 104の詳細説明です。高品質でおすすめの商品です。,2023-06-14
1036,タブレットスタンド 104,エレクトロニクス,TechPro,33134,130,タブレットスタンド 104の詳細説明です。高品質でおすすめの商品です。,2023-02-22
1037,ワイヤレスマウス 104,エレクトロニクス,Connect,33525,313,ワイヤレスマウス 104の詳細説明です。高品質でおすすめの商品です。,2023-01-28
1038,キーボード 104,エレクトロニクス,TechPro,10144,215,キーボード 104の詳細説明です。高品質でおすすめの商品です。,2023-01-30
1039,モニタースタンド 104,エレクトロニクス,SoundMax,38609,85,モニタースタンド 104の詳細説明です。高品質でおすすめの商品です。,2023-10-05
1040,充電器 104,エレクトロニクス,SoundMax,46398,946,充電器 104の詳細説明です。高品質でおすすめの商品です。,2023-03-10
1041,ワイヤレスイヤホン 105,エレクトロニクス,DigitalLife,10990,155,ワイヤレスイヤホン 105の詳細説明です。高品質でおすすめの商品です。,2023-11-14
1042,スマートフォンケース 105,エレクトロニクス,DigitalLife,8439,72,スマートフォンケース 105の詳細説明です。高品質でおすすめの商品です。,2023-09-16
1043,モバイルバッテリー 105,エレクトロニクス,TechPro,39185,358,モバイルバッテリー 105の詳細説明です。高品質でおすすめの商品です。,2023-07-17
1044,USBケーブル 105,エレクトロニクス,TechPro,46621,86,USBケーブル 105の詳細説明です。高品質でおすすめの商品です。,2023-11-01
1045,Bluetoothスピーカー 105,エレクトロニクス,Connect,30131,332,Bluetoothスピーカー 105の詳細説明です。高品質でおすすめの商品です。,2023-10-01
1046,タブレットスタンド 105,エレクトロニクス,SoundMax,43034,168,タブレットスタンド 105の詳細説明です。高品質でおすすめの商品です。,2023-05-28
1047,ワイヤレスマウス 105,エレクトロニクス,PowerUp,27249,917,ワイヤレスマウス 105の詳細説明です。高品質でおすすめの商品です。,2023-10-20
1048,キーボード 105,エレクトロニクス,Connect,12703,646,キーボード 105の詳細説明です。高品質でおすすめの商品です。,2023-05-12
1049,モニタースタンド 105,エレクトロニクス,SoundMax,33409,616,モニタースタンド 105の詳細説明です。高品質でおすすめの商品です。,2023-02-20
1050,充電器 105,エレクトロニクス,TechPro,35747,215,充電器 105の詳細説明です。高品質でおすすめの商品です。,2023-03-31
1051,ワイヤレスイヤホン 106,エレクトロニクス,Connect,37286,864,ワイヤレスイヤホン 106の詳細説明です。高品質でおすすめの商品です。,2023-04-26
1052,スマートフォンケース 106,エレクトロニクス,PowerUp,24627,178,スマートフォンケース 106の詳細説明です。高品質でおすすめの商品です。,2023-12-13
1053,モバイルバッテリー 106,エレクトロニクス,PowerUp,32995,949,モバイルバッテリー 106の詳細説明です。高品質でおすすめの商品です。,2023-07-05
1054,USBケーブル 106,エレクトロニクス,TechPro,1689,487,USBケーブル 106の詳細説明です。高品質でおすすめの商品です。,2023-05-02
1055,Bluetoothスピーカー 106,エレクトロニクス,DigitalLife,16228,656,Bluetoothスピーカー 106の詳細説明です。高品質でおすすめの商品です。,2023-05-11
1056,タブレットスタンド 106,エレクトロニクス,DigitalLife,8524,868,タブレットスタンド 106の詳細説明です。高品質でおすすめの商品です。,2023-10-02
1057,ワイヤレスマウス 106,エレクトロニクス,PowerUp,48236,704,ワイヤレスマウス 106の詳細説明です。高品質でおすすめの商品です。,2023-11-07
1058,キーボード 106,エレクトロニクス,DigitalLife,18678,766,キーボード 106の詳細説明です。高品質でおすすめの商品です。,2023-08-12
1059,モニタースタンド 106,エレクトロニクス,Connect,10099,507,モニタースタンド 106の詳細説明です。高品質でおすすめの商品です。,2023-10-10
1060,充電器 106,エレクトロニクス,TechPro,46339,570,充電器 106の詳細説明です。高品質でおすすめの商品です。,2023-10-08
1061,ワイヤレスイヤホン 107,エレクトロニクス,Connect,31748,88,ワイヤレスイヤホン 107の詳細説明です。高品質でおすすめの商品です。,2023-01-08
1062,スマートフォンケース 107,エレクトロニクス,SoundMax,23469,683,スマートフォンケース 107の詳細説明です。高品質でおすすめの商品です。,2023-07-20
1063,モバイルバッテリー 107,エレクトロニクス,SoundMax,20602,637,モバイルバッテリー 107の詳細説明です。高品質でおすすめの商品です。,2023-02-19
1064,USBケーブル 107,エレクトロニクス,SoundMax,48803,870,USBケーブル 107の詳細説明です。高品質でおすすめの商品です。,2023-06-08
1065,Bluetoothスピーカー 107,エレクトロニクス,PowerUp,20647,305,Bluetoothスピーカー 107の詳細説明です。高品質でおすすめの商品です。,2023-01-25
1066,タブレットスタンド 107,エレクトロニクス,SoundMax,7886,375,タブレットスタンド 107の詳細説明です。高品質でおすすめの商品です。,2023-11-20
1067,ワイヤレスマウス 107,エレクトロニクス,SoundMax,21746,354,ワイヤレスマウス 107の詳細説明です。高品質でおすすめの商品です。,2023-07-27
1068,キーボード 107,エレクトロニクス,Connect,27358,446,キーボード 107の詳細説明です。高品質でおすすめの商品です。,2023-04-11
1069,モニタースタンド 107,エレクトロニクス,PowerUp,19427,213,モニタースタンド 107の詳細説明です。高品質でおすすめの商品です。,2023-08-14
1070,充電器 107,エレクトロニクス,SoundMax,23647,44,充電器 107の詳細説明です。高品質でおすすめの商品です。,2023-03-29
1071,ワイヤレスイヤホン 108,エレクトロニクス,PowerUp,12456,223,ワイヤレスイヤホン 108の詳細説明です。高品質でおすすめの商品です。,2023-01-19
1072,スマートフォンケース 108,エレクトロニクス,DigitalLife,11735,986,スマートフォンケース 108の詳細説明です。高品質でおすすめの商品です。,2023-06-15
1073,モバイルバッテリー 108,エレクトロニクス,PowerUp,39267,5,モバイルバッテリー 108の詳細説明です。高品質でおすすめの商品です。,2023-10-03
1074,USBケーブル 108,エレクトロニクス,DigitalLife,2550,559,USBケーブル 108の詳細説明です。高品質でおすすめの商品です。,2023-05-26
1075,Bluetoothスピーカー 108,エレクトロニクス,TechPro,44390,301,Bluetoothスピーカー 108の詳細説明です。高品質でおすすめの商品です。,2023-07-03
1076,タブレットスタンド 108,エレクトロニクス,PowerUp,29067,128,タブレットスタンド 108の詳細説明です。高品質でおすすめの商品です。,2023-02-06
1077,ワイヤレスマウス 108,エレクトロニクス,Connect,41808,518,ワイヤレスマウス 108の詳細説明です。高品質でおすすめの商品です。,2023-02-27
1078,キーボード 108,エレクトロニクス,Connect,34481,389,キーボード 108の詳細説明です。高品質でおすすめの商品です。,2023-08-11
1079,モニタースタンド 108,エレクトロニクス,PowerUp,45542,322,モニタースタンド 108の詳細説明です。高品質でおすすめの商品です。,2023-10-24
1080,充電器 108,エレクトロニクス,Connect,21184,687,充電器 108の詳細説明です。高品質でおすすめの商品です。,2023-06-13
1081,ワイヤレスイヤホン 109,エレクトロニクス,PowerUp,15896,144,ワイヤレスイヤホン 109の詳細説明です。高品質でおすすめの商品です。,2023-11-29
1082,スマートフォンケース 109,エレクトロニクス,TechPro,10106,443,スマートフォンケース 109の詳細説明です。高品質でおすすめの商品です。,2023-02-08
1083,モバイルバッテリー 109,エレクトロニクス,PowerUp,16146,1000,モバイルバッテリー 109の詳細説明です。高品質でおすすめの商品です。,2023-11-30
1084,USBケーブル 109,エレクトロニクス,DigitalLife,23606,748,USBケーブル 109の詳細説明です。高品質でおすすめの商品です。,2023-02-20
1085,Bluetoothスピーカー 109,エレクトロニクス,TechPro,25433,593,Bluetoothスピーカー 109の詳細説明です。高品質でおすすめの商品です。,2023-01-02
1086,タブレットスタンド 109,エレクトロニクス,Connect,44050,504,タブレットスタンド 109の詳細説明です。高品質でおすすめの商品です。,2023-10-06
1087,ワイヤレスマウス 109,エレクトロニクス,TechPro,21127,242,ワイヤレスマウス 109の詳細説明です。高品質でおすすめの商品です。,2023-02-08
1088,キーボード 109,エレクトロニクス,Connect,38637,422,キーボード 109の詳細説明です。高品質でおすすめの商品です。,2023-06-15
1089,モニタースタンド 109,エレクトロニクス,PowerUp,10653,607,モニタースタンド 109の詳細説明です。高品質でおすすめの商品です。,2023-02-23
1090,充電器 109,エレクトロニクス,TechPro,29435,406,充電器 109の詳細説明です。高品質でおすすめの商品です。,2023-05-14
1091,ワイヤレスイヤホン 110,エレクトロニクス,PowerUp,2085,608,ワイヤレスイヤホン 110の詳細説明です。高品質でおすすめの商品です。,2023-12-27
1092,スマートフォンケース 110,エレクトロニクス,DigitalLife,46842,578,スマートフォンケース 110の詳細説明です。高品質でおすすめの商品です。,2023-07-21
1093,モバイルバッテリー 110,エレクトロニクス,PowerUp,10424,975,モバイルバッテリー 110の詳細説明です。高品質でおすすめの商品です。,2023-10-31
1094,USBケーブル 110,エレクトロニクス,SoundMax,25980,564,USBケーブル 110の詳細説明です。高品質でおすすめの商品です。,2023-01-12
1095,Bluetoothスピーカー 110,エレクトロニクス,PowerUp,19380,822,Bluetoothスピーカー 110の詳細説明です。高品質でおすすめの商品です。,2023-04-03
1096,タブレットスタンド 110,エレクトロニクス,PowerUp,38926,250,タブレットスタンド 110の詳細説明です。高品質でおすすめの商品です。,2023-11-14
1097,ワイヤレスマウス 110,エレクトロニクス,Connect,40190,751,ワイヤレスマウス 110の詳細説明です。高品質でおすすめの商品です。,2023-04-05
1098,キーボード 110,エレクトロニクス,PowerUp,10463,906,キーボード 110の詳細説明です。高品質でおすすめの商品です。,2023-01-29
1099,モニタースタンド 110,エレクトロニクス,DigitalLife,2019,33,モニタースタンド 110の詳細説明です。高品質でおすすめの商品です。,2023-05-23
1100,充電器 110,エレクトロニクス,TechPro,30220,162,充電器 110の詳細説明です。高品質でおすすめの商品です。,2023-07-21
1101,ワイヤレスイヤホン 111,エレクトロニクス,Connect,40827,346,ワイヤレスイヤホン 111の詳細説明です。高品質でおすすめの商品です。,2023-11-28
1102,スマートフォンケース 111,エレクトロニクス,PowerUp,39859,359,スマートフォンケース 111の詳細説明です。高品質でおすすめの商品です。,2023-06-06
1103,モバイルバッテリー 111,エレクトロニクス,DigitalLife,28213,233,モバイルバッテリー 111の詳細説明です。高品質でおすすめの商品です。,2023-05-16
1104,USBケーブル 111,エレクトロニクス,Connect,8141,184,USBケーブル 111の詳細説明です。高品質でおすすめの商品です。,2023-08-08
1105,Bluetoothスピーカー 111,エレクトロニクス,PowerUp,12059,115,Bluetoothスピーカー 111の詳細説明です。高品質でおすすめの商品です。,2023-11-24
1106,タブレットスタンド 111,エレクトロニクス,PowerUp,39290,294,タブレットスタンド 111の詳細説明です。高品質でおすすめの商品です。,2024-01-01
1107,ワイヤレスマウス 111,エレクトロニクス,Connect,12149,348,ワイヤレスマウス 111の詳細説明です。高品質でおすすめの商品です。,2023-07-22
1108,キーボード 111,エレクトロニクス,DigitalLife,43328,920,キーボード 111の詳細説明です。高品質でおすすめの商品です。,2023-05-25
1109,モニタースタンド 111,エレクトロニクス,Connect,4097,442,モニタースタンド 111の詳細説明です。高品質でおすすめの商品です。,2023-06-08
1110,充電器 111,エレクトロニクス,Connect,23639,312,充電器 111の詳細説明です。高品質でおすすめの商品です。,2023-08-11
1111,ワイヤレスイヤホン 112,エレクトロニクス,TechPro,18867,16,ワイヤレスイヤホン 112の詳細説明です。高品質でおすすめの商品です。,2023-11-19
1112,スマートフォンケース 112,エレクトロニクス,Connect,28927,512,スマートフォンケース 112の詳細説明です。高品質でおすすめの商品です。,2023-05-04
1113,モバイルバッテリー 112,エレクトロニクス,DigitalLife,39447,537,モバイルバッテリー 112の詳細説明です。高品質でおすすめの商品です。,2023-10-05
1114,USBケーブル 112,エレクトロニクス,SoundMax,37588,875,USBケーブル 112の詳細説明です。高品質でおすすめの商品です。,2023-08-23
1115,Bluetoothスピーカー 112,エレクトロニクス,SoundMax,48921,456,Bluetoothスピーカー 112の詳細説明です。高品質でおすすめの商品です。,2023-02-28
1116,タブレットスタンド 112,エレクトロニクス,SoundMax,6703,951,タブレットスタンド 112の詳細説明です。高品質でおすすめの商品です。,2023-12-30
1117,ワイヤレスマウス 112,エレクトロニクス,TechPro,18406,389,ワイヤレスマウス 112の詳細説明です。高品質でおすすめの商品です。,2023-02-28
1118,キーボード 112,エレクトロニクス,DigitalLife,41631,136,キーボード 112の詳細説明です。高品質でおすすめの商品です。,2023-06-01
1119,モニタースタンド 112,エレクトロニクス,Connect,31115,4,モニタースタンド 112の詳細説明です。高品質でおすすめの商品です。,2023-11-09
1120,充電器 112,エレクトロニクス,PowerUp,32827,3,充電器 112の詳細説明です。高品質でおすすめの商品です。,2023-05-17
1121,ワイヤレスイヤホン 113,エレクトロニクス,PowerUp,17981,158,ワイヤレスイヤホン 113の詳細説明です。高品質でおすすめの商品です。,2023-08-30
1122,スマートフォンケース 113,エレクトロニクス,Connect,40282,643,スマートフォンケース 113の詳細説明です。高品質でおすすめの商品です。,2023-02-07
1123,モバイルバッテリー 113,エレクトロニクス,SoundMax,31829,547,モバイルバッテリー 113の詳細説明です。高品質でおすすめの商品です。,2023-01-16
1124,USBケーブル 113,エレクトロニクス,Connect,5693,169,USBケーブル 113の詳細説明です。高品質でおすすめの商品です。,2023-08-14
1125,Bluetoothスピーカー 113,エレクトロニクス,SoundMax,26412,714,Bluetoothスピーカー 113の詳細説明です。高品質でおすすめの商品です。,2023-06-11
1126,タブレットスタンド 113,エレクトロニクス,DigitalLife,20730,231,タブレットスタンド 113の詳細説明です。高品質でおすすめの商品です。,2023-02-24
1127,ワイヤレスマウス 113,エレクトロニクス,DigitalLife,8355,310,ワイヤレスマウス 113の詳細説明です。高品質でおすすめの商品です。,2023-11-19
1128,キーボード 113,エレクトロニクス,PowerUp,9571,618,キーボード 113の詳細説明です。高品質でおすすめの商品です。,2023-06-26
1129,モニタースタンド 113,エレクトロニクス,DigitalLife,27299,623,モニタースタンド 113の詳細説明です。高品質でおすすめの商品です。,2023-12-13
1130,充電器 113,エレクトロニクス,PowerUp,1683,255,充電器 113の詳細説明です。高品質でおすすめの商品です。,2023-08-27
1131,ワイヤレスイヤホン 114,エレクトロニクス,SoundMax,12778,533,ワイヤレスイヤホン 114の詳細説明です。高品質でおすすめの商品です。,2023-10-12
1132,スマートフォンケース 114,エレクトロニクス,PowerUp,22974,923,スマートフォンケース 114の詳細説明です。高品質でおすすめの商品です。,2023-03-04
1133,モバイルバッテリー 114,エレクトロニクス,TechPro,23117,112,モバイルバッテリー 114の詳細説明です。高品質でおすすめの商品です。,2023-12-24
1134,USBケーブル 114,エレクトロニクス,Connect,45403,576,USBケーブル 114の詳細説明です。高品質でおすすめの商品です。,2023-06-18
1135,Bluetoothスピーカー 114,エレクトロニクス,PowerUp,31965,99,Bluetoothスピーカー 114の詳細説明です。高品質でおすすめの商品です。,2023-01-22
1136,タブレットスタンド 114,エレクトロニクス,TechPro,29908,569,タブレットスタンド 114の詳細説明です。高品質でおすすめの商品です。,2023-10-29
1137,ワイヤレスマウス 114,エレクトロニクス,DigitalLife,7903,655,ワイヤレスマウス 114の詳細説明です。高品質でおすすめの商品です。,2023-05-02
1138,キーボード 114,エレクトロニクス,TechPro,31048,897,キーボード 114の詳細説明です。高品質でおすすめの商品です。,2023-09-24
1139,モニタースタンド 114,エレクトロニクス,Connect,28492,811,モニタースタンド 114の詳細説明です。高品質でおすすめの商品です。,2023-02-16
1140,充電器 114,エレクトロニクス,DigitalLife,36408,528,充電器 114の詳細説明です。高品質でおすすめの商品です。,2023-05-11
1141,ワイヤレスイヤホン 115,エレクトロニクス,PowerUp,13432,227,ワイヤレスイヤホン 115の詳細説明です。高品質でおすすめの商品です。,2023-04-10
1142,スマートフォンケース 115,エレクトロニクス,DigitalLife,29174,694,スマートフォンケース 115の詳細説明です。高品質でおすすめの商品です。,2023-05-07
1143,モバイルバッテリー 115,エレクトロニクス,PowerUp,34822,989,モバイルバッテリー 115の詳細説明です。高品質でおすすめの商品です。,2023-12-26
1144,USBケーブル 115,エレクトロニクス,DigitalLife,27315,993,USBケーブル 115の詳細説明です。高品質でおすすめの商品です。,2023-01-03
1145,Bluetoothスピーカー 115,エレクトロニクス,SoundMax,47638,502,Bluetoothスピーカー 115の詳細説明です。高品質でおすすめの商品です。,2023-04-02
1146,タブレットスタンド 115,エレクトロニクス,SoundMax,20923,964,タブレットスタンド 115の詳細説明です。高品質でおすすめの商品です。,2023-01-06
1147,ワイヤレスマウス 115,エレクトロニクス,TechPro,25668,67,ワイヤレスマウス 115の詳細説明です。高品質でおすすめの商品です。,2023-09-23
1148,キーボード 115,エレクトロニクス,PowerUp,42946,422,キーボード 115の詳細説明です。高品質でおすすめの商品です。,2023-11-26
1149,モニタースタンド 115,エレクトロニクス,TechPro,16804,893,モニタースタンド 115の詳細説明です。高品質でおすすめの商品です。,2023-03-18
1150,充電器 115,エレクトロニクス,SoundMax,49387,766,充電器 115の詳細説明です。高品質でおすすめの商品です。,2023-03-17
1151,ワイヤレスイヤホン 116,エレクトロニクス,Connect,31546,858,ワイヤレスイヤホン 116の詳細説明です。高品質でおすすめの商品です。,2023-02-18
1152,スマートフォンケース 116,エレクトロニクス,TechPro,11077,657,スマートフォンケース 116の詳細説明です。高品質でおすすめの商品です。,2023-05-06
1153,モバイルバッテリー 116,エレクトロニクス,SoundMax,2715,305,モバイルバッテリー 116の詳細説明です。高品質でおすすめの商品です。,2023-01-27
1154,USBケーブル 116,エレクトロニクス,PowerUp,46443,616,USBケーブル 116の詳細説明です。高品質でおすすめの商品です。,2023-07-05
1155,Bluetoothスピーカー 116,エレクトロニクス,SoundMax,43291,400,Bluetoothスピーカー 116の詳細説明です。高品質でおすすめの商品です。,2023-04-05
1156,タブレットスタンド 116,エレクトロニクス,PowerUp,38491,552,タブレットスタンド 116の詳細説明です。高品質でおすすめの商品です。,2023-05-09
1157,ワイヤレスマウス 116,エレクトロニクス,DigitalLife,11642,939,ワイヤレスマウス 116の詳細説明です。高品質でおすすめの商品です。,2023-08-26
1158,キーボード 116,エレクトロニクス,Connect,29937,865,キーボード 116の詳細説明です。高品質でおすすめの商品です。,2023-10-21
1159,モニタースタンド 116,エレクトロニクス,PowerUp,15062,882,モニタースタンド 116の詳細説明です。高品質でおすすめの商品です。,2023-04-22
1160,充電器 116,エレクトロニクス,TechPro,25350,425,充電器 116の詳細説明です。高品質でおすすめの商品です。,2023-10-08
1161,ワイヤレスイヤホン 117,エレクトロニクス,PowerUp,19404,498,ワイヤレスイヤホン 117の詳細説明です。高品質でおすすめの商品です。,2023-01-10
1162,スマートフォンケース 117,エレクトロニクス,Connect,18782,66,スマートフォンケース 117の詳細説明です。高品質でおすすめの商品です。,2023-07-18
1163,モバイルバッテリー 117,エレクトロニクス,PowerUp,14534,658,モバイルバッテリー 117の詳細説明です。高品質でおすすめの商品です。,2023-06-11
1164,USBケーブル 117,エレクトロニクス,DigitalLife,704,878,USBケーブル 117の詳細説明です。高品質でおすすめの商品です。,2023-11-10
1165,Bluetoothスピーカー 117,エレクトロニクス,DigitalLife,45738,384,Bluetoothスピーカー 117の詳細説明です。高品質でおすすめの商品です。,2023-07-24
1166,タブレットスタンド 117,エレクトロニクス,PowerUp,39379,968,タブレットスタンド 117の詳細説明です。高品質でおすすめの商品です。,2023-12-14
1167,ワイヤレスマウス 117,エレクトロニクス,SoundMax,17237,694,ワイヤレスマウス 117の詳細説明です。高品質でおすすめの商品です。,2023-04-06
1168,キーボード 117,エレクトロニクス,SoundMax,31344,840,キーボード 117の詳細説明です。高品質でおすすめの商品です。,2023-03-13
1169,モニタースタンド 117,エレクトロニクス,SoundMax,10763,471,モニタースタンド 117の詳細説明です。高品質でおすすめの商品です。,2023-03-23
1170,充電器 117,エレクトロニクス,SoundMax,16007,790,充電器 117の詳細説明です。高品質でおすすめの商品です。,2023-12-06
1171,ワイヤレスイヤホン 118,エレクトロニクス,TechPro,38783,83,ワイヤレスイヤホン 118の詳細説明です。高品質でおすすめの商品です。,2023-12-05
1172,スマートフォンケース 118,エレクトロニクス,SoundMax,3534,366,スマートフォンケース 118の詳細説明です。高品質でおすすめの商品です。,2023-02-19
1173,モバイルバッテリー 118,エレクトロニクス,Connect,41988,952,モバイルバッテリー 118の詳細説明です。高品質でおすすめの商品です。,2023-07-26
1174,USBケーブル 118,エレクトロニクス,TechPro,38230,661,USBケーブル 118の詳細説明です。高品質でおすすめの商品です。,2023-02-26
1175,Bluetoothスピーカー 118,エレクトロニクス,PowerUp,41666,812,Bluetoothスピーカー 118の詳細説明です。高品質でおすすめの商品です。,2023-03-21
1176,タブレットスタンド 118,エレクトロニクス,SoundMax,37953,220,タブレットスタンド 118の詳細説明です。高品質でおすすめの商品です。,2023-11-02
1177,ワイヤレスマウス 118,エレクトロニクス,PowerUp,12135,242,ワイヤレスマウス 118の詳細説明です。高品質でおすすめの商品です。,2023-10-01
1178,キーボード 118,エレクトロニクス,SoundMax,42467,73,キーボード 118の詳細説明です。高品質でおすすめの商品です。,2023-10-16
1179,モニタースタンド 118,エレクトロニクス,DigitalLife,12773,85,モニタースタンド 118の詳細説明です。高品質でおすすめの商品です。,2023-01-26
1180,充電器 118,エレクトロニクス,TechPro,8781,463,充電器 118の詳細説明です。高品質でおすすめの商品です。,2023-11-09
1181,ワイヤレスイヤホン 119,エレクトロニクス,PowerUp,33299,300,ワイヤレスイヤホン 119の詳細説明です。高品質でおすすめの商品です。,2023-08-26
1182,スマートフォンケース 119,エレクトロニクス,DigitalLife,25613,700,スマートフォンケース 119の詳細説明です。高品質でおすすめの商品です。,2023-04-12
1183,モバイルバッテリー 119,エレクトロニクス,PowerUp,26778,848,モバイルバッテリー 119の詳細説明です。高品質でおすすめの商品です。,2023-12-08
1184,USBケーブル 119,エレクトロニクス,Connect,32533,788,USBケーブル 119の詳細説明です。高品質でおすすめの商品です。,2023-07-18
1185,Bluetoothスピーカー 119,エレクトロニクス,TechPro,20808,870,Bluetoothスピーカー 119の詳細説明です。高品質でおすすめの商品です。,2023-12-28
1186,タブレットスタンド 119,エレクトロニクス,DigitalLife,35904,344,タブレットスタンド 119の詳細説明です。高品質でおすすめの商品です。,2023-07-30
1187,ワイヤレスマウス 119,エレクトロニクス,SoundMax,35136,124,ワイヤレスマウス 119の詳細説明です。高品質でおすすめの商品です。,2023-10-01
1188,キーボード 119,エレクトロニクス,DigitalLife,15934,540,キーボード 119の詳細説明です。高品質でおすすめの商品です。,2023-05-05
1189,モニタースタンド 119,エレクトロニクス,PowerUp,20279,322,モニタースタンド 119の詳細説明です。高品質でおすすめの商品です。,2023-07-14
1190,充電器 119,エレクトロニクス,SoundMax,24685,954,充電器 119の詳細説明です。高品質でおすすめの商品です。,2023-04-27
1191,ワイヤレスイヤホン 120,エレクトロニクス,Connect,36647,616,ワイヤレスイヤホン 120の詳細説明です。高品質でおすすめの商品です。,2023-07-30
1192,スマートフォンケース 120,エレクトロニクス,SoundMax,38064,323,スマートフォンケース 120の詳細説明です。高品質でおすすめの商品です。,2023-05-15
1193,モバイルバッテリー 120,エレクトロニクス,PowerUp,14530,571,モバイルバッテリー 120の詳細説明です。高品質でおすすめの商品です。,2023-05-16
1194,USBケーブル 120,エレクトロニクス,Connect,16871,540,USBケーブル 120の詳細説明です。高品質でおすすめの商品です。,2023-08-18
1195,Bluetoothスピーカー 120,エレクトロニクス,TechPro,19229,233,Bluetoothスピーカー 120の詳細説明です。高品質でおすすめの商品です。,2023-05-13
1196,タブレットスタンド 120,エレクトロニクス,SoundMax,42707,841,タブレットスタンド 120の詳細説明です。高品質でおすすめの商品です。,2023-05-14
1197,ワイヤレスマウス 120,エレクトロニクス,DigitalLife,33786,2,ワイヤレスマウス 120の詳細説明です。高品質でおすすめの商品です。,2023-02-10
1198,キーボード 120,エレクトロニクス,TechPro,14553,11,キーボード 120の詳細説明です。高品質でおすすめの商品です。,2023-09-08
1199,モニタースタンド 120,エレクトロニクス,DigitalLife,31520,67,モニタースタンド 120の詳細説明です。高品質でおすすめの商品です。,2023-08-13
1200,充電器 120,エレクトロニクス,PowerUp,14916,421,充電器 120の詳細説明です。高品質でおすすめの商品です。,2023-07-28
1201,ワイヤレスイヤホン 121,エレクトロニクス,TechPro,12452,363,ワイヤレスイヤホン 121の詳細説明です。高品質でおすすめの商品です。,2023-12-10
1202,スマートフォンケース 121,エレクトロニクス,SoundMax,40462,679,スマートフォンケース 121の詳細説明です。高品質でおすすめの商品です。,2023-08-15
1203,モバイルバッテリー 121,エレクトロニクス,Connect,13081,427,モバイルバッテリー 121の詳細説明です。高品質でおすすめの商品です。,2023-07-03
1204,USBケーブル 121,エレクトロニクス,Connect,6322,490,USBケーブル 121の詳細説明です。高品質でおすすめの商品です。,2023-05-26
1205,Bluetoothスピーカー 121,エレクトロニクス,SoundMax,7803,42,Bluetoothスピーカー 121の詳細説明です。高品質でおすすめの商品です。,2023-03-02
1206,タブレットスタンド 121,エレクトロニクス,SoundMax,7964,544,タブレットスタンド 121の詳細説明です。高品質でおすすめの商品です。,2023-02-18
1207,ワイヤレスマウス 121,エレクトロニクス,SoundMax,16803,365,ワイヤレスマウス 121の詳細説明です。高品質でおすすめの商品です。,2023-11-25
1208,キーボード 121,エレクトロニクス,SoundMax,43174,947,キーボード 121の詳細説明です。高品質でおすすめの商品です。,2023-03-18
1209,モニタースタンド 121,エレクトロニクス,TechPro,23304,932,モニタースタンド 121の詳細説明です。高品質でおすすめの商品です。,2023-08-10
1210,充電器 121,エレクトロニクス,Connect,17798,68,充電器 121の詳細説明です。高品質でおすすめの商品です。,2023-12-07
1211,ワイヤレスイヤホン 122,エレクトロニクス,DigitalLife,45771,589,ワイヤレスイヤホン 122の詳細説明です。高品質でおすすめの商品です。,2023-10-26
1212,スマートフォンケース 122,エレクトロニクス,PowerUp,4432,492,スマートフォンケース 122の詳細説明です。高品質でおすすめの商品です。,2023-10-28
1213,モバイルバッテリー 122,エレクトロニクス,TechPro,48919,788,モバイルバッテリー 122の詳細説明です。高品質でおすすめの商品です。,2023-07-25
1214,USBケーブル 122,エレクトロニクス,SoundMax,33917,49,USBケーブル 122の詳細説明です。高品質でおすすめの商品です。,2023-11-06
1215,Bluetoothスピーカー 122,エレクトロニクス,SoundMax,18391,549,Bluetoothスピーカー 122の詳細説明です。高品質でおすすめの商品です。,2023-03-01
1216,タブレットスタンド 122,エレクトロニクス,Connect,5666,704,タブレットスタンド 122の詳細説明です。高品質でおすすめの商品です。,2023-08-06
1217,ワイヤレスマウス 122,エレクトロニクス,Connect,797,51,ワイヤレスマウス 122の詳細説明です。高品質でおすすめの商品です。,2023-08-24
1218,キーボード 122,エレクトロニクス,PowerUp,22536,232,キーボード 122の詳細説明です。高品質でおすすめの商品です。,2023-08-08
1219,モニタースタンド 122,エレクトロニクス,DigitalLife,40372,575,モニタースタンド 122の詳細説明です。高品質でおすすめの商品です。,2023-12-23
1220,充電器 122,エレクトロニクス,TechPro,24883,460,充電器 122の詳細説明です。高品質でおすすめの商品です。,2023-02-21
1221,ワイヤレスイヤホン 123,エレクトロニクス,DigitalLife,20188,106,ワイヤレスイヤホン 123の詳細説明です。高品質でおすすめの商品です。,2023-11-15
1222,スマートフォンケース 123,エレクトロニクス,Connect,45451,317,スマートフォンケース 123の詳細説明です。高品質でおすすめの商品です。,2023-01-02
1223,モバイルバッテリー 123,エレクトロニクス,PowerUp,7616,824,モバイルバッテリー 123の詳細説明です。高品質でおすすめの商品です。,2023-03-13
1224,USBケーブル 123,エレクトロニクス,SoundMax,19292,408,USBケーブル 123の詳細説明です。高品質でおすすめの商品です。,2023-12-25
1225,Bluetoothスピーカー 123,エレクトロニクス,SoundMax,37276,527,Bluetoothスピーカー 123の詳細説明です。高品質でおすすめの商品です。,2023-07-14
1226,タブレットスタンド 123,エレクトロニクス,Connect,47859,245,タブレットスタンド 123の詳細説明です。高品質でおすすめの商品です。,2023-03-31
1227,ワイヤレスマウス 123,エレクトロニクス,DigitalLife,14068,326,ワイヤレスマウス 123の詳細説明です。高品質でおすすめの商品です。,2023-09-04
1228,キーボード 123,エレクトロニクス,DigitalLife,19956,203,キーボード 123の詳細説明です。高品質でおすすめの商品です。,2023-04-06
1229,モニタースタンド 123,エレクトロニクス,Connect,18612,14,モニタースタンド 123の詳細説明です。高品質でおすすめの商品です。,2023-06-28
1230,充電器 123,エレクトロニクス,DigitalLife,24647,119,充電器 123の詳細説明です。高品質でおすすめの商品です。,2023-09-20
1231,ワイヤレスイヤホン 124,エレクトロニクス,DigitalLife,10536,837,ワイヤレスイヤホン 124の詳細説明です。高品質でおすすめの商品です。,2023-06-05
1232,スマートフォンケース 124,エレクトロニクス,PowerUp,35203,75,スマートフォンケース 124の詳細説明です。高品質でおすすめの商品です。,2023-09-01
1233,モバイルバッテリー 124,エレクトロニクス,Connect,38949,768,モバイルバッテリー 124の詳細説明です。高品質でおすすめの商品です。,2023-05-12
1234,USBケーブル 124,エレクトロニクス,Connect,39351,195,USBケーブル 124の詳細説明です。高品質でおすすめの商品です。,2023-04-12
1235,Bluetoothスピーカー 124,エレクトロニクス,DigitalLife,43944,103,Bluetoothスピーカー 124の詳細説明です。高品質でおすすめの商品です。,2023-09-22
1236,タブレットスタンド 124,エレクトロニクス,Connect,19425,431,タブレットスタンド 124の詳細説明です。高品質でおすすめの商品です。,2023-04-04
1237,ワイヤレスマウス 124,エレクトロニクス,TechPro,30915,543,ワイヤレスマウス 124の詳細説明です。高品質でおすすめの商品です。,2023-02-14
1238,キーボード 124,エレクトロニクス,SoundMax,26724,556,キーボード 124の詳細説明です。高品質でおすすめの商品です。,2023-05-17
1239,モニタースタンド 124,エレクトロニクス,PowerUp,41208,882,モニタースタンド 124の詳細説明です。高品質でおすすめの商品です。,2023-11-25
1240,充電器 124,エレクトロニクス,PowerUp,47630,107,充電器 124の詳細説明です。高品質でおすすめの商品です。,2023-01-14
1241,ワイヤレスイヤホン 125,エレクトロニクス,PowerUp,12613,623,ワイヤレスイヤホン 125の詳細説明です。高品質でおすすめの商品です。,2023-04-16
1242,スマートフォンケース 125,エレクトロニクス,TechPro,20128,34,スマートフォンケース 125の詳細説明です。高品質でおすすめの商品です。,2023-09-12
1243,モバイルバッテリー 125,エレクトロニクス,Connect,44884,372,モバイルバッテリー 125の詳細説明です。高品質でおすすめの商品です。,2023-12-15
1244,USBケーブル 125,エレクトロニクス,SoundMax,30310,760,USBケーブル 125の詳細説明です。高品質でおすすめの商品です。,2023-03-09
1245,Bluetoothスピーカー 125,エレクトロニクス,Connect,2265,665,Bluetoothスピーカー 125の詳細説明です。高品質でおすすめの商品です。,2023-11-09
1246,タブレットスタンド 125,エレクトロニクス,SoundMax,11214,576,タブレットスタンド 125の詳細説明です。高品質でおすすめの商品です。,2023-12-11
1247,ワイヤレスマウス 125,エレクトロニクス,TechPro,26086,648,ワイヤレスマウス 125の詳細説明です。高品質でおすすめの商品です。,2023-10-28
1248,キーボード 125,エレクトロニクス,TechPro,17909,452,キーボード 125の詳細説明です。高品質でおすすめの商品です。,2023-09-27
1249,モニタースタンド 125,エレクトロニクス,TechPro,23381,121,モニタースタンド 125の詳細説明です。高品質でおすすめの商品です。,2023-06-06
1250,充電器 125,エレクトロニクス,DigitalLife,5269,977,充電器 125の詳細説明です。高品質でおすすめの商品です。,2023-04-02
1251,コットンTシャツ,ファッション,Modern,46108,934,コットンTシャツの詳細説明です。高品質でおすすめの商品です。,2023-04-04
1252,デニムジーンズ,ファッション,UrbanWear,13946,275,デニムジーンズの詳細説明です。高品質でおすすめの商品です。,2023-05-26
1253,スニーカー,ファッション,StyleCo,3231,192,スニーカーの詳細説明です。高品質でおすすめの商品です。,2023-02-22
1254,レザージャケット,ファッション,Modern,13882,382,レザージャケットの詳細説明です。高品質でおすすめの商品です。,2023-01-09
1255,ウールコート,ファッション,Classic,20855,651,ウールコートの詳細説明です。高品質でおすすめの商品です。,2023-11-06
1256,キャップ,ファッション,StyleCo,18550,693,キャップの詳細説明です。高品質でおすすめの商品です。,2023-03-21
1257,バッグ,ファッション,Trendy,35886,337,バッグの詳細説明です。高品質でおすすめの商品です。,2023-12-18
1258,ベルト,ファッション,StyleCo,14578,156,ベルトの詳細説明です。高品質でおすすめの商品です。,2023-05-24
1259,サングラス,ファッション,Modern,3254,176,サングラスの詳細説明です。高品質でおすすめの商品です。,2023-07-22
1260,時計,ファッション,UrbanWear,4456,689,時計の詳細説明です。高品質でおすすめの商品です。,2023-09-13
1261,コットンTシャツ 2,ファッション,StyleCo,18057,527,コットンTシャツ 2の詳細説明です。高品質でおすすめの商品です。,2023-03-15
1262,デニムジーンズ 2,ファッション,Classic,6444,378,デニムジーンズ 2の詳細説明です。高品質でおすすめの商品です。,2023-01-09
1263,スニーカー 2,ファッション,Modern,33637,427,スニーカー 2の詳細説明です。高品質でおすすめの商品です。,2023-01-18
1264,レザージャケット 2,ファッション,Modern,26188,886,レザージャケット 2の詳細説明です。高品質でおすすめの商品です。,2023-07-08
1265,ウールコート 2,ファッション,Modern,13738,588,ウールコート 2の詳細説明です。高品質でおすすめの商品です。,2023-07-17
1266,キャップ 2,ファッション,Modern,6030,992,キャップ 2の詳細説明です。高品質でおすすめの商品です。,2023-10-22
1267,バッグ 2,ファッション,UrbanWear,39222,951,バッグ 2の詳細説明です。高品質でおすすめの商品です。,2023-12-08
1268,ベルト 2,ファッション,Classic,29994,597,ベルト 2の詳細説明です。高品質でおすすめの商品です。,2023-05-27
1269,サングラス 2,ファッション,Modern,41991,369,サングラス 2の詳細説明です。高品質でおすすめの商品です。,2023-12-15
1270,時計 2,ファッション,Modern,48483,102,時計 2の詳細説明です。高品質でおすすめの商品です。,2023-10-23
1271,コットンTシャツ 3,ファッション,Trendy,5660,148,コットンTシャツ 3の詳細説明です。高品質でおすすめの商品です。,2023-07-19
1272,デニムジーンズ 3,ファッション,UrbanWear,25236,240,デニムジーンズ 3の詳細説明です。高品質でおすすめの商品です。,2023-04-20
1273,スニーカー 3,ファッション,Modern,35774,104,スニーカー 3の詳細説明です。高品質でおすすめの商品です。,2023-02-01
1274,レザージャケット 3,ファッション,UrbanWear,6772,192,レザージャケット 3の詳細説明です。高品質でおすすめの商品です。,2023-01-23
1275,ウールコート 3,ファッション,StyleCo,33185,61,ウールコート 3の詳細説明です。高品質でおすすめの商品です。,2023-08-07
1276,キャップ 3,ファッション,Modern,31803,579,キャップ 3の詳細説明です。高品質でおすすめの商品です。,2023-06-22
1277,バッグ 3,ファッション,Classic,46126,594,バッグ 3の詳細説明です。高品質でおすすめの商品です。,2023-03-05
1278,ベルト 3,ファッション,Classic,7386,938,ベルト 3の詳細説明です。高品質でおすすめの商品です。,2023-06-08
1279,サングラス 3,ファッション,Classic,39984,455,サングラス 3の詳細説明です。高品質でおすすめの商品です。,2023-02-26
1280,時計 3,ファッション,UrbanWear,13535,562,時計 3の詳細説明です。高品質でおすすめの商品です。,2023-01-09
1281,コットンTシャツ 4,ファッション,Classic,11050,924,コットンTシャツ 4の詳細説明です。高品質でおすすめの商品です。,2023-11-08
1282,デニムジーンズ 4,ファッション,Classic,16386,388,デニムジーンズ 4の詳細説明です。高品質でおすすめの商品です。,2023-05-13
1283,スニーカー 4,ファッション,UrbanWear,35878,507,スニーカー 4の詳細説明です。高品質でおすすめの商品です。,2023-05-16
1284,レザージャケット 4,ファッション,Trendy,6976,169,レザージャケット 4の詳細説明です。高品質でおすすめの商品です。,2023-02-06
1285,ウールコート 4,ファッション,UrbanWear,37014,461,ウールコート 4の詳細説明です。高品質でおすすめの商品です。,2023-02-06
1286,キャップ 4,ファッション,StyleCo,9419,365,キャップ 4の詳細説明です。高品質でおすすめの商品です。,2023-02-28
1287,バッグ 4,ファッション,Trendy,28293,276,バッグ 4の詳細説明です。高品質でおすすめの商品です。,2023-04-03
1288,ベルト 4,ファッション,Trendy,26759,353,ベルト 4の詳細説明です。高品質でおすすめの商品です。,2023-10-09
1289,サングラス 4,ファッション,Modern,500,636,サングラス 4の詳細説明です。高品質でおすすめの商品です。,2023-08-08
1290,時計 4,ファッション,StyleCo,41414,330,時計 4の詳細説明です。高品質でおすすめの商品です。,2023-06-24
1291,コットンTシャツ 5,ファッション,Modern,28095,584,コットンTシャツ 5の詳細説明です。高品質でおすすめの商品です。,2023-08-19
1292,デニムジーンズ 5,ファッション,StyleCo,36560,513,デニムジーンズ 5の詳細説明です。高品質でおすすめの商品です。,2023-07-27
1293,スニーカー 5,ファッション,Classic,30663,265,スニーカー 5の詳細説明です。高品質でおすすめの商品です。,2023-08-26
1294,レザージャケット 5,ファッション,Classic,31554,313,レザージャケット 5の詳細説明です。高品質でおすすめの商品です。,2023-09-24
1295,ウールコート 5,ファッション,UrbanWear,7507,946,ウールコート 5の詳細説明です。高品質でおすすめの商品です。,2023-08-09
1296,キャップ 5,ファッション,Modern,8699,858,キャップ 5の詳細説明です。高品質でおすすめの商品です。,2023-12-15
1297,バッグ 5,ファッション,Classic,45962,8,バッグ 5の詳細説明です。高品質でおすすめの商品です。,2023-05-25
1298,ベルト 5,ファッション,StyleCo,6011,167,ベルト 5の詳細説明です。高品質でおすすめの商品です。,2023-11-04
1299,サングラス 5,ファッション,Modern,23484,159,サングラス 5の詳細説明です。高品質でおすすめの商品です。,2023-08-25
1300,時計 5,ファッション,Trendy,12789,698,時計 5の詳細説明です。高品質でおすすめの商品です。,2023-07-09
1301,コットンTシャツ 6,ファッション,Trendy,42352,333,コットンTシャツ 6の詳細説明です。高品質でおすすめの商品です。,2023-10-15
1302,デニムジーンズ 6,ファッション,Classic,40277,30,デニムジーンズ 6の詳細説明です。高品質でおすすめの商品です。,2023-12-24
1303,スニーカー 6,ファッション,Trendy,9314,193,スニーカー 6の詳細説明です。高品質でおすすめの商品です。,2023-06-23
1304,レザージャケット 6,ファッション,StyleCo,30661,849,レザージャケット 6の詳細説明です。高品質でおすすめの商品です。,2023-11-09
1305,ウールコート 6,ファッション,Modern,7154,633,ウールコート 6の詳細説明です。高品質でおすすめの商品です。,2023-09-09
1306,キャップ 6,ファッション,Modern,22219,756,キャップ 6の詳細説明です。高品質でおすすめの商品です。,2023-03-04
1307,バッグ 6,ファッション,UrbanWear,22362,381,バッグ 6の詳細説明です。高品質でおすすめの商品です。,2023-08-12
1308,ベルト 6,ファッション,StyleCo,8285,159,ベルト 6の詳細説明です。高品質でおすすめの商品です。,2023-12-10
1309,サングラス 6,ファッション,StyleCo,15852,766,サングラス 6の詳細説明です。高品質でおすすめの商品です。,2023-08-29
1310,時計 6,ファッション,StyleCo,664,738,時計 6の詳細説明です。高品質でおすすめの商品です。,2023-10-04
1311,コットンTシャツ 7,ファッション,StyleCo,40712,140,コットンTシャツ 7の詳細説明です。高品質でおすすめの商品です。,2023-07-13
1312,デニムジーンズ 7,ファッション,Trendy,31897,515,デニムジーンズ 7の詳細説明です。高品質でおすすめの商品です。,2023-03-20
1313,スニーカー 7,ファッション,Trendy,31135,325,スニーカー 7の詳細説明です。高品質でおすすめの商品です。,2023-09-29
1314,レザージャケット 7,ファッション,Modern,46782,989,レザージャケット 7の詳細説明です。高品質でおすすめの商品です。,2023-09-21
1315,ウールコート 7,ファッション,Modern,3929,79,ウールコート 7の詳細説明です。高品質でおすすめの商品です。,2023-12-02
1316,キャップ 7,ファッション,StyleCo,17806,144,キャップ 7の詳細説明です。高品質でおすすめの商品です。,2023-04-11
1317,バッグ 7,ファッション,Classic,42487,471,バッグ 7の詳細説明です。高品質でおすすめの商品です。,2023-08-13
1318,ベルト 7,ファッション,Trendy,12219,438,ベルト 7の詳細説明です。高品質でおすすめの商品です。,2023-12-11
1319,サングラス 7,ファッション,Modern,42882,251,サングラス 7の詳細説明です。高品質でおすすめの商品です。,2023-09-13
1320,時計 7,ファッション,Modern,8019,532,時計 7の詳細説明です。高品質でおすすめの商品です。,2023-12-24
1321,コットンTシャツ 8,ファッション,Modern,28945,453,コットンTシャツ 8の詳細説明です。高品質でおすすめの商品です。,2023-01-09
1322,デニムジーンズ 8,ファッション,Classic,6346,914,デニムジーンズ 8の詳細説明です。高品質でおすすめの商品です。,2023-12-01
1323,スニーカー 8,ファッション,StyleCo,43214,966,スニーカー 8の詳細説明です。高品質でおすすめの商品です。,2023-02-04
1324,レザージャケット 8,ファッション,Trendy,49413,511,レザージャケット 8の詳細説明です。高品質でおすすめの商品です。,2023-02-04
1325,ウールコート 8,ファッション,StyleCo,13098,95,ウールコート 8の詳細説明です。高品質でおすすめの商品です。,2023-10-10
1326,キャップ 8,ファッション,UrbanWear,4424,119,キャップ 8の詳細説明です。高品質でおすすめの商品です。,2023-12-23
1327,バッグ 8,ファッション,Trendy,31970,106,バッグ 8の詳細説明です。高品質でおすすめの商品です。,2023-04-15
1328,ベルト 8,ファッション,StyleCo,22332,69,ベルト 8の詳細説明です。高品質でおすすめの商品です。,2023-10-02
1329,サングラス 8,ファッション,Modern,7196,52,サングラス 8の詳細説明です。高品質でおすすめの商品です。,2023-06-26
1330,時計 8,ファッション,Modern,18800,624,時計 8の詳細説明です。高品質でおすすめの商品です。,2023-11-04
1331,コットンTシャツ 9,ファッション,Trendy,33562,553,コットンTシャツ 9の詳細説明です。高品質でおすすめの商品です。,2023-01-10
1332,デニムジーンズ 9,ファッション,StyleCo,34658,471,デニムジーンズ 9の詳細説明です。高品質でおすすめの商品です。,2023-10-19
1333,スニーカー 9,ファッション,Modern,33344,601,スニーカー 9の詳細説明です。高品質でおすすめの商品です。,2023-07-11
1334,レザージャケット 9,ファッション,UrbanWear,29249,10,レザージャケット 9の詳細説明です。高品質でおすすめの商品です。,2023-05-10
1335,ウールコート 9,ファッション,UrbanWear,23780,556,ウールコート 9の詳細説明です。高品質でおすすめの商品です。,2023-12-07
1336,キャップ 9,ファッション,UrbanWear,18213,40,キャップ 9の詳細説明です。高品質でおすすめの商品です。,2023-04-27
1337,バッグ 9,ファッション,StyleCo,34507,440,バッグ 9の詳細説明です。高品質でおすすめの商品です。,2023-03-13
1338,ベルト 9,ファッション,StyleCo,24706,366,ベルト 9の詳細説明です。高品質でおすすめの商品です。,2023-02-26
1339,サングラス 9,ファッション,Modern,49575,351,サングラス 9の詳細説明です。高品質でおすすめの商品です。,2023-06-17
1340,時計 9,ファッション,UrbanWear,6677,470,時計 9の詳細説明です。高品質でおすすめの商品です。,2023-09-14
1341,コットンTシャツ 10,ファッション,Classic,16053,979,コットンTシャツ 10の詳細説明です。高品質でおすすめの商品です。,2023-03-01
1342,デニムジーンズ 10,ファッション,UrbanWear,30842,996,デニムジーンズ 10の詳細説明です。高品質でおすすめの商品です。,2023-06-29
1343,スニーカー 10,ファッション,UrbanWear,22593,413,スニーカー 10の詳細説明です。高品質でおすすめの商品です。,2023-09-21
1344,レザージャケット 10,ファッション,StyleCo,41206,395,レザージャケット 10の詳細説明です。高品質でおすすめの商品です。,2023-10-21
1345,ウールコート 10,ファッション,Modern,37778,766,ウールコート 10の詳細説明です。高品質でおすすめの商品です。,2023-11-26
1346,キャップ 10,ファッション,UrbanWear,2393,733,キャップ 10の詳細説明です。高品質でおすすめの商品です。,2023-12-11
1347,バッグ 10,ファッション,UrbanWear,31358,19,バッグ 10の詳細説明です。高品質でおすすめの商品です。,2023-04-06
1348,ベルト 10,ファッション,UrbanWear,47151,767,ベルト 10の詳細説明です。高品質でおすすめの商品です。,2023-05-06
1349,サングラス 10,ファッション,UrbanWear,10657,788,サングラス 10の詳細説明です。高品質でおすすめの商品です。,2023-10-02
1350,時計 10,ファッション,Classic,42559,626,時計 10の詳細説明です。高品質でおすすめの商品です。,2023-03-04
1351,コットンTシャツ 11,ファッション,StyleCo,40309,377,コットンTシャツ 11の詳細説明です。高品質でおすすめの商品です。,2023-11-05
1352,デニムジーンズ 11,ファッション,Trendy,44525,892,デニムジーンズ 11の詳細説明です。高品質でおすすめの商品です。,2023-07-16
1353,スニーカー 11,ファッション,StyleCo,11522,505,スニーカー 11の詳細説明です。高品質でおすすめの商品です。,2023-02-27
1354,レザージャケット 11,ファッション,Trendy,14362,744,レザージャケット 11の詳細説明です。高品質でおすすめの商品です。,2023-03-30
1355,ウールコート 11,ファッション,Classic,18900,662,ウールコート 11の詳細説明です。高品質でおすすめの商品です。,2023-01-07
1356,キャップ 11,ファッション,StyleCo,21473,810,キャップ 11の詳細説明です。高品質でおすすめの商品です。,2023-09-25
1357,バッグ 11,ファッション,Modern,43959,899,バッグ 11の詳細説明です。高品質でおすすめの商品です。,2023-06-16
1358,ベルト 11,ファッション,Classic,44267,374,ベルト 11の詳細説明です。高品質でおすすめの商品です。,2023-08-21
1359,サングラス 11,ファッション,Modern,33591,926,サングラス 11の詳細説明です。高品質でおすすめの商品です。,2023-04-14
1360,時計 11,ファッション,Classic,27674,602,時計 11の詳細説明です。高品質でおすすめの商品です。,2023-11-19
1361,コットンTシャツ 12,ファッション,Trendy,19865,766,コットンTシャツ 12の詳細説明です。高品質でおすすめの商品です。,2023-07-26
1362,デニムジーンズ 12,ファッション,UrbanWear,12880,649,デニムジーンズ 12の詳細説明です。高品質でおすすめの商品です。,2023-07-21
1363,スニーカー 12,ファッション,Trendy,43006,306,スニーカー 12の詳細説明です。高品質でおすすめの商品です。,2023-06-14
1364,レザージャケット 12,ファッション,StyleCo,24639,864,レザージャケット 12の詳細説明です。高品質でおすすめの商品です。,2023-10-31
1365,ウールコート 12,ファッション,UrbanWear,28152,730,ウールコート 12の詳細説明です。高品質でおすすめの商品です。,2023-06-08
1366,キャップ 12,ファッション,Classic,5154,319,キャップ 12の詳細説明です。高品質でおすすめの商品です。,2023-11-16
1367,バッグ 12,ファッション,Classic,31000,742,バッグ 12の詳細説明です。高品質でおすすめの商品です。,2023-08-31
1368,ベルト 12,ファッション,StyleCo,46899,466,ベルト 12の詳細説明です。高品質でおすすめの商品です。,2023-12-07
1369,サングラス 12,ファッション,StyleCo,10280,80,サングラス 12の詳細説明です。高品質でおすすめの商品です。,2023-07-07
1370,時計 12,ファッション,Modern,1084,293,時計 12の詳細説明です。高品質でおすすめの商品です。,2023-04-06
1371,コットンTシャツ 13,ファッション,StyleCo,27679,551,コットンTシャツ 13の詳細説明です。高品質でおすすめの商品です。,2023-05-25
1372,デニムジーンズ 13,ファッション,StyleCo,49544,499,デニムジーンズ 13の詳細説明です。高品質でおすすめの商品です。,2023-09-07
1373,スニーカー 13,ファッション,UrbanWear,24328,12,スニーカー 13の詳細説明です。高品質でおすすめの商品です。,2023-12-08
1374,レザージャケット 13,ファッション,UrbanWear,10516,602,レザージャケット 13の詳細説明です。高品質でおすすめの商品です。,2023-12-10
1375,ウールコート 13,ファッション,Trendy,40763,565,ウールコート 13の詳細説明です。高品質でおすすめの商品です。,2023-02-15
1376,キャップ 13,ファッション,StyleCo,8267,233,キャップ 13の詳細説明です。高品質でおすすめの商品です。,2023-04-01
1377,バッグ 13,ファッション,Trendy,31357,278,バッグ 13の詳細説明です。高品質でおすすめの商品です。,2023-12-23
1378,ベルト 13,ファッション,Trendy,17868,204,ベルト 13の詳細説明です。高品質でおすすめの商品です。,2023-03-13
1379,サングラス 13,ファッション,UrbanWear,30564,612,サングラス 13の詳細説明です。高品質でおすすめの商品です。,2023-04-15
1380,時計 13,ファッション,Modern,5180,82,時計 13の詳細説明です。高品質でおすすめの商品です。,2023-09-13
1381,コットンTシャツ 14,ファッション,StyleCo,9111,497,コットンTシャツ 14の詳細説明です。高品質でおすすめの商品です。,2023-05-23
1382,デニムジーンズ 14,ファッション,Classic,47181,128,デニムジーンズ 14の詳細説明です。高品質でおすすめの商品です。,2023-08-07
1383,スニーカー 14,ファッション,UrbanWear,25917,826,スニーカー 14の詳細説明です。高品質でおすすめの商品です。,2023-12-06
1384,レザージャケット 14,ファッション,Modern,18620,665,レザージャケット 14の詳細説明です。高品質でおすすめの商品です。,2023-07-08
1385,ウールコート 14,ファッション,UrbanWear,34431,490,ウールコート 14の詳細説明です。高品質でおすすめの商品です。,2023-08-14
1386,キャップ 14,ファッション,Modern,13441,885,キャップ 14の詳細説明です。高品質でおすすめの商品です。,2023-11-06
1387,バッグ 14,ファッション,StyleCo,45310,217,バッグ 14の詳細説明です。高品質でおすすめの商品です。,2023-12-15
1388,ベルト 14,ファッション,Trendy,22963,718,ベルト 14の詳細説明です。高品質でおすすめの商品です。,2023-02-10
1389,サングラス 14,ファッション,Trendy,36670,154,サングラス 14の詳細説明です。高品質でおすすめの商品です。,2023-10-06
1390,時計 14,ファッション,UrbanWear,46504,321,時計 14の詳細説明です。高品質でおすすめの商品です。,2023-01-04
1391,コットンTシャツ 15,ファッション,Trendy,23302,997,コットンTシャツ 15の詳細説明です。高品質でおすすめの商品です。,2023-11-29
1392,デニムジーンズ 15,ファッション,Modern,3968,610,デニムジーンズ 15の詳細説明です。高品質でおすすめの商品です。,2023-07-06
1393,スニーカー 15,ファッション,Modern,26134,971,スニーカー 15の詳細説明です。高品質でおすすめの商品です。,2023-01-21
1394,レザージャケット 15,ファッション,StyleCo,2438,864,レザージャケット 15の詳細説明です。高品質でおすすめの商品です。,2023-07-23
1395,ウールコート 15,ファッション,Modern,22779,416,ウールコート 15の詳細説明です。高品質でおすすめの商品です。,2023-04-12
1396,キャップ 15,ファッション,Classic,1833,187,キャップ 15の詳細説明です。高品質でおすすめの商品です。,2023-08-01
1397,バッグ 15,ファッション,StyleCo,22182,205,バッグ 15の詳細説明です。高品質でおすすめの商品です。,2023-09-20
1398,ベルト 15,ファッション,Modern,23360,561,ベルト 15の詳細説明です。高品質でおすすめの商品です。,2023-02-17
1399,サングラス 15,ファッション,Classic,34200,942,サングラス 15の詳細説明です。高品質でおすすめの商品です。,2023-08-23
1400,時計 15,ファッション,Trendy,23936,214,時計 15の詳細説明です。高品質でおすすめの商品です。,2023-10-26
1401,コットンTシャツ 16,ファッション,Classic,6677,605,コットンTシャツ 16の詳細説明です。高品質でおすすめの商品です。,2023-09-16
1402,デニムジーンズ 16,ファッション,StyleCo,35498,738,デニムジーンズ 16の詳細説明です。高品質でおすすめの商品です。,2023-05-12
1403,スニーカー 16,ファッション,UrbanWear,28831,573,スニーカー 16の詳細説明です。高品質でおすすめの商品です。,2023-04-15
1404,レザージャケット 16,ファッション,Trendy,9242,272,レザージャケット 16の詳細説明です。高品質でおすすめの商品です。,2023-06-21
1405,ウールコート 16,ファッション,Classic,47638,369,ウールコート 16の詳細説明です。高品質でおすすめの商品です。,2023-07-17
1406,キャップ 16,ファッション,UrbanWear,2628,872,キャップ 16の詳細説明です。高品質でおすすめの商品です。,2023-02-10
1407,バッグ 16,ファッション,UrbanWear,13788,351,バッグ 16の詳細説明です。高品質でおすすめの商品です。,2023-03-01
1408,ベルト 16,ファッション,Trendy,30667,483,ベルト 16の詳細説明です。高品質でおすすめの商品です。,2023-04-10
1409,サングラス 16,ファッション,Classic,15846,191,サングラス 16の詳細説明です。高品質でおすすめの商品です。,2023-10-25
1410,時計 16,ファッション,Classic,12041,136,時計 16の詳細説明です。高品質でおすすめの商品です。,2023-12-03
1411,コットンTシャツ 17,ファッション,Trendy,44972,32,コットンTシャツ 17の詳細説明です。高品質でおすすめの商品です。,2023-05-04
1412,デニムジーンズ 17,ファッション,Trendy,39368,793,デニムジーンズ 17の詳細説明です。高品質でおすすめの商品です。,2023-03-17
1413,スニーカー 17,ファッション,Modern,22493,429,スニーカー 17の詳細説明です。高品質でおすすめの商品です。,2023-03-05
1414,レザージャケット 17,ファッション,UrbanWear,9888,117,レザージャケット 17の詳細説明です。高品質でおすすめの商品です。,2023-11-17
1415,ウールコート 17,ファッション,Modern,24580,900,ウールコート 17の詳細説明です。高品質でおすすめの商品です。,2023-11-25
1416,キャップ 17,ファッション,UrbanWear,14973,236,キャップ 17の詳細説明です。高品質でおすすめの商品です。,2023-03-19
1417,バッグ 17,ファッション,Classic,49158,922,バッグ 17の詳細説明です。高品質でおすすめの商品です。,2023-03-10
1418,ベルト 17,ファッション,Trendy,22303,981,ベルト 17の詳細説明です。高品質でおすすめの商品です。,2023-09-17
1419,サングラス 17,ファッション,StyleCo,32005,495,サングラス 17の詳細説明です。高品質でおすすめの商品です。,2023-04-01
1420,時計 17,ファッション,Trendy,15598,485,時計 17の詳細説明です。高品質でおすすめの商品です。,2023-05-19
1421,コットンTシャツ 18,ファッション,Classic,28784,167,コットンTシャツ 18の詳細説明です。高品質でおすすめの商品です。,2023-07-04
1422,デニムジーンズ 18,ファッション,UrbanWear,41081,508,デニムジーンズ 18の詳細説明です。高品質でおすすめの商品です。,2023-10-17
1423,スニーカー 18,ファッション,StyleCo,38007,894,スニーカー 18の詳細説明です。高品質でおすすめの商品です。,2023-10-02
1424,レザージャケット 18,ファッション,Classic,43935,855,レザージャケット 18の詳細説明です。高品質でおすすめの商品です。,2023-10-26
1425,ウールコート 18,ファッション,StyleCo,797,185,ウールコート 18の詳細説明です。高品質でおすすめの商品です。,2023-06-01
1426,キャップ 18,ファッション,Classic,8562,846,キャップ 18の詳細説明です。高品質でおすすめの商品です。,2023-03-11
1427,バッグ 18,ファッション,StyleCo,14799,169,バッグ 18の詳細説明です。高品質でおすすめの商品です。,2023-03-14
1428,ベルト 18,ファッション,UrbanWear,41311,869,ベルト 18の詳細説明です。高品質でおすすめの商品です。,2023-03-24
1429,サングラス 18,ファッション,Classic,20229,537,サングラス 18の詳細説明です。高品質でおすすめの商品です。,2023-04-10
1430,時計 18,ファッション,UrbanWear,8542,865,時計 18の詳細説明です。高品質でおすすめの商品です。,2023-11-20
1431,コットンTシャツ 19,ファッション,StyleCo,17985,687,コットンTシャツ 19の詳細説明です。高品質でおすすめの商品です。,2023-12-23
1432,デニムジーンズ 19,ファッション,StyleCo,36313,479,デニムジーンズ 19の詳細説明です。高品質でおすすめの商品です。,2023-06-03
1433,スニーカー 19,ファッション,StyleCo,8206,684,スニーカー 19の詳細説明です。高品質でおすすめの商品です。,2023-01-10
1434,レザージャケット 19,ファッション,Trendy,16402,730,レザージャケット 19の詳細説明です。高品質でおすすめの商品です。,2023-04-19
1435,ウールコート 19,ファッション,Classic,779,167,ウールコート 19の詳細説明です。高品質でおすすめの商品です。,2023-12-02
1436,キャップ 19,ファッション,Classic,32013,357,キャップ 19の詳細説明です。高品質でおすすめの商品です。,2023-01-10
1437,バッグ 19,ファッション,StyleCo,28506,450,バッグ 19の詳細説明です。高品質でおすすめの商品です。,2023-07-11
1438,ベルト 19,ファッション,Trendy,10151,127,ベルト 19の詳細説明です。高品質でおすすめの商品です。,2023-03-27
1439,サングラス 19,ファッション,StyleCo,5293,721,サングラス 19の詳細説明です。高品質でおすすめの商品です。,2023-09-20
1440,時計 19,ファッション,Trendy,48417,984,時計 19の詳細説明です。高品質でおすすめの商品です。,2023-03-04
1441,コットンTシャツ 20,ファッション,Trendy,37777,809,コットンTシャツ 20の詳細説明です。高品質でおすすめの商品です。,2023-07-29
1442,デニムジーンズ 20,ファッション,Modern,41433,760,デニムジーンズ 20の詳細説明です。高品質でおすすめの商品です。,2023-08-08
1443,スニーカー 20,ファッション,StyleCo,18993,498,スニーカー 20の詳細説明です。高品質でおすすめの商品です。,2023-03-14
1444,レザージャケット 20,ファッション,Classic,35668,524,レザージャケット 20の詳細説明です。高品質でおすすめの商品です。,2023-10-19
1445,ウールコート 20,ファッション,Classic,19609,198,ウールコート 20の詳細説明です。高品質でおすすめの商品です。,2023-12-19
1446,キャップ 20,ファッション,Trendy,7476,170,キャップ 20の詳細説明です。高品質でおすすめの商品です。,2023-07-31
1447,バッグ 20,ファッション,StyleCo,11797,327,バッグ 20の詳細説明です。高品質でおすすめの商品です。,2023-09-19
1448,ベルト 20,ファッション,Classic,45995,57,ベルト 20の詳細説明です。高品質でおすすめの商品です。,2023-04-15
1449,サングラス 20,ファッション,UrbanWear,17568,332,サングラス 20の詳細説明です。高品質でおすすめの商品です。,2023-01-11
1450,時計 20,ファッション,Modern,8151,44,時計 20の詳細説明です。高品質でおすすめの商品です。,2023-11-07
1451,コットンTシャツ 21,ファッション,UrbanWear,31355,183,コットンTシャツ 21の詳細説明です。高品質でおすすめの商品です。,2023-04-24
1452,デニムジーンズ 21,ファッション,UrbanWear,25665,266,デニムジーンズ 21の詳細説明です。高品質でおすすめの商品です。,2023-03-02
1453,スニーカー 21,ファッション,StyleCo,38813,350,スニーカー 21の詳細説明です。高品質でおすすめの商品です。,2023-11-06
1454,レザージャケット 21,ファッション,StyleCo,32689,566,レザージャケット 21の詳細説明です。高品質でおすすめの商品です。,2023-08-20
1455,ウールコート 21,ファッション,UrbanWear,25269,878,ウールコート 21の詳細説明です。高品質でおすすめの商品です。,2023-07-19
1456,キャップ 21,ファッション,Classic,32888,796,キャップ 21の詳細説明です。高品質でおすすめの商品です。,2023-08-05
1457,バッグ 21,ファッション,StyleCo,20749,923,バッグ 21の詳細説明です。高品質でおすすめの商品です。,2023-10-30
1458,ベルト 21,ファッション,Classic,38370,750,ベルト 21の詳細説明です。高品質でおすすめの商品です。,2023-08-28
1459,サングラス 21,ファッション,UrbanWear,10280,336,サングラス 21の詳細説明です。高品質でおすすめの商品です。,2023-09-17
1460,時計 21,ファッション,UrbanWear,31419,855,時計 21の詳細説明です。高品質でおすすめの商品です。,2023-01-09
1461,コットンTシャツ 22,ファッション,Trendy,35448,34,コットンTシャツ 22の詳細説明です。高品質でおすすめの商品です。,2023-04-21
1462,デニムジーンズ 22,ファッション,UrbanWear,8614,950,デニムジーンズ 22の詳細説明です。高品質でおすすめの商品です。,2023-01-18
1463,スニーカー 22,ファッション,UrbanWear,2259,646,スニーカー 22の詳細説明です。高品質でおすすめの商品です。,2023-02-16
1464,レザージャケット 22,ファッション,Modern,11690,212,レザージャケット 22の詳細説明です。高品質でおすすめの商品です。,2023-11-08
1465,ウールコート 22,ファッション,Classic,21738,441,ウールコート 22の詳細説明です。高品質でおすすめの商品です。,2023-02-19
1466,キャップ 22,ファッション,Trendy,21113,209,キャップ 22の詳細説明です。高品質でおすすめの商品です。,2023-12-20
1467,バッグ 22,ファッション,StyleCo,45331,596,バッグ 22の詳細説明です。高品質でおすすめの商品です。,2023-09-23
1468,ベルト 22,ファッション,Modern,10508,29,ベルト 22の詳細説明です。高品質でおすすめの商品です。,2023-01-27
1469,サングラス 22,ファッション,UrbanWear,47262,677,サングラス 22の詳細説明です。高品質でおすすめの商品です。,2023-03-06
1470,時計 22,ファッション,Trendy,11944,156,時計 22の詳細説明です。高品質でおすすめの商品です。,2023-03-07
1471,コットンTシャツ 23,ファッション,Modern,16279,259,コットンTシャツ 23の詳細説明です。高品質でおすすめの商品です。,2023-12-01
1472,デニムジーンズ 23,ファッション,Classic,29794,224,デニムジーンズ 23の詳細説明です。高品質でおすすめの商品です。,2023-06-16
1473,スニーカー 23,ファッション,Trendy,45631,243,スニーカー 23の詳細説明です。高品質でおすすめの商品です。,2023-08-23
1474,レザージャケット 23,ファッション,UrbanWear,36393,158,レザージャケット 23の詳細説明です。高品質でおすすめの商品です。,2023-11-11
1475,ウールコート 23,ファッション,Trendy,16610,880,ウールコート 23の詳細説明です。高品質でおすすめの商品です。,2023-09-15
1476,キャップ 23,ファッション,Modern,26577,994,キャップ 23の詳細説明です。高品質でおすすめの商品です。,2023-01-12
1477,バッグ 23,ファッション,Classic,20316,623,バッグ 23の詳細説明です。高品質でおすすめの商品です。,2023-09-07
1478,ベルト 23,ファッション,UrbanWear,34368,290,ベルト 23の詳細説明です。高品質でおすすめの商品です。,2023-04-22
1479,サングラス 23,ファッション,Trendy,46350,257,サングラス 23の詳細説明です。高品質でおすすめの商品です。,2023-07-09
1480,時計 23,ファッション,StyleCo,48374,262,時計 23の詳細説明です。高品質でおすすめの商品です。,2023-03-31
1481,コットンTシャツ 24,ファッション,UrbanWear,29712,733,コットンTシャツ 24の詳細説明です。高品質でおすすめの商品です。,2023-09-24
1482,デニムジーンズ 24,ファッション,Modern,32422,292,デニムジーンズ 24の詳細説明です。高品質でおすすめの商品です。,2023-01-16
1483,スニーカー 24,ファッション,Trendy,1091,893,スニーカー 24の詳細説明です。高品質でおすすめの商品です。,2023-08-23
1484,レザージャケット 24,ファッション,UrbanWear,29178,154,レザージャケット 24の詳細説明です。高品質でおすすめの商品です。,2023-03-19
1485,ウールコート 24,ファッション,UrbanWear,36439,575,ウールコート 24の詳細説明です。高品質でおすすめの商品です。,2023-01-15
1486,キャップ 24,ファッション,UrbanWear,21633,246,キャップ 24の詳細説明です。高品質でおすすめの商品です。,2023-05-24
1487,バッグ 24,ファッション,UrbanWear,29185,210,バッグ 24の詳細説明です。高品質でおすすめの商品です。,2023-01-31
1488,ベルト 24,ファッション,StyleCo,34690,345,ベルト 24の詳細説明です。高品質でおすすめの商品です。,2023-12-17
1489,サングラス 24,ファッション,Classic,16485,201,サングラス 24の詳細説明です。高品質でおすすめの商品です。,2023-04-12
1490,時計 24,ファッション,UrbanWear,3181,466,時計 24の詳細説明です。高品質でおすすめの商品です。,2023-05-31
1491,コットンTシャツ 25,ファッション,Trendy,23007,243,コットンTシャツ 25の詳細説明です。高品質でおすすめの商品です。,2023-07-14
1492,デニムジーンズ 25,ファッション,Trendy,39786,151,デニムジーンズ 25の詳細説明です。高品質でおすすめの商品です。,2023-06-27
1493,スニーカー 25,ファッション,Modern,6348,989,スニーカー 25の詳細説明です。高品質でおすすめの商品です。,2023-04-15
1494,レザージャケット 25,ファッション,Modern,34956,372,レザージャケット 25の詳細説明です。高品質でおすすめの商品です。,2023-04-09
1495,ウールコート 25,ファッション,StyleCo,25922,290,ウールコート 25の詳細説明です。高品質でおすすめの商品です。,2023-05-12
1496,キャップ 25,ファッション,UrbanWear,2629,130,キャップ 25の詳細説明です。高品質でおすすめの商品です。,2023-07-29
1497,バッグ 25,ファッション,StyleCo,34099,239,バッグ 25の詳細説明です。高品質でおすすめの商品です。,2023-01-01
1498,ベルト 25,ファッション,Classic,48089,467,ベルト 25の詳細説明です。高品質でおすすめの商品です。,2023-12-03
1499,サングラス 25,ファッション,Classic,45485,658,サングラス 25の詳細説明です。高品質でおすすめの商品です。,2023-05-01
1500,時計 25,ファッション,Classic,24867,567,時計 25の詳細説明です。高品質でおすすめの商品です。,2023-08-17
1501,コットンTシャツ 26,ファッション,UrbanWear,29394,475,コットンTシャツ 26の詳細説明です。高品質でおすすめの商品です。,2023-05-07
1502,デニムジーンズ 26,ファッション,Classic,49767,894,デニムジーンズ 26の詳細説明です。高品質でおすすめの商品です。,2023-04-21
1503,スニーカー 26,ファッション,UrbanWear,21195,848,スニーカー 26の詳細説明です。高品質でおすすめの商品です。,2023-08-23
1504,レザージャケット 26,ファッション,Trendy,39815,474,レザージャケット 26の詳細説明です。高品質でおすすめの商品です。,2023-12-04
1505,ウールコート 26,ファッション,Trendy,22368,897,ウールコート 26の詳細説明です。高品質でおすすめの商品です。,2023-08-04
1506,キャップ 26,ファッション,StyleCo,41977,67,キャップ 26の詳細説明です。高品質でおすすめの商品です。,2023-09-13
1507,バッグ 26,ファッション,Modern,8725,52,バッグ 26の詳細説明です。高品質でおすすめの商品です。,2023-07-04
1508,ベルト 26,ファッション,UrbanWear,32658,373,ベルト 26の詳細説明です。高品質でおすすめの商品です。,2023-11-03
1509,サングラス 26,ファッション,StyleCo,1593,857,サングラス 26の詳細説明です。高品質でおすすめの商品です。,2023-07-04
1510,時計 26,ファッション,Classic,14693,24,時計 26の詳細説明です。高品質でおすすめの商品です。,2023-11-24
1511,コットンTシャツ 27,ファッション,UrbanWear,37010,302,コットンTシャツ 27の詳細説明です。高品質でおすすめの商品です。,2023-06-30
1512,デニムジーンズ 27,ファッション,Modern,17496,786,デニムジーンズ 27の詳細説明です。高品質でおすすめの商品です。,2023-01-18
1513,スニーカー 27,ファッション,Classic,19099,203,スニーカー 27の詳細説明です。高品質でおすすめの商品です。,2023-01-19
1514,レザージャケット 27,ファッション,Classic,46203,762,レザージャケット 27の詳細説明です。高品質でおすすめの商品です。,2023-08-13
1515,ウールコート 27,ファッション,UrbanWear,2373,382,ウールコート 27の詳細説明です。高品質でおすすめの商品です。,2023-12-30
1516,キャップ 27,ファッション,UrbanWear,42844,151,キャップ 27の詳細説明です。高品質でおすすめの商品です。,2023-04-01
1517,バッグ 27,ファッション,Modern,18898,136,バッグ 27の詳細説明です。高品質でおすすめの商品です。,2023-01-10
1518,ベルト 27,ファッション,StyleCo,28620,55,ベルト 27の詳細説明です。高品質でおすすめの商品です。,2023-06-06
1519,サングラス 27,ファッション,Modern,41395,830,サングラス 27の詳細説明です。高品質でおすすめの商品です。,2023-08-20
1520,時計 27,ファッション,StyleCo,23038,865,時計 27の詳細説明です。高品質でおすすめの商品です。,2023-11-02
1521,コットンTシャツ 28,ファッション,StyleCo,12066,295,コットンTシャツ 28の詳細説明です。高品質でおすすめの商品です。,2023-10-13
1522,デニムジーンズ 28,ファッション,UrbanWear,22763,828,デニムジーンズ 28の詳細説明です。高品質でおすすめの商品です。,2023-04-17
1523,スニーカー 28,ファッション,Classic,31127,457,スニーカー 28の詳細説明です。高品質でおすすめの商品です。,2023-10-17
1524,レザージャケット 28,ファッション,Trendy,26120,550,レザージャケット 28の詳細説明です。高品質でおすすめの商品です。,2023-03-18
1525,ウールコート 28,ファッション,StyleCo,22169,141,ウールコート 28の詳細説明です。高品質でおすすめの商品です。,2023-06-26
1526,キャップ 28,ファッション,Trendy,29850,74,キャップ 28の詳細説明です。高品質でおすすめの商品です。,2023-01-31
1527,バッグ 28,ファッション,Trendy,30281,463,バッグ 28の詳細説明です。高品質でおすすめの商品です。,2023-09-03
1528,ベルト 28,ファッション,Classic,5375,916,ベルト 28の詳細説明です。高品質でおすすめの商品です。,2023-07-10
1529,サングラス 28,ファッション,UrbanWear,28494,989,サングラス 28の詳細説明です。高品質でおすすめの商品です。,2023-09-17
1530,時計 28,ファッション,Modern,37502,707,時計 28の詳細説明です。高品質でおすすめの商品です。,2023-09-24
1531,コットンTシャツ 29,ファッション,UrbanWear,46330,751,コットンTシャツ 29の詳細説明です。高品質でおすすめの商品です。,2023-04-26
1532,デニムジーンズ 29,ファッション,Classic,15572,577,デニムジーンズ 29の詳細説明です。高品質でおすすめの商品です。,2023-12-20
1533,スニーカー 29,ファッション,Trendy,44570,100,スニーカー 29の詳細説明です。高品質でおすすめの商品です。,2023-04-09
1534,レザージャケット 29,ファッション,Trendy,25688,192,レザージャケット 29の詳細説明です。高品質でおすすめの商品です。,2023-01-07
1535,ウールコート 29,ファッション,StyleCo,13223,786,ウールコート 29の詳細説明です。高品質でおすすめの商品です。,2023-06-29
1536,キャップ 29,ファッション,UrbanWear,34953,67,キャップ 29の詳細説明です。高品質でおすすめの商品です。,2023-09-14
1537,バッグ 29,ファッション,UrbanWear,18721,126,バッグ 29の詳細説明です。高品質でおすすめの商品です。,2023-01-17
1538,ベルト 29,ファッション,Trendy,18956,148,ベルト 29の詳細説明です。高品質でおすすめの商品です。,2023-09-14
1539,サングラス 29,ファッション,Trendy,35886,995,サングラス 29の詳細説明です。高品質でおすすめの商品です。,2023-10-01
1540,時計 29,ファッション,Classic,41092,780,時計 29の詳細説明です。高品質でおすすめの商品です。,2023-01-20
1541,コットンTシャツ 30,ファッション,Classic,2276,159,コットンTシャツ 30の詳細説明です。高品質でおすすめの商品です。,2023-12-28
1542,デニムジーンズ 30,ファッション,Classic,48638,558,デニムジーンズ 30の詳細説明です。高品質でおすすめの商品です。,2023-06-11
1543,スニーカー 30,ファッション,Trendy,25447,360,スニーカー 30の詳細説明です。高品質でおすすめの商品です。,2023-01-07
1544,レザージャケット 30,ファッション,UrbanWear,28307,492,レザージャケット 30の詳細説明です。高品質でおすすめの商品です。,2023-10-29
1545,ウールコート 30,ファッション,StyleCo,8536,366,ウールコート 30の詳細説明です。高品質でおすすめの商品です。,2023-08-16
1546,キャップ 30,ファッション,Trendy,7004,1000,キャップ 30の詳細説明です。高品質でおすすめの商品です。,2023-09-20
1547,バッグ 30,ファッション,Classic,15056,691,バッグ 30の詳細説明です。高品質でおすすめの商品です。,2023-03-23
1548,ベルト 30,ファッション,UrbanWear,41627,506,ベルト 30の詳細説明です。高品質でおすすめの商品です。,2023-10-15
1549,サングラス 30,ファッション,Classic,35822,412,サングラス 30の詳細説明です。高品質でおすすめの商品です。,2023-01-01
1550,時計 30,ファッション,UrbanWear,22528,776,時計 30の詳細説明です。高品質でおすすめの商品です。,2023-06-16
1551,コットンTシャツ 31,ファッション,StyleCo,37452,534,コットンTシャツ 31の詳細説明です。高品質でおすすめの商品です。,2023-04-18
1552,デニムジーンズ 31,ファッション,UrbanWear,31600,972,デニムジーンズ 31の詳細説明です。高品質でおすすめの商品です。,2023-03-07
1553,スニーカー 31,ファッション,Classic,22277,893,スニーカー 31の詳細説明です。高品質でおすすめの商品です。,2023-03-27
1554,レザージャケット 31,ファッション,Modern,31254,827,レザージャケット 31の詳細説明です。高品質でおすすめの商品です。,2023-07-18
1555,ウールコート 31,ファッション,Modern,8349,305,ウールコート 31の詳細説明です。高品質でおすすめの商品です。,2023-02-24
1556,キャップ 31,ファッション,StyleCo,48667,963,キャップ 31の詳細説明です。高品質でおすすめの商品です。,2023-04-07
1557,バッグ 31,ファッション,Trendy,23709,740,バッグ 31の詳細説明です。高品質でおすすめの商品です。,2023-10-05
1558,ベルト 31,ファッション,UrbanWear,12962,150,ベルト 31の詳細説明です。高品質でおすすめの商品です。,2023-05-01
1559,サングラス 31,ファッション,Classic,3328,987,サングラス 31の詳細説明です。高品質でおすすめの商品です。,2023-10-24
1560,時計 31,ファッション,StyleCo,1820,992,時計 31の詳細説明です。高品質でおすすめの商品です。,2023-08-22
1561,コットンTシャツ 32,ファッション,StyleCo,46715,11,コットンTシャツ 32の詳細説明です。高品質でおすすめの商品です。,2023-10-17
1562,デニムジーンズ 32,ファッション,Trendy,41538,468,デニムジーンズ 32の詳細説明です。高品質でおすすめの商品です。,2023-10-12
1563,スニーカー 32,ファッション,StyleCo,9493,542,スニーカー 32の詳細説明です。高品質でおすすめの商品です。,2023-02-06
1564,レザージャケット 32,ファッション,Modern,48325,453,レザージャケット 32の詳細説明です。高品質でおすすめの商品です。,2023-10-13
1565,ウールコート 32,ファッション,StyleCo,14129,447,ウールコート 32の詳細説明です。高品質でおすすめの商品です。,2023-03-05
1566,キャップ 32,ファッション,UrbanWear,25467,286,キャップ 32の詳細説明です。高品質でおすすめの商品です。,2023-04-08
1567,バッグ 32,ファッション,Trendy,27177,230,バッグ 32の詳細説明です。高品質でおすすめの商品です。,2023-07-01
1568,ベルト 32,ファッション,Classic,13488,758,ベルト 32の詳細説明です。高品質でおすすめの商品です。,2023-09-17
1569,サングラス 32,ファッション,StyleCo,37287,921,サングラス 32の詳細説明です。高品質でおすすめの商品です。,2023-09-10
1570,時計 32,ファッション,StyleCo,47089,351,時計 32の詳細説明です。高品質でおすすめの商品です。,2023-05-30
1571,コットンTシャツ 33,ファッション,Trendy,6069,679,コットンTシャツ 33の詳細説明です。高品質でおすすめの商品です。,2023-04-14
1572,デニムジーンズ 33,ファッション,Trendy,38051,751,デニムジーンズ 33の詳細説明です。高品質でおすすめの商品です。,2023-10-14
1573,スニーカー 33,ファッション,Trendy,2251,159,スニーカー 33の詳細説明です。高品質でおすすめの商品です。,2023-02-24
1574,レザージャケット 33,ファッション,StyleCo,10492,638,レザージャケット 33の詳細説明です。高品質でおすすめの商品です。,2023-12-04
1575,ウールコート 33,ファッション,UrbanWear,35666,462,ウールコート 33の詳細説明です。高品質でおすすめの商品です。,2023-02-06
1576,キャップ 33,ファッション,Trendy,32190,240,キャップ 33の詳細説明です。高品質でおすすめの商品です。,2023-01-30
1577,バッグ 33,ファッション,UrbanWear,40174,719,バッグ 33の詳細説明です。高品質でおすすめの商品です。,2023-05-05
1578,ベルト 33,ファッション,UrbanWear,26091,259,ベルト 33の詳細説明です。高品質でおすすめの商品です。,2023-09-28
1579,サングラス 33,ファッション,StyleCo,24579,228,サングラス 33の詳細説明です。高品質でおすすめの商品です。,2023-12-04
1580,時計 33,ファッション,Modern,16636,961,時計 33の詳細説明です。高品質でおすすめの商品です。,2023-08-11
1581,コットンTシャツ 34,ファッション,StyleCo,44306,915,コットンTシャツ 34の詳細説明です。高品質でおすすめの商品です。,2023-06-24
1582,デニムジーンズ 34,ファッション,Modern,26234,985,デニムジーンズ 34の詳細説明です。高品質でおすすめの商品です。,2023-01-29
1583,スニーカー 34,ファッション,UrbanWear,35665,46,スニーカー 34の詳細説明です。高品質でおすすめの商品です。,2023-03-24
1584,レザージャケット 34,ファッション,UrbanWear,23785,164,レザージャケット 34の詳細説明です。高品質でおすすめの商品です。,2023-05-18
1585,ウールコート 34,ファッション,StyleCo,40491,439,ウールコート 34の詳細説明です。高品質でおすすめの商品です。,2023-05-17
1586,キャップ 34,ファッション,UrbanWear,18449,766,キャップ 34の詳細説明です。高品質でおすすめの商品です。,2023-04-11
1587,バッグ 34,ファッション,Modern,5635,283,バッグ 34の詳細説明です。高品質でおすすめの商品です。,2023-08-22
1588,ベルト 34,ファッション,StyleCo,43339,562,ベルト 34の詳細説明です。高品質でおすすめの商品です。,2023-08-26
1589,サングラス 34,ファッション,UrbanWear,7044,821,サングラス 34の詳細説明です。高品質でおすすめの商品です。,2023-02-03
1590,時計 34,ファッション,StyleCo,4792,465,時計 34の詳細説明です。高品質でおすすめの商品です。,2023-02-16
1591,コットンTシャツ 35,ファッション,Trendy,33450,93,コットンTシャツ 35の詳細説明です。高品質でおすすめの商品です。,2023-08-01
1592,デニムジーンズ 35,ファッション,StyleCo,16052,969,デニムジーンズ 35の詳細説明です。高品質でおすすめの商品です。,2023-10-21
1593,スニーカー 35,ファッション,Trendy,45796,921,スニーカー 35の詳細説明です。高品質でおすすめの商品です。,2023-02-14
1594,レザージャケット 35,ファッション,UrbanWear,3950,805,レザージャケット 35の詳細説明です。高品質でおすすめの商品です。,2023-10-09
1595,ウールコート 35,ファッション,UrbanWear,39264,429,ウールコート 35の詳細説明です。高品質でおすすめの商品です。,2023-08-14
1596,キャップ 35,ファッション,Modern,5402,622,キャップ 35の詳細説明です。高品質でおすすめの商品です。,2023-01-29
1597,バッグ 35,ファッション,UrbanWear,44336,432,バッグ 35の詳細説明です。高品質でおすすめの商品です。,2023-11-03
1598,ベルト 35,ファッション,Classic,35715,523,ベルト 35の詳細説明です。高品質でおすすめの商品です。,2023-05-04
1599,サングラス 35,ファッション,StyleCo,40045,877,サングラス 35の詳細説明です。高品質でおすすめの商品です。,2023-01-09
1600,時計 35,ファッション,Classic,35665,717,時計 35の詳細説明です。高品質でおすすめの商品です。,2023-05-09
1601,コットンTシャツ 36,ファッション,StyleCo,27554,93,コットンTシャツ 36の詳細説明です。高品質でおすすめの商品です。,2023-02-26
1602,デニムジーンズ 36,ファッション,Classic,8962,663,デニムジーンズ 36の詳細説明です。高品質でおすすめの商品です。,2023-04-16
1603,スニーカー 36,ファッション,UrbanWear,5177,54,スニーカー 36の詳細説明です。高品質でおすすめの商品です。,2023-06-22
1604,レザージャケット 36,ファッション,StyleCo,42471,721,レザージャケット 36の詳細説明です。高品質でおすすめの商品です。,2023-04-02
1605,ウールコート 36,ファッション,UrbanWear,8742,408,ウールコート 36の詳細説明です。高品質でおすすめの商品です。,2023-10-11
1606,キャップ 36,ファッション,StyleCo,30559,948,キャップ 36の詳細説明です。高品質でおすすめの商品です。,2023-04-30
1607,バッグ 36,ファッション,StyleCo,11970,371,バッグ 36の詳細説明です。高品質でおすすめの商品です。,2023-11-09
1608,ベルト 36,ファッション,Classic,26920,632,ベルト 36の詳細説明です。高品質でおすすめの商品です。,2023-08-23
1609,サングラス 36,ファッション,Modern,33083,330,サングラス 36の詳細説明です。高品質でおすすめの商品です。,2023-03-07
1610,時計 36,ファッション,Modern,43789,277,時計 36の詳細説明です。高品質でおすすめの商品です。,2023-08-22
1611,コットンTシャツ 37,ファッション,UrbanWear,26385,422,コットンTシャツ 37の詳細説明です。高品質でおすすめの商品です。,2023-07-18
1612,デニムジーンズ 37,ファッション,Classic,34737,168,デニムジーンズ 37の詳細説明です。高品質でおすすめの商品です。,2023-05-15
1613,スニーカー 37,ファッション,Classic,35222,482,スニーカー 37の詳細説明です。高品質でおすすめの商品です。,2023-02-27
1614,レザージャケット 37,ファッション,Classic,37114,212,レザージャケット 37の詳細説明です。高品質でおすすめの商品です。,2023-09-13
1615,ウールコート 37,ファッション,Trendy,43878,305,ウールコート 37の詳細説明です。高品質でおすすめの商品です。,2023-11-15
1616,キャップ 37,ファッション,Modern,32663,426,キャップ 37の詳細説明です。高品質でおすすめの商品です。,2023-02-22
1617,バッグ 37,ファッション,Modern,17252,59,バッグ 37の詳細説明です。高品質でおすすめの商品です。,2023-05-25
1618,ベルト 37,ファッション,StyleCo,8996,862,ベルト 37の詳細説明です。高品質でおすすめの商品です。,2023-11-14
1619,サングラス 37,ファッション,Trendy,49917,559,サングラス 37の詳細説明です。高品質でおすすめの商品です。,2023-04-21
1620,時計 37,ファッション,Trendy,13948,141,時計 37の詳細説明です。高品質でおすすめの商品です。,2023-01-12
1621,コットンTシャツ 38,ファッション,UrbanWear,46089,486,コットンTシャツ 38の詳細説明です。高品質でおすすめの商品です。,2023-10-29
1622,デニムジーンズ 38,ファッション,UrbanWear,35286,169,デニムジーンズ 38の詳細説明です。高品質でおすすめの商品です。,2023-10-24
1623,スニーカー 38,ファッション,Trendy,11328,737,スニーカー 38の詳細説明です。高品質でおすすめの商品です。,2023-04-18
1624,レザージャケット 38,ファッション,StyleCo,49354,328,レザージャケット 38の詳細説明です。高品質でおすすめの商品です。,2023-07-28
1625,ウールコート 38,ファッション,StyleCo,49207,934,ウールコート 38の詳細説明です。高品質でおすすめの商品です。,2023-05-25
1626,キャップ 38,ファッション,Trendy,7840,853,キャップ 38の詳細説明です。高品質でおすすめの商品です。,2023-05-01
1627,バッグ 38,ファッション,StyleCo,45969,455,バッグ 38の詳細説明です。高品質でおすすめの商品です。,2023-06-06
1628,ベルト 38,ファッション,StyleCo,25116,267,ベルト 38の詳細説明です。高品質でおすすめの商品です。,2023-05-03
1629,サングラス 38,ファッション,Trendy,27329,300,サングラス 38の詳細説明です。高品質でおすすめの商品です。,2023-08-29
1630,時計 38,ファッション,Classic,48812,668,時計 38の詳細説明です。高品質でおすすめの商品です。,2023-12-26
1631,コットンTシャツ 39,ファッション,UrbanWear,34933,992,コットンTシャツ 39の詳細説明です。高品質でおすすめの商品です。,2023-12-13
1632,デニムジーンズ 39,ファッション,Classic,27223,269,デニムジーンズ 39の詳細説明です。高品質でおすすめの商品です。,2023-03-18
1633,スニーカー 39,ファッション,Modern,1602,590,スニーカー 39の詳細説明です。高品質でおすすめの商品です。,2023-10-21
1634,レザージャケット 39,ファッション,UrbanWear,8801,273,レザージャケット 39の詳細説明です。高品質でおすすめの商品です。,2023-09-28
1635,ウールコート 39,ファッション,Trendy,26342,694,ウールコート 39の詳細説明です。高品質でおすすめの商品です。,2023-01-17
1636,キャップ 39,ファッション,Classic,19834,0,キャップ 39の詳細説明です。高品質でおすすめの商品です。,2023-10-04
1637,バッグ 39,ファッション,UrbanWear,9314,81,バッグ 39の詳細説明です。高品質でおすすめの商品です。,2023-02-04
1638,ベルト 39,ファッション,StyleCo,39618,974,ベルト 39の詳細説明です。高品質でおすすめの商品です。,2023-08-03
1639,サングラス 39,ファッション,Trendy,11224,851,サングラス 39の詳細説明です。高品質でおすすめの商品です。,2023-03-03
1640,時計 39,ファッション,Modern,24025,471,時計 39の詳細説明です。高品質でおすすめの商品です。,2023-12-29
1641,コットンTシャツ 40,ファッション,StyleCo,11095,360,コットンTシャツ 40の詳細説明です。高品質でおすすめの商品です。,2023-05-19
1642,デニムジーンズ 40,ファッション,StyleCo,12944,279,デニムジーンズ 40の詳細説明です。高品質でおすすめの商品です。,2023-08-31
1643,スニーカー 40,ファッション,StyleCo,46708,251,スニーカー 40の詳細説明です。高品質でおすすめの商品です。,2023-08-23
1644,レザージャケット 40,ファッション,StyleCo,32504,223,レザージャケット 40の詳細説明です。高品質でおすすめの商品です。,2023-08-02
1645,ウールコート 40,ファッション,Classic,32870,7,ウールコート 40の詳細説明です。高品質でおすすめの商品です。,2023-05-05
1646,キャップ 40,ファッション,UrbanWear,14977,920,キャップ 40の詳細説明です。高品質でおすすめの商品です。,2023-10-31
1647,バッグ 40,ファッション,Classic,30008,739,バッグ 40の詳細説明です。高品質でおすすめの商品です。,2023-09-09
1648,ベルト 40,ファッション,UrbanWear,42718,360,ベルト 40の詳細説明です。高品質でおすすめの商品です。,2023-12-18
1649,サングラス 40,ファッション,StyleCo,45189,37,サングラス 40の詳細説明です。高品質でおすすめの商品です。,2023-05-06
1650,時計 40,ファッション,Classic,7799,451,時計 40の詳細説明です。高品質でおすすめの商品です。,2023-03-04
1651,コットンTシャツ 41,ファッション,UrbanWear,20463,740,コットンTシャツ 41の詳細説明です。高品質でおすすめの商品です。,2023-02-25
1652,デニムジーンズ 41,ファッション,Classic,15127,1,デニムジーンズ 41の詳細説明です。高品質でおすすめの商品です。,2023-07-23
1653,スニーカー 41,ファッション,Modern,45829,938,スニーカー 41の詳細説明です。高品質でおすすめの商品です。,2023-09-02
1654,レザージャケット 41,ファッション,Trendy,25832,788,レザージャケット 41の詳細説明です。高品質でおすすめの商品です。,2023-01-09
1655,ウールコート 41,ファッション,Trendy,23323,760,ウールコート 41の詳細説明です。高品質でおすすめの商品です。,2023-10-08
1656,キャップ 41,ファッション,Modern,1840,268,キャップ 41の詳細説明です。高品質でおすすめの商品です。,2023-12-09
1657,バッグ 41,ファッション,UrbanWear,18053,203,バッグ 41の詳細説明です。高品質でおすすめの商品です。,2023-09-02
1658,ベルト 41,ファッション,Classic,40048,791,ベルト 41の詳細説明です。高品質でおすすめの商品です。,2023-03-29
1659,サングラス 41,ファッション,UrbanWear,43323,145,サングラス 41の詳細説明です。高品質でおすすめの商品です。,2023-01-31
1660,時計 41,ファッション,UrbanWear,23814,786,時計 41の詳細説明です。高品質でおすすめの商品です。,2023-02-15
1661,コットンTシャツ 42,ファッション,Trendy,18631,495,コットンTシャツ 42の詳細説明です。高品質でおすすめの商品です。,2023-09-28
1662,デニムジーンズ 42,ファッション,Modern,5036,604,デニムジーンズ 42の詳細説明です。高品質でおすすめの商品です。,2023-09-02
1663,スニーカー 42,ファッション,Trendy,47736,790,スニーカー 42の詳細説明です。高品質でおすすめの商品です。,2023-05-18
1664,レザージャケット 42,ファッション,StyleCo,24328,326,レザージャケット 42の詳細説明です。高品質でおすすめの商品です。,2023-07-08
1665,ウールコート 42,ファッション,StyleCo,17338,344,ウールコート 42の詳細説明です。高品質でおすすめの商品です。,2023-01-01
1666,キャップ 42,ファッション,UrbanWear,44898,512,キャップ 42の詳細説明です。高品質でおすすめの商品です。,2023-12-19
1667,バッグ 42,ファッション,Modern,32551,483,バッグ 42の詳細説明です。高品質でおすすめの商品です。,2023-04-16
1668,ベルト 42,ファッション,Modern,29315,122,ベルト 42の詳細説明です。高品質でおすすめの商品です。,2023-08-14
1669,サングラス 42,ファッション,Classic,43943,753,サングラス 42の詳細説明です。高品質でおすすめの商品です。,2023-09-30
1670,時計 42,ファッション,Modern,22830,913,時計 42の詳細説明です。高品質でおすすめの商品です。,2023-07-12
1671,コットンTシャツ 43,ファッション,Trendy,18464,189,コットンTシャツ 43の詳細説明です。高品質でおすすめの商品です。,2023-08-05
1672,デニムジーンズ 43,ファッション,UrbanWear,42732,885,デニムジーンズ 43の詳細説明です。高品質でおすすめの商品です。,2023-09-04
1673,スニーカー 43,ファッション,Trendy,16307,637,スニーカー 43の詳細説明です。高品質でおすすめの商品です。,2023-03-20
1674,レザージャケット 43,ファッション,StyleCo,30906,62,レザージャケット 43の詳細説明です。高品質でおすすめの商品です。,2023-10-23
1675,ウールコート 43,ファッション,Modern,36839,150,ウールコート 43の詳細説明です。高品質でおすすめの商品です。,2023-05-10
1676,キャップ 43,ファッション,UrbanWear,7012,785,キャップ 43の詳細説明です。高品質でおすすめの商品です。,2023-05-09
1677,バッグ 43,ファッション,StyleCo,44696,497,バッグ 43の詳細説明です。高品質でおすすめの商品です。,2023-08-29
1678,ベルト 43,ファッション,Classic,29165,861,ベルト 43の詳細説明です。高品質でおすすめの商品です。,2023-06-20
1679,サングラス 43,ファッション,StyleCo,25030,538,サングラス 43の詳細説明です。高品質でおすすめの商品です。,2023-07-31
1680,時計 43,ファッション,Classic,10464,840,時計 43の詳細説明です。高品質でおすすめの商品です。,2023-09-30
1681,コットンTシャツ 44,ファッション,UrbanWear,48302,702,コットンTシャツ 44の詳細説明です。高品質でおすすめの商品です。,2023-03-12
1682,デニムジーンズ 44,ファッション,Trendy,26999,949,デニムジーンズ 44の詳細説明です。高品質でおすすめの商品です。,2023-05-16
1683,スニーカー 44,ファッション,Classic,44854,555,スニーカー 44の詳細説明です。高品質でおすすめの商品です。,2023-07-27
1684,レザージャケット 44,ファッション,StyleCo,18816,972,レザージャケット 44の詳細説明です。高品質でおすすめの商品です。,2023-05-06
1685,ウールコート 44,ファッション,Modern,47178,26,ウールコート 44の詳細説明です。高品質でおすすめの商品です。,2023-03-03
1686,キャップ 44,ファッション,StyleCo,17144,164,キャップ 44の詳細説明です。高品質でおすすめの商品です。,2023-01-04
1687,バッグ 44,ファッション,Classic,17784,790,バッグ 44の詳細説明です。高品質でおすすめの商品です。,2023-08-24
1688,ベルト 44,ファッション,UrbanWear,14996,62,ベルト 44の詳細説明です。高品質でおすすめの商品です。,2023-04-26
1689,サングラス 44,ファッション,Classic,18286,324,サングラス 44の詳細説明です。高品質でおすすめの商品です。,2023-06-01
1690,時計 44,ファッション,StyleCo,30668,797,時計 44の詳細説明です。高品質でおすすめの商品です。,2023-10-23
1691,コットンTシャツ 45,ファッション,StyleCo,1036,600,コットンTシャツ 45の詳細説明です。高品質でおすすめの商品です。,2023-12-07
1692,デニムジーンズ 45,ファッション,Modern,11558,191,デニムジーンズ 45の詳細説明です。高品質でおすすめの商品です。,2023-08-04
1693,スニーカー 45,ファッション,Trendy,29231,730,スニーカー 45の詳細説明です。高品質でおすすめの商品です。,2023-10-10
1694,レザージャケット 45,ファッション,UrbanWear,21652,171,レザージャケット 45の詳細説明です。高品質でおすすめの商品です。,2023-10-20
1695,ウールコート 45,ファッション,UrbanWear,36531,489,ウールコート 45の詳細説明です。高品質でおすすめの商品です。,2023-01-17
1696,キャップ 45,ファッション,Trendy,10119,732,キャップ 45の詳細説明です。高品質でおすすめの商品です。,2023-11-08
1697,バッグ 45,ファッション,Trendy,26322,28,バッグ 45の詳細説明です。高品質でおすすめの商品です。,2023-03-07
1698,ベルト 45,ファッション,UrbanWear,42763,304,ベルト 45の詳細説明です。高品質でおすすめの商品です。,2023-11-22
1699,サングラス 45,ファッション,Classic,9440,28,サングラス 45の詳細説明です。高品質でおすすめの商品です。,2023-01-17
1700,時計 45,ファッション,Classic,3249,651,時計 45の詳細説明です。高品質でおすすめの商品です。,2023-12-16
1701,コットンTシャツ 46,ファッション,Trendy,6132,181,コットンTシャツ 46の詳細説明です。高品質でおすすめの商品です。,2023-11-08
1702,デニムジーンズ 46,ファッション,Modern,37125,634,デニムジーンズ 46の詳細説明です。高品質でおすすめの商品です。,2023-11-27
1703,スニーカー 46,ファッション,Trendy,9749,707,スニーカー 46の詳細説明です。高品質でおすすめの商品です。,2023-06-02
1704,レザージャケット 46,ファッション,Modern,23134,32,レザージャケット 46の詳細説明です。高品質でおすすめの商品です。,2023-04-25
1705,ウールコート 46,ファッション,Trendy,25299,262,ウールコート 46の詳細説明です。高品質でおすすめの商品です。,2023-03-04
1706,キャップ 46,ファッション,UrbanWear,34409,457,キャップ 46の詳細説明です。高品質でおすすめの商品です。,2023-02-03
1707,バッグ 46,ファッション,StyleCo,17791,756,バッグ 46の詳細説明です。高品質でおすすめの商品です。,2023-05-13
1708,ベルト 46,ファッション,Trendy,24750,698,ベルト 46の詳細説明です。高品質でおすすめの商品です。,2023-09-02
1709,サングラス 46,ファッション,Trendy,5383,303,サングラス 46の詳細説明です。高品質でおすすめの商品です。,2023-05-04
1710,時計 46,ファッション,Classic,32378,32,時計 46の詳細説明です。高品質でおすすめの商品です。,2023-10-09
1711,コットンTシャツ 47,ファッション,StyleCo,33648,133,コットンTシャツ 47の詳細説明です。高品質でおすすめの商品です。,2023-07-07
1712,デニムジーンズ 47,ファッション,StyleCo,25841,326,デニムジーンズ 47の詳細説明です。高品質でおすすめの商品です。,2023-02-09
1713,スニーカー 47,ファッション,UrbanWear,49807,959,スニーカー 47の詳細説明です。高品質でおすすめの商品です。,2023-06-12
1714,レザージャケット 47,ファッション,Classic,36172,44,レザージャケット 47の詳細説明です。高品質でおすすめの商品です。,2023-07-15
1715,ウールコート 47,ファッション,Classic,17343,7,ウールコート 47の詳細説明です。高品質でおすすめの商品です。,2023-02-07
1716,キャップ 47,ファッション,Classic,31537,32,キャップ 47の詳細説明です。高品質でおすすめの商品です。,2023-02-01
1717,バッグ 47,ファッション,StyleCo,8013,321,バッグ 47の詳細説明です。高品質でおすすめの商品です。,2023-12-12
1718,ベルト 47,ファッション,Trendy,30812,52,ベルト 47の詳細説明です。高品質でおすすめの商品です。,2023-11-11
1719,サングラス 47,ファッション,Trendy,7476,26,サングラス 47の詳細説明です。高品質でおすすめの商品です。,2023-11-07
1720,時計 47,ファッション,Trendy,7273,453,時計 47の詳細説明です。高品質でおすすめの商品です。,2023-10-18
1721,コットンTシャツ 48,ファッション,StyleCo,22565,176,コットンTシャツ 48の詳細説明です。高品質でおすすめの商品です。,2023-10-05
1722,デニムジーンズ 48,ファッション,StyleCo,32192,158,デニムジーンズ 48の詳細説明です。高品質でおすすめの商品です。,2023-03-13
1723,スニーカー 48,ファッション,StyleCo,31745,406,スニーカー 48の詳細説明です。高品質でおすすめの商品です。,2023-03-17
1724,レザージャケット 48,ファッション,UrbanWear,35516,946,レザージャケット 48の詳細説明です。高品質でおすすめの商品です。,2023-04-20
1725,ウールコート 48,ファッション,Trendy,17943,8,ウールコート 48の詳細説明です。高品質でおすすめの商品です。,2023-08-23
1726,キャップ 48,ファッション,Modern,24052,670,キャップ 48の詳細説明です。高品質でおすすめの商品です。,2023-06-14
1727,バッグ 48,ファッション,StyleCo,44107,853,バッグ 48の詳細説明です。高品質でおすすめの商品です。,2023-12-09
1728,ベルト 48,ファッション,UrbanWear,38983,658,ベルト 48の詳細説明です。高品質でおすすめの商品です。,2023-09-14
1729,サングラス 48,ファッション,UrbanWear,6246,965,サングラス 48の詳細説明です。高品質でおすすめの商品です。,2023-11-25
1730,時計 48,ファッション,StyleCo,39379,153,時計 48の詳細説明です。高品質でおすすめの商品です。,2023-04-08
1731,コットンTシャツ 49,ファッション,Trendy,13899,985,コットンTシャツ 49の詳細説明です。高品質でおすすめの商品です。,2023-02-20
1732,デニムジーンズ 49,ファッション,Modern,14226,941,デニムジーンズ 49の詳細説明です。高品質でおすすめの商品です。,2023-04-22
1733,スニーカー 49,ファッション,Modern,20162,543,スニーカー 49の詳細説明です。高品質でおすすめの商品です。,2023-02-11
1734,レザージャケット 49,ファッション,Trendy,17989,767,レザージャケット 49の詳細説明です。高品質でおすすめの商品です。,2023-06-29
1735,ウールコート 49,ファッション,UrbanWear,10331,865,ウールコート 49の詳細説明です。高品質でおすすめの商品です。,2023-09-28
1736,キャップ 49,ファッション,Classic,43421,873,キャップ 49の詳細説明です。高品質でおすすめの商品です。,2023-07-09
1737,バッグ 49,ファッション,Classic,46650,937,バッグ 49の詳細説明です。高品質でおすすめの商品です。,2023-05-22
1738,ベルト 49,ファッション,Modern,31307,305,ベルト 49の詳細説明です。高品質でおすすめの商品です。,2023-06-17
1739,サングラス 49,ファッション,Modern,6340,604,サングラス 49の詳細説明です。高品質でおすすめの商品です。,2023-07-30
1740,時計 49,ファッション,UrbanWear,41732,408,時計 49の詳細説明です。高品質でおすすめの商品です。,2023-05-05
1741,コットンTシャツ 50,ファッション,Classic,40957,1,コットンTシャツ 50の詳細説明です。高品質でおすすめの商品です。,2023-10-21
1742,デニムジーンズ 50,ファッション,StyleCo,47204,794,デニムジーンズ 50の詳細説明です。高品質でおすすめの商品です。,2023-06-04
1743,スニーカー 50,ファッション,StyleCo,34480,878,スニーカー 50の詳細説明です。高品質でおすすめの商品です。,2023-12-24
1744,レザージャケット 50,ファッション,UrbanWear,1148,429,レザージャケット 50の詳細説明です。高品質でおすすめの商品です。,2023-10-04
1745,ウールコート 50,ファッション,Classic,30703,540,ウールコート 50の詳細説明です。高品質でおすすめの商品です。,2023-10-02
1746,キャップ 50,ファッション,Modern,15495,2,キャップ 50の詳細説明です。高品質でおすすめの商品です。,2023-02-07
1747,バッグ 50,ファッション,StyleCo,47903,312,バッグ 50の詳細説明です。高品質でおすすめの商品です。,2023-06-01
1748,ベルト 50,ファッション,Classic,34127,692,ベルト 50の詳細説明です。高品質でおすすめの商品です。,2023-04-22
1749,サングラス 50,ファッション,StyleCo,28375,647,サングラス 50の詳細説明です。高品質でおすすめの商品です。,2023-07-30
1750,時計 50,ファッション,UrbanWear,27587,767,時計 50の詳細説明です。高品質でおすすめの商品です。,2023-01-30
1751,コットンTシャツ 51,ファッション,Modern,6211,680,コットンTシャツ 51の詳細説明です。高品質でおすすめの商品です。,2023-06-08
1752,デニムジーンズ 51,ファッション,Classic,7832,894,デニムジーンズ 51の詳細説明です。高品質でおすすめの商品です。,2023-08-21
1753,スニーカー 51,ファッション,StyleCo,37833,694,スニーカー 51の詳細説明です。高品質でおすすめの商品です。,2023-07-02
1754,レザージャケット 51,ファッション,UrbanWear,38124,228,レザージャケット 51の詳細説明です。高品質でおすすめの商品です。,2023-10-15
1755,ウールコート 51,ファッション,Trendy,41571,881,ウールコート 51の詳細説明です。高品質でおすすめの商品です。,2023-01-28
1756,キャップ 51,ファッション,Modern,16944,125,キャップ 51の詳細説明です。高品質でおすすめの商品です。,2023-07-25
1757,バッグ 51,ファッション,Modern,25452,80,バッグ 51の詳細説明です。高品質でおすすめの商品です。,2023-07-27
1758,ベルト 51,ファッション,StyleCo,10084,779,ベルト 51の詳細説明です。高品質でおすすめの商品です。,2023-10-20
1759,サングラス 51,ファッション,UrbanWear,40693,564,サングラス 51の詳細説明です。高品質でおすすめの商品です。,2023-05-19
1760,時計 51,ファッション,Modern,17923,532,時計 51の詳細説明です。高品質でおすすめの商品です。,2023-01-07
1761,コットンTシャツ 52,ファッション,Trendy,5013,824,コットンTシャツ 52の詳細説明です。高品質でおすすめの商品です。,2023-12-07
1762,デニムジーンズ 52,ファッション,Classic,18069,44,デニムジーンズ 52の詳細説明です。高品質でおすすめの商品です。,2023-07-15
1763,スニーカー 52,ファッション,Modern,4817,39,スニーカー 52の詳細説明です。高品質でおすすめの商品です。,2023-02-25
1764,レザージャケット 52,ファッション,Classic,2964,278,レザージャケット 52の詳細説明です。高品質でおすすめの商品です。,2023-11-09
1765,ウールコート 52,ファッション,UrbanWear,38173,845,ウールコート 52の詳細説明です。高品質でおすすめの商品です。,2023-10-13
1766,キャップ 52,ファッション,Modern,36963,208,キャップ 52の詳細説明です。高品質でおすすめの商品です。,2023-07-15
1767,バッグ 52,ファッション,Modern,6143,986,バッグ 52の詳細説明です。高品質でおすすめの商品です。,2023-02-09
1768,ベルト 52,ファッション,Classic,9605,101,ベルト 52の詳細説明です。高品質でおすすめの商品です。,2023-12-08
1769,サングラス 52,ファッション,UrbanWear,10619,81,サングラス 52の詳細説明です。高品質でおすすめの商品です。,2023-03-29
1770,時計 52,ファッション,Trendy,11727,964,時計 52の詳細説明です。高品質でおすすめの商品です。,2023-08-14
1771,コットンTシャツ 53,ファッション,Classic,36498,920,コットンTシャツ 53の詳細説明です。高品質でおすすめの商品です。,2023-10-26
1772,デニムジーンズ 53,ファッション,Trendy,15337,998,デニムジーンズ 53の詳細説明です。高品質でおすすめの商品です。,2023-03-16
1773,スニーカー 53,ファッション,Trendy,28202,355,スニーカー 53の詳細説明です。高品質でおすすめの商品です。,2023-10-20
1774,レザージャケット 53,ファッション,Trendy,34537,202,レザージャケット 53の詳細説明です。高品質でおすすめの商品です。,2023-08-24
1775,ウールコート 53,ファッション,Trendy,43520,396,ウールコート 53の詳細説明です。高品質でおすすめの商品です。,2023-02-15
1776,キャップ 53,ファッション,Trendy,28576,372,キャップ 53の詳細説明です。高品質でおすすめの商品です。,2023-06-28
1777,バッグ 53,ファッション,StyleCo,35208,134,バッグ 53の詳細説明です。高品質でおすすめの商品です。,2023-10-11
1778,ベルト 53,ファッション,StyleCo,5137,840,ベルト 53の詳細説明です。高品質でおすすめの商品です。,2023-06-18
1779,サングラス 53,ファッション,UrbanWear,22839,50,サングラス 53の詳細説明です。高品質でおすすめの商品です。,2023-06-06
1780,時計 53,ファッション,Trendy,33831,876,時計 53の詳細説明です。高品質でおすすめの商品です。,2023-10-07
1781,コットンTシャツ 54,ファッション,StyleCo,4076,343,コットンTシャツ 54の詳細説明です。高品質でおすすめの商品です。,2023-04-24
1782,デニムジーンズ 54,ファッション,Classic,37062,67,デニムジーンズ 54の詳細説明です。高品質でおすすめの商品です。,2023-10-25
1783,スニーカー 54,ファッション,Trendy,18683,821,スニーカー 54の詳細説明です。高品質でおすすめの商品です。,2024-01-01
1784,レザージャケット 54,ファッション,StyleCo,41105,10,レザージャケット 54の詳細説明です。高品質でおすすめの商品です。,2023-10-29
1785,ウールコート 54,ファッション,UrbanWear,9350,571,ウールコート 54の詳細説明です。高品質でおすすめの商品です。,2023-11-13
1786,キャップ 54,ファッション,Trendy,20417,893,キャップ 54の詳細説明です。高品質でおすすめの商品です。,2023-06-16
1787,バッグ 54,ファッション,Modern,29932,512,バッグ 54の詳細説明です。高品質でおすすめの商品です。,2023-05-18
1788,ベルト 54,ファッション,Trendy,23621,403,ベルト 54の詳細説明です。高品質でおすすめの商品です。,2023-10-06
1789,サングラス 54,ファッション,Modern,20627,262,サングラス 54の詳細説明です。高品質でおすすめの商品です。,2023-01-14
1790,時計 54,ファッション,Modern,13904,545,時計 54の詳細説明です。高品質でおすすめの商品です。,2023-03-24
1791,コットンTシャツ 55,ファッション,UrbanWear,16243,466,コットンTシャツ 55の詳細説明です。高品質でおすすめの商品です。,2023-07-26
1792,デニムジーンズ 55,ファッション,UrbanWear,28334,131,デニムジーンズ 55の詳細説明です。高品質でおすすめの商品です。,2023-08-23
1793,スニーカー 55,ファッション,UrbanWear,16523,474,スニーカー 55の詳細説明です。高品質でおすすめの商品です。,2023-10-11
1794,レザージャケット 55,ファッション,StyleCo,18060,87,レザージャケット 55の詳細説明です。高品質でおすすめの商品です。,2023-02-09
1795,ウールコート 55,ファッション,StyleCo,514,940,ウールコート 55の詳細説明です。高品質でおすすめの商品です。,2023-12-20
1796,キャップ 55,ファッション,Classic,11459,920,キャップ 55の詳細説明です。高品質でおすすめの商品です。,2023-03-26
1797,バッグ 55,ファッション,Trendy,13563,582,バッグ 55の詳細説明です。高品質でおすすめの商品です。,2023-05-12
1798,ベルト 55,ファッション,Modern,45686,407,ベルト 55の詳細説明です。高品質でおすすめの商品です。,2023-12-24
1799,サングラス 55,ファッション,Classic,45877,965,サングラス 55の詳細説明です。高品質でおすすめの商品です。,2023-04-07
1800,時計 55,ファッション,Modern,22162,333,時計 55の詳細説明です。高品質でおすすめの商品です。,2023-04-07
1801,コットンTシャツ 56,ファッション,Trendy,39835,795,コットンTシャツ 56の詳細説明です。高品質でおすすめの商品です。,2023-03-26
1802,デニムジーンズ 56,ファッション,Classic,34205,339,デニムジーンズ 56の詳細説明です。高品質でおすすめの商品です。,2023-02-05
1803,スニーカー 56,ファッション,UrbanWear,19663,678,スニーカー 56の詳細説明です。高品質でおすすめの商品です。,2023-09-16
1804,レザージャケット 56,ファッション,Classic,9444,128,レザージャケット 56の詳細説明です。高品質でおすすめの商品です。,2023-03-05
1805,ウールコート 56,ファッション,Classic,20914,183,ウールコート 56の詳細説明です。高品質でおすすめの商品です。,2023-08-09
1806,キャップ 56,ファッション,Modern,6809,2,キャップ 56の詳細説明です。高品質でおすすめの商品です。,2023-05-09
1807,バッグ 56,ファッション,StyleCo,15858,684,バッグ 56の詳細説明です。高品質でおすすめの商品です。,2023-03-30
1808,ベルト 56,ファッション,Classic,3676,648,ベルト 56の詳細説明です。高品質でおすすめの商品です。,2023-03-31
1809,サングラス 56,ファッション,Modern,38183,219,サングラス 56の詳細説明です。高品質でおすすめの商品です。,2023-12-04
1810,時計 56,ファッション,Trendy,2197,931,時計 56の詳細説明です。高品質でおすすめの商品です。,2023-05-18
1811,コットンTシャツ 57,ファッション,UrbanWear,45570,179,コットンTシャツ 57の詳細説明です。高品質でおすすめの商品です。,2023-06-07
1812,デニムジーンズ 57,ファッション,Trendy,31690,467,デニムジーンズ 57の詳細説明です。高品質でおすすめの商品です。,2023-06-10
1813,スニーカー 57,ファッション,StyleCo,2750,917,スニーカー 57の詳細説明です。高品質でおすすめの商品です。,2023-02-27
1814,レザージャケット 57,ファッション,Modern,41517,219,レザージャケット 57の詳細説明です。高品質でおすすめの商品です。,2023-10-17
1815,ウールコート 57,ファッション,StyleCo,46373,513,ウールコート 57の詳細説明です。高品質でおすすめの商品です。,2023-07-04
1816,キャップ 57,ファッション,StyleCo,13839,46,キャップ 57の詳細説明です。高品質でおすすめの商品です。,2023-08-24
1817,バッグ 57,ファッション,UrbanWear,21697,904,バッグ 57の詳細説明です。高品質でおすすめの商品です。,2023-09-27
1818,ベルト 57,ファッション,Classic,19686,503,ベルト 57の詳細説明です。高品質でおすすめの商品です。,2023-02-16
1819,サングラス 57,ファッション,StyleCo,6842,4,サングラス 57の詳細説明です。高品質でおすすめの商品です。,2023-06-28
1820,時計 57,ファッション,Trendy,1369,81,時計 57の詳細説明です。高品質でおすすめの商品です。,2023-07-13
1821,コットンTシャツ 58,ファッション,StyleCo,3370,530,コットンTシャツ 58の詳細説明です。高品質でおすすめの商品です。,2023-06-26
1822,デニムジーンズ 58,ファッション,Classic,43787,43,デニムジーンズ 58の詳細説明です。高品質でおすすめの商品です。,2023-12-16
1823,スニーカー 58,ファッション,Modern,49725,697,スニーカー 58の詳細説明です。高品質でおすすめの商品です。,2023-10-29
1824,レザージャケット 58,ファッション,UrbanWear,45510,717,レザージャケット 58の詳細説明です。高品質でおすすめの商品です。,2023-10-29
1825,ウールコート 58,ファッション,UrbanWear,6255,420,ウールコート 58の詳細説明です。高品質でおすすめの商品です。,2023-06-14
1826,キャップ 58,ファッション,Trendy,18152,89,キャップ 58の詳細説明です。高品質でおすすめの商品です。,2023-05-02
1827,バッグ 58,ファッション,Classic,32039,711,バッグ 58の詳細説明です。高品質でおすすめの商品です。,2023-03-26
1828,ベルト 58,ファッション,Modern,7025,840,ベルト 58の詳細説明です。高品質でおすすめの商品です。,2023-04-11
1829,サングラス 58,ファッション,Modern,29897,552,サングラス 58の詳細説明です。高品質でおすすめの商品です。,2023-02-03
1830,時計 58,ファッション,Modern,28326,745,時計 58の詳細説明です。高品質でおすすめの商品です。,2023-01-31
1831,コットンTシャツ 59,ファッション,UrbanWear,14031,236,コットンTシャツ 59の詳細説明です。高品質でおすすめの商品です。,2023-02-18
1832,デニムジーンズ 59,ファッション,Modern,43965,130,デニムジーンズ 59の詳細説明です。高品質でおすすめの商品です。,2023-03-28
1833,スニーカー 59,ファッション,Modern,15062,46,スニーカー 59の詳細説明です。高品質でおすすめの商品です。,2023-11-19
1834,レザージャケット 59,ファッション,Modern,11246,613,レザージャケット 59の詳細説明です。高品質でおすすめの商品です。,2023-10-19
1835,ウールコート 59,ファッション,UrbanWear,3601,801,ウールコート 59の詳細説明です。高品質でおすすめの商品です。,2023-04-18
1836,キャップ 59,ファッション,Classic,43549,769,キャップ 59の詳細説明です。高品質でおすすめの商品です。,2023-12-23
1837,バッグ 59,ファッション,UrbanWear,9036,248,バッグ 59の詳細説明です。高品質でおすすめの商品です。,2023-04-11
1838,ベルト 59,ファッション,UrbanWear,44582,297,ベルト 59の詳細説明です。高品質でおすすめの商品です。,2023-05-07
1839,サングラス 59,ファッション,Trendy,34700,903,サングラス 59の詳細説明です。高品質でおすすめの商品です。,2023-02-22
1840,時計 59,ファッション,UrbanWear,17612,366,時計 59の詳細説明です。高品質でおすすめの商品です。,2023-04-28
1841,コットンTシャツ 60,ファッション,Trendy,42619,655,コットンTシャツ 60の詳細説明です。高品質でおすすめの商品です。,2023-05-02
1842,デニムジーンズ 60,ファッション,Trendy,20018,213,デニムジーンズ 60の詳細説明です。高品質でおすすめの商品です。,2023-05-30
1843,スニーカー 60,ファッション,UrbanWear,26330,445,スニーカー 60の詳細説明です。高品質でおすすめの商品です。,2023-09-22
1844,レザージャケット 60,ファッション,UrbanWear,33265,308,レザージャケット 60の詳細説明です。高品質でおすすめの商品です。,2023-08-18
1845,ウールコート 60,ファッション,StyleCo,2196,303,ウールコート 60の詳細説明です。高品質でおすすめの商品です。,2023-10-03
1846,キャップ 60,ファッション,UrbanWear,11561,817,キャップ 60の詳細説明です。高品質でおすすめの商品です。,2023-07-13
1847,バッグ 60,ファッション,Trendy,39913,143,バッグ 60の詳細説明です。高品質でおすすめの商品です。,2023-03-01
1848,ベルト 60,ファッション,Trendy,1212,991,ベルト 60の詳細説明です。高品質でおすすめの商品です。,2023-03-17
1849,サングラス 60,ファッション,StyleCo,1412,347,サングラス 60の詳細説明です。高品質でおすすめの商品です。,2023-03-08
1850,時計 60,ファッション,Modern,20310,909,時計 60の詳細説明です。高品質でおすすめの商品です。,2023-04-14
1851,コットンTシャツ 61,ファッション,StyleCo,5209,941,コットンTシャツ 61の詳細説明です。高品質でおすすめの商品です。,2023-09-21
1852,デニムジーンズ 61,ファッション,Modern,49138,320,デニムジーンズ 61の詳細説明です。高品質でおすすめの商品です。,2023-10-13
1853,スニーカー 61,ファッション,Classic,25736,226,スニーカー 61の詳細説明です。高品質でおすすめの商品です。,2023-06-01
1854,レザージャケット 61,ファッション,UrbanWear,49430,203,レザージャケット 61の詳細説明です。高品質でおすすめの商品です。,2023-07-14
1855,ウールコート 61,ファッション,UrbanWear,12603,385,ウールコート 61の詳細説明です。高品質でおすすめの商品です。,2023-06-13
1856,キャップ 61,ファッション,UrbanWear,23395,394,キャップ 61の詳細説明です。高品質でおすすめの商品です。,2023-02-09
1857,バッグ 61,ファッション,Trendy,26072,253,バッグ 61の詳細説明です。高品質でおすすめの商品です。,2023-01-16
1858,ベルト 61,ファッション,Modern,38406,542,ベルト 61の詳細説明です。高品質でおすすめの商品です。,2023-04-29
1859,サングラス 61,ファッション,StyleCo,12058,866,サングラス 61の詳細説明です。高品質でおすすめの商品です。,2023-04-09
1860,時計 61,ファッション,Modern,27956,48,時計 61の詳細説明です。高品質でおすすめの商品です。,2023-08-11
1861,コットンTシャツ 62,ファッション,Modern,36841,828,コットンTシャツ 62の詳細説明です。高品質でおすすめの商品です。,2023-06-25
1862,デニムジーンズ 62,ファッション,Modern,23224,889,デニムジーンズ 62の詳細説明です。高品質でおすすめの商品です。,2023-11-24
1863,スニーカー 62,ファッション,StyleCo,32706,799,スニーカー 62の詳細説明です。高品質でおすすめの商品です。,2023-03-28
1864,レザージャケット 62,ファッション,Classic,13214,68,レザージャケット 62の詳細説明です。高品質でおすすめの商品です。,2023-04-13
1865,ウールコート 62,ファッション,Classic,41490,587,ウールコート 62の詳細説明です。高品質でおすすめの商品です。,2023-06-05
1866,キャップ 62,ファッション,Modern,14137,211,キャップ 62の詳細説明です。高品質でおすすめの商品です。,2023-12-18
1867,バッグ 62,ファッション,Modern,46789,971,バッグ 62の詳細説明です。高品質でおすすめの商品です。,2023-06-03
1868,ベルト 62,ファッション,Classic,6237,588,ベルト 62の詳細説明です。高品質でおすすめの商品です。,2023-11-08
1869,サングラス 62,ファッション,Modern,23208,670,サングラス 62の詳細説明です。高品質でおすすめの商品です。,2023-03-16
1870,時計 62,ファッション,Modern,22713,502,時計 62の詳細説明です。高品質でおすすめの商品です。,2023-02-09
1871,コットンTシャツ 63,ファッション,Trendy,19466,513,コットンTシャツ 63の詳細説明です。高品質でおすすめの商品です。,2023-09-16
1872,デニムジーンズ 63,ファッション,Modern,16053,619,デニムジーンズ 63の詳細説明です。高品質でおすすめの商品です。,2023-06-28
1873,スニーカー 63,ファッション,Modern,19680,606,スニーカー 63の詳細説明です。高品質でおすすめの商品です。,2023-04-09
1874,レザージャケット 63,ファッション,UrbanWear,2961,882,レザージャケット 63の詳細説明です。高品質でおすすめの商品です。,2023-01-19
1875,ウールコート 63,ファッション,Modern,41887,827,ウールコート 63の詳細説明です。高品質でおすすめの商品です。,2023-11-24
1876,キャップ 63,ファッション,StyleCo,24392,347,キャップ 63の詳細説明です。高品質でおすすめの商品です。,2023-03-29
1877,バッグ 63,ファッション,StyleCo,35529,584,バッグ 63の詳細説明です。高品質でおすすめの商品です。,2023-10-30
1878,ベルト 63,ファッション,UrbanWear,37460,335,ベルト 63の詳細説明です。高品質でおすすめの商品です。,2023-04-08
1879,サングラス 63,ファッション,Classic,48312,370,サングラス 63の詳細説明です。高品質でおすすめの商品です。,2023-09-29
1880,時計 63,ファッション,Trendy,8381,323,時計 63の詳細説明です。高品質でおすすめの商品です。,2023-12-03
1881,コットンTシャツ 64,ファッション,Modern,7856,719,コットンTシャツ 64の詳細説明です。高品質でおすすめの商品です。,2023-08-14
1882,デニムジーンズ 64,ファッション,Classic,17603,963,デニムジーンズ 64の詳細説明です。高品質でおすすめの商品です。,2023-04-12
1883,スニーカー 64,ファッション,Classic,46498,558,スニーカー 64の詳細説明です。高品質でおすすめの商品です。,2023-09-06
1884,レザージャケット 64,ファッション,Trendy,44489,835,レザージャケット 64の詳細説明です。高品質でおすすめの商品です。,2023-07-16
1885,ウールコート 64,ファッション,StyleCo,20059,363,ウールコート 64の詳細説明です。高品質でおすすめの商品です。,2023-11-26
1886,キャップ 64,ファッション,Modern,25854,910,キャップ 64の詳細説明です。高品質でおすすめの商品です。,2023-11-15
1887,バッグ 64,ファッション,Modern,18185,355,バッグ 64の詳細説明です。高品質でおすすめの商品です。,2023-11-03
1888,ベルト 64,ファッション,StyleCo,42661,660,ベルト 64の詳細説明です。高品質でおすすめの商品です。,2023-09-14
1889,サングラス 64,ファッション,Modern,44651,702,サングラス 64の詳細説明です。高品質でおすすめの商品です。,2023-07-10
1890,時計 64,ファッション,Classic,24099,329,時計 64の詳細説明です。高品質でおすすめの商品です。,2023-02-10
1891,コットンTシャツ 65,ファッション,UrbanWear,24614,979,コットンTシャツ 65の詳細説明です。高品質でおすすめの商品です。,2023-03-03
1892,デニムジーンズ 65,ファッション,Classic,34476,75,デニムジーンズ 65の詳細説明です。高品質でおすすめの商品です。,2023-04-13
1893,スニーカー 65,ファッション,UrbanWear,46102,340,スニーカー 65の詳細説明です。高品質でおすすめの商品です。,2023-05-06
1894,レザージャケット 65,ファッション,StyleCo,5296,55,レザージャケット 65の詳細説明です。高品質でおすすめの商品です。,2023-09-07
1895,ウールコート 65,ファッション,Modern,14649,289,ウールコート 65の詳細説明です。高品質でおすすめの商品です。,2023-10-20
1896,キャップ 65,ファッション,Classic,20031,311,キャップ 65の詳細説明です。高品質でおすすめの商品です。,2023-04-04
1897,バッグ 65,ファッション,Classic,37278,367,バッグ 65の詳細説明です。高品質でおすすめの商品です。,2023-12-07
1898,ベルト 65,ファッション,Classic,49601,129,ベルト 65の詳細説明です。高品質でおすすめの商品です。,2023-04-19
1899,サングラス 65,ファッション,Trendy,11625,300,サングラス 65の詳細説明です。高品質でおすすめの商品です。,2023-05-16
1900,時計 65,ファッション,StyleCo,13755,457,時計 65の詳細説明です。高品質でおすすめの商品です。,2023-10-22
1901,コットンTシャツ 66,ファッション,Modern,2562,767,コットンTシャツ 66の詳細説明です。高品質でおすすめの商品です。,2023-06-13
1902,デニムジーンズ 66,ファッション,Classic,23375,228,デニムジーンズ 66の詳細説明です。高品質でおすすめの商品です。,2023-06-04
1903,スニーカー 66,ファッション,Classic,11717,215,スニーカー 66の詳細説明です。高品質でおすすめの商品です。,2023-12-08
1904,レザージャケット 66,ファッション,Modern,1924,587,レザージャケット 66の詳細説明です。高品質でおすすめの商品です。,2023-01-07
1905,ウールコート 66,ファッション,StyleCo,18078,88,ウールコート 66の詳細説明です。高品質でおすすめの商品です。,2023-01-20
1906,キャップ 66,ファッション,Modern,19432,66,キャップ 66の詳細説明です。高品質でおすすめの商品です。,2023-07-13
1907,バッグ 66,ファッション,Classic,31923,157,バッグ 66の詳細説明です。高品質でおすすめの商品です。,2023-03-24
1908,ベルト 66,ファッション,StyleCo,43444,164,ベルト 66の詳細説明です。高品質でおすすめの商品です。,2023-05-19
1909,サングラス 66,ファッション,Classic,6864,951,サングラス 66の詳細説明です。高品質でおすすめの商品です。,2023-03-18
1910,時計 66,ファッション,Trendy,21157,79,時計 66の詳細説明です。高品質でおすすめの商品です。,2023-01-10
1911,コットンTシャツ 67,ファッション,Modern,37524,330,コットンTシャツ 67の詳細説明です。高品質でおすすめの商品です。,2023-06-27
1912,デニムジーンズ 67,ファッション,Modern,44193,978,デニムジーンズ 67の詳細説明です。高品質でおすすめの商品です。,2023-11-29
1913,スニーカー 67,ファッション,Classic,39121,43,スニーカー 67の詳細説明です。高品質でおすすめの商品です。,2023-03-08
1914,レザージャケット 67,ファッション,Modern,25619,30,レザージャケット 67の詳細説明です。高品質でおすすめの商品です。,2023-11-01
1915,ウールコート 67,ファッション,Classic,34549,887,ウールコート 67の詳細説明です。高品質でおすすめの商品です。,2023-03-31
1916,キャップ 67,ファッション,Trendy,7026,424,キャップ 67の詳細説明です。高品質でおすすめの商品です。,2023-02-05
1917,バッグ 67,ファッション,Classic,25612,860,バッグ 67の詳細説明です。高品質でおすすめの商品です。,2023-08-20
1918,ベルト 67,ファッション,StyleCo,47015,970,ベルト 67の詳細説明です。高品質でおすすめの商品です。,2023-07-05
1919,サングラス 67,ファッション,UrbanWear,13877,534,サングラス 67の詳細説明です。高品質でおすすめの商品です。,2023-09-16
1920,時計 67,ファッション,Classic,5441,585,時計 67の詳細説明です。高品質でおすすめの商品です。,2023-09-01
1921,コットンTシャツ 68,ファッション,Modern,32899,313,コットンTシャツ 68の詳細説明です。高品質でおすすめの商品です。,2023-05-18
1922,デニムジーンズ 68,ファッション,Classic,31517,986,デニムジーンズ 68の詳細説明です。高品質でおすすめの商品です。,2023-01-04
1923,スニーカー 68,ファッション,Modern,37434,986,スニーカー 68の詳細説明です。高品質でおすすめの商品です。,2023-05-30
1924,レザージャケット 68,ファッション,Trendy,18231,566,レザージャケット 68の詳細説明です。高品質でおすすめの商品です。,2023-04-22
1925,ウールコート 68,ファッション,Trendy,9005,922,ウールコート 68の詳細説明です。高品質でおすすめの商品です。,2023-11-29
1926,キャップ 68,ファッション,Trendy,39336,398,キャップ 68の詳細説明です。高品質でおすすめの商品です。,2023-05-12
1927,バッグ 68,ファッション,UrbanWear,39737,498,バッグ 68の詳細説明です。高品質でおすすめの商品です。,2023-06-11
1928,ベルト 68,ファッション,Trendy,23238,518,ベルト 68の詳細説明です。高品質でおすすめの商品です。,2023-06-22
1929,サングラス 68,ファッション,StyleCo,9050,540,サングラス 68の詳細説明です。高品質でおすすめの商品です。,2023-12-21
1930,時計 68,ファッション,Classic,35839,864,時計 68の詳細説明です。高品質でおすすめの商品です。,2023-02-27
1931,コットンTシャツ 69,ファッション,Classic,43362,925,コットンTシャツ 69の詳細説明です。高品質でおすすめの商品です。,2023-01-11
1932,デニムジーンズ 69,ファッション,UrbanWear,32223,775,デニムジーンズ 69の詳細説明です。高品質でおすすめの商品です。,2023-11-18
1933,スニーカー 69,ファッション,StyleCo,20678,490,スニーカー 69の詳細説明です。高品質でおすすめの商品です。,2023-08-18
1934,レザージャケット 69,ファッション,Modern,44086,389,レザージャケット 69の詳細説明です。高品質でおすすめの商品です。,2023-06-19
1935,ウールコート 69,ファッション,Classic,6568,160,ウールコート 69の詳細説明です。高品質でおすすめの商品です。,2023-04-06
1936,キャップ 69,ファッション,Classic,17427,924,キャップ 69の詳細説明です。高品質でおすすめの商品です。,2023-09-23
1937,バッグ 69,ファッション,StyleCo,29585,778,バッグ 69の詳細説明です。高品質でおすすめの商品です。,2023-03-07
1938,ベルト 69,ファッション,UrbanWear,28929,663,ベルト 69の詳細説明です。高品質でおすすめの商品です。,2023-12-25
1939,サングラス 69,ファッション,Classic,23451,29,サングラス 69の詳細説明です。高品質でおすすめの商品です。,2023-10-02
1940,時計 69,ファッション,StyleCo,31158,665,時計 69の詳細説明です。高品質でおすすめの商品です。,2023-05-20
1941,コットンTシャツ 70,ファッション,Modern,5601,877,コットンTシャツ 70の詳細説明です。高品質でおすすめの商品です。,2023-06-03
1942,デニムジーンズ 70,ファッション,StyleCo,42854,31,デニムジーンズ 70の詳細説明です。高品質でおすすめの商品です。,2023-11-14
1943,スニーカー 70,ファッション,Modern,26486,527,スニーカー 70の詳細説明です。高品質でおすすめの商品です。,2023-03-14
1944,レザージャケット 70,ファッション,Modern,38853,765,レザージャケット 70の詳細説明です。高品質でおすすめの商品です。,2023-11-25
1945,ウールコート 70,ファッション,StyleCo,21266,389,ウールコート 70の詳細説明です。高品質でおすすめの商品です。,2023-05-04
1946,キャップ 70,ファッション,Trendy,29286,730,キャップ 70の詳細説明です。高品質でおすすめの商品です。,2023-10-31
1947,バッグ 70,ファッション,UrbanWear,1210,854,バッグ 70の詳細説明です。高品質でおすすめの商品です。,2023-07-27
1948,ベルト 70,ファッション,Modern,42025,704,ベルト 70の詳細説明です。高品質でおすすめの商品です。,2023-03-26
1949,サングラス 70,ファッション,UrbanWear,41498,804,サングラス 70の詳細説明です。高品質でおすすめの商品です。,2023-06-13
1950,時計 70,ファッション,Modern,28052,491,時計 70の詳細説明です。高品質でおすすめの商品です。,2023-08-18
1951,コットンTシャツ 71,ファッション,UrbanWear,45747,504,コットンTシャツ 71の詳細説明です。高品質でおすすめの商品です。,2023-04-13
1952,デニムジーンズ 71,ファッション,Trendy,13973,584,デニムジーンズ 71の詳細説明です。高品質でおすすめの商品です。,2023-08-01
1953,スニーカー 71,ファッション,Modern,14633,631,スニーカー 71の詳細説明です。高品質でおすすめの商品です。,2023-09-29
1954,レザージャケット 71,ファッション,Classic,947,385,レザージャケット 71の詳細説明です。高品質でおすすめの商品です。,2023-02-01
1955,ウールコート 71,ファッション,Trendy,38503,370,ウールコート 71の詳細説明です。高品質でおすすめの商品です。,2023-09-08
1956,キャップ 71,ファッション,StyleCo,23735,726,キャップ 71の詳細説明です。高品質でおすすめの商品です。,2023-12-20
1957,バッグ 71,ファッション,UrbanWear,46874,937,バッグ 71の詳細説明です。高品質でおすすめの商品です。,2023-06-27
1958,ベルト 71,ファッション,Trendy,21478,221,ベルト 71の詳細説明です。高品質でおすすめの商品です。,2023-02-18
1959,サングラス 71,ファッション,StyleCo,40629,774,サングラス 71の詳細説明です。高品質でおすすめの商品です。,2023-06-28
1960,時計 71,ファッション,Classic,40207,592,時計 71の詳細説明です。高品質でおすすめの商品です。,2023-10-31
1961,コットンTシャツ 72,ファッション,Modern,6698,331,コットンTシャツ 72の詳細説明です。高品質でおすすめの商品です。,2023-09-21
1962,デニムジーンズ 72,ファッション,Modern,38035,556,デニムジーンズ 72の詳細説明です。高品質でおすすめの商品です。,2023-01-16
1963,スニーカー 72,ファッション,Modern,7696,396,スニーカー 72の詳細説明です。高品質でおすすめの商品です。,2023-10-17
1964,レザージャケット 72,ファッション,Trendy,21596,455,レザージャケット 72の詳細説明です。高品質でおすすめの商品です。,2023-06-04
1965,ウールコート 72,ファッション,Classic,33128,731,ウールコート 72の詳細説明です。高品質でおすすめの商品です。,2023-03-05
1966,キャップ 72,ファッション,StyleCo,711,405,キャップ 72の詳細説明です。高品質でおすすめの商品です。,2023-05-13
1967,バッグ 72,ファッション,StyleCo,47042,669,バッグ 72の詳細説明です。高品質でおすすめの商品です。,2023-08-02
1968,ベルト 72,ファッション,UrbanWear,42634,437,ベルト 72の詳細説明です。高品質でおすすめの商品です。,2023-10-09
1969,サングラス 72,ファッション,Trendy,39240,940,サングラス 72の詳細説明です。高品質でおすすめの商品です。,2023-04-20
1970,時計 72,ファッション,StyleCo,45019,616,時計 72の詳細説明です。高品質でおすすめの商品です。,2023-12-17
1971,コットンTシャツ 73,ファッション,Trendy,14526,701,コットンTシャツ 73の詳細説明です。高品質でおすすめの商品です。,2023-11-28
1972,デニムジーンズ 73,ファッション,UrbanWear,4534,620,デニムジーンズ 73の詳細説明です。高品質でおすすめの商品です。,2023-04-20
1973,スニーカー 73,ファッション,StyleCo,35550,395,スニーカー 73の詳細説明です。高品質でおすすめの商品です。,2023-12-10
1974,レザージャケット 73,ファッション,StyleCo,12696,428,レザージャケット 73の詳細説明です。高品質でおすすめの商品です。,2023-01-04
1975,ウールコート 73,ファッション,Modern,21131,725,ウールコート 73の詳細説明です。高品質でおすすめの商品です。,2023-05-17
1976,キャップ 73,ファッション,Trendy,27774,293,キャップ 73の詳細説明です。高品質でおすすめの商品です。,2023-06-10
1977,バッグ 73,ファッション,UrbanWear,14586,141,バッグ 73の詳細説明です。高品質でおすすめの商品です。,2023-04-26
1978,ベルト 73,ファッション,Trendy,48637,636,ベルト 73の詳細説明です。高品質でおすすめの商品です。,2023-03-22
1979,サングラス 73,ファッション,Modern,3186,807,サングラス 73の詳細説明です。高品質でおすすめの商品です。,2023-12-22
1980,時計 73,ファッション,Trendy,27011,886,時計 73の詳細説明です。高品質でおすすめの商品です。,2023-12-22
1981,コットンTシャツ 74,ファッション,StyleCo,40825,939,コットンTシャツ 74の詳細説明です。高品質でおすすめの商品です。,2023-11-21
1982,デニムジーンズ 74,ファッション,UrbanWear,35419,849,デニムジーンズ 74の詳細説明です。高品質でおすすめの商品です。,2023-08-27
1983,スニーカー 74,ファッション,StyleCo,43919,190,スニーカー 74の詳細説明です。高品質でおすすめの商品です。,2023-07-21
1984,レザージャケット 74,ファッション,Trendy,2790,760,レザージャケット 74の詳細説明です。高品質でおすすめの商品です。,2023-04-30
1985,ウールコート 74,ファッション,UrbanWear,19687,120,ウールコート 74の詳細説明です。高品質でおすすめの商品です。,2023-08-01
1986,キャップ 74,ファッション,StyleCo,41806,32,キャップ 74の詳細説明です。高品質でおすすめの商品です。,2023-09-03
1987,バッグ 74,ファッション,StyleCo,32943,92,バッグ 74の詳細説明です。高品質でおすすめの商品です。,2023-11-11
1988,ベルト 74,ファッション,Modern,7955,506,ベルト 74の詳細説明です。高品質でおすすめの商品です。,2023-04-22
1989,サングラス 74,ファッション,Trendy,10184,468,サングラス 74の詳細説明です。高品質でおすすめの商品です。,2023-02-19
1990,時計 74,ファッション,Trendy,40988,524,時計 74の詳細説明です。高品質でおすすめの商品です。,2023-08-04
1991,コットンTシャツ 75,ファッション,Trendy,14264,642,コットンTシャツ 75の詳細説明です。高品質でおすすめの商品です。,2023-02-06
1992,デニムジーンズ 75,ファッション,Modern,39354,117,デニムジーンズ 75の詳細説明です。高品質でおすすめの商品です。,2023-11-28
1993,スニーカー 75,ファッション,Trendy,47619,793,スニーカー 75の詳細説明です。高品質でおすすめの商品です。,2023-03-06
1994,レザージャケット 75,ファッション,Modern,45761,155,レザージャケット 75の詳細説明です。高品質でおすすめの商品です。,2023-01-02
1995,ウールコート 75,ファッション,UrbanWear,32632,884,ウールコート 75の詳細説明です。高品質でおすすめの商品です。,2023-01-09
1996,キャップ 75,ファッション,Classic,29608,908,キャップ 75の詳細説明です。高品質でおすすめの商品です。,2023-09-07
1997,バッグ 75,ファッション,StyleCo,22886,695,バッグ 75の詳細説明です。高品質でおすすめの商品です。,2023-02-20
1998,ベルト 75,ファッション,StyleCo,6884,696,ベルト 75の詳細説明です。高品質でおすすめの商品です。,2023-09-13
1999,サングラス 75,ファッション,UrbanWear,21566,351,サングラス 75の詳細説明です。高品質でおすすめの商品です。,2023-02-11
2000,時計 75,ファッション,Classic,9426,900,時計 75の詳細説明です。高品質でおすすめの商品です。,2023-12-23
2001,コットンTシャツ 76,ファッション,StyleCo,1721,272,コットンTシャツ 76の詳細説明です。高品質でおすすめの商品です。,2023-07-03
2002,デニムジーンズ 76,ファッション,Classic,10878,93,デニムジーンズ 76の詳細説明です。高品質でおすすめの商品です。,2023-01-26
2003,スニーカー 76,ファッション,UrbanWear,33130,927,スニーカー 76の詳細説明です。高品質でおすすめの商品です。,2023-03-25
2004,レザージャケット 76,ファッション,StyleCo,12624,557,レザージャケット 76の詳細説明です。高品質でおすすめの商品です。,2023-02-27
2005,ウールコート 76,ファッション,Trendy,43720,951,ウールコート 76の詳細説明です。高品質でおすすめの商品です。,2023-03-07
2006,キャップ 76,ファッション,StyleCo,20678,457,キャップ 76の詳細説明です。高品質でおすすめの商品です。,2023-07-14
2007,バッグ 76,ファッション,Classic,25448,431,バッグ 76の詳細説明です。高品質でおすすめの商品です。,2023-07-31
2008,ベルト 76,ファッション,Modern,32490,836,ベルト 76の詳細説明です。高品質でおすすめの商品です。,2023-11-30
2009,サングラス 76,ファッション,Modern,13132,15,サングラス 76の詳細説明です。高品質でおすすめの商品です。,2023-04-03
2010,時計 76,ファッション,Modern,11344,121,時計 76の詳細説明です。高品質でおすすめの商品です。,2023-11-25
2011,コットンTシャツ 77,ファッション,Trendy,42387,687,コットンTシャツ 77の詳細説明です。高品質でおすすめの商品です。,2023-11-10
2012,デニムジーンズ 77,ファッション,Trendy,1073,967,デニムジーンズ 77の詳細説明です。高品質でおすすめの商品です。,2023-11-22
2013,スニーカー 77,ファッション,Modern,16115,506,スニーカー 77の詳細説明です。高品質でおすすめの商品です。,2023-12-13
2014,レザージャケット 77,ファッション,Modern,23968,405,レザージャケット 77の詳細説明です。高品質でおすすめの商品です。,2023-03-18
2015,ウールコート 77,ファッション,UrbanWear,41389,167,ウールコート 77の詳細説明です。高品質でおすすめの商品です。,2023-11-26
2016,キャップ 77,ファッション,Modern,9569,841,キャップ 77の詳細説明です。高品質でおすすめの商品です。,2023-07-29
2017,バッグ 77,ファッション,Modern,1862,399,バッグ 77の詳細説明です。高品質でおすすめの商品です。,2023-06-16
2018,ベルト 77,ファッション,Trendy,11442,558,ベルト 77の詳細説明です。高品質でおすすめの商品です。,2023-02-10
2019,サングラス 77,ファッション,Classic,31481,534,サングラス 77の詳細説明です。高品質でおすすめの商品です。,2023-03-06
2020,時計 77,ファッション,Modern,47262,309,時計 77の詳細説明です。高品質でおすすめの商品です。,2023-04-01
2021,コットンTシャツ 78,ファッション,Modern,42231,650,コットンTシャツ 78の詳細説明です。高品質でおすすめの商品です。,2023-12-18
2022,デニムジーンズ 78,ファッション,StyleCo,1640,846,デニムジーンズ 78の詳細説明です。高品質でおすすめの商品です。,2023-01-05
2023,スニーカー 78,ファッション,Trendy,47381,484,スニーカー 78の詳細説明です。高品質でおすすめの商品です。,2023-09-02
2024,レザージャケット 78,ファッション,Modern,22255,982,レザージャケット 78の詳細説明です。高品質でおすすめの商品です。,2023-11-13
2025,ウールコート 78,ファッション,UrbanWear,16002,978,ウールコート 78の詳細説明です。高品質でおすすめの商品です。,2023-09-22
2026,キャップ 78,ファッション,UrbanWear,2254,55,キャップ 78の詳細説明です。高品質でおすすめの商品です。,2023-04-14
2027,バッグ 78,ファッション,Classic,16133,705,バッグ 78の詳細説明です。高品質でおすすめの商品です。,2023-05-17
2028,ベルト 78,ファッション,Classic,20996,445,ベルト 78の詳細説明です。高品質でおすすめの商品です。,2023-05-17
2029,サングラス 78,ファッション,StyleCo,20950,20,サングラス 78の詳細説明です。高品質でおすすめの商品です。,2023-04-21
2030,時計 78,ファッション,UrbanWear,39489,579,時計 78の詳細説明です。高品質でおすすめの商品です。,2023-02-21
2031,コットンTシャツ 79,ファッション,Modern,17403,509,コットンTシャツ 79の詳細説明です。高品質でおすすめの商品です。,2023-09-29
2032,デニムジーンズ 79,ファッション,StyleCo,46067,261,デニムジーンズ 79の詳細説明です。高品質でおすすめの商品です。,2023-12-08
2033,スニーカー 79,ファッション,StyleCo,23645,315,スニーカー 79の詳細説明です。高品質でおすすめの商品です。,2023-09-05
2034,レザージャケット 79,ファッション,Modern,19740,931,レザージャケット 79の詳細説明です。高品質でおすすめの商品です。,2023-03-21
2035,ウールコート 79,ファッション,Trendy,1955,277,ウールコート 79の詳細説明です。高品質でおすすめの商品です。,2023-06-01
2036,キャップ 79,ファッション,UrbanWear,6534,371,キャップ 79の詳細説明です。高品質でおすすめの商品です。,2023-04-20
2037,バッグ 79,ファッション,StyleCo,48034,856,バッグ 79の詳細説明です。高品質でおすすめの商品です。,2023-05-01
2038,ベルト 79,ファッション,Trendy,13976,833,ベルト 79の詳細説明です。高品質でおすすめの商品です。,2023-09-29
2039,サングラス 79,ファッション,StyleCo,8086,656,サングラス 79の詳細説明です。高品質でおすすめの商品です。,2023-11-26
2040,時計 79,ファッション,UrbanWear,6804,374,時計 79の詳細説明です。高品質でおすすめの商品です。,2023-06-30
2041,コットンTシャツ 80,ファッション,Classic,22562,860,コットンTシャツ 80の詳細説明です。高品質でおすすめの商品です。,2023-07-08
2042,デニムジーンズ 80,ファッション,Classic,25920,997,デニムジーンズ 80の詳細説明です。高品質でおすすめの商品です。,2023-04-15
2043,スニーカー 80,ファッション,Classic,13166,463,スニーカー 80の詳細説明です。高品質でおすすめの商品です。,2023-09-27
2044,レザージャケット 80,ファッション,Modern,44999,851,レザージャケット 80の詳細説明です。高品質でおすすめの商品です。,2023-11-21
2045,ウールコート 80,ファッション,Trendy,17645,698,ウールコート 80の詳細説明です。高品質でおすすめの商品です。,2023-08-08
2046,キャップ 80,ファッション,UrbanWear,39859,906,キャップ 80の詳細説明です。高品質でおすすめの商品です。,2023-01-16
2047,バッグ 80,ファッション,Trendy,48618,11,バッグ 80の詳細説明です。高品質でおすすめの商品です。,2023-10-08
2048,ベルト 80,ファッション,Trendy,23560,328,ベルト 80の詳細説明です。高品質でおすすめの商品です。,2023-09-09
2049,サングラス 80,ファッション,Modern,27646,823,サングラス 80の詳細説明です。高品質でおすすめの商品です。,2023-02-26
2050,時計 80,ファッション,Classic,41057,771,時計 80の詳細説明です。高品質でおすすめの商品です。,2023-09-18
2051,コットンTシャツ 81,ファッション,StyleCo,18869,348,コットンTシャツ 81の詳細説明です。高品質でおすすめの商品です。,2023-12-31
2052,デニムジーンズ 81,ファッション,Modern,38377,921,デニムジーンズ 81の詳細説明です。高品質でおすすめの商品です。,2023-03-16
2053,スニーカー 81,ファッション,StyleCo,24815,753,スニーカー 81の詳細説明です。高品質でおすすめの商品です。,2023-01-28
2054,レザージャケット 81,ファッション,Classic,12088,89,レザージャケット 81の詳細説明です。高品質でおすすめの商品です。,2023-03-06
2055,ウールコート 81,ファッション,Modern,2989,244,ウールコート 81の詳細説明です。高品質でおすすめの商品です。,2023-07-26
2056,キャップ 81,ファッション,Modern,26056,941,キャップ 81の詳細説明です。高品質でおすすめの商品です。,2023-04-27
2057,バッグ 81,ファッション,Trendy,33593,419,バッグ 81の詳細説明です。高品質でおすすめの商品です。,2023-03-10
2058,ベルト 81,ファッション,Modern,23706,733,ベルト 81の詳細説明です。高品質でおすすめの商品です。,2023-06-05
2059,サングラス 81,ファッション,Classic,47693,483,サングラス 81の詳細説明です。高品質でおすすめの商品です。,2023-07-08
2060,時計 81,ファッション,Classic,16516,434,時計 81の詳細説明です。高品質でおすすめの商品です。,2023-01-15
2061,コットンTシャツ 82,ファッション,Classic,38530,993,コットンTシャツ 82の詳細説明です。高品質でおすすめの商品です。,2023-11-16
2062,デニムジーンズ 82,ファッション,Classic,3260,572,デニムジーンズ 82の詳細説明です。高品質でおすすめの商品です。,2023-11-28
2063,スニーカー 82,ファッション,UrbanWear,23162,897,スニーカー 82の詳細説明です。高品質でおすすめの商品です。,2023-09-11
2064,レザージャケット 82,ファッション,StyleCo,2495,444,レザージャケット 82の詳細説明です。高品質でおすすめの商品です。,2023-05-14
2065,ウールコート 82,ファッション,Trendy,44120,233,ウールコート 82の詳細説明です。高品質でおすすめの商品です。,2023-04-19
2066,キャップ 82,ファッション,StyleCo,1266,891,キャップ 82の詳細説明です。高品質でおすすめの商品です。,2023-05-21
2067,バッグ 82,ファッション,Modern,25914,68,バッグ 82の詳細説明です。高品質でおすすめの商品です。,2023-04-18
2068,ベルト 82,ファッション,UrbanWear,42999,481,ベルト 82の詳細説明です。高品質でおすすめの商品です。,2023-03-17
2069,サングラス 82,ファッション,Modern,15395,10,サングラス 82の詳細説明です。高品質でおすすめの商品です。,2023-11-30
2070,時計 82,ファッション,Modern,29842,344,時計 82の詳細説明です。高品質でおすすめの商品です。,2023-03-16
2071,コットンTシャツ 83,ファッション,Modern,39577,719,コットンTシャツ 83の詳細説明です。高品質でおすすめの商品です。,2023-11-06
2072,デニムジーンズ 83,ファッション,Trendy,1366,584,デニムジーンズ 83の詳細説明です。高品質でおすすめの商品です。,2023-10-12
2073,スニーカー 83,ファッション,Classic,10424,990,スニーカー 83の詳細説明です。高品質でおすすめの商品です。,2023-06-29
2074,レザージャケット 83,ファッション,StyleCo,48438,670,レザージャケット 83の詳細説明です。高品質でおすすめの商品です。,2023-10-01
2075,ウールコート 83,ファッション,UrbanWear,1381,423,ウールコート 83の詳細説明です。高品質でおすすめの商品です。,2023-09-22
2076,キャップ 83,ファッション,Modern,20279,838,キャップ 83の詳細説明です。高品質でおすすめの商品です。,2023-02-17
2077,バッグ 83,ファッション,Classic,22612,141,バッグ 83の詳細説明です。高品質でおすすめの商品です。,2023-04-12
2078,ベルト 83,ファッション,UrbanWear,46959,268,ベルト 83の詳細説明です。高品質でおすすめの商品です。,2023-08-26
2079,サングラス 83,ファッション,UrbanWear,18022,631,サングラス 83の詳細説明です。高品質でおすすめの商品です。,2023-02-01
2080,時計 83,ファッション,UrbanWear,26468,744,時計 83の詳細説明です。高品質でおすすめの商品です。,2023-05-31
2081,コットンTシャツ 84,ファッション,UrbanWear,33015,754,コットンTシャツ 84の詳細説明です。高品質でおすすめの商品です。,2023-03-08
2082,デニムジーンズ 84,ファッション,Classic,35524,492,デニムジーンズ 84の詳細説明です。高品質でおすすめの商品です。,2023-08-16
2083,スニーカー 84,ファッション,Classic,6855,422,スニーカー 84の詳細説明です。高品質でおすすめの商品です。,2023-06-09
2084,レザージャケット 84,ファッション,Trendy,41847,884,レザージャケット 84の詳細説明です。高品質でおすすめの商品です。,2023-07-24
2085,ウールコート 84,ファッション,UrbanWear,21772,105,ウールコート 84の詳細説明です。高品質でおすすめの商品です。,2023-03-01
2086,キャップ 84,ファッション,UrbanWear,32518,528,キャップ 84の詳細説明です。高品質でおすすめの商品です。,2023-01-28
2087,バッグ 84,ファッション,Trendy,20232,405,バッグ 84の詳細説明です。高品質でおすすめの商品です。,2023-04-29
2088,ベルト 84,ファッション,Trendy,32983,562,ベルト 84の詳細説明です。高品質でおすすめの商品です。,2023-08-17
2089,サングラス 84,ファッション,Trendy,45545,774,サングラス 84の詳細説明です。高品質でおすすめの商品です。,2023-11-14
2090,時計 84,ファッション,UrbanWear,49153,688,時計 84の詳細説明です。高品質でおすすめの商品です。,2023-04-20
2091,コットンTシャツ 85,ファッション,StyleCo,18388,736,コットンTシャツ 85の詳細説明です。高品質でおすすめの商品です。,2023-09-29
2092,デニムジーンズ 85,ファッション,UrbanWear,13498,741,デニムジーンズ 85の詳細説明です。高品質でおすすめの商品です。,2023-05-31
2093,スニーカー 85,ファッション,Trendy,27448,409,スニーカー 85の詳細説明です。高品質でおすすめの商品です。,2023-07-31
2094,レザージャケット 85,ファッション,UrbanWear,7441,452,レザージャケット 85の詳細説明です。高品質でおすすめの商品です。,2023-03-04
2095,ウールコート 85,ファッション,StyleCo,49735,872,ウールコート 85の詳細説明です。高品質でおすすめの商品です。,2023-07-28
2096,キャップ 85,ファッション,UrbanWear,4107,616,キャップ 85の詳細説明です。高品質でおすすめの商品です。,2023-04-17
2097,バッグ 85,ファッション,Modern,34653,940,バッグ 85の詳細説明です。高品質でおすすめの商品です。,2023-11-28
2098,ベルト 85,ファッション,UrbanWear,13660,455,ベルト 85の詳細説明です。高品質でおすすめの商品です。,2023-03-17
2099,サングラス 85,ファッション,StyleCo,11110,654,サングラス 85の詳細説明です。高品質でおすすめの商品です。,2023-04-24
2100,時計 85,ファッション,Trendy,19000,312,時計 85の詳細説明です。高品質でおすすめの商品です。,2023-12-17
2101,コットンTシャツ 86,ファッション,UrbanWear,45150,326,コットンTシャツ 86の詳細説明です。高品質でおすすめの商品です。,2023-04-27
2102,デニムジーンズ 86,ファッション,StyleCo,24362,530,デニムジーンズ 86の詳細説明です。高品質でおすすめの商品です。,2023-07-11
2103,スニーカー 86,ファッション,Trendy,30886,110,スニーカー 86の詳細説明です。高品質でおすすめの商品です。,2023-12-18
2104,レザージャケット 86,ファッション,Trendy,3594,344,レザージャケット 86の詳細説明です。高品質でおすすめの商品です。,2023-11-30
2105,ウールコート 86,ファッション,UrbanWear,44522,821,ウールコート 86の詳細説明です。高品質でおすすめの商品です。,2023-02-17
2106,キャップ 86,ファッション,UrbanWear,36460,927,キャップ 86の詳細説明です。高品質でおすすめの商品です。,2023-03-30
2107,バッグ 86,ファッション,UrbanWear,19560,163,バッグ 86の詳細説明です。高品質でおすすめの商品です。,2023-04-22
2108,ベルト 86,ファッション,StyleCo,19216,513,ベルト 86の詳細説明です。高品質でおすすめの商品です。,2023-03-25
2109,サングラス 86,ファッション,UrbanWear,2514,518,サングラス 86の詳細説明です。高品質でおすすめの商品です。,2023-09-03
2110,時計 86,ファッション,Modern,24247,694,時計 86の詳細説明です。高品質でおすすめの商品です。,2023-10-14
2111,コットンTシャツ 87,ファッション,UrbanWear,13063,740,コットンTシャツ 87の詳細説明です。高品質でおすすめの商品です。,2023-02-12
2112,デニムジーンズ 87,ファッション,UrbanWear,42091,871,デニムジーンズ 87の詳細説明です。高品質でおすすめの商品です。,2023-01-05
2113,スニーカー 87,ファッション,Trendy,11449,429,スニーカー 87の詳細説明です。高品質でおすすめの商品です。,2023-06-26
2114,レザージャケット 87,ファッション,UrbanWear,28370,18,レザージャケット 87の詳細説明です。高品質でおすすめの商品です。,2023-11-17
2115,ウールコート 87,ファッション,StyleCo,24855,787,ウールコート 87の詳細説明です。高品質でおすすめの商品です。,2023-10-11
2116,キャップ 87,ファッション,StyleCo,7463,983,キャップ 87の詳細説明です。高品質でおすすめの商品です。,2023-07-24
2117,バッグ 87,ファッション,StyleCo,6335,924,バッグ 87の詳細説明です。高品質でおすすめの商品です。,2023-12-06
2118,ベルト 87,ファッション,Modern,15667,924,ベルト 87の詳細説明です。高品質でおすすめの商品です。,2023-06-16
2119,サングラス 87,ファッション,StyleCo,11591,22,サングラス 87の詳細説明です。高品質でおすすめの商品です。,2023-02-23
2120,時計 87,ファッション,Modern,16985,242,時計 87の詳細説明です。高品質でおすすめの商品です。,2023-06-30
2121,コットンTシャツ 88,ファッション,Classic,12770,538,コットンTシャツ 88の詳細説明です。高品質でおすすめの商品です。,2023-01-04
2122,デニムジーンズ 88,ファッション,StyleCo,22982,63,デニムジーンズ 88の詳細説明です。高品質でおすすめの商品です。,2023-04-24
2123,スニーカー 88,ファッション,Classic,29913,856,スニーカー 88の詳細説明です。高品質でおすすめの商品です。,2023-01-13
2124,レザージャケット 88,ファッション,UrbanWear,16913,201,レザージャケット 88の詳細説明です。高品質でおすすめの商品です。,2023-11-05
2125,ウールコート 88,ファッション,UrbanWear,15322,913,ウールコート 88の詳細説明です。高品質でおすすめの商品です。,2023-09-12
2126,キャップ 88,ファッション,Classic,29670,884,キャップ 88の詳細説明です。高品質でおすすめの商品です。,2023-09-22
2127,バッグ 88,ファッション,UrbanWear,39386,143,バッグ 88の詳細説明です。高品質でおすすめの商品です。,2023-01-26
2128,ベルト 88,ファッション,UrbanWear,36524,281,ベルト 88の詳細説明です。高品質でおすすめの商品です。,2023-08-09
2129,サングラス 88,ファッション,Classic,1347,672,サングラス 88の詳細説明です。高品質でおすすめの商品です。,2023-07-12
2130,時計 88,ファッション,StyleCo,34871,370,時計 88の詳細説明です。高品質でおすすめの商品です。,2023-09-10
2131,コットンTシャツ 89,ファッション,StyleCo,9420,227,コットンTシャツ 89の詳細説明です。高品質でおすすめの商品です。,2023-07-03
2132,デニムジーンズ 89,ファッション,UrbanWear,3372,52,デニムジーンズ 89の詳細説明です。高品質でおすすめの商品です。,2023-11-26
2133,スニーカー 89,ファッション,UrbanWear,2887,547,スニーカー 89の詳細説明です。高品質でおすすめの商品です。,2023-11-14
2134,レザージャケット 89,ファッション,Modern,31573,439,レザージャケット 89の詳細説明です。高品質でおすすめの商品です。,2023-12-07
2135,ウールコート 89,ファッション,StyleCo,9086,487,ウールコート 89の詳細説明です。高品質でおすすめの商品です。,2023-09-28
2136,キャップ 89,ファッション,Modern,33442,965,キャップ 89の詳細説明です。高品質でおすすめの商品です。,2023-10-13
2137,バッグ 89,ファッション,Trendy,5998,385,バッグ 89の詳細説明です。高品質でおすすめの商品です。,2023-12-13
2138,ベルト 89,ファッション,UrbanWear,6567,592,ベルト 89の詳細説明です。高品質でおすすめの商品です。,2023-09-26
2139,サングラス 89,ファッション,UrbanWear,14981,218,サングラス 89の詳細説明です。高品質でおすすめの商品です。,2023-12-01
2140,時計 89,ファッション,Modern,25810,305,時計 89の詳細説明です。高品質でおすすめの商品です。,2023-01-09
2141,コットンTシャツ 90,ファッション,Trendy,38610,929,コットンTシャツ 90の詳細説明です。高品質でおすすめの商品です。,2023-06-09
2142,デニムジーンズ 90,ファッション,Classic,1632,558,デニムジーンズ 90の詳細説明です。高品質でおすすめの商品です。,2023-03-17
2143,スニーカー 90,ファッション,StyleCo,15753,585,スニーカー 90の詳細説明です。高品質でおすすめの商品です。,2023-03-13
2144,レザージャケット 90,ファッション,UrbanWear,19570,561,レザージャケット 90の詳細説明です。高品質でおすすめの商品です。,2023-04-11
2145,ウールコート 90,ファッション,Trendy,12825,272,ウールコート 90の詳細説明です。高品質でおすすめの商品です。,2023-10-25
2146,キャップ 90,ファッション,UrbanWear,11616,454,キャップ 90の詳細説明です。高品質でおすすめの商品です。,2023-07-04
2147,バッグ 90,ファッション,StyleCo,10564,146,バッグ 90の詳細説明です。高品質でおすすめの商品です。,2023-12-16
2148,ベルト 90,ファッション,Modern,27130,370,ベルト 90の詳細説明です。高品質でおすすめの商品です。,2023-01-25
2149,サングラス 90,ファッション,Modern,24361,675,サングラス 90の詳細説明です。高品質でおすすめの商品です。,2023-07-16
2150,時計 90,ファッション,StyleCo,27927,161,時計 90の詳細説明です。高品質でおすすめの商品です。,2023-09-05
2151,コットンTシャツ 91,ファッション,StyleCo,19522,302,コットンTシャツ 91の詳細説明です。高品質でおすすめの商品です。,2023-12-10
2152,デニムジーンズ 91,ファッション,Modern,44361,84,デニムジーンズ 91の詳細説明です。高品質でおすすめの商品です。,2023-12-21
2153,スニーカー 91,ファッション,StyleCo,19557,987,スニーカー 91の詳細説明です。高品質でおすすめの商品です。,2023-03-14
2154,レザージャケット 91,ファッション,StyleCo,39409,628,レザージャケット 91の詳細説明です。高品質でおすすめの商品です。,2023-04-22
2155,ウールコート 91,ファッション,UrbanWear,34640,633,ウールコート 91の詳細説明です。高品質でおすすめの商品です。,2023-10-06
2156,キャップ 91,ファッション,Classic,38133,905,キャップ 91の詳細説明です。高品質でおすすめの商品です。,2023-12-09
2157,バッグ 91,ファッション,UrbanWear,4919,284,バッグ 91の詳細説明です。高品質でおすすめの商品です。,2023-03-17
2158,ベルト 91,ファッション,Classic,3234,231,ベルト 91の詳細説明です。高品質でおすすめの商品です。,2023-04-18
2159,サングラス 91,ファッション,UrbanWear,22477,278,サングラス 91の詳細説明です。高品質でおすすめの商品です。,2023-12-03
2160,時計 91,ファッション,Classic,39136,898,時計 91の詳細説明です。高品質でおすすめの商品です。,2023-10-03
2161,コットンTシャツ 92,ファッション,Trendy,46878,546,コットンTシャツ 92の詳細説明です。高品質でおすすめの商品です。,2023-05-06
2162,デニムジーンズ 92,ファッション,UrbanWear,32951,42,デニムジーンズ 92の詳細説明です。高品質でおすすめの商品です。,2023-07-30
2163,スニーカー 92,ファッション,StyleCo,15459,155,スニーカー 92の詳細説明です。高品質でおすすめの商品です。,2023-07-28
2164,レザージャケット 92,ファッション,Modern,11591,600,レザージャケット 92の詳細説明です。高品質でおすすめの商品です。,2023-07-02
2165,ウールコート 92,ファッション,Trendy,3815,797,ウールコート 92の詳細説明です。高品質でおすすめの商品です。,2023-02-04
2166,キャップ 92,ファッション,StyleCo,28512,472,キャップ 92の詳細説明です。高品質でおすすめの商品です。,2023-09-22
2167,バッグ 92,ファッション,Classic,24107,292,バッグ 92の詳細説明です。高品質でおすすめの商品です。,2023-02-10
2168,ベルト 92,ファッション,UrbanWear,4445,229,ベルト 92の詳細説明です。高品質でおすすめの商品です。,2023-12-07
2169,サングラス 92,ファッション,Modern,21818,749,サングラス 92の詳細説明です。高品質でおすすめの商品です。,2023-03-01
2170,時計 92,ファッション,Modern,9420,603,時計 92の詳細説明です。高品質でおすすめの商品です。,2023-07-13
2171,コットンTシャツ 93,ファッション,Classic,46621,690,コットンTシャツ 93の詳細説明です。高品質でおすすめの商品です。,2023-11-07
2172,デニムジーンズ 93,ファッション,Trendy,22154,296,デニムジーンズ 93の詳細説明です。高品質でおすすめの商品です。,2023-09-02
2173,スニーカー 93,ファッション,StyleCo,37901,93,スニーカー 93の詳細説明です。高品質でおすすめの商品です。,2023-03-07
2174,レザージャケット 93,ファッション,StyleCo,21223,875,レザージャケット 93の詳細説明です。高品質でおすすめの商品です。,2023-07-09
2175,ウールコート 93,ファッション,StyleCo,34517,858,ウールコート 93の詳細説明です。高品質でおすすめの商品です。,2023-03-05
2176,キャップ 93,ファッション,UrbanWear,1457,385,キャップ 93の詳細説明です。高品質でおすすめの商品です。,2023-04-24
2177,バッグ 93,ファッション,StyleCo,20221,53,バッグ 93の詳細説明です。高品質でおすすめの商品です。,2023-10-07
2178,ベルト 93,ファッション,Modern,40508,874,ベルト 93の詳細説明です。高品質でおすすめの商品です。,2023-06-13
2179,サングラス 93,ファッション,Trendy,46499,846,サングラス 93の詳細説明です。高品質でおすすめの商品です。,2023-10-11
2180,時計 93,ファッション,Modern,2693,602,時計 93の詳細説明です。高品質でおすすめの商品です。,2023-08-03
2181,コットンTシャツ 94,ファッション,StyleCo,20814,361,コットンTシャツ 94の詳細説明です。高品質でおすすめの商品です。,2023-01-11
2182,デニムジーンズ 94,ファッション,Modern,19691,921,デニムジーンズ 94の詳細説明です。高品質でおすすめの商品です。,2023-03-19
2183,スニーカー 94,ファッション,Modern,33127,65,スニーカー 94の詳細説明です。高品質でおすすめの商品です。,2023-12-18
2184,レザージャケット 94,ファッション,StyleCo,46565,600,レザージャケット 94の詳細説明です。高品質でおすすめの商品です。,2023-05-15
2185,ウールコート 94,ファッション,Classic,24251,89,ウールコート 94の詳細説明です。高品質でおすすめの商品です。,2023-08-14
2186,キャップ 94,ファッション,Classic,33382,861,キャップ 94の詳細説明です。高品質でおすすめの商品です。,2023-01-16
2187,バッグ 94,ファッション,UrbanWear,7802,424,バッグ 94の詳細説明です。高品質でおすすめの商品です。,2023-01-06
2188,ベルト 94,ファッション,UrbanWear,11232,613,ベルト 94の詳細説明です。高品質でおすすめの商品です。,2023-08-29
2189,サングラス 94,ファッション,Trendy,18851,736,サングラス 94の詳細説明です。高品質でおすすめの商品です。,2023-08-10
2190,時計 94,ファッション,StyleCo,2562,574,時計 94の詳細説明です。高品質でおすすめの商品です。,2023-04-02
2191,コットンTシャツ 95,ファッション,StyleCo,19926,7,コットンTシャツ 95の詳細説明です。高品質でおすすめの商品です。,2023-10-27
2192,デニムジーンズ 95,ファッション,Classic,26775,270,デニムジーンズ 95の詳細説明です。高品質でおすすめの商品です。,2023-10-04
2193,スニーカー 95,ファッション,UrbanWear,7688,701,スニーカー 95の詳細説明です。高品質でおすすめの商品です。,2023-08-09
2194,レザージャケット 95,ファッション,UrbanWear,21745,767,レザージャケット 95の詳細説明です。高品質でおすすめの商品です。,2023-04-28
2195,ウールコート 95,ファッション,Modern,33745,963,ウールコート 95の詳細説明です。高品質でおすすめの商品です。,2023-10-05
2196,キャップ 95,ファッション,Trendy,35284,441,キャップ 95の詳細説明です。高品質でおすすめの商品です。,2023-03-24
2197,バッグ 95,ファッション,Trendy,41805,540,バッグ 95の詳細説明です。高品質でおすすめの商品です。,2023-02-18
2198,ベルト 95,ファッション,Classic,35362,998,ベルト 95の詳細説明です。高品質でおすすめの商品です。,2023-09-10
2199,サングラス 95,ファッション,Trendy,37971,565,サングラス 95の詳細説明です。高品質でおすすめの商品です。,2023-03-17
2200,時計 95,ファッション,StyleCo,34829,570,時計 95の詳細説明です。高品質でおすすめの商品です。,2023-02-18
2201,コットンTシャツ 96,ファッション,UrbanWear,16868,470,コットンTシャツ 96の詳細説明です。高品質でおすすめの商品です。,2023-12-18
2202,デニムジーンズ 96,ファッション,UrbanWear,6218,538,デニムジーンズ 96の詳細説明です。高品質でおすすめの商品です。,2023-07-29
2203,スニーカー 96,ファッション,Trendy,13591,661,スニーカー 96の詳細説明です。高品質でおすすめの商品です。,2023-08-25
2204,レザージャケット 96,ファッション,Classic,46264,703,レザージャケット 96の詳細説明です。高品質でおすすめの商品です。,2023-12-15
2205,ウールコート 96,ファッション,Classic,2020,757,ウールコート 96の詳細説明です。高品質でおすすめの商品です。,2023-12-07
2206,キャップ 96,ファッション,UrbanWear,6642,963,キャップ 96の詳細説明です。高品質でおすすめの商品です。,2023-11-02
2207,バッグ 96,ファッション,Trendy,11919,278,バッグ 96の詳細説明です。高品質でおすすめの商品です。,2023-08-28
2208,ベルト 96,ファッション,Modern,44114,501,ベルト 96の詳細説明です。高品質でおすすめの商品です。,2023-07-15
2209,サングラス 96,ファッション,Modern,20412,836,サングラス 96の詳細説明です。高品質でおすすめの商品です。,2023-11-13
2210,時計 96,ファッション,Classic,37672,831,時計 96の詳細説明です。高品質でおすすめの商品です。,2023-12-10
2211,コットンTシャツ 97,ファッション,Trendy,23351,478,コットンTシャツ 97の詳細説明です。高品質でおすすめの商品です。,2023-05-18
2212,デニムジーンズ 97,ファッション,Classic,6931,233,デニムジーンズ 97の詳細説明です。高品質でおすすめの商品です。,2023-10-30
2213,スニーカー 97,ファッション,StyleCo,25736,836,スニーカー 97の詳細説明です。高品質でおすすめの商品です。,2023-11-26
2214,レザージャケット 97,ファッション,StyleCo,30698,480,レザージャケット 97の詳細説明です。高品質でおすすめの商品です。,2023-05-19
2215,ウールコート 97,ファッション,Trendy,6675,274,ウールコート 97の詳細説明です。高品質でおすすめの商品です。,2023-05-01
2216,キャップ 97,ファッション,UrbanWear,19610,625,キャップ 97の詳細説明です。高品質でおすすめの商品です。,2023-11-29
2217,バッグ 97,ファッション,Classic,42145,602,バッグ 97の詳細説明です。高品質でおすすめの商品です。,2023-11-17
2218,ベルト 97,ファッション,Modern,41550,649,ベルト 97の詳細説明です。高品質でおすすめの商品です。,2023-11-04
2219,サングラス 97,ファッション,StyleCo,15463,229,サングラス 97の詳細説明です。高品質でおすすめの商品です。,2023-05-06
2220,時計 97,ファッション,StyleCo,29431,39,時計 97の詳細説明です。高品質でおすすめの商品です。,2023-04-07
2221,コットンTシャツ 98,ファッション,Modern,49568,646,コットンTシャツ 98の詳細説明です。高品質でおすすめの商品です。,2023-02-25
2222,デニムジーンズ 98,ファッション,StyleCo,8809,615,デニムジーンズ 98の詳細説明です。高品質でおすすめの商品です。,2023-10-17
2223,スニーカー 98,ファッション,Modern,20902,644,スニーカー 98の詳細説明です。高品質でおすすめの商品です。,2023-11-04
2224,レザージャケット 98,ファッション,Classic,2009,140,レザージャケット 98の詳細説明です。高品質でおすすめの商品です。,2023-08-30
2225,ウールコート 98,ファッション,Trendy,24473,226,ウールコート 98の詳細説明です。高品質でおすすめの商品です。,2023-07-01
2226,キャップ 98,ファッション,UrbanWear,45737,576,キャップ 98の詳細説明です。高品質でおすすめの商品です。,2023-09-22
2227,バッグ 98,ファッション,Trendy,6896,356,バッグ 98の詳細説明です。高品質でおすすめの商品です。,2023-02-24
2228,ベルト 98,ファッション,UrbanWear,40235,687,ベルト 98の詳細説明です。高品質でおすすめの商品です。,2023-10-07
2229,サングラス 98,ファッション,StyleCo,46580,503,サングラス 98の詳細説明です。高品質でおすすめの商品です。,2023-03-02
2230,時計 98,ファッション,Trendy,25817,992,時計 98の詳細説明です。高品質でおすすめの商品です。,2023-02-28
2231,コットンTシャツ 99,ファッション,UrbanWear,963,584,コットンTシャツ 99の詳細説明です。高品質でおすすめの商品です。,2023-08-08
2232,デニムジーンズ 99,ファッション,StyleCo,25271,612,デニムジーンズ 99の詳細説明です。高品質でおすすめの商品です。,2023-02-26
2233,スニーカー 99,ファッション,Trendy,43902,72,スニーカー 99の詳細説明です。高品質でおすすめの商品です。,2023-09-18
2234,レザージャケット 99,ファッション,Trendy,28570,689,レザージャケット 99の詳細説明です。高品質でおすすめの商品です。,2023-05-05
2235,ウールコート 99,ファッション,UrbanWear,23805,100,ウールコート 99の詳細説明です。高品質でおすすめの商品です。,2023-06-24
2236,キャップ 99,ファッション,UrbanWear,18798,641,キャップ 99の詳細説明です。高品質でおすすめの商品です。,2023-08-24
2237,バッグ 99,ファッション,Modern,12701,631,バッグ 99の詳細説明です。高品質でおすすめの商品です。,2023-03-12
2238,ベルト 99,ファッション,StyleCo,43400,304,ベルト 99の詳細説明です。高品質でおすすめの商品です。,2023-10-20
2239,サングラス 99,ファッション,Classic,30542,876,サングラス 99の詳細説明です。高品質でおすすめの商品です。,2023-04-20
2240,時計 99,ファッション,UrbanWear,15033,237,時計 99の詳細説明です。高品質でおすすめの商品です。,2023-06-07
2241,コットンTシャツ 100,ファッション,Trendy,35022,279,コットンTシャツ 100の詳細説明です。高品質でおすすめの商品です。,2023-07-19
2242,デニムジーンズ 100,ファッション,Classic,14498,977,デニムジーンズ 100の詳細説明です。高品質でおすすめの商品です。,2023-10-20
2243,スニーカー 100,ファッション,Classic,12987,272,スニーカー 100の詳細説明です。高品質でおすすめの商品です。,2023-08-04
2244,レザージャケット 100,ファッション,StyleCo,22155,671,レザージャケット 100の詳細説明です。高品質でおすすめの商品です。,2023-04-24
2245,ウールコート 100,ファッション,Classic,7099,960,ウールコート 100の詳細説明です。高品質でおすすめの商品です。,2023-04-29
2246,キャップ 100,ファッション,Classic,49584,477,キャップ 100の詳細説明です。高品質でおすすめの商品です。,2023-06-26
2247,バッグ 100,ファッション,Classic,47263,308,バッグ 100の詳細説明です。高品質でおすすめの商品です。,2023-12-25
2248,ベルト 100,ファッション,UrbanWear,33358,902,ベルト 100の詳細説明です。高品質でおすすめの商品です。,2023-04-14
2249,サングラス 100,ファッション,Classic,23067,113,サングラス 100の詳細説明です。高品質でおすすめの商品です。,2023-01-12
2250,時計 100,ファッション,Classic,10475,508,時計 100の詳細説明です。高品質でおすすめの商品です。,2023-02-05
2251,コットンTシャツ 101,ファッション,Trendy,46022,515,コットンTシャツ 101の詳細説明です。高品質でおすすめの商品です。,2023-02-25
2252,デニムジーンズ 101,ファッション,Modern,19110,697,デニムジーンズ 101の詳細説明です。高品質でおすすめの商品です。,2023-07-02
2253,スニーカー 101,ファッション,UrbanWear,28295,381,スニーカー 101の詳細説明です。高品質でおすすめの商品です。,2023-01-23
2254,レザージャケット 101,ファッション,UrbanWear,9201,979,レザージャケット 101の詳細説明です。高品質でおすすめの商品です。,2023-03-30
2255,ウールコート 101,ファッション,StyleCo,43534,588,ウールコート 101の詳細説明です。高品質でおすすめの商品です。,2023-01-09
2256,キャップ 101,ファッション,Trendy,36659,788,キャップ 101の詳細説明です。高品質でおすすめの商品です。,2023-03-08
2257,バッグ 101,ファッション,Modern,18290,140,バッグ 101の詳細説明です。高品質でおすすめの商品です。,2023-01-27
2258,ベルト 101,ファッション,Classic,33514,496,ベルト 101の詳細説明です。高品質でおすすめの商品です。,2023-12-31
2259,サングラス 101,ファッション,Trendy,22091,107,サングラス 101の詳細説明です。高品質でおすすめの商品です。,2023-12-25
2260,時計 101,ファッション,Modern,1616,625,時計 101の詳細説明です。高品質でおすすめの商品です。,2023-11-23
2261,コットンTシャツ 102,ファッション,Classic,2921,675,コットンTシャツ 102の詳細説明です。高品質でおすすめの商品です。,2023-07-14
2262,デニムジーンズ 102,ファッション,Classic,45640,753,デニムジーンズ 102の詳細説明です。高品質でおすすめの商品です。,2023-05-19
2263,スニーカー 102,ファッション,StyleCo,38298,891,スニーカー 102の詳細説明です。高品質でおすすめの商品です。,2023-01-31
2264,レザージャケット 102,ファッション,StyleCo,35107,348,レザージャケット 102の詳細説明です。高品質でおすすめの商品です。,2023-01-21
2265,ウールコート 102,ファッション,Trendy,40898,215,ウールコート 102の詳細説明です。高品質でおすすめの商品です。,2023-01-03
2266,キャップ 102,ファッション,StyleCo,49200,135,キャップ 102の詳細説明です。高品質でおすすめの商品です。,2023-01-22
2267,バッグ 102,ファッション,StyleCo,47853,414,バッグ 102の詳細説明です。高品質でおすすめの商品です。,2023-01-29
2268,ベルト 102,ファッション,Classic,15809,74,ベルト 102の詳細説明です。高品質でおすすめの商品です。,2023-12-14
2269,サングラス 102,ファッション,Modern,15313,622,サングラス 102の詳細説明です。高品質でおすすめの商品です。,2023-05-23
2270,時計 102,ファッション,Modern,20441,55,時計 102の詳細説明です。高品質でおすすめの商品です。,2023-07-08
2271,コットンTシャツ 103,ファッション,Classic,13418,367,コットンTシャツ 103の詳細説明です。高品質でおすすめの商品です。,2023-03-26
2272,デニムジーンズ 103,ファッション,UrbanWear,41709,342,デニムジーンズ 103の詳細説明です。高品質でおすすめの商品です。,2023-09-15
2273,スニーカー 103,ファッション,StyleCo,29561,963,スニーカー 103の詳細説明です。高品質でおすすめの商品です。,2023-01-26
2274,レザージャケット 103,ファッション,Classic,1412,843,レザージャケット 103の詳細説明です。高品質でおすすめの商品です。,2023-03-30
2275,ウールコート 103,ファッション,StyleCo,30906,184,ウールコート 103の詳細説明です。高品質でおすすめの商品です。,2023-12-17
2276,キャップ 103,ファッション,Modern,18299,953,キャップ 103の詳細説明です。高品質でおすすめの商品です。,2023-07-30
2277,バッグ 103,ファッション,UrbanWear,28407,676,バッグ 103の詳細説明です。高品質でおすすめの商品です。,2023-06-06
2278,ベルト 103,ファッション,Classic,48248,4,ベルト 103の詳細説明です。高品質でおすすめの商品です。,2023-01-28
2279,サングラス 103,ファッション,Trendy,46893,836,サングラス 103の詳細説明です。高品質でおすすめの商品です。,2023-01-28
2280,時計 103,ファッション,Classic,49414,1000,時計 103の詳細説明です。高品質でおすすめの商品です。,2023-11-19
2281,コットンTシャツ 104,ファッション,Modern,40585,736,コットンTシャツ 104の詳細説明です。高品質でおすすめの商品です。,2023-10-25
2282,デニムジーンズ 104,ファッション,Trendy,7017,18,デニムジーンズ 104の詳細説明です。高品質でおすすめの商品です。,2023-04-02
2283,スニーカー 104,ファッション,Classic,43735,328,スニーカー 104の詳細説明です。高品質でおすすめの商品です。,2023-02-05
2284,レザージャケット 104,ファッション,StyleCo,4786,360,レザージャケット 104の詳細説明です。高品質でおすすめの商品です。,2023-12-27
2285,ウールコート 104,ファッション,Modern,14503,867,ウールコート 104の詳細説明です。高品質でおすすめの商品です。,2023-12-13
2286,キャップ 104,ファッション,Trendy,34054,599,キャップ 104の詳細説明です。高品質でおすすめの商品です。,2023-02-16
2287,バッグ 104,ファッション,Classic,47003,831,バッグ 104の詳細説明です。高品質でおすすめの商品です。,2023-10-31
2288,ベルト 104,ファッション,Classic,33115,459,ベルト 104の詳細説明です。高品質でおすすめの商品です。,2023-04-09
2289,サングラス 104,ファッション,UrbanWear,18479,603,サングラス 104の詳細説明です。高品質でおすすめの商品です。,2023-01-21
2290,時計 104,ファッション,StyleCo,39912,40,時計 104の詳細説明です。高品質でおすすめの商品です。,2023-05-03
2291,コットンTシャツ 105,ファッション,Classic,6727,195,コットンTシャツ 105の詳細説明です。高品質でおすすめの商品です。,2023-01-21
2292,デニムジーンズ 105,ファッション,Classic,1663,801,デニムジーンズ 105の詳細説明です。高品質でおすすめの商品です。,2023-10-29
2293,スニーカー 105,ファッション,Trendy,25421,578,スニーカー 105の詳細説明です。高品質でおすすめの商品です。,2023-11-13
2294,レザージャケット 105,ファッション,Trendy,23635,755,レザージャケット 105の詳細説明です。高品質でおすすめの商品です。,2023-09-16
2295,ウールコート 105,ファッション,Modern,36753,326,ウールコート 105の詳細説明です。高品質でおすすめの商品です。,2023-01-16
2296,キャップ 105,ファッション,StyleCo,9525,264,キャップ 105の詳細説明です。高品質でおすすめの商品です。,2023-12-08
2297,バッグ 105,ファッション,Trendy,3407,209,バッグ 105の詳細説明です。高品質でおすすめの商品です。,2023-02-14
2298,ベルト 105,ファッション,Modern,1490,264,ベルト 105の詳細説明です。高品質でおすすめの商品です。,2023-08-09
2299,サングラス 105,ファッション,UrbanWear,23076,110,サングラス 105の詳細説明です。高品質でおすすめの商品です。,2023-03-13
2300,時計 105,ファッション,Modern,7971,87,時計 105の詳細説明です。高品質でおすすめの商品です。,2023-01-04
2301,コットンTシャツ 106,ファッション,UrbanWear,40962,560,コットンTシャツ 106の詳細説明です。高品質でおすすめの商品です。,2023-03-27
2302,デニムジーンズ 106,ファッション,Modern,1124,869,デニムジーンズ 106の詳細説明です。高品質でおすすめの商品です。,2023-03-24
2303,スニーカー 106,ファッション,StyleCo,1133,413,スニーカー 106の詳細説明です。高品質でおすすめの商品です。,2023-03-15
2304,レザージャケット 106,ファッション,UrbanWear,27837,222,レザージャケット 106の詳細説明です。高品質でおすすめの商品です。,2023-04-18
2305,ウールコート 106,ファッション,Modern,28817,398,ウールコート 106の詳細説明です。高品質でおすすめの商品です。,2023-04-29
2306,キャップ 106,ファッション,UrbanWear,14053,132,キャップ 106の詳細説明です。高品質でおすすめの商品です。,2023-03-04
2307,バッグ 106,ファッション,Trendy,31853,313,バッグ 106の詳細説明です。高品質でおすすめの商品です。,2023-01-09
2308,ベルト 106,ファッション,StyleCo,44140,530,ベルト 106の詳細説明です。高品質でおすすめの商品です。,2023-06-27
2309,サングラス 106,ファッション,Trendy,8416,210,サングラス 106の詳細説明です。高品質でおすすめの商品です。,2023-06-06
2310,時計 106,ファッション,StyleCo,8839,722,時計 106の詳細説明です。高品質でおすすめの商品です。,2023-07-24
2311,コットンTシャツ 107,ファッション,StyleCo,18915,446,コットンTシャツ 107の詳細説明です。高品質でおすすめの商品です。,2023-10-26
2312,デニムジーンズ 107,ファッション,Modern,44742,271,デニムジーンズ 107の詳細説明です。高品質でおすすめの商品です。,2023-08-15
2313,スニーカー 107,ファッション,Classic,42280,672,スニーカー 107の詳細説明です。高品質でおすすめの商品です。,2023-03-03
2314,レザージャケット 107,ファッション,UrbanWear,4462,166,レザージャケット 107の詳細説明です。高品質でおすすめの商品です。,2023-08-07
2315,ウールコート 107,ファッション,Trendy,39904,269,ウールコート 107の詳細説明です。高品質でおすすめの商品です。,2023-12-12
2316,キャップ 107,ファッション,Modern,19168,237,キャップ 107の詳細説明です。高品質でおすすめの商品です。,2023-06-14
2317,バッグ 107,ファッション,UrbanWear,41875,787,バッグ 107の詳細説明です。高品質でおすすめの商品です。,2023-01-06
2318,ベルト 107,ファッション,StyleCo,5454,622,ベルト 107の詳細説明です。高品質でおすすめの商品です。,2023-02-08
2319,サングラス 107,ファッション,Trendy,43614,450,サングラス 107の詳細説明です。高品質でおすすめの商品です。,2023-09-23
2320,時計 107,ファッション,Modern,28679,994,時計 107の詳細説明です。高品質でおすすめの商品です。,2023-11-06
2321,コットンTシャツ 108,ファッション,StyleCo,32460,611,コットンTシャツ 108の詳細説明です。高品質でおすすめの商品です。,2023-04-01
2322,デニムジーンズ 108,ファッション,Classic,28028,707,デニムジーンズ 108の詳細説明です。高品質でおすすめの商品です。,2023-10-13
2323,スニーカー 108,ファッション,Classic,1881,338,スニーカー 108の詳細説明です。高品質でおすすめの商品です。,2023-04-19
2324,レザージャケット 108,ファッション,StyleCo,28416,573,レザージャケット 108の詳細説明です。高品質でおすすめの商品です。,2023-12-22
2325,ウールコート 108,ファッション,UrbanWear,41201,32,ウールコート 108の詳細説明です。高品質でおすすめの商品です。,2023-10-06
2326,キャップ 108,ファッション,Classic,44107,374,キャップ 108の詳細説明です。高品質でおすすめの商品です。,2023-10-12
2327,バッグ 108,ファッション,UrbanWear,12604,705,バッグ 108の詳細説明です。高品質でおすすめの商品です。,2023-09-12
2328,ベルト 108,ファッション,Classic,22816,713,ベルト 108の詳細説明です。高品質でおすすめの商品です。,2023-09-30
2329,サングラス 108,ファッション,StyleCo,2666,672,サングラス 108の詳細説明です。高品質でおすすめの商品です。,2023-03-11
2330,時計 108,ファッション,Classic,18076,405,時計 108の詳細説明です。高品質でおすすめの商品です。,2023-08-15
2331,コットンTシャツ 109,ファッション,StyleCo,23737,514,コットンTシャツ 109の詳細説明です。高品質でおすすめの商品です。,2023-02-13
2332,デニムジーンズ 109,ファッション,Modern,41435,789,デニムジーンズ 109の詳細説明です。高品質でおすすめの商品です。,2023-05-05
2333,スニーカー 109,ファッション,StyleCo,43094,572,スニーカー 109の詳細説明です。高品質でおすすめの商品です。,2023-11-12
2334,レザージャケット 109,ファッション,Trendy,15479,122,レザージャケット 109の詳細説明です。高品質でおすすめの商品です。,2023-04-26
2335,ウールコート 109,ファッション,Modern,42209,695,ウールコート 109の詳細説明です。高品質でおすすめの商品です。,2023-06-13
2336,キャップ 109,ファッション,UrbanWear,19046,409,キャップ 109の詳細説明です。高品質でおすすめの商品です。,2023-12-27
2337,バッグ 109,ファッション,Classic,5656,381,バッグ 109の詳細説明です。高品質でおすすめの商品です。,2023-02-13
2338,ベルト 109,ファッション,Classic,47793,59,ベルト 109の詳細説明です。高品質でおすすめの商品です。,2023-10-23
2339,サングラス 109,ファッション,StyleCo,12660,40,サングラス 109の詳細説明です。高品質でおすすめの商品です。,2023-12-29
2340,時計 109,ファッション,StyleCo,34456,508,時計 109の詳細説明です。高品質でおすすめの商品です。,2023-01-11
2341,コットンTシャツ 110,ファッション,Classic,31082,5,コットンTシャツ 110の詳細説明です。高品質でおすすめの商品です。,2023-07-11
2342,デニムジーンズ 110,ファッション,Modern,45621,659,デニムジーンズ 110の詳細説明です。高品質でおすすめの商品です。,2023-10-19
2343,スニーカー 110,ファッション,Modern,29746,518,スニーカー 110の詳細説明です。高品質でおすすめの商品です。,2023-12-17
2344,レザージャケット 110,ファッション,Trendy,34616,160,レザージャケット 110の詳細説明です。高品質でおすすめの商品です。,2023-03-14
2345,ウールコート 110,ファッション,Modern,43413,951,ウールコート 110の詳細説明です。高品質でおすすめの商品です。,2023-03-12
2346,キャップ 110,ファッション,StyleCo,32259,266,キャップ 110の詳細説明です。高品質でおすすめの商品です。,2023-07-14
2347,バッグ 110,ファッション,StyleCo,39338,16,バッグ 110の詳細説明です。高品質でおすすめの商品です。,2023-01-03
2348,ベルト 110,ファッション,UrbanWear,22554,303,ベルト 110の詳細説明です。高品質でおすすめの商品です。,2023-03-21
2349,サングラス 110,ファッション,UrbanWear,20889,686,サングラス 110の詳細説明です。高品質でおすすめの商品です。,2023-03-16
2350,時計 110,ファッション,Classic,2311,500,時計 110の詳細説明です。高品質でおすすめの商品です。,2023-12-27
2351,コットンTシャツ 111,ファッション,UrbanWear,42543,673,コットンTシャツ 111の詳細説明です。高品質でおすすめの商品です。,2023-02-23
2352,デニムジーンズ 111,ファッション,UrbanWear,3354,727,デニムジーンズ 111の詳細説明です。高品質でおすすめの商品です。,2023-09-01
2353,スニーカー 111,ファッション,Classic,16795,664,スニーカー 111の詳細説明です。高品質でおすすめの商品です。,2023-04-15
2354,レザージャケット 111,ファッション,Trendy,44205,932,レザージャケット 111の詳細説明です。高品質でおすすめの商品です。,2023-08-27
2355,ウールコート 111,ファッション,UrbanWear,27018,286,ウールコート 111の詳細説明です。高品質でおすすめの商品です。,2023-06-16
2356,キャップ 111,ファッション,StyleCo,25681,607,キャップ 111の詳細説明です。高品質でおすすめの商品です。,2023-12-05
2357,バッグ 111,ファッション,Modern,36384,114,バッグ 111の詳細説明です。高品質でおすすめの商品です。,2023-07-02
2358,ベルト 111,ファッション,StyleCo,32009,549,ベルト 111の詳細説明です。高品質でおすすめの商品です。,2023-09-18
2359,サングラス 111,ファッション,Modern,32667,813,サングラス 111の詳細説明です。高品質でおすすめの商品です。,2024-01-01
2360,時計 111,ファッション,Classic,43322,508,時計 111の詳細説明です。高品質でおすすめの商品です。,2023-12-14
2361,コットンTシャツ 112,ファッション,Modern,15693,732,コットンTシャツ 112の詳細説明です。高品質でおすすめの商品です。,2023-11-29
2362,デニムジーンズ 112,ファッション,Trendy,46051,691,デニムジーンズ 112の詳細説明です。高品質でおすすめの商品です。,2023-01-24
2363,スニーカー 112,ファッション,Classic,29492,85,スニーカー 112の詳細説明です。高品質でおすすめの商品です。,2023-12-09
2364,レザージャケット 112,ファッション,Classic,45681,494,レザージャケット 112の詳細説明です。高品質でおすすめの商品です。,2023-02-08
2365,ウールコート 112,ファッション,Modern,29986,104,ウールコート 112の詳細説明です。高品質でおすすめの商品です。,2023-03-13
2366,キャップ 112,ファッション,StyleCo,4728,429,キャップ 112の詳細説明です。高品質でおすすめの商品です。,2023-06-14
2367,バッグ 112,ファッション,Classic,44623,811,バッグ 112の詳細説明です。高品質でおすすめの商品です。,2023-04-01
2368,ベルト 112,ファッション,Classic,37827,147,ベルト 112の詳細説明です。高品質でおすすめの商品です。,2023-12-27
2369,サングラス 112,ファッション,Modern,4019,780,サングラス 112の詳細説明です。高品質でおすすめの商品です。,2023-09-26
2370,時計 112,ファッション,StyleCo,12505,175,時計 112の詳細説明です。高品質でおすすめの商品です。,2023-02-16
2371,コットンTシャツ 113,ファッション,Modern,10854,599,コットンTシャツ 113の詳細説明です。高品質でおすすめの商品です。,2023-01-14
2372,デニムジーンズ 113,ファッション,StyleCo,12731,559,デニムジーンズ 113の詳細説明です。高品質でおすすめの商品です。,2023-01-05
2373,スニーカー 113,ファッション,Classic,48900,729,スニーカー 113の詳細説明です。高品質でおすすめの商品です。,2023-08-07
2374,レザージャケット 113,ファッション,Trendy,43342,684,レザージャケット 113の詳細説明です。高品質でおすすめの商品です。,2023-10-10
2375,ウールコート 113,ファッション,StyleCo,35652,340,ウールコート 113の詳細説明です。高品質でおすすめの商品です。,2023-02-13
2376,キャップ 113,ファッション,UrbanWear,15761,977,キャップ 113の詳細説明です。高品質でおすすめの商品です。,2023-09-05
2377,バッグ 113,ファッション,Classic,48690,856,バッグ 113の詳細説明です。高品質でおすすめの商品です。,2023-01-04
2378,ベルト 113,ファッション,StyleCo,39472,564,ベルト 113の詳細説明です。高品質でおすすめの商品です。,2023-11-06
2379,サングラス 113,ファッション,Modern,23770,360,サングラス 113の詳細説明です。高品質でおすすめの商品です。,2023-06-09
2380,時計 113,ファッション,Modern,47201,571,時計 113の詳細説明です。高品質でおすすめの商品です。,2023-07-17
2381,コットンTシャツ 114,ファッション,Trendy,31786,537,コットンTシャツ 114の詳細説明です。高品質でおすすめの商品です。,2023-09-20
2382,デニムジーンズ 114,ファッション,Trendy,31178,34,デニムジーンズ 114の詳細説明です。高品質でおすすめの商品です。,2023-11-29
2383,スニーカー 114,ファッション,Trendy,24012,31,スニーカー 114の詳細説明です。高品質でおすすめの商品です。,2023-11-10
2384,レザージャケット 114,ファッション,Classic,33100,84,レザージャケット 114の詳細説明です。高品質でおすすめの商品です。,2023-06-27
2385,ウールコート 114,ファッション,UrbanWear,2234,946,ウールコート 114の詳細説明です。高品質でおすすめの商品です。,2023-02-15
2386,キャップ 114,ファッション,UrbanWear,43871,75,キャップ 114の詳細説明です。高品質でおすすめの商品です。,2023-04-12
2387,バッグ 114,ファッション,UrbanWear,8861,9,バッグ 114の詳細説明です。高品質でおすすめの商品です。,2023-08-07
2388,ベルト 114,ファッション,UrbanWear,1956,699,ベルト 114の詳細説明です。高品質でおすすめの商品です。,2023-05-21
2389,サングラス 114,ファッション,StyleCo,44147,510,サングラス 114の詳細説明です。高品質でおすすめの商品です。,2023-01-28
2390,時計 114,ファッション,Modern,6801,258,時計 114の詳細説明です。高品質でおすすめの商品です。,2023-12-06
2391,コットンTシャツ 115,ファッション,UrbanWear,33246,684,コットンTシャツ 115の詳細説明です。高品質でおすすめの商品です。,2023-03-23
2392,デニムジーンズ 115,ファッション,Trendy,11648,967,デニムジーンズ 115の詳細説明です。高品質でおすすめの商品です。,2023-07-20
2393,スニーカー 115,ファッション,Trendy,10583,819,スニーカー 115の詳細説明です。高品質でおすすめの商品です。,2023-03-19
2394,レザージャケット 115,ファッション,Trendy,49625,625,レザージャケット 115の詳細説明です。高品質でおすすめの商品です。,2023-05-13
2395,ウールコート 115,ファッション,StyleCo,9151,547,ウールコート 115の詳細説明です。高品質でおすすめの商品です。,2023-04-04
2396,キャップ 115,ファッション,UrbanWear,15163,399,キャップ 115の詳細説明です。高品質でおすすめの商品です。,2023-07-20
2397,バッグ 115,ファッション,Modern,32255,824,バッグ 115の詳細説明です。高品質でおすすめの商品です。,2023-10-14
2398,ベルト 115,ファッション,UrbanWear,28832,323,ベルト 115の詳細説明です。高品質でおすすめの商品です。,2023-07-14
2399,サングラス 115,ファッション,Classic,16899,443,サングラス 115の詳細説明です。高品質でおすすめの商品です。,2023-11-21
2400,時計 115,ファッション,Trendy,26736,463,時計 115の詳細説明です。高品質でおすすめの商品です。,2023-09-22
2401,コットンTシャツ 116,ファッション,Trendy,30453,109,コットンTシャツ 116の詳細説明です。高品質でおすすめの商品です。,2023-10-24
2402,デニムジーンズ 116,ファッション,Classic,11504,366,デニムジーンズ 116の詳細説明です。高品質でおすすめの商品です。,2023-10-04
2403,スニーカー 116,ファッション,UrbanWear,15432,254,スニーカー 116の詳細説明です。高品質でおすすめの商品です。,2023-04-08
2404,レザージャケット 116,ファッション,StyleCo,1040,833,レザージャケット 116の詳細説明です。高品質でおすすめの商品です。,2023-12-30
2405,ウールコート 116,ファッション,StyleCo,34672,356,ウールコート 116の詳細説明です。高品質でおすすめの商品です。,2023-11-17
2406,キャップ 116,ファッション,Trendy,36792,168,キャップ 116の詳細説明です。高品質でおすすめの商品です。,2023-10-17
2407,バッグ 116,ファッション,StyleCo,27655,112,バッグ 116の詳細説明です。高品質でおすすめの商品です。,2023-03-29
2408,ベルト 116,ファッション,Modern,31765,347,ベルト 116の詳細説明です。高品質でおすすめの商品です。,2023-05-27
2409,サングラス 116,ファッション,Modern,24266,951,サングラス 116の詳細説明です。高品質でおすすめの商品です。,2023-04-09
2410,時計 116,ファッション,UrbanWear,40632,136,時計 116の詳細説明です。高品質でおすすめの商品です。,2023-05-18
2411,コットンTシャツ 117,ファッション,StyleCo,40907,824,コットンTシャツ 117の詳細説明です。高品質でおすすめの商品です。,2023-01-31
2412,デニムジーンズ 117,ファッション,UrbanWear,49651,890,デニムジーンズ 117の詳細説明です。高品質でおすすめの商品です。,2023-01-31
2413,スニーカー 117,ファッション,Trendy,35101,752,スニーカー 117の詳細説明です。高品質でおすすめの商品です。,2023-02-18
2414,レザージャケット 117,ファッション,Modern,15212,727,レザージャケット 117の詳細説明です。高品質でおすすめの商品です。,2023-09-07
2415,ウールコート 117,ファッション,Modern,20722,709,ウールコート 117の詳細説明です。高品質でおすすめの商品です。,2023-02-04
2416,キャップ 117,ファッション,Modern,33308,766,キャップ 117の詳細説明です。高品質でおすすめの商品です。,2023-12-04
2417,バッグ 117,ファッション,Modern,41014,90,バッグ 117の詳細説明です。高品質でおすすめの商品です。,2023-08-15
2418,ベルト 117,ファッション,Modern,22415,466,ベルト 117の詳細説明です。高品質でおすすめの商品です。,2023-07-01
2419,サングラス 117,ファッション,UrbanWear,42068,948,サングラス 117の詳細説明です。高品質でおすすめの商品です。,2023-11-07
2420,時計 117,ファッション,UrbanWear,43655,745,時計 117の詳細説明です。高品質でおすすめの商品です。,2023-10-24
2421,コットンTシャツ 118,ファッション,Modern,46557,875,コットンTシャツ 118の詳細説明です。高品質でおすすめの商品です。,2023-01-19
2422,デニムジーンズ 118,ファッション,Classic,14089,326,デニムジーンズ 118の詳細説明です。高品質でおすすめの商品です。,2023-05-23
2423,スニーカー 118,ファッション,UrbanWear,40518,965,スニーカー 118の詳細説明です。高品質でおすすめの商品です。,2023-12-21
2424,レザージャケット 118,ファッション,Classic,11403,878,レザージャケット 118の詳細説明です。高品質でおすすめの商品です。,2023-08-15
2425,ウールコート 118,ファッション,Classic,36490,656,ウールコート 118の詳細説明です。高品質でおすすめの商品です。,2023-07-08
2426,キャップ 118,ファッション,StyleCo,8744,280,キャップ 118の詳細説明です。高品質でおすすめの商品です。,2023-12-13
2427,バッグ 118,ファッション,UrbanWear,38237,228,バッグ 118の詳細説明です。高品質でおすすめの商品です。,2023-07-26
2428,ベルト 118,ファッション,Classic,34371,69,ベルト 118の詳細説明です。高品質でおすすめの商品です。,2023-12-07
2429,サングラス 118,ファッション,Classic,14071,21,サングラス 118の詳細説明です。高品質でおすすめの商品です。,2023-12-18
2430,時計 118,ファッション,Modern,31814,448,時計 118の詳細説明です。高品質でおすすめの商品です。,2023-03-05
2431,コットンTシャツ 119,ファッション,Modern,32519,566,コットンTシャツ 119の詳細説明です。高品質でおすすめの商品です。,2023-12-04
2432,デニムジーンズ 119,ファッション,Modern,41565,817,デニムジーンズ 119の詳細説明です。高品質でおすすめの商品です。,2023-03-25
2433,スニーカー 119,ファッション,Modern,35543,662,スニーカー 119の詳細説明です。高品質でおすすめの商品です。,2023-01-27
2434,レザージャケット 119,ファッション,Trendy,17581,942,レザージャケット 119の詳細説明です。高品質でおすすめの商品です。,2023-12-06
2435,ウールコート 119,ファッション,UrbanWear,16966,421,ウールコート 119の詳細説明です。高品質でおすすめの商品です。,2023-10-25
2436,キャップ 119,ファッション,StyleCo,29802,306,キャップ 119の詳細説明です。高品質でおすすめの商品です。,2023-09-15
2437,バッグ 119,ファッション,Trendy,49201,18,バッグ 119の詳細説明です。高品質でおすすめの商品です。,2023-10-29
2438,ベルト 119,ファッション,StyleCo,10598,411,ベルト 119の詳細説明です。高品質でおすすめの商品です。,2023-12-12
2439,サングラス 119,ファッション,StyleCo,42825,259,サングラス 119の詳細説明です。高品質でおすすめの商品です。,2023-04-21
2440,時計 119,ファッション,StyleCo,37905,216,時計 119の詳細説明です。高品質でおすすめの商品です。,2023-04-28
2441,コットンTシャツ 120,ファッション,UrbanWear,27400,704,コットンTシャツ 120の詳細説明です。高品質でおすすめの商品です。,2023-07-16
2442,デニムジーンズ 120,ファッション,StyleCo,26649,218,デニムジーンズ 120の詳細説明です。高品質でおすすめの商品です。,2023-06-16
2443,スニーカー 120,ファッション,Classic,24899,734,スニーカー 120の詳細説明です。高品質でおすすめの商品です。,2023-06-23
2444,レザージャケット 120,ファッション,UrbanWear,11039,786,レザージャケット 120の詳細説明です。高品質でおすすめの商品です。,2023-10-15
2445,ウールコート 120,ファッション,Classic,16563,448,ウールコート 120の詳細説明です。高品質でおすすめの商品です。,2023-01-14
2446,キャップ 120,ファッション,StyleCo,17153,369,キャップ 120の詳細説明です。高品質でおすすめの商品です。,2023-01-05
2447,バッグ 120,ファッション,Classic,29060,131,バッグ 120の詳細説明です。高品質でおすすめの商品です。,2023-07-26
2448,ベルト 120,ファッション,Trendy,7314,521,ベルト 120の詳細説明です。高品質でおすすめの商品です。,2023-02-12
2449,サングラス 120,ファッション,Trendy,13091,411,サングラス 120の詳細説明です。高品質でおすすめの商品です。,2023-10-09
2450,時計 120,ファッション,StyleCo,45994,577,時計 120の詳細説明です。高品質でおすすめの商品です。,2023-10-13
2451,コットンTシャツ 121,ファッション,Trendy,29968,229,コットンTシャツ 121の詳細説明です。高品質でおすすめの商品です。,2023-10-10
2452,デニムジーンズ 121,ファッション,Classic,10172,967,デニムジーンズ 121の詳細説明です。高品質でおすすめの商品です。,2023-08-12
2453,スニーカー 121,ファッション,UrbanWear,43772,381,スニーカー 121の詳細説明です。高品質でおすすめの商品です。,2023-05-24
2454,レザージャケット 121,ファッション,Trendy,34106,811,レザージャケット 121の詳細説明です。高品質でおすすめの商品です。,2023-07-26
2455,ウールコート 121,ファッション,Trendy,29866,660,ウールコート 121の詳細説明です。高品質でおすすめの商品です。,2023-11-09
2456,キャップ 121,ファッション,Modern,12664,77,キャップ 121の詳細説明です。高品質でおすすめの商品です。,2023-05-07
2457,バッグ 121,ファッション,UrbanWear,44680,829,バッグ 121の詳細説明です。高品質でおすすめの商品です。,2023-09-25
2458,ベルト 121,ファッション,StyleCo,26386,81,ベルト 121の詳細説明です。高品質でおすすめの商品です。,2023-03-09
2459,サングラス 121,ファッション,Trendy,25778,529,サングラス 121の詳細説明です。高品質でおすすめの商品です。,2023-07-31
2460,時計 121,ファッション,Modern,49511,555,時計 121の詳細説明です。高品質でおすすめの商品です。,2023-07-30
2461,コットンTシャツ 122,ファッション,StyleCo,39177,866,コットンTシャツ 122の詳細説明です。高品質でおすすめの商品です。,2023-10-04
2462,デニムジーンズ 122,ファッション,StyleCo,22937,761,デニムジーンズ 122の詳細説明です。高品質でおすすめの商品です。,2023-07-03
2463,スニーカー 122,ファッション,StyleCo,4235,912,スニーカー 122の詳細説明です。高品質でおすすめの商品です。,2023-09-18
2464,レザージャケット 122,ファッション,UrbanWear,24648,969,レザージャケット 122の詳細説明です。高品質でおすすめの商品です。,2023-03-23
2465,ウールコート 122,ファッション,Trendy,18712,134,ウールコート 122の詳細説明です。高品質でおすすめの商品です。,2023-03-09
2466,キャップ 122,ファッション,Trendy,16609,570,キャップ 122の詳細説明です。高品質でおすすめの商品です。,2023-09-05
2467,バッグ 122,ファッション,Trendy,38305,923,バッグ 122の詳細説明です。高品質でおすすめの商品です。,2023-02-12
2468,ベルト 122,ファッション,UrbanWear,20780,888,ベルト 122の詳細説明です。高品質でおすすめの商品です。,2023-01-24
2469,サングラス 122,ファッション,Modern,36032,502,サングラス 122の詳細説明です。高品質でおすすめの商品です。,2023-08-25
2470,時計 122,ファッション,Classic,4032,752,時計 122の詳細説明です。高品質でおすすめの商品です。,2023-01-21
2471,コットンTシャツ 123,ファッション,Modern,42056,192,コットンTシャツ 123の詳細説明です。高品質でおすすめの商品です。,2023-12-26
2472,デニムジーンズ 123,ファッション,UrbanWear,37058,542,デニムジーンズ 123の詳細説明です。高品質でおすすめの商品です。,2023-04-10
2473,スニーカー 123,ファッション,Trendy,34389,81,スニーカー 123の詳細説明です。高品質でおすすめの商品です。,2023-08-31
2474,レザージャケット 123,ファッション,UrbanWear,49546,585,レザージャケット 123の詳細説明です。高品質でおすすめの商品です。,2023-09-21
2475,ウールコート 123,ファッション,Modern,28352,609,ウールコート 123の詳細説明です。高品質でおすすめの商品です。,2023-09-30
2476,キャップ 123,ファッション,Classic,4514,26,キャップ 123の詳細説明です。高品質でおすすめの商品です。,2023-12-07
2477,バッグ 123,ファッション,Trendy,32972,357,バッグ 123の詳細説明です。高品質でおすすめの商品です。,2023-03-26
2478,ベルト 123,ファッション,Modern,6567,469,ベルト 123の詳細説明です。高品質でおすすめの商品です。,2023-12-13
2479,サングラス 123,ファッション,Modern,5766,377,サングラス 123の詳細説明です。高品質でおすすめの商品です。,2023-11-10
2480,時計 123,ファッション,Trendy,8775,699,時計 123の詳細説明です。高品質でおすすめの商品です。,2023-04-14
2481,コットンTシャツ 124,ファッション,Trendy,3029,63,コットンTシャツ 124の詳細説明です。高品質でおすすめの商品です。,2023-02-01
2482,デニムジーンズ 124,ファッション,StyleCo,18486,726,デニムジーンズ 124の詳細説明です。高品質でおすすめの商品です。,2023-01-20
2483,スニーカー 124,ファッション,Modern,23637,446,スニーカー 124の詳細説明です。高品質でおすすめの商品です。,2023-09-30
2484,レザージャケット 124,ファッション,StyleCo,20265,404,レザージャケット 124の詳細説明です。高品質でおすすめの商品です。,2023-12-02
2485,ウールコート 124,ファッション,StyleCo,19422,516,ウールコート 124の詳細説明です。高品質でおすすめの商品です。,2023-09-16
2486,キャップ 124,ファッション,UrbanWear,20236,788,キャップ 124の詳細説明です。高品質でおすすめの商品です。,2023-02-16
2487,バッグ 124,ファッション,UrbanWear,32951,197,バッグ 124の詳細説明です。高品質でおすすめの商品です。,2023-01-29
2488,ベルト 124,ファッション,StyleCo,26499,31,ベルト 124の詳細説明です。高品質でおすすめの商品です。,2023-10-18
2489,サングラス 124,ファッション,UrbanWear,46698,69,サングラス 124の詳細説明です。高品質でおすすめの商品です。,2023-12-18
2490,時計 124,ファッション,Modern,18558,737,時計 124の詳細説明です。高品質でおすすめの商品です。,2023-04-02
2491,コットンTシャツ 125,ファッション,UrbanWear,29420,41,コットンTシャツ 125の詳細説明です。高品質でおすすめの商品です。,2023-03-21
2492,デニムジーンズ 125,ファッション,UrbanWear,16574,787,デニムジーンズ 125の詳細説明です。高品質でおすすめの商品です。,2023-01-25
2493,スニーカー 125,ファッション,UrbanWear,1099,535,スニーカー 125の詳細説明です。高品質でおすすめの商品です。,2023-05-21
2494,レザージャケット 125,ファッション,Modern,30736,503,レザージャケット 125の詳細説明です。高品質でおすすめの商品です。,2023-07-28
2495,ウールコート 125,ファッション,Classic,4914,13,ウールコート 125の詳細説明です。高品質でおすすめの商品です。,2023-12-26
2496,キャップ 125,ファッション,StyleCo,48747,467,キャップ 125の詳細説明です。高品質でおすすめの商品です。,2023-05-30
2497,バッグ 125,ファッション,Trendy,13031,31,バッグ 125の詳細説明です。高品質でおすすめの商品です。,2023-09-26
2498,ベルト 125,ファッション,Classic,7091,742,ベルト 125の詳細説明です。高品質でおすすめの商品です。,2023-09-30
2499,サングラス 125,ファッション,Classic,17708,30,サングラス 125の詳細説明です。高品質でおすすめの商品です。,2023-08-29
2500,時計 125,ファッション,Trendy,17177,654,時計 125の詳細説明です。高品質でおすすめの商品です。,2023-10-08
2501,有機コーヒー豆,食品・飲料,Organic,27485,929,有機コーヒー豆の詳細説明です。高品質でおすすめの商品です。,2023-02-05
2502,緑茶パック,食品・飲料,Fresh,24293,116,緑茶パックの詳細説明です。高品質でおすすめの商品です。,2023-08-31
2503,チョコレート詰め合わせ,食品・飲料,Organic,26817,133,チョコレート詰め合わせの詳細説明です。高品質でおすすめの商品です。,2023-12-16
2504,スナック菓子,食品・飲料,Organic,40389,16,スナック菓子の詳細説明です。高品質でおすすめの商品です。,2023-05-20
2505,調味料セット,食品・飲料,Natural,33873,323,調味料セットの詳細説明です。高品質でおすすめの商品です。,2023-07-28
2506,ドライフルーツ,食品・飲料,Natural,38522,332,ドライフルーツの詳細説明です。高品質でおすすめの商品です。,2023-10-28
2507,ナッツミックス,食品・飲料,Healthy,9168,14,ナッツミックスの詳細説明です。高品質でおすすめの商品です。,2023-12-21
2508,ハチミツ,食品・飲料,Fresh,42759,835,ハチミツの詳細説明です。高品質でおすすめの商品です。,2023-05-15
2509,オリーブオイル,食品・飲料,Premium,45289,521,オリーブオイルの詳細説明です。高品質でおすすめの商品です。,2023-10-08
2510,パスタセット,食品・飲料,Premium,25958,854,パスタセットの詳細説明です。高品質でおすすめの商品です。,2023-05-31
2511,有機コーヒー豆 2,食品・飲料,Fresh,12930,542,有機コーヒー豆 2の詳細説明です。高品質でおすすめの商品です。,2023-09-11
2512,緑茶パック 2,食品・飲料,Fresh,47965,882,緑茶パック 2の詳細説明です。高品質でおすすめの商品です。,2023-03-05
2513,チョコレート詰め合わせ 2,食品・飲料,Organic,17678,159,チョコレート詰め合わせ 2の詳細説明です。高品質でおすすめの商品です。,2023-09-21
2514,スナック菓子 2,食品・飲料,Fresh,32119,652,スナック菓子 2の詳細説明です。高品質でおすすめの商品です。,2023-05-21
2515,調味料セット 2,食品・飲料,Premium,29925,905,調味料セット 2の詳細説明です。高品質でおすすめの商品です。,2023-04-09
2516,ドライフルーツ 2,食品・飲料,Healthy,34902,78,ドライフルーツ 2の詳細説明です。高品質でおすすめの商品です。,2023-03-29
2517,ナッツミックス 2,食品・飲料,Natural,9127,395,ナッツミックス 2の詳細説明です。高品質でおすすめの商品です。,2023-06-23
2518,ハチミツ 2,食品・飲料,Healthy,23843,521,ハチミツ 2の詳細説明です。高品質でおすすめの商品です。,2023-09-27
2519,オリーブオイル 2,食品・飲料,Fresh,11160,163,オリーブオイル 2の詳細説明です。高品質でおすすめの商品です。,2023-09-12
2520,パスタセット 2,食品・飲料,Healthy,41980,823,パスタセット 2の詳細説明です。高品質でおすすめの商品です。,2023-11-25
2521,有機コーヒー豆 3,食品・飲料,Premium,41810,760,有機コーヒー豆 3の詳細説明です。高品質でおすすめの商品です。,2023-10-05
2522,緑茶パック 3,食品・飲料,Fresh,15033,262,緑茶パック 3の詳細説明です。高品質でおすすめの商品です。,2023-04-18
2523,チョコレート詰め合わせ 3,食品・飲料,Fresh,44583,668,チョコレート詰め合わせ 3の詳細説明です。高品質でおすすめの商品です。,2023-08-22
2524,スナック菓子 3,食品・飲料,Premium,11369,869,スナック菓子 3の詳細説明です。高品質でおすすめの商品です。,2023-07-19
2525,調味料セット 3,食品・飲料,Fresh,15581,227,調味料セット 3の詳細説明です。高品質でおすすめの商品です。,2023-07-19
2526,ドライフルーツ 3,食品・飲料,Healthy,28432,969,ドライフルーツ 3の詳細説明です。高品質でおすすめの商品です。,2023-05-04
2527,ナッツミックス 3,食品・飲料,Healthy,33602,491,ナッツミックス 3の詳細説明です。高品質でおすすめの商品です。,2023-04-09
2528,ハチミツ 3,食品・飲料,Organic,49591,773,ハチミツ 3の詳細説明です。高品質でおすすめの商品です。,2023-11-28
2529,オリーブオイル 3,食品・飲料,Natural,42533,873,オリーブオイル 3の詳細説明です。高品質でおすすめの商品です。,2023-03-23
2530,パスタセット 3,食品・飲料,Organic,30245,634,パスタセット 3の詳細説明です。高品質でおすすめの商品です。,2023-10-17
2531,有機コーヒー豆 4,食品・飲料,Premium,20587,895,有機コーヒー豆 4の詳細説明です。高品質でおすすめの商品です。,2023-12-12
2532,緑茶パック 4,食品・飲料,Premium,39781,230,緑茶パック 4の詳細説明です。高品質でおすすめの商品です。,2023-03-06
2533,チョコレート詰め合わせ 4,食品・飲料,Natural,9587,439,チョコレート詰め合わせ 4の詳細説明です。高品質でおすすめの商品です。,2023-07-19
2534,スナック菓子 4,食品・飲料,Organic,36757,914,スナック菓子 4の詳細説明です。高品質でおすすめの商品です。,2023-02-24
2535,調味料セット 4,食品・飲料,Natural,18712,46,調味料セット 4の詳細説明です。高品質でおすすめの商品です。,2023-06-05
2536,ドライフルーツ 4,食品・飲料,Natural,36233,271,ドライフルーツ 4の詳細説明です。高品質でおすすめの商品です。,2023-10-18
2537,ナッツミックス 4,食品・飲料,Organic,18178,578,ナッツミックス 4の詳細説明です。高品質でおすすめの商品です。,2023-07-14
2538,ハチミツ 4,食品・飲料,Fresh,4488,960,ハチミツ 4の詳細説明です。高品質でおすすめの商品です。,2023-02-23
2539,オリーブオイル 4,食品・飲料,Premium,48802,461,オリーブオイル 4の詳細説明です。高品質でおすすめの商品です。,2023-04-11
2540,パスタセット 4,食品・飲料,Organic,44739,667,パスタセット 4の詳細説明です。高品質でおすすめの商品です。,2023-09-11
2541,有機コーヒー豆 5,食品・飲料,Fresh,48493,457,有機コーヒー豆 5の詳細説明です。高品質でおすすめの商品です。,2023-02-08
2542,緑茶パック 5,食品・飲料,Natural,10786,774,緑茶パック 5の詳細説明です。高品質でおすすめの商品です。,2023-03-09
2543,チョコレート詰め合わせ 5,食品・飲料,Healthy,27255,782,チョコレート詰め合わせ 5の詳細説明です。高品質でおすすめの商品です。,2023-10-07
2544,スナック菓子 5,食品・飲料,Premium,28006,181,スナック菓子 5の詳細説明です。高品質でおすすめの商品です。,2023-11-17
2545,調味料セット 5,食品・飲料,Premium,45053,933,調味料セット 5の詳細説明です。高品質でおすすめの商品です。,2023-08-30
2546,ドライフルーツ 5,食品・飲料,Natural,21781,590,ドライフルーツ 5の詳細説明です。高品質でおすすめの商品です。,2023-04-29
2547,ナッツミックス 5,食品・飲料,Premium,26025,487,ナッツミックス 5の詳細説明です。高品質でおすすめの商品です。,2023-04-06
2548,ハチミツ 5,食品・飲料,Organic,33055,512,ハチミツ 5の詳細説明です。高品質でおすすめの商品です。,2023-09-13
2549,オリーブオイル 5,食品・飲料,Organic,3468,223,オリーブオイル 5の詳細説明です。高品質でおすすめの商品です。,2023-08-28
2550,パスタセット 5,食品・飲料,Fresh,19818,183,パスタセット 5の詳細説明です。高品質でおすすめの商品です。,2023-06-03
2551,有機コーヒー豆 6,食品・飲料,Healthy,32807,945,有機コーヒー豆 6の詳細説明です。高品質でおすすめの商品です。,2023-04-07
2552,緑茶パック 6,食品・飲料,Fresh,41680,983,緑茶パック 6の詳細説明です。高品質でおすすめの商品です。,2023-03-10
2553,チョコレート詰め合わせ 6,食品・飲料,Natural,7218,84,チョコレート詰め合わせ 6の詳細説明です。高品質でおすすめの商品です。,2023-06-18
2554,スナック菓子 6,食品・飲料,Premium,10486,221,スナック菓子 6の詳細説明です。高品質でおすすめの商品です。,2023-10-08
2555,調味料セット 6,食品・飲料,Natural,13941,974,調味料セット 6の詳細説明です。高品質でおすすめの商品です。,2023-12-04
2556,ドライフルーツ 6,食品・飲料,Natural,17123,311,ドライフルーツ 6の詳細説明です。高品質でおすすめの商品です。,2023-03-07
2557,ナッツミックス 6,食品・飲料,Natural,45952,777,ナッツミックス 6の詳細説明です。高品質でおすすめの商品です。,2023-09-05
2558,ハチミツ 6,食品・飲料,Fresh,7360,295,ハチミツ 6の詳細説明です。高品質でおすすめの商品です。,2023-12-06
2559,オリーブオイル 6,食品・飲料,Fresh,46008,124,オリーブオイル 6の詳細説明です。高品質でおすすめの商品です。,2023-12-04
2560,パスタセット 6,食品・飲料,Healthy,10706,504,パスタセット 6の詳細説明です。高品質でおすすめの商品です。,2023-07-06
2561,有機コーヒー豆 7,食品・飲料,Organic,32427,603,有機コーヒー豆 7の詳細説明です。高品質でおすすめの商品です。,2023-10-18
2562,緑茶パック 7,食品・飲料,Healthy,2433,758,緑茶パック 7の詳細説明です。高品質でおすすめの商品です。,2023-04-05
2563,チョコレート詰め合わせ 7,食品・飲料,Natural,42404,167,チョコレート詰め合わせ 7の詳細説明です。高品質でおすすめの商品です。,2023-08-27
2564,スナック菓子 7,食品・飲料,Healthy,26742,956,スナック菓子 7の詳細説明です。高品質でおすすめの商品です。,2023-11-21
2565,調味料セット 7,食品・飲料,Healthy,5141,984,調味料セット 7の詳細説明です。高品質でおすすめの商品です。,2023-07-12
2566,ドライフルーツ 7,食品・飲料,Organic,26395,570,ドライフルーツ 7の詳細説明です。高品質でおすすめの商品です。,2023-10-08
2567,ナッツミックス 7,食品・飲料,Natural,36547,48,ナッツミックス 7の詳細説明です。高品質でおすすめの商品です。,2023-10-27
2568,ハチミツ 7,食品・飲料,Organic,45104,518,ハチミツ 7の詳細説明です。高品質でおすすめの商品です。,2023-01-25
2569,オリーブオイル 7,食品・飲料,Natural,18362,32,オリーブオイル 7の詳細説明です。高品質でおすすめの商品です。,2023-06-25
2570,パスタセット 7,食品・飲料,Healthy,24179,929,パスタセット 7の詳細説明です。高品質でおすすめの商品です。,2023-05-23
2571,有機コーヒー豆 8,食品・飲料,Natural,37505,29,有機コーヒー豆 8の詳細説明です。高品質でおすすめの商品です。,2023-06-02
2572,緑茶パック 8,食品・飲料,Organic,26569,931,緑茶パック 8の詳細説明です。高品質でおすすめの商品です。,2023-10-20
2573,チョコレート詰め合わせ 8,食品・飲料,Premium,12193,161,チョコレート詰め合わせ 8の詳細説明です。高品質でおすすめの商品です。,2023-10-13
2574,スナック菓子 8,食品・飲料,Natural,42757,964,スナック菓子 8の詳細説明です。高品質でおすすめの商品です。,2023-05-26
2575,調味料セット 8,食品・飲料,Organic,24928,325,調味料セット 8の詳細説明です。高品質でおすすめの商品です。,2023-08-12
2576,ドライフルーツ 8,食品・飲料,Healthy,12919,469,ドライフルーツ 8の詳細説明です。高品質でおすすめの商品です。,2023-04-29
2577,ナッツミックス 8,食品・飲料,Premium,16418,655,ナッツミックス 8の詳細説明です。高品質でおすすめの商品です。,2023-05-16
2578,ハチミツ 8,食品・飲料,Healthy,3843,45,ハチミツ 8の詳細説明です。高品質でおすすめの商品です。,2023-02-13
2579,オリーブオイル 8,食品・飲料,Organic,12032,160,オリーブオイル 8の詳細説明です。高品質でおすすめの商品です。,2023-12-01
2580,パスタセット 8,食品・飲料,Healthy,21129,640,パスタセット 8の詳細説明です。高品質でおすすめの商品です。,2023-06-21
2581,有機コーヒー豆 9,食品・飲料,Natural,20633,378,有機コーヒー豆 9の詳細説明です。高品質でおすすめの商品です。,2023-04-21
2582,緑茶パック 9,食品・飲料,Premium,25170,214,緑茶パック 9の詳細説明です。高品質でおすすめの商品です。,2023-06-30
2583,チョコレート詰め合わせ 9,食品・飲料,Organic,24102,352,チョコレート詰め合わせ 9の詳細説明です。高品質でおすすめの商品です。,2023-02-19
2584,スナック菓子 9,食品・飲料,Healthy,37410,282,スナック菓子 9の詳細説明です。高品質でおすすめの商品です。,2023-09-16
2585,調味料セット 9,食品・飲料,Organic,2114,805,調味料セット 9の詳細説明です。高品質でおすすめの商品です。,2023-09-14
2586,ドライフルーツ 9,食品・飲料,Premium,8471,731,ドライフルーツ 9の詳細説明です。高品質でおすすめの商品です。,2023-10-25
2587,ナッツミックス 9,食品・飲料,Premium,5353,697,ナッツミックス 9の詳細説明です。高品質でおすすめの商品です。,2023-06-28
2588,ハチミツ 9,食品・飲料,Natural,39030,399,ハチミツ 9の詳細説明です。高品質でおすすめの商品です。,2023-10-11
2589,オリーブオイル 9,食品・飲料,Organic,43510,860,オリーブオイル 9の詳細説明です。高品質でおすすめの商品です。,2023-12-13
2590,パスタセット 9,食品・飲料,Natural,33959,985,パスタセット 9の詳細説明です。高品質でおすすめの商品です。,2023-07-16
2591,有機コーヒー豆 10,食品・飲料,Natural,10730,756,有機コーヒー豆 10の詳細説明です。高品質でおすすめの商品です。,2023-02-16
2592,緑茶パック 10,食品・飲料,Premium,40492,981,緑茶パック 10の詳細説明です。高品質でおすすめの商品です。,2023-11-23
2593,チョコレート詰め合わせ 10,食品・飲料,Premium,9306,180,チョコレート詰め合わせ 10の詳細説明です。高品質でおすすめの商品です。,2023-11-11
2594,スナック菓子 10,食品・飲料,Organic,29783,510,スナック菓子 10の詳細説明です。高品質でおすすめの商品です。,2023-11-27
2595,調味料セット 10,食品・飲料,Natural,25757,739,調味料セット 10の詳細説明です。高品質でおすすめの商品です。,2023-04-09
2596,ドライフルーツ 10,食品・飲料,Natural,47089,452,ドライフルーツ 10の詳細説明です。高品質でおすすめの商品です。,2023-06-30
2597,ナッツミックス 10,食品・飲料,Premium,29863,382,ナッツミックス 10の詳細説明です。高品質でおすすめの商品です。,2023-03-23
2598,ハチミツ 10,食品・飲料,Healthy,41133,439,ハチミツ 10の詳細説明です。高品質でおすすめの商品です。,2023-05-22
2599,オリーブオイル 10,食品・飲料,Premium,1979,884,オリーブオイル 10の詳細説明です。高品質でおすすめの商品です。,2023-07-25
2600,パスタセット 10,食品・飲料,Natural,25304,989,パスタセット 10の詳細説明です。高品質でおすすめの商品です。,2023-11-20
2601,有機コーヒー豆 11,食品・飲料,Premium,24081,47,有機コーヒー豆 11の詳細説明です。高品質でおすすめの商品です。,2023-11-27
2602,緑茶パック 11,食品・飲料,Fresh,18980,433,緑茶パック 11の詳細説明です。高品質でおすすめの商品です。,2023-05-18
2603,チョコレート詰め合わせ 11,食品・飲料,Fresh,32370,401,チョコレート詰め合わせ 11の詳細説明です。高品質でおすすめの商品です。,2023-11-01
2604,スナック菓子 11,食品・飲料,Organic,16385,238,スナック菓子 11の詳細説明です。高品質でおすすめの商品です。,2023-09-25
2605,調味料セット 11,食品・飲料,Organic,49191,653,調味料セット 11の詳細説明です。高品質でおすすめの商品です。,2023-02-02
2606,ドライフルーツ 11,食品・飲料,Natural,26711,973,ドライフルーツ 11の詳細説明です。高品質でおすすめの商品です。,2023-10-20
2607,ナッツミックス 11,食品・飲料,Premium,28611,208,ナッツミックス 11の詳細説明です。高品質でおすすめの商品です。,2023-05-07
2608,ハチミツ 11,食品・飲料,Organic,15370,691,ハチミツ 11の詳細説明です。高品質でおすすめの商品です。,2023-09-23
2609,オリーブオイル 11,食品・飲料,Healthy,17855,497,オリーブオイル 11の詳細説明です。高品質でおすすめの商品です。,2023-11-12
2610,パスタセット 11,食品・飲料,Premium,10043,543,パスタセット 11の詳細説明です。高品質でおすすめの商品です。,2023-07-12
2611,有機コーヒー豆 12,食品・飲料,Premium,11871,378,有機コーヒー豆 12の詳細説明です。高品質でおすすめの商品です。,2023-05-08
2612,緑茶パック 12,食品・飲料,Premium,2115,887,緑茶パック 12の詳細説明です。高品質でおすすめの商品です。,2023-08-20
2613,チョコレート詰め合わせ 12,食品・飲料,Premium,4623,297,チョコレート詰め合わせ 12の詳細説明です。高品質でおすすめの商品です。,2023-01-16
2614,スナック菓子 12,食品・飲料,Premium,19255,995,スナック菓子 12の詳細説明です。高品質でおすすめの商品です。,2023-09-05
2615,調味料セット 12,食品・飲料,Healthy,16265,561,調味料セット 12の詳細説明です。高品質でおすすめの商品です。,2023-11-29
2616,ドライフルーツ 12,食品・飲料,Fresh,39380,384,ドライフルーツ 12の詳細説明です。高品質でおすすめの商品です。,2023-05-18
2617,ナッツミックス 12,食品・飲料,Healthy,17441,728,ナッツミックス 12の詳細説明です。高品質でおすすめの商品です。,2023-12-13
2618,ハチミツ 12,食品・飲料,Healthy,14604,739,ハチミツ 12の詳細説明です。高品質でおすすめの商品です。,2023-02-08
2619,オリーブオイル 12,食品・飲料,Organic,38157,770,オリーブオイル 12の詳細説明です。高品質でおすすめの商品です。,2023-06-12
2620,パスタセット 12,食品・飲料,Premium,48758,722,パスタセット 12の詳細説明です。高品質でおすすめの商品です。,2023-01-17
2621,有機コーヒー豆 13,食品・飲料,Healthy,29329,487,有機コーヒー豆 13の詳細説明です。高品質でおすすめの商品です。,2023-08-14
2622,緑茶パック 13,食品・飲料,Organic,17440,757,緑茶パック 13の詳細説明です。高品質でおすすめの商品です。,2023-04-05
2623,チョコレート詰め合わせ 13,食品・飲料,Natural,16896,306,チョコレート詰め合わせ 13の詳細説明です。高品質でおすすめの商品です。,2023-09-20
2624,スナック菓子 13,食品・飲料,Organic,28122,901,スナック菓子 13の詳細説明です。高品質でおすすめの商品です。,2023-06-04
2625,調味料セット 13,食品・飲料,Fresh,12252,594,調味料セット 13の詳細説明です。高品質でおすすめの商品です。,2023-05-30
2626,ドライフルーツ 13,食品・飲料,Premium,26326,125,ドライフルーツ 13の詳細説明です。高品質でおすすめの商品です。,2023-01-31
2627,ナッツミックス 13,食品・飲料,Natural,11517,188,ナッツミックス 13の詳細説明です。高品質でおすすめの商品です。,2023-08-03
2628,ハチミツ 13,食品・飲料,Natural,17887,72,ハチミツ 13の詳細説明です。高品質でおすすめの商品です。,2023-03-11
2629,オリーブオイル 13,食品・飲料,Premium,33804,142,オリーブオイル 13の詳細説明です。高品質でおすすめの商品です。,2023-05-21
2630,パスタセット 13,食品・飲料,Natural,37015,235,パスタセット 13の詳細説明です。高品質でおすすめの商品です。,2023-04-08
2631,有機コーヒー豆 14,食品・飲料,Premium,23393,633,有機コーヒー豆 14の詳細説明です。高品質でおすすめの商品です。,2023-10-23
2632,緑茶パック 14,食品・飲料,Premium,1281,197,緑茶パック 14の詳細説明です。高品質でおすすめの商品です。,2023-09-16
2633,チョコレート詰め合わせ 14,食品・飲料,Fresh,37386,344,チョコレート詰め合わせ 14の詳細説明です。高品質でおすすめの商品です。,2023-06-23
2634,スナック菓子 14,食品・飲料,Premium,16261,277,スナック菓子 14の詳細説明です。高品質でおすすめの商品です。,2023-11-01
2635,調味料セット 14,食品・飲料,Natural,18801,155,調味料セット 14の詳細説明です。高品質でおすすめの商品です。,2023-11-03
2636,ドライフルーツ 14,食品・飲料,Fresh,7105,865,ドライフルーツ 14の詳細説明です。高品質でおすすめの商品です。,2023-06-22
2637,ナッツミックス 14,食品・飲料,Organic,4842,468,ナッツミックス 14の詳細説明です。高品質でおすすめの商品です。,2023-01-08
2638,ハチミツ 14,食品・飲料,Natural,20926,576,ハチミツ 14の詳細説明です。高品質でおすすめの商品です。,2023-01-21
2639,オリーブオイル 14,食品・飲料,Premium,29272,628,オリーブオイル 14の詳細説明です。高品質でおすすめの商品です。,2023-04-30
2640,パスタセット 14,食品・飲料,Natural,29070,240,パスタセット 14の詳細説明です。高品質でおすすめの商品です。,2023-02-10
2641,有機コーヒー豆 15,食品・飲料,Organic,5004,683,有機コーヒー豆 15の詳細説明です。高品質でおすすめの商品です。,2023-06-06
2642,緑茶パック 15,食品・飲料,Premium,21670,245,緑茶パック 15の詳細説明です。高品質でおすすめの商品です。,2023-03-20
2643,チョコレート詰め合わせ 15,食品・飲料,Natural,48390,915,チョコレート詰め合わせ 15の詳細説明です。高品質でおすすめの商品です。,2023-10-29
2644,スナック菓子 15,食品・飲料,Fresh,46255,142,スナック菓子 15の詳細説明です。高品質でおすすめの商品です。,2023-12-15
2645,調味料セット 15,食品・飲料,Fresh,35410,15,調味料セット 15の詳細説明です。高品質でおすすめの商品です。,2023-07-22
2646,ドライフルーツ 15,食品・飲料,Fresh,1141,860,ドライフルーツ 15の詳細説明です。高品質でおすすめの商品です。,2023-03-06
2647,ナッツミックス 15,食品・飲料,Premium,47698,778,ナッツミックス 15の詳細説明です。高品質でおすすめの商品です。,2023-12-03
2648,ハチミツ 15,食品・飲料,Premium,45940,935,ハチミツ 15の詳細説明です。高品質でおすすめの商品です。,2023-03-04
2649,オリーブオイル 15,食品・飲料,Organic,5307,456,オリーブオイル 15の詳細説明です。高品質でおすすめの商品です。,2023-09-13
2650,パスタセット 15,食品・飲料,Fresh,29404,807,パスタセット 15の詳細説明です。高品質でおすすめの商品です。,2023-04-30
2651,有機コーヒー豆 16,食品・飲料,Natural,20232,175,有機コーヒー豆 16の詳細説明です。高品質でおすすめの商品です。,2023-08-11
2652,緑茶パック 16,食品・飲料,Fresh,39523,135,緑茶パック 16の詳細説明です。高品質でおすすめの商品です。,2023-07-05
2653,チョコレート詰め合わせ 16,食品・飲料,Natural,22458,832,チョコレート詰め合わせ 16の詳細説明です。高品質でおすすめの商品です。,2023-04-29
2654,スナック菓子 16,食品・飲料,Natural,42350,565,スナック菓子 16の詳細説明です。高品質でおすすめの商品です。,2023-10-08
2655,調味料セット 16,食品・飲料,Healthy,40365,835,調味料セット 16の詳細説明です。高品質でおすすめの商品です。,2023-09-11
2656,ドライフルーツ 16,食品・飲料,Healthy,11539,568,ドライフルーツ 16の詳細説明です。高品質でおすすめの商品です。,2023-02-02
2657,ナッツミックス 16,食品・飲料,Healthy,36875,279,ナッツミックス 16の詳細説明です。高品質でおすすめの商品です。,2023-10-19
2658,ハチミツ 16,食品・飲料,Premium,5601,603,ハチミツ 16の詳細説明です。高品質でおすすめの商品です。,2023-03-08
2659,オリーブオイル 16,食品・飲料,Organic,48424,176,オリーブオイル 16の詳細説明です。高品質でおすすめの商品です。,2023-03-28
2660,パスタセット 16,食品・飲料,Natural,39123,762,パスタセット 16の詳細説明です。高品質でおすすめの商品です。,2023-12-30
2661,有機コーヒー豆 17,食品・飲料,Premium,20171,118,有機コーヒー豆 17の詳細説明です。高品質でおすすめの商品です。,2023-09-17
2662,緑茶パック 17,食品・飲料,Fresh,12816,85,緑茶パック 17の詳細説明です。高品質でおすすめの商品です。,2023-05-13
2663,チョコレート詰め合わせ 17,食品・飲料,Organic,6019,638,チョコレート詰め合わせ 17の詳細説明です。高品質でおすすめの商品です。,2023-08-21
2664,スナック菓子 17,食品・飲料,Premium,36668,84,スナック菓子 17の詳細説明です。高品質でおすすめの商品です。,2023-11-23
2665,調味料セット 17,食品・飲料,Organic,32569,37,調味料セット 17の詳細説明です。高品質でおすすめの商品です。,2023-12-12
2666,ドライフルーツ 17,食品・飲料,Premium,22754,239,ドライフルーツ 17の詳細説明です。高品質でおすすめの商品です。,2023-05-09
2667,ナッツミックス 17,食品・飲料,Premium,2368,631,ナッツミックス 17の詳細説明です。高品質でおすすめの商品です。,2023-07-12
2668,ハチミツ 17,食品・飲料,Natural,21060,698,ハチミツ 17の詳細説明です。高品質でおすすめの商品です。,2023-09-26
2669,オリーブオイル 17,食品・飲料,Fresh,14066,257,オリーブオイル 17の詳細説明です。高品質でおすすめの商品です。,2023-07-17
2670,パスタセット 17,食品・飲料,Organic,7968,514,パスタセット 17の詳細説明です。高品質でおすすめの商品です。,2023-07-25
2671,有機コーヒー豆 18,食品・飲料,Fresh,2234,656,有機コーヒー豆 18の詳細説明です。高品質でおすすめの商品です。,2023-01-02
2672,緑茶パック 18,食品・飲料,Natural,43239,971,緑茶パック 18の詳細説明です。高品質でおすすめの商品です。,2023-10-18
2673,チョコレート詰め合わせ 18,食品・飲料,Premium,16146,804,チョコレート詰め合わせ 18の詳細説明です。高品質でおすすめの商品です。,2023-06-08
2674,スナック菓子 18,食品・飲料,Natural,7309,495,スナック菓子 18の詳細説明です。高品質でおすすめの商品です。,2023-09-08
2675,調味料セット 18,食品・飲料,Premium,21333,274,調味料セット 18の詳細説明です。高品質でおすすめの商品です。,2023-01-19
2676,ドライフルーツ 18,食品・飲料,Natural,1727,681,ドライフルーツ 18の詳細説明です。高品質でおすすめの商品です。,2023-09-22
2677,ナッツミックス 18,食品・飲料,Natural,28239,921,ナッツミックス 18の詳細説明です。高品質でおすすめの商品です。,2023-05-18
2678,ハチミツ 18,食品・飲料,Fresh,41542,51,ハチミツ 18の詳細説明です。高品質でおすすめの商品です。,2023-09-02
2679,オリーブオイル 18,食品・飲料,Premium,13393,441,オリーブオイル 18の詳細説明です。高品質でおすすめの商品です。,2023-06-15
2680,パスタセット 18,食品・飲料,Natural,25431,411,パスタセット 18の詳細説明です。高品質でおすすめの商品です。,2023-09-14
2681,有機コーヒー豆 19,食品・飲料,Natural,39146,464,有機コーヒー豆 19の詳細説明です。高品質でおすすめの商品です。,2023-03-27
2682,緑茶パック 19,食品・飲料,Natural,32102,344,緑茶パック 19の詳細説明です。高品質でおすすめの商品です。,2023-02-21
2683,チョコレート詰め合わせ 19,食品・飲料,Fresh,27563,756,チョコレート詰め合わせ 19の詳細説明です。高品質でおすすめの商品です。,2023-09-26
2684,スナック菓子 19,食品・飲料,Natural,4365,130,スナック菓子 19の詳細説明です。高品質でおすすめの商品です。,2023-05-02
2685,調味料セット 19,食品・飲料,Organic,44345,385,調味料セット 19の詳細説明です。高品質でおすすめの商品です。,2023-05-01
2686,ドライフルーツ 19,食品・飲料,Premium,46916,915,ドライフルーツ 19の詳細説明です。高品質でおすすめの商品です。,2023-02-11
2687,ナッツミックス 19,食品・飲料,Healthy,47377,499,ナッツミックス 19の詳細説明です。高品質でおすすめの商品です。,2023-09-23
2688,ハチミツ 19,食品・飲料,Healthy,15231,866,ハチミツ 19の詳細説明です。高品質でおすすめの商品です。,2023-07-08
2689,オリーブオイル 19,食品・飲料,Natural,39453,80,オリーブオイル 19の詳細説明です。高品質でおすすめの商品です。,2023-07-15
2690,パスタセット 19,食品・飲料,Organic,17561,77,パスタセット 19の詳細説明です。高品質でおすすめの商品です。,2023-07-16
2691,有機コーヒー豆 20,食品・飲料,Premium,37194,386,有機コーヒー豆 20の詳細説明です。高品質でおすすめの商品です。,2023-11-16
2692,緑茶パック 20,食品・飲料,Natural,28750,604,緑茶パック 20の詳細説明です。高品質でおすすめの商品です。,2023-07-19
2693,チョコレート詰め合わせ 20,食品・飲料,Fresh,31058,780,チョコレート詰め合わせ 20の詳細説明です。高品質でおすすめの商品です。,2023-01-21
2694,スナック菓子 20,食品・飲料,Premium,46201,497,スナック菓子 20の詳細説明です。高品質でおすすめの商品です。,2023-11-13
2695,調味料セット 20,食品・飲料,Fresh,48346,774,調味料セット 20の詳細説明です。高品質でおすすめの商品です。,2023-04-21
2696,ドライフルーツ 20,食品・飲料,Fresh,12934,765,ドライフルーツ 20の詳細説明です。高品質でおすすめの商品です。,2023-06-11
2697,ナッツミックス 20,食品・飲料,Premium,32150,20,ナッツミックス 20の詳細説明です。高品質でおすすめの商品です。,2023-01-24
2698,ハチミツ 20,食品・飲料,Premium,32675,302,ハチミツ 20の詳細説明です。高品質でおすすめの商品です。,2023-11-20
2699,オリーブオイル 20,食品・飲料,Organic,8237,1,オリーブオイル 20の詳細説明です。高品質でおすすめの商品です。,2023-03-24
2700,パスタセット 20,食品・飲料,Organic,13523,73,パスタセット 20の詳細説明です。高品質でおすすめの商品です。,2023-12-18
2701,有機コーヒー豆 21,食品・飲料,Organic,29552,301,有機コーヒー豆 21の詳細説明です。高品質でおすすめの商品です。,2023-01-12
2702,緑茶パック 21,食品・飲料,Fresh,33198,550,緑茶パック 21の詳細説明です。高品質でおすすめの商品です。,2023-07-07
2703,チョコレート詰め合わせ 21,食品・飲料,Natural,16157,755,チョコレート詰め合わせ 21の詳細説明です。高品質でおすすめの商品です。,2023-06-01
2704,スナック菓子 21,食品・飲料,Natural,39982,468,スナック菓子 21の詳細説明です。高品質でおすすめの商品です。,2023-05-20
2705,調味料セット 21,食品・飲料,Fresh,21630,787,調味料セット 21の詳細説明です。高品質でおすすめの商品です。,2023-03-18
2706,ドライフルーツ 21,食品・飲料,Fresh,28134,369,ドライフルーツ 21の詳細説明です。高品質でおすすめの商品です。,2023-07-16
2707,ナッツミックス 21,食品・飲料,Natural,30984,504,ナッツミックス 21の詳細説明です。高品質でおすすめの商品です。,2023-10-31
2708,ハチミツ 21,食品・飲料,Natural,44868,411,ハチミツ 21の詳細説明です。高品質でおすすめの商品です。,2023-05-26
2709,オリーブオイル 21,食品・飲料,Natural,26933,440,オリーブオイル 21の詳細説明です。高品質でおすすめの商品です。,2023-11-17
2710,パスタセット 21,食品・飲料,Healthy,17352,865,パスタセット 21の詳細説明です。高品質でおすすめの商品です。,2023-02-09
2711,有機コーヒー豆 22,食品・飲料,Fresh,30980,199,有機コーヒー豆 22の詳細説明です。高品質でおすすめの商品です。,2023-10-03
2712,緑茶パック 22,食品・飲料,Healthy,32064,626,緑茶パック 22の詳細説明です。高品質でおすすめの商品です。,2023-08-06
2713,チョコレート詰め合わせ 22,食品・飲料,Organic,34770,383,チョコレート詰め合わせ 22の詳細説明です。高品質でおすすめの商品です。,2023-04-12
2714,スナック菓子 22,食品・飲料,Organic,28752,845,スナック菓子 22の詳細説明です。高品質でおすすめの商品です。,2023-05-27
2715,調味料セット 22,食品・飲料,Premium,32121,722,調味料セット 22の詳細説明です。高品質でおすすめの商品です。,2023-05-19
2716,ドライフルーツ 22,食品・飲料,Organic,7163,613,ドライフルーツ 22の詳細説明です。高品質でおすすめの商品です。,2023-05-01
2717,ナッツミックス 22,食品・飲料,Healthy,32688,413,ナッツミックス 22の詳細説明です。高品質でおすすめの商品です。,2023-02-04
2718,ハチミツ 22,食品・飲料,Healthy,18186,296,ハチミツ 22の詳細説明です。高品質でおすすめの商品です。,2023-06-19
2719,オリーブオイル 22,食品・飲料,Premium,21119,859,オリーブオイル 22の詳細説明です。高品質でおすすめの商品です。,2023-12-14
2720,パスタセット 22,食品・飲料,Organic,22645,116,パスタセット 22の詳細説明です。高品質でおすすめの商品です。,2023-05-14
2721,有機コーヒー豆 23,食品・飲料,Organic,500,779,有機コーヒー豆 23の詳細説明です。高品質でおすすめの商品です。,2023-06-11
2722,緑茶パック 23,食品・飲料,Organic,25462,961,緑茶パック 23の詳細説明です。高品質でおすすめの商品です。,2023-04-27
2723,チョコレート詰め合わせ 23,食品・飲料,Premium,29265,257,チョコレート詰め合わせ 23の詳細説明です。高品質でおすすめの商品です。,2023-07-19
2724,スナック菓子 23,食品・飲料,Premium,30225,253,スナック菓子 23の詳細説明です。高品質でおすすめの商品です。,2023-01-19
2725,調味料セット 23,食品・飲料,Fresh,39376,206,調味料セット 23の詳細説明です。高品質でおすすめの商品です。,2023-09-22
2726,ドライフルーツ 23,食品・飲料,Organic,3555,959,ドライフルーツ 23の詳細説明です。高品質でおすすめの商品です。,2023-12-08
2727,ナッツミックス 23,食品・飲料,Healthy,4949,207,ナッツミックス 23の詳細説明です。高品質でおすすめの商品です。,2023-11-06
2728,ハチミツ 23,食品・飲料,Fresh,10211,825,ハチミツ 23の詳細説明です。高品質でおすすめの商品です。,2023-07-14
2729,オリーブオイル 23,食品・飲料,Natural,43297,586,オリーブオイル 23の詳細説明です。高品質でおすすめの商品です。,2023-09-16
2730,パスタセット 23,食品・飲料,Natural,1628,776,パスタセット 23の詳細説明です。高品質でおすすめの商品です。,2023-12-09
2731,有機コーヒー豆 24,食品・飲料,Premium,19787,817,有機コーヒー豆 24の詳細説明です。高品質でおすすめの商品です。,2023-05-24
2732,緑茶パック 24,食品・飲料,Fresh,8281,683,緑茶パック 24の詳細説明です。高品質でおすすめの商品です。,2023-01-06
2733,チョコレート詰め合わせ 24,食品・飲料,Fresh,38322,370,チョコレート詰め合わせ 24の詳細説明です。高品質でおすすめの商品です。,2023-06-12
2734,スナック菓子 24,食品・飲料,Premium,38486,338,スナック菓子 24の詳細説明です。高品質でおすすめの商品です。,2023-01-16
2735,調味料セット 24,食品・飲料,Healthy,14092,356,調味料セット 24の詳細説明です。高品質でおすすめの商品です。,2023-12-13
2736,ドライフルーツ 24,食品・飲料,Healthy,3332,21,ドライフルーツ 24の詳細説明です。高品質でおすすめの商品です。,2023-06-06
2737,ナッツミックス 24,食品・飲料,Natural,38876,746,ナッツミックス 24の詳細説明です。高品質でおすすめの商品です。,2023-05-01
2738,ハチミツ 24,食品・飲料,Healthy,13130,4,ハチミツ 24の詳細説明です。高品質でおすすめの商品です。,2023-01-15
2739,オリーブオイル 24,食品・飲料,Premium,32850,51,オリーブオイル 24の詳細説明です。高品質でおすすめの商品です。,2023-08-24
2740,パスタセット 24,食品・飲料,Natural,30011,706,パスタセット 24の詳細説明です。高品質でおすすめの商品です。,2023-06-22
2741,有機コーヒー豆 25,食品・飲料,Healthy,15180,290,有機コーヒー豆 25の詳細説明です。高品質でおすすめの商品です。,2023-04-04
2742,緑茶パック 25,食品・飲料,Organic,31171,516,緑茶パック 25の詳細説明です。高品質でおすすめの商品です。,2023-02-08
2743,チョコレート詰め合わせ 25,食品・飲料,Organic,34253,856,チョコレート詰め合わせ 25の詳細説明です。高品質でおすすめの商品です。,2023-09-20
2744,スナック菓子 25,食品・飲料,Healthy,5236,459,スナック菓子 25の詳細説明です。高品質でおすすめの商品です。,2023-12-17
2745,調味料セット 25,食品・飲料,Premium,41584,862,調味料セット 25の詳細説明です。高品質でおすすめの商品です。,2023-11-30
2746,ドライフルーツ 25,食品・飲料,Fresh,44410,295,ドライフルーツ 25の詳細説明です。高品質でおすすめの商品です。,2023-12-13
2747,ナッツミックス 25,食品・飲料,Fresh,39037,124,ナッツミックス 25の詳細説明です。高品質でおすすめの商品です。,2023-01-31
2748,ハチミツ 25,食品・飲料,Premium,45101,722,ハチミツ 25の詳細説明です。高品質でおすすめの商品です。,2023-04-28
2749,オリーブオイル 25,食品・飲料,Healthy,30027,889,オリーブオイル 25の詳細説明です。高品質でおすすめの商品です。,2023-09-04
2750,パスタセット 25,食品・飲料,Natural,49681,843,パスタセット 25の詳細説明です。高品質でおすすめの商品です。,2023-11-26
2751,有機コーヒー豆 26,食品・飲料,Organic,40757,959,有機コーヒー豆 26の詳細説明です。高品質でおすすめの商品です。,2023-04-29
2752,緑茶パック 26,食品・飲料,Premium,18535,742,緑茶パック 26の詳細説明です。高品質でおすすめの商品です。,2023-07-26
2753,チョコレート詰め合わせ 26,食品・飲料,Healthy,37468,422,チョコレート詰め合わせ 26の詳細説明です。高品質でおすすめの商品です。,2023-10-07
2754,スナック菓子 26,食品・飲料,Organic,30841,940,スナック菓子 26の詳細説明です。高品質でおすすめの商品です。,2023-10-05
2755,調味料セット 26,食品・飲料,Fresh,40105,18,調味料セット 26の詳細説明です。高品質でおすすめの商品です。,2023-02-04
2756,ドライフルーツ 26,食品・飲料,Natural,10683,200,ドライフルーツ 26の詳細説明です。高品質でおすすめの商品です。,2023-04-25
2757,ナッツミックス 26,食品・飲料,Organic,12087,914,ナッツミックス 26の詳細説明です。高品質でおすすめの商品です。,2023-08-28
2758,ハチミツ 26,食品・飲料,Organic,45696,109,ハチミツ 26の詳細説明です。高品質でおすすめの商品です。,2023-03-16
2759,オリーブオイル 26,食品・飲料,Organic,42479,80,オリーブオイル 26の詳細説明です。高品質でおすすめの商品です。,2023-08-03
2760,パスタセット 26,食品・飲料,Premium,44153,111,パスタセット 26の詳細説明です。高品質でおすすめの商品です。,2023-02-11
2761,有機コーヒー豆 27,食品・飲料,Fresh,32000,922,有機コーヒー豆 27の詳細説明です。高品質でおすすめの商品です。,2023-02-24
2762,緑茶パック 27,食品・飲料,Fresh,1949,537,緑茶パック 27の詳細説明です。高品質でおすすめの商品です。,2023-03-05
2763,チョコレート詰め合わせ 27,食品・飲料,Healthy,34652,972,チョコレート詰め合わせ 27の詳細説明です。高品質でおすすめの商品です。,2023-03-01
2764,スナック菓子 27,食品・飲料,Fresh,36514,637,スナック菓子 27の詳細説明です。高品質でおすすめの商品です。,2023-08-14
2765,調味料セット 27,食品・飲料,Natural,34656,264,調味料セット 27の詳細説明です。高品質でおすすめの商品です。,2023-05-27
2766,ドライフルーツ 27,食品・飲料,Healthy,4438,692,ドライフルーツ 27の詳細説明です。高品質でおすすめの商品です。,2023-02-25
2767,ナッツミックス 27,食品・飲料,Natural,43275,124,ナッツミックス 27の詳細説明です。高品質でおすすめの商品です。,2023-02-07
2768,ハチミツ 27,食品・飲料,Healthy,31121,72,ハチミツ 27の詳細説明です。高品質でおすすめの商品です。,2023-11-09
2769,オリーブオイル 27,食品・飲料,Healthy,38469,578,オリーブオイル 27の詳細説明です。高品質でおすすめの商品です。,2023-10-30
2770,パスタセット 27,食品・飲料,Organic,39986,276,パスタセット 27の詳細説明です。高品質でおすすめの商品です。,2023-06-14
2771,有機コーヒー豆 28,食品・飲料,Natural,5108,270,有機コーヒー豆 28の詳細説明です。高品質でおすすめの商品です。,2023-11-22
2772,緑茶パック 28,食品・飲料,Organic,14775,623,緑茶パック 28の詳細説明です。高品質でおすすめの商品です。,2023-09-13
2773,チョコレート詰め合わせ 28,食品・飲料,Healthy,25510,848,チョコレート詰め合わせ 28の詳細説明です。高品質でおすすめの商品です。,2023-06-24
2774,スナック菓子 28,食品・飲料,Organic,14869,60,スナック菓子 28の詳細説明です。高品質でおすすめの商品です。,2023-07-07
2775,調味料セット 28,食品・飲料,Natural,38286,17,調味料セット 28の詳細説明です。高品質でおすすめの商品です。,2023-04-01
2776,ドライフルーツ 28,食品・飲料,Healthy,40080,715,ドライフルーツ 28の詳細説明です。高品質でおすすめの商品です。,2023-01-04
2777,ナッツミックス 28,食品・飲料,Organic,5762,976,ナッツミックス 28の詳細説明です。高品質でおすすめの商品です。,2023-10-26
2778,ハチミツ 28,食品・飲料,Healthy,30781,742,ハチミツ 28の詳細説明です。高品質でおすすめの商品です。,2023-08-11
2779,オリーブオイル 28,食品・飲料,Organic,21183,260,オリーブオイル 28の詳細説明です。高品質でおすすめの商品です。,2023-06-29
2780,パスタセット 28,食品・飲料,Organic,15461,401,パスタセット 28の詳細説明です。高品質でおすすめの商品です。,2023-03-26
2781,有機コーヒー豆 29,食品・飲料,Organic,20580,959,有機コーヒー豆 29の詳細説明です。高品質でおすすめの商品です。,2023-03-18
2782,緑茶パック 29,食品・飲料,Natural,21166,372,緑茶パック 29の詳細説明です。高品質でおすすめの商品です。,2023-04-07
2783,チョコレート詰め合わせ 29,食品・飲料,Fresh,1905,741,チョコレート詰め合わせ 29の詳細説明です。高品質でおすすめの商品です。,2023-05-18
2784,スナック菓子 29,食品・飲料,Healthy,35586,330,スナック菓子 29の詳細説明です。高品質でおすすめの商品です。,2023-03-20
2785,調味料セット 29,食品・飲料,Natural,21770,846,調味料セット 29の詳細説明です。高品質でおすすめの商品です。,2023-12-23
2786,ドライフルーツ 29,食品・飲料,Natural,25768,715,ドライフルーツ 29の詳細説明です。高品質でおすすめの商品です。,2023-02-02
2787,ナッツミックス 29,食品・飲料,Premium,13107,859,ナッツミックス 29の詳細説明です。高品質でおすすめの商品です。,2023-06-10
2788,ハチミツ 29,食品・飲料,Organic,14095,452,ハチミツ 29の詳細説明です。高品質でおすすめの商品です。,2023-11-06
2789,オリーブオイル 29,食品・飲料,Organic,17034,160,オリーブオイル 29の詳細説明です。高品質でおすすめの商品です。,2023-04-09
2790,パスタセット 29,食品・飲料,Healthy,32634,29,パスタセット 29の詳細説明です。高品質でおすすめの商品です。,2023-04-13
2791,有機コーヒー豆 30,食品・飲料,Healthy,4688,139,有機コーヒー豆 30の詳細説明です。高品質でおすすめの商品です。,2023-07-06
2792,緑茶パック 30,食品・飲料,Fresh,32140,718,緑茶パック 30の詳細説明です。高品質でおすすめの商品です。,2023-02-23
2793,チョコレート詰め合わせ 30,食品・飲料,Premium,12388,554,チョコレート詰め合わせ 30の詳細説明です。高品質でおすすめの商品です。,2023-07-11
2794,スナック菓子 30,食品・飲料,Organic,35645,989,スナック菓子 30の詳細説明です。高品質でおすすめの商品です。,2023-11-06
2795,調味料セット 30,食品・飲料,Healthy,22633,545,調味料セット 30の詳細説明です。高品質でおすすめの商品です。,2023-01-17
2796,ドライフルーツ 30,食品・飲料,Premium,18123,828,ドライフルーツ 30の詳細説明です。高品質でおすすめの商品です。,2023-02-14
2797,ナッツミックス 30,食品・飲料,Organic,20685,839,ナッツミックス 30の詳細説明です。高品質でおすすめの商品です。,2023-02-05
2798,ハチミツ 30,食品・飲料,Organic,20966,143,ハチミツ 30の詳細説明です。高品質でおすすめの商品です。,2023-03-21
2799,オリーブオイル 30,食品・飲料,Natural,40627,888,オリーブオイル 30の詳細説明です。高品質でおすすめの商品です。,2023-06-22
2800,パスタセット 30,食品・飲料,Organic,32447,715,パスタセット 30の詳細説明です。高品質でおすすめの商品です。,2023-08-28
2801,有機コーヒー豆 31,食品・飲料,Premium,35807,787,有機コーヒー豆 31の詳細説明です。高品質でおすすめの商品です。,2023-12-04
2802,緑茶パック 31,食品・飲料,Premium,49961,365,緑茶パック 31の詳細説明です。高品質でおすすめの商品です。,2023-05-22
2803,チョコレート詰め合わせ 31,食品・飲料,Fresh,35868,289,チョコレート詰め合わせ 31の詳細説明です。高品質でおすすめの商品です。,2023-07-16
2804,スナック菓子 31,食品・飲料,Fresh,46975,82,スナック菓子 31の詳細説明です。高品質でおすすめの商品です。,2023-10-28
2805,調味料セット 31,食品・飲料,Healthy,16785,212,調味料セット 31の詳細説明です。高品質でおすすめの商品です。,2023-11-03
2806,ドライフルーツ 31,食品・飲料,Natural,37174,144,ドライフルーツ 31の詳細説明です。高品質でおすすめの商品です。,2023-09-18
2807,ナッツミックス 31,食品・飲料,Healthy,4778,123,ナッツミックス 31の詳細説明です。高品質でおすすめの商品です。,2023-05-25
2808,ハチミツ 31,食品・飲料,Healthy,21162,82,ハチミツ 31の詳細説明です。高品質でおすすめの商品です。,2023-09-08
2809,オリーブオイル 31,食品・飲料,Premium,8169,127,オリーブオイル 31の詳細説明です。高品質でおすすめの商品です。,2023-05-04
2810,パスタセット 31,食品・飲料,Organic,14595,581,パスタセット 31の詳細説明です。高品質でおすすめの商品です。,2023-02-15
2811,有機コーヒー豆 32,食品・飲料,Fresh,32205,705,有機コーヒー豆 32の詳細説明です。高品質でおすすめの商品です。,2023-12-26
2812,緑茶パック 32,食品・飲料,Organic,39745,275,緑茶パック 32の詳細説明です。高品質でおすすめの商品です。,2023-12-28
2813,チョコレート詰め合わせ 32,食品・飲料,Premium,42778,693,チョコレート詰め合わせ 32の詳細説明です。高品質でおすすめの商品です。,2023-10-05
2814,スナック菓子 32,食品・飲料,Organic,14531,664,スナック菓子 32の詳細説明です。高品質でおすすめの商品です。,2023-07-07
2815,調味料セット 32,食品・飲料,Fresh,49999,694,調味料セット 32の詳細説明です。高品質でおすすめの商品です。,2023-02-15
2816,ドライフルーツ 32,食品・飲料,Natural,30380,373,ドライフルーツ 32の詳細説明です。高品質でおすすめの商品です。,2023-12-10
2817,ナッツミックス 32,食品・飲料,Premium,26819,643,ナッツミックス 32の詳細説明です。高品質でおすすめの商品です。,2023-04-02
2818,ハチミツ 32,食品・飲料,Healthy,41144,877,ハチミツ 32の詳細説明です。高品質でおすすめの商品です。,2023-04-04
2819,オリーブオイル 32,食品・飲料,Natural,3919,964,オリーブオイル 32の詳細説明です。高品質でおすすめの商品です。,2023-08-21
2820,パスタセット 32,食品・飲料,Fresh,40494,372,パスタセット 32の詳細説明です。高品質でおすすめの商品です。,2023-03-11
2821,有機コーヒー豆 33,食品・飲料,Organic,17863,901,有機コーヒー豆 33の詳細説明です。高品質でおすすめの商品です。,2023-07-24
2822,緑茶パック 33,食品・飲料,Natural,25688,775,緑茶パック 33の詳細説明です。高品質でおすすめの商品です。,2023-04-28
2823,チョコレート詰め合わせ 33,食品・飲料,Organic,49900,541,チョコレート詰め合わせ 33の詳細説明です。高品質でおすすめの商品です。,2023-07-30
2824,スナック菓子 33,食品・飲料,Fresh,16659,565,スナック菓子 33の詳細説明です。高品質でおすすめの商品です。,2023-08-24
2825,調味料セット 33,食品・飲料,Premium,13746,268,調味料セット 33の詳細説明です。高品質でおすすめの商品です。,2023-10-23
2826,ドライフルーツ 33,食品・飲料,Organic,20007,662,ドライフルーツ 33の詳細説明です。高品質でおすすめの商品です。,2023-12-24
2827,ナッツミックス 33,食品・飲料,Premium,10404,543,ナッツミックス 33の詳細説明です。高品質でおすすめの商品です。,2023-11-17
2828,ハチミツ 33,食品・飲料,Organic,13093,422,ハチミツ 33の詳細説明です。高品質でおすすめの商品です。,2023-10-07
2829,オリーブオイル 33,食品・飲料,Healthy,33436,910,オリーブオイル 33の詳細説明です。高品質でおすすめの商品です。,2023-08-02
2830,パスタセット 33,食品・飲料,Premium,26406,388,パスタセット 33の詳細説明です。高品質でおすすめの商品です。,2023-07-29
2831,有機コーヒー豆 34,食品・飲料,Organic,14170,799,有機コーヒー豆 34の詳細説明です。高品質でおすすめの商品です。,2023-08-08
2832,緑茶パック 34,食品・飲料,Natural,36488,542,緑茶パック 34の詳細説明です。高品質でおすすめの商品です。,2023-10-09
2833,チョコレート詰め合わせ 34,食品・飲料,Healthy,2594,351,チョコレート詰め合わせ 34の詳細説明です。高品質でおすすめの商品です。,2023-08-24
2834,スナック菓子 34,食品・飲料,Premium,31801,293,スナック菓子 34の詳細説明です。高品質でおすすめの商品です。,2023-03-24
2835,調味料セット 34,食品・飲料,Premium,18448,332,調味料セット 34の詳細説明です。高品質でおすすめの商品です。,2023-10-24
2836,ドライフルーツ 34,食品・飲料,Natural,13191,223,ドライフルーツ 34の詳細説明です。高品質でおすすめの商品です。,2023-11-10
2837,ナッツミックス 34,食品・飲料,Premium,46884,979,ナッツミックス 34の詳細説明です。高品質でおすすめの商品です。,2023-04-27
2838,ハチミツ 34,食品・飲料,Healthy,16820,801,ハチミツ 34の詳細説明です。高品質でおすすめの商品です。,2023-11-22
2839,オリーブオイル 34,食品・飲料,Organic,26677,877,オリーブオイル 34の詳細説明です。高品質でおすすめの商品です。,2023-01-25
2840,パスタセット 34,食品・飲料,Premium,44874,757,パスタセット 34の詳細説明です。高品質でおすすめの商品です。,2023-08-25
2841,有機コーヒー豆 35,食品・飲料,Healthy,20576,178,有機コーヒー豆 35の詳細説明です。高品質でおすすめの商品です。,2023-02-14
2842,緑茶パック 35,食品・飲料,Fresh,2442,16,緑茶パック 35の詳細説明です。高品質でおすすめの商品です。,2023-11-23
2843,チョコレート詰め合わせ 35,食品・飲料,Fresh,21636,923,チョコレート詰め合わせ 35の詳細説明です。高品質でおすすめの商品です。,2023-01-31
2844,スナック菓子 35,食品・飲料,Fresh,26391,846,スナック菓子 35の詳細説明です。高品質でおすすめの商品です。,2023-05-09
2845,調味料セット 35,食品・飲料,Organic,29807,70,調味料セット 35の詳細説明です。高品質でおすすめの商品です。,2023-07-19
2846,ドライフルーツ 35,食品・飲料,Healthy,8007,334,ドライフルーツ 35の詳細説明です。高品質でおすすめの商品です。,2023-10-20
2847,ナッツミックス 35,食品・飲料,Premium,17095,495,ナッツミックス 35の詳細説明です。高品質でおすすめの商品です。,2023-05-30
2848,ハチミツ 35,食品・飲料,Natural,2304,957,ハチミツ 35の詳細説明です。高品質でおすすめの商品です。,2023-05-30
2849,オリーブオイル 35,食品・飲料,Organic,33805,783,オリーブオイル 35の詳細説明です。高品質でおすすめの商品です。,2023-04-13
2850,パスタセット 35,食品・飲料,Natural,12458,149,パスタセット 35の詳細説明です。高品質でおすすめの商品です。,2023-01-08
2851,有機コーヒー豆 36,食品・飲料,Organic,6788,587,有機コーヒー豆 36の詳細説明です。高品質でおすすめの商品です。,2023-03-16
2852,緑茶パック 36,食品・飲料,Fresh,25400,726,緑茶パック 36の詳細説明です。高品質でおすすめの商品です。,2023-08-18
2853,チョコレート詰め合わせ 36,食品・飲料,Fresh,41107,714,チョコレート詰め合わせ 36の詳細説明です。高品質でおすすめの商品です。,2023-06-22
2854,スナック菓子 36,食品・飲料,Natural,32315,603,スナック菓子 36の詳細説明です。高品質でおすすめの商品です。,2023-08-18
2855,調味料セット 36,食品・飲料,Natural,2693,866,調味料セット 36の詳細説明です。高品質でおすすめの商品です。,2023-11-30
2856,ドライフルーツ 36,食品・飲料,Organic,2162,65,ドライフルーツ 36の詳細説明です。高品質でおすすめの商品です。,2023-07-29
2857,ナッツミックス 36,食品・飲料,Premium,37965,590,ナッツミックス 36の詳細説明です。高品質でおすすめの商品です。,2024-01-01
2858,ハチミツ 36,食品・飲料,Healthy,10082,189,ハチミツ 36の詳細説明です。高品質でおすすめの商品です。,2023-12-12
2859,オリーブオイル 36,食品・飲料,Healthy,17234,384,オリーブオイル 36の詳細説明です。高品質でおすすめの商品です。,2023-08-27
2860,パスタセット 36,食品・飲料,Organic,5916,881,パスタセット 36の詳細説明です。高品質でおすすめの商品です。,2023-03-17
2861,有機コーヒー豆 37,食品・飲料,Natural,44981,114,有機コーヒー豆 37の詳細説明です。高品質でおすすめの商品です。,2023-08-26
2862,緑茶パック 37,食品・飲料,Healthy,43774,275,緑茶パック 37の詳細説明です。高品質でおすすめの商品です。,2023-03-11
2863,チョコレート詰め合わせ 37,食品・飲料,Natural,41500,503,チョコレート詰め合わせ 37の詳細説明です。高品質でおすすめの商品です。,2023-01-22
2864,スナック菓子 37,食品・飲料,Organic,4432,743,スナック菓子 37の詳細説明です。高品質でおすすめの商品です。,2023-08-04
2865,調味料セット 37,食品・飲料,Premium,47582,716,調味料セット 37の詳細説明です。高品質でおすすめの商品です。,2023-03-21
2866,ドライフルーツ 37,食品・飲料,Organic,29270,686,ドライフルーツ 37の詳細説明です。高品質でおすすめの商品です。,2023-08-29
2867,ナッツミックス 37,食品・飲料,Healthy,22222,823,ナッツミックス 37の詳細説明です。高品質でおすすめの商品です。,2023-05-07
2868,ハチミツ 37,食品・飲料,Premium,35724,213,ハチミツ 37の詳細説明です。高品質でおすすめの商品です。,2023-11-01
2869,オリーブオイル 37,食品・飲料,Premium,23253,291,オリーブオイル 37の詳細説明です。高品質でおすすめの商品です。,2023-02-20
2870,パスタセット 37,食品・飲料,Premium,14862,555,パスタセット 37の詳細説明です。高品質でおすすめの商品です。,2023-03-01
2871,有機コーヒー豆 38,食品・飲料,Premium,17510,991,有機コーヒー豆 38の詳細説明です。高品質でおすすめの商品です。,2023-08-02
2872,緑茶パック 38,食品・飲料,Premium,22663,145,緑茶パック 38の詳細説明です。高品質でおすすめの商品です。,2023-08-16
2873,チョコレート詰め合わせ 38,食品・飲料,Fresh,39183,175,チョコレート詰め合わせ 38の詳細説明です。高品質でおすすめの商品です。,2023-04-26
2874,スナック菓子 38,食品・飲料,Premium,11140,553,スナック菓子 38の詳細説明です。高品質でおすすめの商品です。,2023-05-20
2875,調味料セット 38,食品・飲料,Premium,20892,175,調味料セット 38の詳細説明です。高品質でおすすめの商品です。,2023-05-22
2876,ドライフルーツ 38,食品・飲料,Natural,3568,399,ドライフルーツ 38の詳細説明です。高品質でおすすめの商品です。,2023-07-03
2877,ナッツミックス 38,食品・飲料,Organic,21637,408,ナッツミックス 38の詳細説明です。高品質でおすすめの商品です。,2023-01-21
2878,ハチミツ 38,食品・飲料,Healthy,8704,299,ハチミツ 38の詳細説明です。高品質でおすすめの商品です。,2023-03-23
2879,オリーブオイル 38,食品・飲料,Premium,3146,350,オリーブオイル 38の詳細説明です。高品質でおすすめの商品です。,2023-12-20
2880,パスタセット 38,食品・飲料,Fresh,24245,893,パスタセット 38の詳細説明です。高品質でおすすめの商品です。,2023-07-11
2881,有機コーヒー豆 39,食品・飲料,Healthy,25485,392,有機コーヒー豆 39の詳細説明です。高品質でおすすめの商品です。,2023-11-19
2882,緑茶パック 39,食品・飲料,Natural,33557,243,緑茶パック 39の詳細説明です。高品質でおすすめの商品です。,2023-11-24
2883,チョコレート詰め合わせ 39,食品・飲料,Organic,48062,398,チョコレート詰め合わせ 39の詳細説明です。高品質でおすすめの商品です。,2023-12-29
2884,スナック菓子 39,食品・飲料,Organic,10574,673,スナック菓子 39の詳細説明です。高品質でおすすめの商品です。,2023-07-31
2885,調味料セット 39,食品・飲料,Healthy,22420,807,調味料セット 39の詳細説明です。高品質でおすすめの商品です。,2023-10-26
2886,ドライフルーツ 39,食品・飲料,Healthy,16881,940,ドライフルーツ 39の詳細説明です。高品質でおすすめの商品です。,2023-01-23
2887,ナッツミックス 39,食品・飲料,Natural,29762,862,ナッツミックス 39の詳細説明です。高品質でおすすめの商品です。,2023-07-08
2888,ハチミツ 39,食品・飲料,Healthy,35203,601,ハチミツ 39の詳細説明です。高品質でおすすめの商品です。,2023-05-15
2889,オリーブオイル 39,食品・飲料,Premium,37018,248,オリーブオイル 39の詳細説明です。高品質でおすすめの商品です。,2023-09-03
2890,パスタセット 39,食品・飲料,Healthy,27867,833,パスタセット 39の詳細説明です。高品質でおすすめの商品です。,2023-07-04
2891,有機コーヒー豆 40,食品・飲料,Organic,41190,804,有機コーヒー豆 40の詳細説明です。高品質でおすすめの商品です。,2023-09-10
2892,緑茶パック 40,食品・飲料,Organic,11001,454,緑茶パック 40の詳細説明です。高品質でおすすめの商品です。,2023-03-15
2893,チョコレート詰め合わせ 40,食品・飲料,Fresh,44770,762,チョコレート詰め合わせ 40の詳細説明です。高品質でおすすめの商品です。,2023-04-28
2894,スナック菓子 40,食品・飲料,Healthy,2066,941,スナック菓子 40の詳細説明です。高品質でおすすめの商品です。,2023-06-29
2895,調味料セット 40,食品・飲料,Organic,2188,463,調味料セット 40の詳細説明です。高品質でおすすめの商品です。,2023-01-28
2896,ドライフルーツ 40,食品・飲料,Fresh,3937,657,ドライフルーツ 40の詳細説明です。高品質でおすすめの商品です。,2023-06-22
2897,ナッツミックス 40,食品・飲料,Fresh,3943,948,ナッツミックス 40の詳細説明です。高品質でおすすめの商品です。,2023-05-30
2898,ハチミツ 40,食品・飲料,Natural,28564,480,ハチミツ 40の詳細説明です。高品質でおすすめの商品です。,2023-03-07
2899,オリーブオイル 40,食品・飲料,Organic,35046,255,オリーブオイル 40の詳細説明です。高品質でおすすめの商品です。,2023-03-22
2900,パスタセット 40,食品・飲料,Organic,40594,881,パスタセット 40の詳細説明です。高品質でおすすめの商品です。,2023-06-18
2901,有機コーヒー豆 41,食品・飲料,Premium,5300,363,有機コーヒー豆 41の詳細説明です。高品質でおすすめの商品です。,2023-03-31
2902,緑茶パック 41,食品・飲料,Natural,33785,256,緑茶パック 41の詳細説明です。高品質でおすすめの商品です。,2023-12-14
2903,チョコレート詰め合わせ 41,食品・飲料,Healthy,9830,697,チョコレート詰め合わせ 41の詳細説明です。高品質でおすすめの商品です。,2023-07-30
2904,スナック菓子 41,食品・飲料,Healthy,30170,334,スナック菓子 41の詳細説明です。高品質でおすすめの商品です。,2023-08-28
2905,調味料セット 41,食品・飲料,Natural,20548,987,調味料セット 41の詳細説明です。高品質でおすすめの商品です。,2023-03-29
2906,ドライフルーツ 41,食品・飲料,Organic,44135,386,ドライフルーツ 41の詳細説明です。高品質でおすすめの商品です。,2023-10-31
2907,ナッツミックス 41,食品・飲料,Healthy,40886,344,ナッツミックス 41の詳細説明です。高品質でおすすめの商品です。,2023-03-11
2908,ハチミツ 41,食品・飲料,Natural,47439,875,ハチミツ 41の詳細説明です。高品質でおすすめの商品です。,2023-12-06
2909,オリーブオイル 41,食品・飲料,Natural,4467,424,オリーブオイル 41の詳細説明です。高品質でおすすめの商品です。,2023-07-23
2910,パスタセット 41,食品・飲料,Premium,7065,129,パスタセット 41の詳細説明です。高品質でおすすめの商品です。,2023-04-14
2911,有機コーヒー豆 42,食品・飲料,Healthy,48078,274,有機コーヒー豆 42の詳細説明です。高品質でおすすめの商品です。,2023-10-10
2912,緑茶パック 42,食品・飲料,Healthy,38633,871,緑茶パック 42の詳細説明です。高品質でおすすめの商品です。,2023-06-16
2913,チョコレート詰め合わせ 42,食品・飲料,Organic,16893,707,チョコレート詰め合わせ 42の詳細説明です。高品質でおすすめの商品です。,2023-01-11
2914,スナック菓子 42,食品・飲料,Natural,13729,651,スナック菓子 42の詳細説明です。高品質でおすすめの商品です。,2023-09-25
2915,調味料セット 42,食品・飲料,Healthy,6959,297,調味料セット 42の詳細説明です。高品質でおすすめの商品です。,2023-01-24
2916,ドライフルーツ 42,食品・飲料,Healthy,42268,271,ドライフルーツ 42の詳細説明です。高品質でおすすめの商品です。,2023-12-28
2917,ナッツミックス 42,食品・飲料,Organic,38917,71,ナッツミックス 42の詳細説明です。高品質でおすすめの商品です。,2023-12-09
2918,ハチミツ 42,食品・飲料,Natural,32310,872,ハチミツ 42の詳細説明です。高品質でおすすめの商品です。,2023-06-07
2919,オリーブオイル 42,食品・飲料,Organic,26031,715,オリーブオイル 42の詳細説明です。高品質でおすすめの商品です。,2023-11-23
2920,パスタセット 42,食品・飲料,Organic,34567,797,パスタセット 42の詳細説明です。高品質でおすすめの商品です。,2023-06-03
2921,有機コーヒー豆 43,食品・飲料,Fresh,23212,86,有機コーヒー豆 43の詳細説明です。高品質でおすすめの商品です。,2023-12-13
2922,緑茶パック 43,食品・飲料,Organic,7871,959,緑茶パック 43の詳細説明です。高品質でおすすめの商品です。,2023-09-15
2923,チョコレート詰め合わせ 43,食品・飲料,Healthy,20676,660,チョコレート詰め合わせ 43の詳細説明です。高品質でおすすめの商品です。,2023-01-14
2924,スナック菓子 43,食品・飲料,Natural,4071,18,スナック菓子 43の詳細説明です。高品質でおすすめの商品です。,2023-06-26
2925,調味料セット 43,食品・飲料,Organic,15447,805,調味料セット 43の詳細説明です。高品質でおすすめの商品です。,2023-06-09
2926,ドライフルーツ 43,食品・飲料,Premium,22793,705,ドライフルーツ 43の詳細説明です。高品質でおすすめの商品です。,2023-08-04
2927,ナッツミックス 43,食品・飲料,Premium,24408,688,ナッツミックス 43の詳細説明です。高品質でおすすめの商品です。,2023-09-05
2928,ハチミツ 43,食品・飲料,Fresh,49964,693,ハチミツ 43の詳細説明です。高品質でおすすめの商品です。,2023-05-15
2929,オリーブオイル 43,食品・飲料,Organic,22452,629,オリーブオイル 43の詳細説明です。高品質でおすすめの商品です。,2023-08-25
2930,パスタセット 43,食品・飲料,Natural,24260,459,パスタセット 43の詳細説明です。高品質でおすすめの商品です。,2023-12-01
2931,有機コーヒー豆 44,食品・飲料,Organic,20756,765,有機コーヒー豆 44の詳細説明です。高品質でおすすめの商品です。,2023-08-24
2932,緑茶パック 44,食品・飲料,Organic,36915,815,緑茶パック 44の詳細説明です。高品質でおすすめの商品です。,2023-08-28
2933,チョコレート詰め合わせ 44,食品・飲料,Organic,40075,505,チョコレート詰め合わせ 44の詳細説明です。高品質でおすすめの商品です。,2023-08-05
2934,スナック菓子 44,食品・飲料,Organic,29110,420,スナック菓子 44の詳細説明です。高品質でおすすめの商品です。,2023-12-10
2935,調味料セット 44,食品・飲料,Fresh,23926,720,調味料セット 44の詳細説明です。高品質でおすすめの商品です。,2023-09-02
2936,ドライフルーツ 44,食品・飲料,Fresh,12316,900,ドライフルーツ 44の詳細説明です。高品質でおすすめの商品です。,2023-03-13
2937,ナッツミックス 44,食品・飲料,Healthy,10846,968,ナッツミックス 44の詳細説明です。高品質でおすすめの商品です。,2023-06-18
2938,ハチミツ 44,食品・飲料,Healthy,42142,480,ハチミツ 44の詳細説明です。高品質でおすすめの商品です。,2023-09-29
2939,オリーブオイル 44,食品・飲料,Organic,40536,627,オリーブオイル 44の詳細説明です。高品質でおすすめの商品です。,2023-10-21
2940,パスタセット 44,食品・飲料,Premium,9067,100,パスタセット 44の詳細説明です。高品質でおすすめの商品です。,2023-08-01
2941,有機コーヒー豆 45,食品・飲料,Fresh,17479,385,有機コーヒー豆 45の詳細説明です。高品質でおすすめの商品です。,2023-04-10
2942,緑茶パック 45,食品・飲料,Fresh,13228,515,緑茶パック 45の詳細説明です。高品質でおすすめの商品です。,2023-12-27
2943,チョコレート詰め合わせ 45,食品・飲料,Premium,1282,340,チョコレート詰め合わせ 45の詳細説明です。高品質でおすすめの商品です。,2023-06-16
2944,スナック菓子 45,食品・飲料,Organic,43142,472,スナック菓子 45の詳細説明です。高品質でおすすめの商品です。,2023-02-23
2945,調味料セット 45,食品・飲料,Natural,2343,4,調味料セット 45の詳細説明です。高品質でおすすめの商品です。,2023-05-11
2946,ドライフルーツ 45,食品・飲料,Healthy,11381,861,ドライフルーツ 45の詳細説明です。高品質でおすすめの商品です。,2023-04-07
2947,ナッツミックス 45,食品・飲料,Natural,7615,391,ナッツミックス 45の詳細説明です。高品質でおすすめの商品です。,2023-07-03
2948,ハチミツ 45,食品・飲料,Healthy,34140,702,ハチミツ 45の詳細説明です。高品質でおすすめの商品です。,2023-09-23
2949,オリーブオイル 45,食品・飲料,Premium,21360,740,オリーブオイル 45の詳細説明です。高品質でおすすめの商品です。,2023-10-04
2950,パスタセット 45,食品・飲料,Fresh,24159,934,パスタセット 45の詳細説明です。高品質でおすすめの商品です。,2023-07-12
2951,有機コーヒー豆 46,食品・飲料,Natural,43118,620,有機コーヒー豆 46の詳細説明です。高品質でおすすめの商品です。,2023-09-27
2952,緑茶パック 46,食品・飲料,Fresh,35359,44,緑茶パック 46の詳細説明です。高品質でおすすめの商品です。,2023-06-29
2953,チョコレート詰め合わせ 46,食品・飲料,Fresh,47859,95,チョコレート詰め合わせ 46の詳細説明です。高品質でおすすめの商品です。,2023-06-14
2954,スナック菓子 46,食品・飲料,Premium,17758,209,スナック菓子 46の詳細説明です。高品質でおすすめの商品です。,2023-01-01
2955,調味料セット 46,食品・飲料,Fresh,33837,583,調味料セット 46の詳細説明です。高品質でおすすめの商品です。,2023-06-16
2956,ドライフルーツ 46,食品・飲料,Healthy,21952,489,ドライフルーツ 46の詳細説明です。高品質でおすすめの商品です。,2023-07-06
2957,ナッツミックス 46,食品・飲料,Fresh,34355,703,ナッツミックス 46の詳細説明です。高品質でおすすめの商品です。,2023-12-01
2958,ハチミツ 46,食品・飲料,Premium,46422,57,ハチミツ 46の詳細説明です。高品質でおすすめの商品です。,2023-02-09
2959,オリーブオイル 46,食品・飲料,Premium,29033,563,オリーブオイル 46の詳細説明です。高品質でおすすめの商品です。,2023-05-28
2960,パスタセット 46,食品・飲料,Healthy,43964,542,パスタセット 46の詳細説明です。高品質でおすすめの商品です。,2023-06-10
2961,有機コーヒー豆 47,食品・飲料,Healthy,10483,229,有機コーヒー豆 47の詳細説明です。高品質でおすすめの商品です。,2023-11-20
2962,緑茶パック 47,食品・飲料,Organic,4615,504,緑茶パック 47の詳細説明です。高品質でおすすめの商品です。,2023-09-10
2963,チョコレート詰め合わせ 47,食品・飲料,Natural,9801,800,チョコレート詰め合わせ 47の詳細説明です。高品質でおすすめの商品です。,2023-11-25
2964,スナック菓子 47,食品・飲料,Organic,8447,227,スナック菓子 47の詳細説明です。高品質でおすすめの商品です。,2023-09-03
2965,調味料セット 47,食品・飲料,Natural,18740,725,調味料セット 47の詳細説明です。高品質でおすすめの商品です。,2023-11-20
2966,ドライフルーツ 47,食品・飲料,Healthy,12560,612,ドライフルーツ 47の詳細説明です。高品質でおすすめの商品です。,2023-02-09
2967,ナッツミックス 47,食品・飲料,Healthy,5707,133,ナッツミックス 47の詳細説明です。高品質でおすすめの商品です。,2023-07-11
2968,ハチミツ 47,食品・飲料,Premium,4032,94,ハチミツ 47の詳細説明です。高品質でおすすめの商品です。,2023-12-02
2969,オリーブオイル 47,食品・飲料,Fresh,27736,32,オリーブオイル 47の詳細説明です。高品質でおすすめの商品です。,2023-04-27
2970,パスタセット 47,食品・飲料,Fresh,48285,225,パスタセット 47の詳細説明です。高品質でおすすめの商品です。,2023-11-26
2971,有機コーヒー豆 48,食品・飲料,Organic,19429,648,有機コーヒー豆 48の詳細説明です。高品質でおすすめの商品です。,2023-12-16
2972,緑茶パック 48,食品・飲料,Premium,7372,786,緑茶パック 48の詳細説明です。高品質でおすすめの商品です。,2023-12-18
2973,チョコレート詰め合わせ 48,食品・飲料,Fresh,13148,594,チョコレート詰め合わせ 48の詳細説明です。高品質でおすすめの商品です。,2023-10-15
2974,スナック菓子 48,食品・飲料,Premium,25861,23,スナック菓子 48の詳細説明です。高品質でおすすめの商品です。,2023-07-16
2975,調味料セット 48,食品・飲料,Organic,33890,857,調味料セット 48の詳細説明です。高品質でおすすめの商品です。,2023-07-24
2976,ドライフルーツ 48,食品・飲料,Healthy,39388,150,ドライフルーツ 48の詳細説明です。高品質でおすすめの商品です。,2023-11-25
2977,ナッツミックス 48,食品・飲料,Organic,20214,921,ナッツミックス 48の詳細説明です。高品質でおすすめの商品です。,2023-08-06
2978,ハチミツ 48,食品・飲料,Natural,39814,693,ハチミツ 48の詳細説明です。高品質でおすすめの商品です。,2023-03-26
2979,オリーブオイル 48,食品・飲料,Healthy,1220,491,オリーブオイル 48の詳細説明です。高品質でおすすめの商品です。,2023-03-29
2980,パスタセット 48,食品・飲料,Organic,26026,394,パスタセット 48の詳細説明です。高品質でおすすめの商品です。,2023-06-07
2981,有機コーヒー豆 49,食品・飲料,Natural,31816,411,有機コーヒー豆 49の詳細説明です。高品質でおすすめの商品です。,2023-09-20
2982,緑茶パック 49,食品・飲料,Premium,9659,981,緑茶パック 49の詳細説明です。高品質でおすすめの商品です。,2023-02-11
2983,チョコレート詰め合わせ 49,食品・飲料,Fresh,45701,198,チョコレート詰め合わせ 49の詳細説明です。高品質でおすすめの商品です。,2023-03-08
2984,スナック菓子 49,食品・飲料,Fresh,48317,950,スナック菓子 49の詳細説明です。高品質でおすすめの商品です。,2023-03-13
2985,調味料セット 49,食品・飲料,Natural,10186,332,調味料セット 49の詳細説明です。高品質でおすすめの商品です。,2023-08-20
2986,ドライフルーツ 49,食品・飲料,Fresh,11660,606,ドライフルーツ 49の詳細説明です。高品質でおすすめの商品です。,2023-08-19
2987,ナッツミックス 49,食品・飲料,Fresh,31678,54,ナッツミックス 49の詳細説明です。高品質でおすすめの商品です。,2023-06-06
2988,ハチミツ 49,食品・飲料,Healthy,40483,858,ハチミツ 49の詳細説明です。高品質でおすすめの商品です。,2023-05-10
2989,オリーブオイル 49,食品・飲料,Organic,34937,381,オリーブオイル 49の詳細説明です。高品質でおすすめの商品です。,2023-11-18
2990,パスタセット 49,食品・飲料,Premium,33835,845,パスタセット 49の詳細説明です。高品質でおすすめの商品です。,2023-12-19
2991,有機コーヒー豆 50,食品・飲料,Fresh,1529,144,有機コーヒー豆 50の詳細説明です。高品質でおすすめの商品です。,2023-08-24
2992,緑茶パック 50,食品・飲料,Healthy,39944,406,緑茶パック 50の詳細説明です。高品質でおすすめの商品です。,2023-03-27
2993,チョコレート詰め合わせ 50,食品・飲料,Premium,44230,261,チョコレート詰め合わせ 50の詳細説明です。高品質でおすすめの商品です。,2023-10-29
2994,スナック菓子 50,食品・飲料,Organic,10388,896,スナック菓子 50の詳細説明です。高品質でおすすめの商品です。,2023-05-26
2995,調味料セット 50,食品・飲料,Fresh,49243,471,調味料セット 50の詳細説明です。高品質でおすすめの商品です。,2023-08-24
2996,ドライフルーツ 50,食品・飲料,Fresh,47406,597,ドライフルーツ 50の詳細説明です。高品質でおすすめの商品です。,2023-10-18
2997,ナッツミックス 50,食品・飲料,Natural,22048,285,ナッツミックス 50の詳細説明です。高品質でおすすめの商品です。,2023-10-02
2998,ハチミツ 50,食品・飲料,Healthy,33670,922,ハチミツ 50の詳細説明です。高品質でおすすめの商品です。,2023-09-05
2999,オリーブオイル 50,食品・飲料,Fresh,43011,79,オリーブオイル 50の詳細説明です。高品質でおすすめの商品です。,2023-04-14
3000,パスタセット 50,食品・飲料,Healthy,15529,631,パスタセット 50の詳細説明です。高品質でおすすめの商品です。,2023-02-01
3001,有機コーヒー豆 51,食品・飲料,Premium,24967,490,有機コーヒー豆 51の詳細説明です。高品質でおすすめの商品です。,2023-10-12
3002,緑茶パック 51,食品・飲料,Natural,26408,850,緑茶パック 51の詳細説明です。高品質でおすすめの商品です。,2023-10-11
3003,チョコレート詰め合わせ 51,食品・飲料,Premium,35393,310,チョコレート詰め合わせ 51の詳細説明です。高品質でおすすめの商品です。,2023-06-12
3004,スナック菓子 51,食品・飲料,Natural,34470,118,スナック菓子 51の詳細説明です。高品質でおすすめの商品です。,2023-09-22
3005,調味料セット 51,食品・飲料,Premium,3227,455,調味料セット 51の詳細説明です。高品質でおすすめの商品です。,2023-04-12
3006,ドライフルーツ 51,食品・飲料,Natural,19082,770,ドライフルーツ 51の詳細説明です。高品質でおすすめの商品です。,2023-10-21
3007,ナッツミックス 51,食品・飲料,Natural,49957,166,ナッツミックス 51の詳細説明です。高品質でおすすめの商品です。,2023-08-02
3008,ハチミツ 51,食品・飲料,Healthy,46076,906,ハチミツ 51の詳細説明です。高品質でおすすめの商品です。,2023-05-14
3009,オリーブオイル 51,食品・飲料,Fresh,35481,598,オリーブオイル 51の詳細説明です。高品質でおすすめの商品です。,2023-03-15
3010,パスタセット 51,食品・飲料,Healthy,36524,347,パスタセット 51の詳細説明です。高品質でおすすめの商品です。,2023-01-24
3011,有機コーヒー豆 52,食品・飲料,Organic,28080,313,有機コーヒー豆 52の詳細説明です。高品質でおすすめの商品です。,2023-01-11
3012,緑茶パック 52,食品・飲料,Natural,11687,537,緑茶パック 52の詳細説明です。高品質でおすすめの商品です。,2023-04-23
3013,チョコレート詰め合わせ 52,食品・飲料,Natural,510,765,チョコレート詰め合わせ 52の詳細説明です。高品質でおすすめの商品です。,2023-10-16
3014,スナック菓子 52,食品・飲料,Healthy,5053,341,スナック菓子 52の詳細説明です。高品質でおすすめの商品です。,2023-04-27
3015,調味料セット 52,食品・飲料,Fresh,34727,500,調味料セット 52の詳細説明です。高品質でおすすめの商品です。,2023-03-14
3016,ドライフルーツ 52,食品・飲料,Organic,35373,336,ドライフルーツ 52の詳細説明です。高品質でおすすめの商品です。,2023-07-31
3017,ナッツミックス 52,食品・飲料,Fresh,17074,695,ナッツミックス 52の詳細説明です。高品質でおすすめの商品です。,2023-05-31
3018,ハチミツ 52,食品・飲料,Organic,20900,975,ハチミツ 52の詳細説明です。高品質でおすすめの商品です。,2023-09-06
3019,オリーブオイル 52,食品・飲料,Premium,42217,106,オリーブオイル 52の詳細説明です。高品質でおすすめの商品です。,2023-02-09
3020,パスタセット 52,食品・飲料,Premium,42172,208,パスタセット 52の詳細説明です。高品質でおすすめの商品です。,2023-07-13
3021,有機コーヒー豆 53,食品・飲料,Organic,13331,913,有機コーヒー豆 53の詳細説明です。高品質でおすすめの商品です。,2023-12-15
3022,緑茶パック 53,食品・飲料,Fresh,2302,759,緑茶パック 53の詳細説明です。高品質でおすすめの商品です。,2023-07-27
3023,チョコレート詰め合わせ 53,食品・飲料,Fresh,28486,370,チョコレート詰め合わせ 53の詳細説明です。高品質でおすすめの商品です。,2023-08-02
3024,スナック菓子 53,食品・飲料,Natural,36380,468,スナック菓子 53の詳細説明です。高品質でおすすめの商品です。,2023-08-28
3025,調味料セット 53,食品・飲料,Premium,542,175,調味料セット 53の詳細説明です。高品質でおすすめの商品です。,2023-02-19
3026,ドライフルーツ 53,食品・飲料,Healthy,21642,627,ドライフルーツ 53の詳細説明です。高品質でおすすめの商品です。,2023-10-05
3027,ナッツミックス 53,食品・飲料,Natural,37306,782,ナッツミックス 53の詳細説明です。高品質でおすすめの商品です。,2023-10-11
3028,ハチミツ 53,食品・飲料,Organic,45418,520,ハチミツ 53の詳細説明です。高品質でおすすめの商品です。,2023-09-05
3029,オリーブオイル 53,食品・飲料,Natural,6079,742,オリーブオイル 53の詳細説明です。高品質でおすすめの商品です。,2023-12-29
3030,パスタセット 53,食品・飲料,Organic,18949,254,パスタセット 53の詳細説明です。高品質でおすすめの商品です。,2023-08-04
3031,有機コーヒー豆 54,食品・飲料,Natural,34475,709,有機コーヒー豆 54の詳細説明です。高品質でおすすめの商品です。,2023-08-07
3032,緑茶パック 54,食品・飲料,Natural,42657,901,緑茶パック 54の詳細説明です。高品質でおすすめの商品です。,2023-03-22
3033,チョコレート詰め合わせ 54,食品・飲料,Premium,42161,171,チョコレート詰め合わせ 54の詳細説明です。高品質でおすすめの商品です。,2023-06-23
3034,スナック菓子 54,食品・飲料,Premium,19105,637,スナック菓子 54の詳細説明です。高品質でおすすめの商品です。,2023-07-18
3035,調味料セット 54,食品・飲料,Healthy,5395,806,調味料セット 54の詳細説明です。高品質でおすすめの商品です。,2023-07-11
3036,ドライフルーツ 54,食品・飲料,Premium,29651,25,ドライフルーツ 54の詳細説明です。高品質でおすすめの商品です。,2023-09-10
3037,ナッツミックス 54,食品・飲料,Premium,18741,434,ナッツミックス 54の詳細説明です。高品質でおすすめの商品です。,2024-01-01
3038,ハチミツ 54,食品・飲料,Healthy,20966,790,ハチミツ 54の詳細説明です。高品質でおすすめの商品です。,2023-12-30
3039,オリーブオイル 54,食品・飲料,Fresh,45878,860,オリーブオイル 54の詳細説明です。高品質でおすすめの商品です。,2023-09-25
3040,パスタセット 54,食品・飲料,Organic,22106,503,パスタセット 54の詳細説明です。高品質でおすすめの商品です。,2023-06-19
3041,有機コーヒー豆 55,食品・飲料,Organic,8817,410,有機コーヒー豆 55の詳細説明です。高品質でおすすめの商品です。,2023-10-25
3042,緑茶パック 55,食品・飲料,Fresh,3709,245,緑茶パック 55の詳細説明です。高品質でおすすめの商品です。,2023-05-06
3043,チョコレート詰め合わせ 55,食品・飲料,Healthy,45918,796,チョコレート詰め合わせ 55の詳細説明です。高品質でおすすめの商品です。,2023-05-25
3044,スナック菓子 55,食品・飲料,Natural,26075,453,スナック菓子 55の詳細説明です。高品質でおすすめの商品です。,2023-09-25
3045,調味料セット 55,食品・飲料,Fresh,44539,295,調味料セット 55の詳細説明です。高品質でおすすめの商品です。,2023-08-09
3046,ドライフルーツ 55,食品・飲料,Healthy,45592,697,ドライフルーツ 55の詳細説明です。高品質でおすすめの商品です。,2023-07-06
3047,ナッツミックス 55,食品・飲料,Healthy,27209,290,ナッツミックス 55の詳細説明です。高品質でおすすめの商品です。,2023-06-01
3048,ハチミツ 55,食品・飲料,Fresh,1746,319,ハチミツ 55の詳細説明です。高品質でおすすめの商品です。,2023-05-28
3049,オリーブオイル 55,食品・飲料,Organic,28308,982,オリーブオイル 55の詳細説明です。高品質でおすすめの商品です。,2023-04-28
3050,パスタセット 55,食品・飲料,Healthy,33929,796,パスタセット 55の詳細説明です。高品質でおすすめの商品です。,2023-01-07
3051,有機コーヒー豆 56,食品・飲料,Natural,7467,683,有機コーヒー豆 56の詳細説明です。高品質でおすすめの商品です。,2023-10-15
3052,緑茶パック 56,食品・飲料,Fresh,3489,293,緑茶パック 56の詳細説明です。高品質でおすすめの商品です。,2023-05-01
3053,チョコレート詰め合わせ 56,食品・飲料,Natural,35839,589,チョコレート詰め合わせ 56の詳細説明です。高品質でおすすめの商品です。,2023-05-23
3054,スナック菓子 56,食品・飲料,Healthy,37789,130,スナック菓子 56の詳細説明です。高品質でおすすめの商品です。,2023-03-06
3055,調味料セット 56,食品・飲料,Premium,42321,231,調味料セット 56の詳細説明です。高品質でおすすめの商品です。,2023-06-24
3056,ドライフルーツ 56,食品・飲料,Premium,35334,317,ドライフルーツ 56の詳細説明です。高品質でおすすめの商品です。,2023-07-28
3057,ナッツミックス 56,食品・飲料,Healthy,9266,767,ナッツミックス 56の詳細説明です。高品質でおすすめの商品です。,2023-12-21
3058,ハチミツ 56,食品・飲料,Natural,48552,396,ハチミツ 56の詳細説明です。高品質でおすすめの商品です。,2023-06-15
3059,オリーブオイル 56,食品・飲料,Premium,16903,343,オリーブオイル 56の詳細説明です。高品質でおすすめの商品です。,2023-09-05
3060,パスタセット 56,食品・飲料,Healthy,15212,981,パスタセット 56の詳細説明です。高品質でおすすめの商品です。,2023-07-02
3061,有機コーヒー豆 57,食品・飲料,Organic,28585,851,有機コーヒー豆 57の詳細説明です。高品質でおすすめの商品です。,2023-12-30
3062,緑茶パック 57,食品・飲料,Healthy,30415,324,緑茶パック 57の詳細説明です。高品質でおすすめの商品です。,2023-10-18
3063,チョコレート詰め合わせ 57,食品・飲料,Organic,21013,895,チョコレート詰め合わせ 57の詳細説明です。高品質でおすすめの商品です。,2023-04-24
3064,スナック菓子 57,食品・飲料,Healthy,11055,744,スナック菓子 57の詳細説明です。高品質でおすすめの商品です。,2023-12-16
3065,調味料セット 57,食品・飲料,Healthy,45615,936,調味料セット 57の詳細説明です。高品質でおすすめの商品です。,2023-07-07
3066,ドライフルーツ 57,食品・飲料,Organic,40503,569,ドライフルーツ 57の詳細説明です。高品質でおすすめの商品です。,2023-05-25
3067,ナッツミックス 57,食品・飲料,Premium,35297,395,ナッツミックス 57の詳細説明です。高品質でおすすめの商品です。,2023-06-03
3068,ハチミツ 57,食品・飲料,Natural,42517,60,ハチミツ 57の詳細説明です。高品質でおすすめの商品です。,2023-03-22
3069,オリーブオイル 57,食品・飲料,Organic,23141,897,オリーブオイル 57の詳細説明です。高品質でおすすめの商品です。,2023-05-31
3070,パスタセット 57,食品・飲料,Healthy,38553,341,パスタセット 57の詳細説明です。高品質でおすすめの商品です。,2023-10-24
3071,有機コーヒー豆 58,食品・飲料,Organic,29536,707,有機コーヒー豆 58の詳細説明です。高品質でおすすめの商品です。,2023-12-06
3072,緑茶パック 58,食品・飲料,Premium,9581,738,緑茶パック 58の詳細説明です。高品質でおすすめの商品です。,2023-03-22
3073,チョコレート詰め合わせ 58,食品・飲料,Premium,1832,102,チョコレート詰め合わせ 58の詳細説明です。高品質でおすすめの商品です。,2023-11-21
3074,スナック菓子 58,食品・飲料,Natural,8240,903,スナック菓子 58の詳細説明です。高品質でおすすめの商品です。,2023-08-15
3075,調味料セット 58,食品・飲料,Healthy,35587,112,調味料セット 58の詳細説明です。高品質でおすすめの商品です。,2023-11-02
3076,ドライフルーツ 58,食品・飲料,Premium,12335,456,ドライフルーツ 58の詳細説明です。高品質でおすすめの商品です。,2023-06-26
3077,ナッツミックス 58,食品・飲料,Natural,20409,988,ナッツミックス 58の詳細説明です。高品質でおすすめの商品です。,2023-07-26
3078,ハチミツ 58,食品・飲料,Organic,41981,410,ハチミツ 58の詳細説明です。高品質でおすすめの商品です。,2023-07-21
3079,オリーブオイル 58,食品・飲料,Premium,35960,278,オリーブオイル 58の詳細説明です。高品質でおすすめの商品です。,2023-11-30
3080,パスタセット 58,食品・飲料,Healthy,20944,474,パスタセット 58の詳細説明です。高品質でおすすめの商品です。,2023-04-18
3081,有機コーヒー豆 59,食品・飲料,Natural,9074,475,有機コーヒー豆 59の詳細説明です。高品質でおすすめの商品です。,2023-06-29
3082,緑茶パック 59,食品・飲料,Premium,21569,633,緑茶パック 59の詳細説明です。高品質でおすすめの商品です。,2023-06-29
3083,チョコレート詰め合わせ 59,食品・飲料,Healthy,41507,86,チョコレート詰め合わせ 59の詳細説明です。高品質でおすすめの商品です。,2023-03-27
3084,スナック菓子 59,食品・飲料,Organic,44183,966,スナック菓子 59の詳細説明です。高品質でおすすめの商品です。,2023-09-30
3085,調味料セット 59,食品・飲料,Natural,25174,250,調味料セット 59の詳細説明です。高品質でおすすめの商品です。,2023-11-03
3086,ドライフルーツ 59,食品・飲料,Healthy,20633,515,ドライフルーツ 59の詳細説明です。高品質でおすすめの商品です。,2023-12-24
3087,ナッツミックス 59,食品・飲料,Natural,10857,46,ナッツミックス 59の詳細説明です。高品質でおすすめの商品です。,2023-06-29
3088,ハチミツ 59,食品・飲料,Natural,26515,506,ハチミツ 59の詳細説明です。高品質でおすすめの商品です。,2023-07-22
3089,オリーブオイル 59,食品・飲料,Organic,7757,51,オリーブオイル 59の詳細説明です。高品質でおすすめの商品です。,2023-03-28
3090,パスタセット 59,食品・飲料,Premium,13881,333,パスタセット 59の詳細説明です。高品質でおすすめの商品です。,2023-07-24
3091,有機コーヒー豆 60,食品・飲料,Fresh,25304,85,有機コーヒー豆 60の詳細説明です。高品質でおすすめの商品です。,2023-03-07
3092,緑茶パック 60,食品・飲料,Organic,30661,250,緑茶パック 60の詳細説明です。高品質でおすすめの商品です。,2023-06-25
3093,チョコレート詰め合わせ 60,食品・飲料,Premium,37147,257,チョコレート詰め合わせ 60の詳細説明です。高品質でおすすめの商品です。,2023-11-27
3094,スナック菓子 60,食品・飲料,Healthy,28727,379,スナック菓子 60の詳細説明です。高品質でおすすめの商品です。,2023-09-09
3095,調味料セット 60,食品・飲料,Natural,41541,178,調味料セット 60の詳細説明です。高品質でおすすめの商品です。,2023-11-23
3096,ドライフルーツ 60,食品・飲料,Organic,43040,277,ドライフルーツ 60の詳細説明です。高品質でおすすめの商品です。,2023-05-19
3097,ナッツミックス 60,食品・飲料,Healthy,7890,251,ナッツミックス 60の詳細説明です。高品質でおすすめの商品です。,2023-10-03
3098,ハチミツ 60,食品・飲料,Fresh,8930,250,ハチミツ 60の詳細説明です。高品質でおすすめの商品です。,2023-02-14
3099,オリーブオイル 60,食品・飲料,Healthy,30502,556,オリーブオイル 60の詳細説明です。高品質でおすすめの商品です。,2023-03-18
3100,パスタセット 60,食品・飲料,Natural,42769,870,パスタセット 60の詳細説明です。高品質でおすすめの商品です。,2023-10-04
3101,有機コーヒー豆 61,食品・飲料,Organic,6864,517,有機コーヒー豆 61の詳細説明です。高品質でおすすめの商品です。,2023-02-22
3102,緑茶パック 61,食品・飲料,Healthy,14576,881,緑茶パック 61の詳細説明です。高品質でおすすめの商品です。,2023-03-29
3103,チョコレート詰め合わせ 61,食品・飲料,Fresh,40325,848,チョコレート詰め合わせ 61の詳細説明です。高品質でおすすめの商品です。,2023-06-30
3104,スナック菓子 61,食品・飲料,Natural,14328,247,スナック菓子 61の詳細説明です。高品質でおすすめの商品です。,2023-06-28
3105,調味料セット 61,食品・飲料,Premium,18584,983,調味料セット 61の詳細説明です。高品質でおすすめの商品です。,2023-07-05
3106,ドライフルーツ 61,食品・飲料,Healthy,47043,127,ドライフルーツ 61の詳細説明です。高品質でおすすめの商品です。,2023-08-16
3107,ナッツミックス 61,食品・飲料,Organic,43181,319,ナッツミックス 61の詳細説明です。高品質でおすすめの商品です。,2023-07-03
3108,ハチミツ 61,食品・飲料,Healthy,43071,732,ハチミツ 61の詳細説明です。高品質でおすすめの商品です。,2023-05-02
3109,オリーブオイル 61,食品・飲料,Premium,18880,526,オリーブオイル 61の詳細説明です。高品質でおすすめの商品です。,2023-12-31
3110,パスタセット 61,食品・飲料,Organic,11741,700,パスタセット 61の詳細説明です。高品質でおすすめの商品です。,2023-06-18
3111,有機コーヒー豆 62,食品・飲料,Fresh,28977,399,有機コーヒー豆 62の詳細説明です。高品質でおすすめの商品です。,2023-02-28
3112,緑茶パック 62,食品・飲料,Fresh,28091,511,緑茶パック 62の詳細説明です。高品質でおすすめの商品です。,2023-03-31
3113,チョコレート詰め合わせ 62,食品・飲料,Healthy,9711,77,チョコレート詰め合わせ 62の詳細説明です。高品質でおすすめの商品です。,2023-01-17
3114,スナック菓子 62,食品・飲料,Organic,25135,270,スナック菓子 62の詳細説明です。高品質でおすすめの商品です。,2023-05-09
3115,調味料セット 62,食品・飲料,Natural,31094,868,調味料セット 62の詳細説明です。高品質でおすすめの商品です。,2023-10-04
3116,ドライフルーツ 62,食品・飲料,Healthy,13871,19,ドライフルーツ 62の詳細説明です。高品質でおすすめの商品です。,2023-05-09
3117,ナッツミックス 62,食品・飲料,Natural,48373,822,ナッツミックス 62の詳細説明です。高品質でおすすめの商品です。,2023-11-01
3118,ハチミツ 62,食品・飲料,Organic,4491,167,ハチミツ 62の詳細説明です。高品質でおすすめの商品です。,2023-07-06
3119,オリーブオイル 62,食品・飲料,Premium,10944,984,オリーブオイル 62の詳細説明です。高品質でおすすめの商品です。,2023-08-27
3120,パスタセット 62,食品・飲料,Organic,18338,133,パスタセット 62の詳細説明です。高品質でおすすめの商品です。,2023-02-05
3121,有機コーヒー豆 63,食品・飲料,Premium,34752,345,有機コーヒー豆 63の詳細説明です。高品質でおすすめの商品です。,2023-11-24
3122,緑茶パック 63,食品・飲料,Organic,18373,36,緑茶パック 63の詳細説明です。高品質でおすすめの商品です。,2023-10-19
3123,チョコレート詰め合わせ 63,食品・飲料,Natural,44721,510,チョコレート詰め合わせ 63の詳細説明です。高品質でおすすめの商品です。,2023-09-28
3124,スナック菓子 63,食品・飲料,Natural,44788,70,スナック菓子 63の詳細説明です。高品質でおすすめの商品です。,2023-09-22
3125,調味料セット 63,食品・飲料,Healthy,16128,416,調味料セット 63の詳細説明です。高品質でおすすめの商品です。,2023-08-09
3126,ドライフルーツ 63,食品・飲料,Premium,33947,877,ドライフルーツ 63の詳細説明です。高品質でおすすめの商品です。,2023-05-22
3127,ナッツミックス 63,食品・飲料,Healthy,35781,474,ナッツミックス 63の詳細説明です。高品質でおすすめの商品です。,2023-04-23
3128,ハチミツ 63,食品・飲料,Organic,6332,721,ハチミツ 63の詳細説明です。高品質でおすすめの商品です。,2023-11-04
3129,オリーブオイル 63,食品・飲料,Organic,49963,544,オリーブオイル 63の詳細説明です。高品質でおすすめの商品です。,2023-04-07
3130,パスタセット 63,食品・飲料,Healthy,21387,740,パスタセット 63の詳細説明です。高品質でおすすめの商品です。,2023-01-19
3131,有機コーヒー豆 64,食品・飲料,Premium,37122,995,有機コーヒー豆 64の詳細説明です。高品質でおすすめの商品です。,2023-07-29
3132,緑茶パック 64,食品・飲料,Organic,9763,444,緑茶パック 64の詳細説明です。高品質でおすすめの商品です。,2023-11-20
3133,チョコレート詰め合わせ 64,食品・飲料,Healthy,1947,411,チョコレート詰め合わせ 64の詳細説明です。高品質でおすすめの商品です。,2023-08-10
3134,スナック菓子 64,食品・飲料,Natural,36676,32,スナック菓子 64の詳細説明です。高品質でおすすめの商品です。,2023-01-24
3135,調味料セット 64,食品・飲料,Natural,37513,144,調味料セット 64の詳細説明です。高品質でおすすめの商品です。,2023-08-26
3136,ドライフルーツ 64,食品・飲料,Natural,2084,3,ドライフルーツ 64の詳細説明です。高品質でおすすめの商品です。,2023-01-14
3137,ナッツミックス 64,食品・飲料,Natural,1692,202,ナッツミックス 64の詳細説明です。高品質でおすすめの商品です。,2023-03-23
3138,ハチミツ 64,食品・飲料,Natural,20468,595,ハチミツ 64の詳細説明です。高品質でおすすめの商品です。,2023-04-30
3139,オリーブオイル 64,食品・飲料,Natural,42439,27,オリーブオイル 64の詳細説明です。高品質でおすすめの商品です。,2023-01-14
3140,パスタセット 64,食品・飲料,Organic,1791,153,パスタセット 64の詳細説明です。高品質でおすすめの商品です。,2023-11-13
3141,有機コーヒー豆 65,食品・飲料,Premium,7845,154,有機コーヒー豆 65の詳細説明です。高品質でおすすめの商品です。,2023-10-26
3142,緑茶パック 65,食品・飲料,Natural,20154,523,緑茶パック 65の詳細説明です。高品質でおすすめの商品です。,2023-04-13
3143,チョコレート詰め合わせ 65,食品・飲料,Organic,19659,789,チョコレート詰め合わせ 65の詳細説明です。高品質でおすすめの商品です。,2023-06-02
3144,スナック菓子 65,食品・飲料,Organic,7694,525,スナック菓子 65の詳細説明です。高品質でおすすめの商品です。,2023-01-15
3145,調味料セット 65,食品・飲料,Healthy,6511,991,調味料セット 65の詳細説明です。高品質でおすすめの商品です。,2023-09-09
3146,ドライフルーツ 65,食品・飲料,Premium,25699,290,ドライフルーツ 65の詳細説明です。高品質でおすすめの商品です。,2023-09-12
3147,ナッツミックス 65,食品・飲料,Organic,7112,645,ナッツミックス 65の詳細説明です。高品質でおすすめの商品です。,2023-05-03
3148,ハチミツ 65,食品・飲料,Fresh,15635,664,ハチミツ 65の詳細説明です。高品質でおすすめの商品です。,2023-07-16
3149,オリーブオイル 65,食品・飲料,Fresh,5459,950,オリーブオイル 65の詳細説明です。高品質でおすすめの商品です。,2023-03-24
3150,パスタセット 65,食品・飲料,Natural,8099,905,パスタセット 65の詳細説明です。高品質でおすすめの商品です。,2023-07-12
3151,有機コーヒー豆 66,食品・飲料,Natural,32300,373,有機コーヒー豆 66の詳細説明です。高品質でおすすめの商品です。,2023-09-19
3152,緑茶パック 66,食品・飲料,Organic,48599,632,緑茶パック 66の詳細説明です。高品質でおすすめの商品です。,2023-04-16
3153,チョコレート詰め合わせ 66,食品・飲料,Premium,21233,912,チョコレート詰め合わせ 66の詳細説明です。高品質でおすすめの商品です。,2023-11-16
3154,スナック菓子 66,食品・飲料,Premium,26403,706,スナック菓子 66の詳細説明です。高品質でおすすめの商品です。,2023-10-28
3155,調味料セット 66,食品・飲料,Premium,25118,71,調味料セット 66の詳細説明です。高品質でおすすめの商品です。,2023-04-25
3156,ドライフルーツ 66,食品・飲料,Fresh,10240,408,ドライフルーツ 66の詳細説明です。高品質でおすすめの商品です。,2023-01-30
3157,ナッツミックス 66,食品・飲料,Organic,29163,987,ナッツミックス 66の詳細説明です。高品質でおすすめの商品です。,2023-07-20
3158,ハチミツ 66,食品・飲料,Organic,24781,622,ハチミツ 66の詳細説明です。高品質でおすすめの商品です。,2023-09-20
3159,オリーブオイル 66,食品・飲料,Fresh,16261,173,オリーブオイル 66の詳細説明です。高品質でおすすめの商品です。,2023-05-12
3160,パスタセット 66,食品・飲料,Healthy,26214,869,パスタセット 66の詳細説明です。高品質でおすすめの商品です。,2023-02-22
3161,有機コーヒー豆 67,食品・飲料,Premium,45090,49,有機コーヒー豆 67の詳細説明です。高品質でおすすめの商品です。,2023-02-20
3162,緑茶パック 67,食品・飲料,Healthy,39828,681,緑茶パック 67の詳細説明です。高品質でおすすめの商品です。,2023-12-20
3163,チョコレート詰め合わせ 67,食品・飲料,Premium,16247,465,チョコレート詰め合わせ 67の詳細説明です。高品質でおすすめの商品です。,2023-09-09
3164,スナック菓子 67,食品・飲料,Fresh,14235,39,スナック菓子 67の詳細説明です。高品質でおすすめの商品です。,2023-12-04
3165,調味料セット 67,食品・飲料,Premium,32460,153,調味料セット 67の詳細説明です。高品質でおすすめの商品です。,2023-01-02
3166,ドライフルーツ 67,食品・飲料,Organic,3602,563,ドライフルーツ 67の詳細説明です。高品質でおすすめの商品です。,2023-10-06
3167,ナッツミックス 67,食品・飲料,Natural,12988,380,ナッツミックス 67の詳細説明です。高品質でおすすめの商品です。,2023-05-02
3168,ハチミツ 67,食品・飲料,Healthy,37633,85,ハチミツ 67の詳細説明です。高品質でおすすめの商品です。,2023-06-13
3169,オリーブオイル 67,食品・飲料,Premium,8575,113,オリーブオイル 67の詳細説明です。高品質でおすすめの商品です。,2023-05-02
3170,パスタセット 67,食品・飲料,Fresh,7500,494,パスタセット 67の詳細説明です。高品質でおすすめの商品です。,2023-10-21
3171,有機コーヒー豆 68,食品・飲料,Natural,40980,31,有機コーヒー豆 68の詳細説明です。高品質でおすすめの商品です。,2023-08-22
3172,緑茶パック 68,食品・飲料,Healthy,48263,591,緑茶パック 68の詳細説明です。高品質でおすすめの商品です。,2023-10-14
3173,チョコレート詰め合わせ 68,食品・飲料,Healthy,43855,441,チョコレート詰め合わせ 68の詳細説明です。高品質でおすすめの商品です。,2023-12-25
3174,スナック菓子 68,食品・飲料,Organic,7651,701,スナック菓子 68の詳細説明です。高品質でおすすめの商品です。,2023-11-13
3175,調味料セット 68,食品・飲料,Premium,23998,360,調味料セット 68の詳細説明です。高品質でおすすめの商品です。,2023-02-12
3176,ドライフルーツ 68,食品・飲料,Premium,30877,256,ドライフルーツ 68の詳細説明です。高品質でおすすめの商品です。,2023-10-29
3177,ナッツミックス 68,食品・飲料,Natural,1078,650,ナッツミックス 68の詳細説明です。高品質でおすすめの商品です。,2023-01-08
3178,ハチミツ 68,食品・飲料,Fresh,14935,642,ハチミツ 68の詳細説明です。高品質でおすすめの商品です。,2023-11-14
3179,オリーブオイル 68,食品・飲料,Organic,10521,329,オリーブオイル 68の詳細説明です。高品質でおすすめの商品です。,2023-08-02
3180,パスタセット 68,食品・飲料,Organic,33112,353,パスタセット 68の詳細説明です。高品質でおすすめの商品です。,2023-11-29
3181,有機コーヒー豆 69,食品・飲料,Fresh,30147,160,有機コーヒー豆 69の詳細説明です。高品質でおすすめの商品です。,2023-08-20
3182,緑茶パック 69,食品・飲料,Fresh,24368,3,緑茶パック 69の詳細説明です。高品質でおすすめの商品です。,2023-08-27
3183,チョコレート詰め合わせ 69,食品・飲料,Healthy,34251,92,チョコレート詰め合わせ 69の詳細説明です。高品質でおすすめの商品です。,2023-05-26
3184,スナック菓子 69,食品・飲料,Natural,11355,871,スナック菓子 69の詳細説明です。高品質でおすすめの商品です。,2023-02-28
3185,調味料セット 69,食品・飲料,Natural,20584,234,調味料セット 69の詳細説明です。高品質でおすすめの商品です。,2023-10-16
3186,ドライフルーツ 69,食品・飲料,Natural,4437,886,ドライフルーツ 69の詳細説明です。高品質でおすすめの商品です。,2023-09-18
3187,ナッツミックス 69,食品・飲料,Natural,8587,513,ナッツミックス 69の詳細説明です。高品質でおすすめの商品です。,2023-10-06
3188,ハチミツ 69,食品・飲料,Natural,6234,541,ハチミツ 69の詳細説明です。高品質でおすすめの商品です。,2023-11-10
3189,オリーブオイル 69,食品・飲料,Organic,22436,840,オリーブオイル 69の詳細説明です。高品質でおすすめの商品です。,2023-02-19
3190,パスタセット 69,食品・飲料,Fresh,23051,394,パスタセット 69の詳細説明です。高品質でおすすめの商品です。,2023-11-17
3191,有機コーヒー豆 70,食品・飲料,Premium,38428,722,有機コーヒー豆 70の詳細説明です。高品質でおすすめの商品です。,2023-01-05
3192,緑茶パック 70,食品・飲料,Fresh,45723,434,緑茶パック 70の詳細説明です。高品質でおすすめの商品です。,2023-07-25
3193,チョコレート詰め合わせ 70,食品・飲料,Fresh,4720,368,チョコレート詰め合わせ 70の詳細説明です。高品質でおすすめの商品です。,2023-08-09
3194,スナック菓子 70,食品・飲料,Natural,19300,993,スナック菓子 70の詳細説明です。高品質でおすすめの商品です。,2023-06-27
3195,調味料セット 70,食品・飲料,Healthy,41254,642,調味料セット 70の詳細説明です。高品質でおすすめの商品です。,2023-04-04
3196,ドライフルーツ 70,食品・飲料,Natural,32112,99,ドライフルーツ 70の詳細説明です。高品質でおすすめの商品です。,2023-08-28
3197,ナッツミックス 70,食品・飲料,Organic,34091,769,ナッツミックス 70の詳細説明です。高品質でおすすめの商品です。,2023-10-10
3198,ハチミツ 70,食品・飲料,Healthy,6801,58,ハチミツ 70の詳細説明です。高品質でおすすめの商品です。,2023-01-26
3199,オリーブオイル 70,食品・飲料,Premium,35978,46,オリーブオイル 70の詳細説明です。高品質でおすすめの商品です。,2023-06-12
3200,パスタセット 70,食品・飲料,Premium,22839,53,パスタセット 70の詳細説明です。高品質でおすすめの商品です。,2023-10-22
3201,有機コーヒー豆 71,食品・飲料,Organic,29496,81,有機コーヒー豆 71の詳細説明です。高品質でおすすめの商品です。,2023-10-08
3202,緑茶パック 71,食品・飲料,Premium,7146,51,緑茶パック 71の詳細説明です。高品質でおすすめの商品です。,2023-02-23
3203,チョコレート詰め合わせ 71,食品・飲料,Natural,23610,142,チョコレート詰め合わせ 71の詳細説明です。高品質でおすすめの商品です。,2023-04-17
3204,スナック菓子 71,食品・飲料,Premium,15305,762,スナック菓子 71の詳細説明です。高品質でおすすめの商品です。,2023-07-12
3205,調味料セット 71,食品・飲料,Fresh,30947,558,調味料セット 71の詳細説明です。高品質でおすすめの商品です。,2023-01-20
3206,ドライフルーツ 71,食品・飲料,Premium,25884,96,ドライフルーツ 71の詳細説明です。高品質でおすすめの商品です。,2023-02-07
3207,ナッツミックス 71,食品・飲料,Organic,24405,538,ナッツミックス 71の詳細説明です。高品質でおすすめの商品です。,2023-02-18
3208,ハチミツ 71,食品・飲料,Natural,7272,824,ハチミツ 71の詳細説明です。高品質でおすすめの商品です。,2023-12-10
3209,オリーブオイル 71,食品・飲料,Organic,41532,190,オリーブオイル 71の詳細説明です。高品質でおすすめの商品です。,2023-07-29
3210,パスタセット 71,食品・飲料,Natural,3077,858,パスタセット 71の詳細説明です。高品質でおすすめの商品です。,2023-04-25
3211,有機コーヒー豆 72,食品・飲料,Fresh,33309,284,有機コーヒー豆 72の詳細説明です。高品質でおすすめの商品です。,2023-07-30
3212,緑茶パック 72,食品・飲料,Premium,23257,139,緑茶パック 72の詳細説明です。高品質でおすすめの商品です。,2023-10-17
3213,チョコレート詰め合わせ 72,食品・飲料,Organic,31911,202,チョコレート詰め合わせ 72の詳細説明です。高品質でおすすめの商品です。,2023-10-07
3214,スナック菓子 72,食品・飲料,Fresh,17061,154,スナック菓子 72の詳細説明です。高品質でおすすめの商品です。,2023-03-22
3215,調味料セット 72,食品・飲料,Natural,45490,460,調味料セット 72の詳細説明です。高品質でおすすめの商品です。,2023-10-01
3216,ドライフルーツ 72,食品・飲料,Healthy,8443,554,ドライフルーツ 72の詳細説明です。高品質でおすすめの商品です。,2023-10-23
3217,ナッツミックス 72,食品・飲料,Natural,31192,927,ナッツミックス 72の詳細説明です。高品質でおすすめの商品です。,2023-07-14
3218,ハチミツ 72,食品・飲料,Healthy,13788,254,ハチミツ 72の詳細説明です。高品質でおすすめの商品です。,2023-05-31
3219,オリーブオイル 72,食品・飲料,Natural,49044,699,オリーブオイル 72の詳細説明です。高品質でおすすめの商品です。,2023-03-18
3220,パスタセット 72,食品・飲料,Natural,16172,421,パスタセット 72の詳細説明です。高品質でおすすめの商品です。,2023-06-29
3221,有機コーヒー豆 73,食品・飲料,Organic,45242,833,有機コーヒー豆 73の詳細説明です。高品質でおすすめの商品です。,2023-04-05
3222,緑茶パック 73,食品・飲料,Fresh,27432,683,緑茶パック 73の詳細説明です。高品質でおすすめの商品です。,2023-01-06
3223,チョコレート詰め合わせ 73,食品・飲料,Fresh,12101,895,チョコレート詰め合わせ 73の詳細説明です。高品質でおすすめの商品です。,2023-07-11
3224,スナック菓子 73,食品・飲料,Premium,1793,737,スナック菓子 73の詳細説明です。高品質でおすすめの商品です。,2023-04-23
3225,調味料セット 73,食品・飲料,Organic,5836,176,調味料セット 73の詳細説明です。高品質でおすすめの商品です。,2023-01-03
3226,ドライフルーツ 73,食品・飲料,Premium,39731,585,ドライフルーツ 73の詳細説明です。高品質でおすすめの商品です。,2023-04-05
3227,ナッツミックス 73,食品・飲料,Premium,9921,27,ナッツミックス 73の詳細説明です。高品質でおすすめの商品です。,2023-09-12
3228,ハチミツ 73,食品・飲料,Healthy,15493,590,ハチミツ 73の詳細説明です。高品質でおすすめの商品です。,2023-09-28
3229,オリーブオイル 73,食品・飲料,Organic,46196,356,オリーブオイル 73の詳細説明です。高品質でおすすめの商品です。,2023-07-12
3230,パスタセット 73,食品・飲料,Natural,12847,160,パスタセット 73の詳細説明です。高品質でおすすめの商品です。,2023-08-07
3231,有機コーヒー豆 74,食品・飲料,Healthy,18347,624,有機コーヒー豆 74の詳細説明です。高品質でおすすめの商品です。,2023-01-11
3232,緑茶パック 74,食品・飲料,Organic,25409,125,緑茶パック 74の詳細説明です。高品質でおすすめの商品です。,2023-01-16
3233,チョコレート詰め合わせ 74,食品・飲料,Fresh,45515,939,チョコレート詰め合わせ 74の詳細説明です。高品質でおすすめの商品です。,2023-01-21
3234,スナック菓子 74,食品・飲料,Natural,15479,615,スナック菓子 74の詳細説明です。高品質でおすすめの商品です。,2023-06-12
3235,調味料セット 74,食品・飲料,Organic,31318,894,調味料セット 74の詳細説明です。高品質でおすすめの商品です。,2023-09-14
3236,ドライフルーツ 74,食品・飲料,Organic,42204,806,ドライフルーツ 74の詳細説明です。高品質でおすすめの商品です。,2023-10-02
3237,ナッツミックス 74,食品・飲料,Premium,32681,628,ナッツミックス 74の詳細説明です。高品質でおすすめの商品です。,2023-08-17
3238,ハチミツ 74,食品・飲料,Premium,48394,427,ハチミツ 74の詳細説明です。高品質でおすすめの商品です。,2023-09-01
3239,オリーブオイル 74,食品・飲料,Fresh,3684,566,オリーブオイル 74の詳細説明です。高品質でおすすめの商品です。,2023-09-09
3240,パスタセット 74,食品・飲料,Natural,8312,776,パスタセット 74の詳細説明です。高品質でおすすめの商品です。,2023-10-22
3241,有機コーヒー豆 75,食品・飲料,Healthy,799,472,有機コーヒー豆 75の詳細説明です。高品質でおすすめの商品です。,2023-10-03
3242,緑茶パック 75,食品・飲料,Premium,28363,46,緑茶パック 75の詳細説明です。高品質でおすすめの商品です。,2023-08-11
3243,チョコレート詰め合わせ 75,食品・飲料,Fresh,10705,69,チョコレート詰め合わせ 75の詳細説明です。高品質でおすすめの商品です。,2023-11-13
3244,スナック菓子 75,食品・飲料,Natural,26052,588,スナック菓子 75の詳細説明です。高品質でおすすめの商品です。,2023-12-20
3245,調味料セット 75,食品・飲料,Natural,1109,190,調味料セット 75の詳細説明です。高品質でおすすめの商品です。,2023-07-08
3246,ドライフルーツ 75,食品・飲料,Organic,20015,832,ドライフルーツ 75の詳細説明です。高品質でおすすめの商品です。,2023-12-26
3247,ナッツミックス 75,食品・飲料,Organic,33557,47,ナッツミックス 75の詳細説明です。高品質でおすすめの商品です。,2023-03-23
3248,ハチミツ 75,食品・飲料,Premium,28304,475,ハチミツ 75の詳細説明です。高品質でおすすめの商品です。,2023-05-12
3249,オリーブオイル 75,食品・飲料,Fresh,11704,65,オリーブオイル 75の詳細説明です。高品質でおすすめの商品です。,2023-11-08
3250,パスタセット 75,食品・飲料,Natural,8413,170,パスタセット 75の詳細説明です。高品質でおすすめの商品です。,2023-04-21
3251,有機コーヒー豆 76,食品・飲料,Natural,15045,827,有機コーヒー豆 76の詳細説明です。高品質でおすすめの商品です。,2023-03-22
3252,緑茶パック 76,食品・飲料,Fresh,48365,428,緑茶パック 76の詳細説明です。高品質でおすすめの商品です。,2023-08-22
3253,チョコレート詰め合わせ 76,食品・飲料,Fresh,46369,589,チョコレート詰め合わせ 76の詳細説明です。高品質でおすすめの商品です。,2023-05-15
3254,スナック菓子 76,食品・飲料,Organic,43346,215,スナック菓子 76の詳細説明です。高品質でおすすめの商品です。,2023-08-16
3255,調味料セット 76,食品・飲料,Premium,47680,113,調味料セット 76の詳細説明です。高品質でおすすめの商品です。,2023-01-17
3256,ドライフルーツ 76,食品・飲料,Organic,40564,37,ドライフルーツ 76の詳細説明です。高品質でおすすめの商品です。,2023-11-03
3257,ナッツミックス 76,食品・飲料,Healthy,17912,884,ナッツミックス 76の詳細説明です。高品質でおすすめの商品です。,2023-05-08
3258,ハチミツ 76,食品・飲料,Organic,49455,250,ハチミツ 76の詳細説明です。高品質でおすすめの商品です。,2023-12-12
3259,オリーブオイル 76,食品・飲料,Fresh,6793,110,オリーブオイル 76の詳細説明です。高品質でおすすめの商品です。,2023-02-09
3260,パスタセット 76,食品・飲料,Organic,10775,210,パスタセット 76の詳細説明です。高品質でおすすめの商品です。,2023-11-08
3261,有機コーヒー豆 77,食品・飲料,Natural,13539,828,有機コーヒー豆 77の詳細説明です。高品質でおすすめの商品です。,2023-10-31
3262,緑茶パック 77,食品・飲料,Premium,35713,997,緑茶パック 77の詳細説明です。高品質でおすすめの商品です。,2023-10-26
3263,チョコレート詰め合わせ 77,食品・飲料,Fresh,16248,355,チョコレート詰め合わせ 77の詳細説明です。高品質でおすすめの商品です。,2023-10-31
3264,スナック菓子 77,食品・飲料,Fresh,13680,655,スナック菓子 77の詳細説明です。高品質でおすすめの商品です。,2023-08-29
3265,調味料セット 77,食品・飲料,Natural,22769,564,調味料セット 77の詳細説明です。高品質でおすすめの商品です。,2023-06-12
3266,ドライフルーツ 77,食品・飲料,Premium,7552,176,ドライフルーツ 77の詳細説明です。高品質でおすすめの商品です。,2023-04-07
3267,ナッツミックス 77,食品・飲料,Premium,27694,467,ナッツミックス 77の詳細説明です。高品質でおすすめの商品です。,2023-05-14
3268,ハチミツ 77,食品・飲料,Premium,12356,119,ハチミツ 77の詳細説明です。高品質でおすすめの商品です。,2023-05-16
3269,オリーブオイル 77,食品・飲料,Fresh,14673,805,オリーブオイル 77の詳細説明です。高品質でおすすめの商品です。,2023-02-06
3270,パスタセット 77,食品・飲料,Natural,38455,232,パスタセット 77の詳細説明です。高品質でおすすめの商品です。,2023-07-28
3271,有機コーヒー豆 78,食品・飲料,Fresh,28820,10,有機コーヒー豆 78の詳細説明です。高品質でおすすめの商品です。,2023-05-28
3272,緑茶パック 78,食品・飲料,Healthy,45210,78,緑茶パック 78の詳細説明です。高品質でおすすめの商品です。,2023-04-03
3273,チョコレート詰め合わせ 78,食品・飲料,Fresh,21611,519,チョコレート詰め合わせ 78の詳細説明です。高品質でおすすめの商品です。,2023-01-08
3274,スナック菓子 78,食品・飲料,Healthy,4542,517,スナック菓子 78の詳細説明です。高品質でおすすめの商品です。,2023-05-04
3275,調味料セット 78,食品・飲料,Premium,49765,228,調味料セット 78の詳細説明です。高品質でおすすめの商品です。,2023-03-24
3276,ドライフルーツ 78,食品・飲料,Healthy,27069,578,ドライフルーツ 78の詳細説明です。高品質でおすすめの商品です。,2023-06-09
3277,ナッツミックス 78,食品・飲料,Natural,5916,606,ナッツミックス 78の詳細説明です。高品質でおすすめの商品です。,2023-08-31
3278,ハチミツ 78,食品・飲料,Fresh,18546,832,ハチミツ 78の詳細説明です。高品質でおすすめの商品です。,2023-12-09
3279,オリーブオイル 78,食品・飲料,Natural,24678,920,オリーブオイル 78の詳細説明です。高品質でおすすめの商品です。,2023-05-15
3280,パスタセット 78,食品・飲料,Healthy,1649,456,パスタセット 78の詳細説明です。高品質でおすすめの商品です。,2023-03-27
3281,有機コーヒー豆 79,食品・飲料,Fresh,25978,908,有機コーヒー豆 79の詳細説明です。高品質でおすすめの商品です。,2023-06-07
3282,緑茶パック 79,食品・飲料,Healthy,40988,278,緑茶パック 79の詳細説明です。高品質でおすすめの商品です。,2023-12-18
3283,チョコレート詰め合わせ 79,食品・飲料,Natural,3807,454,チョコレート詰め合わせ 79の詳細説明です。高品質でおすすめの商品です。,2023-02-01
3284,スナック菓子 79,食品・飲料,Fresh,49298,690,スナック菓子 79の詳細説明です。高品質でおすすめの商品です。,2023-03-23
3285,調味料セット 79,食品・飲料,Natural,34873,54,調味料セット 79の詳細説明です。高品質でおすすめの商品です。,2023-12-18
3286,ドライフルーツ 79,食品・飲料,Healthy,43457,692,ドライフルーツ 79の詳細説明です。高品質でおすすめの商品です。,2023-08-30
3287,ナッツミックス 79,食品・飲料,Premium,19721,896,ナッツミックス 79の詳細説明です。高品質でおすすめの商品です。,2023-11-08
3288,ハチミツ 79,食品・飲料,Organic,24306,499,ハチミツ 79の詳細説明です。高品質でおすすめの商品です。,2023-09-28
3289,オリーブオイル 79,食品・飲料,Organic,15764,305,オリーブオイル 79の詳細説明です。高品質でおすすめの商品です。,2023-11-29
3290,パスタセット 79,食品・飲料,Healthy,28233,354,パスタセット 79の詳細説明です。高品質でおすすめの商品です。,2023-07-04
3291,有機コーヒー豆 80,食品・飲料,Premium,32225,794,有機コーヒー豆 80の詳細説明です。高品質でおすすめの商品です。,2023-05-18
3292,緑茶パック 80,食品・飲料,Organic,1924,747,緑茶パック 80の詳細説明です。高品質でおすすめの商品です。,2023-09-20
3293,チョコレート詰め合わせ 80,食品・飲料,Organic,46807,436,チョコレート詰め合わせ 80の詳細説明です。高品質でおすすめの商品です。,2023-01-13
3294,スナック菓子 80,食品・飲料,Healthy,28860,926,スナック菓子 80の詳細説明です。高品質でおすすめの商品です。,2023-11-29
3295,調味料セット 80,食品・飲料,Natural,14422,662,調味料セット 80の詳細説明です。高品質でおすすめの商品です。,2023-03-11
3296,ドライフルーツ 80,食品・飲料,Natural,13308,659,ドライフルーツ 80の詳細説明です。高品質でおすすめの商品です。,2023-08-21
3297,ナッツミックス 80,食品・飲料,Organic,17860,89,ナッツミックス 80の詳細説明です。高品質でおすすめの商品です。,2023-02-02
3298,ハチミツ 80,食品・飲料,Healthy,30196,906,ハチミツ 80の詳細説明です。高品質でおすすめの商品です。,2023-06-05
3299,オリーブオイル 80,食品・飲料,Healthy,28708,197,オリーブオイル 80の詳細説明です。高品質でおすすめの商品です。,2023-07-23
3300,パスタセット 80,食品・飲料,Fresh,21317,259,パスタセット 80の詳細説明です。高品質でおすすめの商品です。,2023-01-02
3301,有機コーヒー豆 81,食品・飲料,Premium,38248,165,有機コーヒー豆 81の詳細説明です。高品質でおすすめの商品です。,2023-03-20
3302,緑茶パック 81,食品・飲料,Healthy,38762,661,緑茶パック 81の詳細説明です。高品質でおすすめの商品です。,2023-09-13
3303,チョコレート詰め合わせ 81,食品・飲料,Healthy,40189,762,チョコレート詰め合わせ 81の詳細説明です。高品質でおすすめの商品です。,2023-03-10
3304,スナック菓子 81,食品・飲料,Premium,41278,67,スナック菓子 81の詳細説明です。高品質でおすすめの商品です。,2023-05-03
3305,調味料セット 81,食品・飲料,Premium,38267,367,調味料セット 81の詳細説明です。高品質でおすすめの商品です。,2023-08-26
3306,ドライフルーツ 81,食品・飲料,Premium,48423,926,ドライフルーツ 81の詳細説明です。高品質でおすすめの商品です。,2023-04-25
3307,ナッツミックス 81,食品・飲料,Fresh,31448,427,ナッツミックス 81の詳細説明です。高品質でおすすめの商品です。,2023-01-06
3308,ハチミツ 81,食品・飲料,Premium,35081,284,ハチミツ 81の詳細説明です。高品質でおすすめの商品です。,2023-04-02
3309,オリーブオイル 81,食品・飲料,Natural,35239,150,オリーブオイル 81の詳細説明です。高品質でおすすめの商品です。,2023-09-20
3310,パスタセット 81,食品・飲料,Premium,13201,263,パスタセット 81の詳細説明です。高品質でおすすめの商品です。,2023-02-02
3311,有機コーヒー豆 82,食品・飲料,Natural,10021,198,有機コーヒー豆 82の詳細説明です。高品質でおすすめの商品です。,2023-02-02
3312,緑茶パック 82,食品・飲料,Organic,26019,545,緑茶パック 82の詳細説明です。高品質でおすすめの商品です。,2023-01-12
3313,チョコレート詰め合わせ 82,食品・飲料,Premium,25403,141,チョコレート詰め合わせ 82の詳細説明です。高品質でおすすめの商品です。,2023-08-25
3314,スナック菓子 82,食品・飲料,Premium,12521,775,スナック菓子 82の詳細説明です。高品質でおすすめの商品です。,2023-08-01
3315,調味料セット 82,食品・飲料,Healthy,16991,948,調味料セット 82の詳細説明です。高品質でおすすめの商品です。,2023-12-31
3316,ドライフルーツ 82,食品・飲料,Organic,44301,831,ドライフルーツ 82の詳細説明です。高品質でおすすめの商品です。,2023-12-30
3317,ナッツミックス 82,食品・飲料,Natural,32665,456,ナッツミックス 82の詳細説明です。高品質でおすすめの商品です。,2023-03-14
3318,ハチミツ 82,食品・飲料,Natural,44889,268,ハチミツ 82の詳細説明です。高品質でおすすめの商品です。,2023-06-18
3319,オリーブオイル 82,食品・飲料,Organic,17426,152,オリーブオイル 82の詳細説明です。高品質でおすすめの商品です。,2023-07-11
3320,パスタセット 82,食品・飲料,Healthy,27337,897,パスタセット 82の詳細説明です。高品質でおすすめの商品です。,2023-04-16
3321,有機コーヒー豆 83,食品・飲料,Healthy,9348,800,有機コーヒー豆 83の詳細説明です。高品質でおすすめの商品です。,2023-02-15
3322,緑茶パック 83,食品・飲料,Healthy,19576,812,緑茶パック 83の詳細説明です。高品質でおすすめの商品です。,2023-10-10
3323,チョコレート詰め合わせ 83,食品・飲料,Premium,12220,683,チョコレート詰め合わせ 83の詳細説明です。高品質でおすすめの商品です。,2023-07-23
3324,スナック菓子 83,食品・飲料,Fresh,18721,969,スナック菓子 83の詳細説明です。高品質でおすすめの商品です。,2023-10-18
3325,調味料セット 83,食品・飲料,Fresh,9278,765,調味料セット 83の詳細説明です。高品質でおすすめの商品です。,2023-01-06
3326,ドライフルーツ 83,食品・飲料,Natural,7146,918,ドライフルーツ 83の詳細説明です。高品質でおすすめの商品です。,2023-11-08
3327,ナッツミックス 83,食品・飲料,Premium,26336,700,ナッツミックス 83の詳細説明です。高品質でおすすめの商品です。,2023-02-12
3328,ハチミツ 83,食品・飲料,Fresh,13757,221,ハチミツ 83の詳細説明です。高品質でおすすめの商品です。,2023-11-22
3329,オリーブオイル 83,食品・飲料,Premium,34126,158,オリーブオイル 83の詳細説明です。高品質でおすすめの商品です。,2023-06-02
3330,パスタセット 83,食品・飲料,Premium,29472,294,パスタセット 83の詳細説明です。高品質でおすすめの商品です。,2023-09-22
3331,有機コーヒー豆 84,食品・飲料,Healthy,17758,429,有機コーヒー豆 84の詳細説明です。高品質でおすすめの商品です。,2023-07-16
3332,緑茶パック 84,食品・飲料,Organic,43193,173,緑茶パック 84の詳細説明です。高品質でおすすめの商品です。,2023-02-12
3333,チョコレート詰め合わせ 84,食品・飲料,Fresh,30846,362,チョコレート詰め合わせ 84の詳細説明です。高品質でおすすめの商品です。,2023-05-21
3334,スナック菓子 84,食品・飲料,Natural,5923,451,スナック菓子 84の詳細説明です。高品質でおすすめの商品です。,2023-09-17
3335,調味料セット 84,食品・飲料,Natural,43201,786,調味料セット 84の詳細説明です。高品質でおすすめの商品です。,2023-06-03
3336,ドライフルーツ 84,食品・飲料,Natural,28229,51,ドライフルーツ 84の詳細説明です。高品質でおすすめの商品です。,2023-07-15
3337,ナッツミックス 84,食品・飲料,Natural,2023,692,ナッツミックス 84の詳細説明です。高品質でおすすめの商品です。,2023-08-13
3338,ハチミツ 84,食品・飲料,Fresh,5610,375,ハチミツ 84の詳細説明です。高品質でおすすめの商品です。,2023-03-04
3339,オリーブオイル 84,食品・飲料,Premium,4357,239,オリーブオイル 84の詳細説明です。高品質でおすすめの商品です。,2023-12-05
3340,パスタセット 84,食品・飲料,Natural,34768,465,パスタセット 84の詳細説明です。高品質でおすすめの商品です。,2023-01-04
3341,有機コーヒー豆 85,食品・飲料,Natural,48468,894,有機コーヒー豆 85の詳細説明です。高品質でおすすめの商品です。,2023-04-07
3342,緑茶パック 85,食品・飲料,Fresh,25623,128,緑茶パック 85の詳細説明です。高品質でおすすめの商品です。,2023-08-25
3343,チョコレート詰め合わせ 85,食品・飲料,Natural,15813,107,チョコレート詰め合わせ 85の詳細説明です。高品質でおすすめの商品です。,2023-07-23
3344,スナック菓子 85,食品・飲料,Fresh,19856,366,スナック菓子 85の詳細説明です。高品質でおすすめの商品です。,2023-07-04
3345,調味料セット 85,食品・飲料,Premium,1954,637,調味料セット 85の詳細説明です。高品質でおすすめの商品です。,2023-03-16
3346,ドライフルーツ 85,食品・飲料,Healthy,25150,58,ドライフルーツ 85の詳細説明です。高品質でおすすめの商品です。,2023-06-20
3347,ナッツミックス 85,食品・飲料,Fresh,1811,181,ナッツミックス 85の詳細説明です。高品質でおすすめの商品です。,2023-06-16
3348,ハチミツ 85,食品・飲料,Premium,30250,294,ハチミツ 85の詳細説明です。高品質でおすすめの商品です。,2023-10-09
3349,オリーブオイル 85,食品・飲料,Healthy,33066,794,オリーブオイル 85の詳細説明です。高品質でおすすめの商品です。,2023-07-12
3350,パスタセット 85,食品・飲料,Premium,43180,848,パスタセット 85の詳細説明です。高品質でおすすめの商品です。,2023-11-13
3351,有機コーヒー豆 86,食品・飲料,Fresh,25437,106,有機コーヒー豆 86の詳細説明です。高品質でおすすめの商品です。,2023-12-18
3352,緑茶パック 86,食品・飲料,Healthy,31216,646,緑茶パック 86の詳細説明です。高品質でおすすめの商品です。,2023-06-24
3353,チョコレート詰め合わせ 86,食品・飲料,Fresh,10203,293,チョコレート詰め合わせ 86の詳細説明です。高品質でおすすめの商品です。,2023-02-15
3354,スナック菓子 86,食品・飲料,Natural,15969,635,スナック菓子 86の詳細説明です。高品質でおすすめの商品です。,2023-09-24
3355,調味料セット 86,食品・飲料,Premium,48875,31,調味料セット 86の詳細説明です。高品質でおすすめの商品です。,2023-08-31
3356,ドライフルーツ 86,食品・飲料,Fresh,16391,671,ドライフルーツ 86の詳細説明です。高品質でおすすめの商品です。,2023-06-14
3357,ナッツミックス 86,食品・飲料,Healthy,42427,229,ナッツミックス 86の詳細説明です。高品質でおすすめの商品です。,2023-01-15
3358,ハチミツ 86,食品・飲料,Organic,46614,689,ハチミツ 86の詳細説明です。高品質でおすすめの商品です。,2023-04-01
3359,オリーブオイル 86,食品・飲料,Healthy,2848,737,オリーブオイル 86の詳細説明です。高品質でおすすめの商品です。,2023-09-09
3360,パスタセット 86,食品・飲料,Premium,33569,120,パスタセット 86の詳細説明です。高品質でおすすめの商品です。,2023-10-12
3361,有機コーヒー豆 87,食品・飲料,Natural,9765,609,有機コーヒー豆 87の詳細説明です。高品質でおすすめの商品です。,2023-07-28
3362,緑茶パック 87,食品・飲料,Natural,4545,655,緑茶パック 87の詳細説明です。高品質でおすすめの商品です。,2023-01-19
3363,チョコレート詰め合わせ 87,食品・飲料,Organic,3671,466,チョコレート詰め合わせ 87の詳細説明です。高品質でおすすめの商品です。,2023-10-12
3364,スナック菓子 87,食品・飲料,Premium,29089,661,スナック菓子 87の詳細説明です。高品質でおすすめの商品です。,2023-10-12
3365,調味料セット 87,食品・飲料,Healthy,2952,587,調味料セット 87の詳細説明です。高品質でおすすめの商品です。,2023-10-27
3366,ドライフルーツ 87,食品・飲料,Premium,25580,221,ドライフルーツ 87の詳細説明です。高品質でおすすめの商品です。,2023-08-12
3367,ナッツミックス 87,食品・飲料,Healthy,47709,50,ナッツミックス 87の詳細説明です。高品質でおすすめの商品です。,2023-10-07
3368,ハチミツ 87,食品・飲料,Organic,3879,731,ハチミツ 87の詳細説明です。高品質でおすすめの商品です。,2023-04-29
3369,オリーブオイル 87,食品・飲料,Organic,29438,475,オリーブオイル 87の詳細説明です。高品質でおすすめの商品です。,2023-12-29
3370,パスタセット 87,食品・飲料,Natural,39439,974,パスタセット 87の詳細説明です。高品質でおすすめの商品です。,2023-07-17
3371,有機コーヒー豆 88,食品・飲料,Fresh,38324,391,有機コーヒー豆 88の詳細説明です。高品質でおすすめの商品です。,2023-01-21
3372,緑茶パック 88,食品・飲料,Healthy,44299,966,緑茶パック 88の詳細説明です。高品質でおすすめの商品です。,2023-02-11
3373,チョコレート詰め合わせ 88,食品・飲料,Premium,17760,482,チョコレート詰め合わせ 88の詳細説明です。高品質でおすすめの商品です。,2023-01-12
3374,スナック菓子 88,食品・飲料,Natural,20017,133,スナック菓子 88の詳細説明です。高品質でおすすめの商品です。,2023-09-12
3375,調味料セット 88,食品・飲料,Premium,9502,414,調味料セット 88の詳細説明です。高品質でおすすめの商品です。,2023-06-27
3376,ドライフルーツ 88,食品・飲料,Organic,17159,868,ドライフルーツ 88の詳細説明です。高品質でおすすめの商品です。,2023-05-15
3377,ナッツミックス 88,食品・飲料,Organic,11634,153,ナッツミックス 88の詳細説明です。高品質でおすすめの商品です。,2023-08-24
3378,ハチミツ 88,食品・飲料,Natural,27597,876,ハチミツ 88の詳細説明です。高品質でおすすめの商品です。,2023-02-13
3379,オリーブオイル 88,食品・飲料,Healthy,46547,752,オリーブオイル 88の詳細説明です。高品質でおすすめの商品です。,2023-12-25
3380,パスタセット 88,食品・飲料,Healthy,28860,292,パスタセット 88の詳細説明です。高品質でおすすめの商品です。,2023-05-07
3381,有機コーヒー豆 89,食品・飲料,Fresh,46294,925,有機コーヒー豆 89の詳細説明です。高品質でおすすめの商品です。,2023-11-26
3382,緑茶パック 89,食品・飲料,Organic,33240,44,緑茶パック 89の詳細説明です。高品質でおすすめの商品です。,2023-03-06
3383,チョコレート詰め合わせ 89,食品・飲料,Healthy,44263,435,チョコレート詰め合わせ 89の詳細説明です。高品質でおすすめの商品です。,2023-01-29
3384,スナック菓子 89,食品・飲料,Natural,7220,542,スナック菓子 89の詳細説明です。高品質でおすすめの商品です。,2023-02-11
3385,調味料セット 89,食品・飲料,Natural,43857,63,調味料セット 89の詳細説明です。高品質でおすすめの商品です。,2023-06-18
3386,ドライフルーツ 89,食品・飲料,Organic,27935,591,ドライフルーツ 89の詳細説明です。高品質でおすすめの商品です。,2023-06-27
3387,ナッツミックス 89,食品・飲料,Fresh,33224,685,ナッツミックス 89の詳細説明です。高品質でおすすめの商品です。,2023-03-15
3388,ハチミツ 89,食品・飲料,Fresh,16332,123,ハチミツ 89の詳細説明です。高品質でおすすめの商品です。,2023-07-15
3389,オリーブオイル 89,食品・飲料,Organic,13417,741,オリーブオイル 89の詳細説明です。高品質でおすすめの商品です。,2023-12-06
3390,パスタセット 89,食品・飲料,Healthy,38320,846,パスタセット 89の詳細説明です。高品質でおすすめの商品です。,2023-11-16
3391,有機コーヒー豆 90,食品・飲料,Premium,29917,134,有機コーヒー豆 90の詳細説明です。高品質でおすすめの商品です。,2023-04-02
3392,緑茶パック 90,食品・飲料,Healthy,1154,323,緑茶パック 90の詳細説明です。高品質でおすすめの商品です。,2023-10-22
3393,チョコレート詰め合わせ 90,食品・飲料,Healthy,22012,827,チョコレート詰め合わせ 90の詳細説明です。高品質でおすすめの商品です。,2023-04-08
3394,スナック菓子 90,食品・飲料,Fresh,37403,965,スナック菓子 90の詳細説明です。高品質でおすすめの商品です。,2023-10-08
3395,調味料セット 90,食品・飲料,Organic,25920,319,調味料セット 90の詳細説明です。高品質でおすすめの商品です。,2023-11-08
3396,ドライフルーツ 90,食品・飲料,Premium,16998,648,ドライフルーツ 90の詳細説明です。高品質でおすすめの商品です。,2023-07-09
3397,ナッツミックス 90,食品・飲料,Premium,49113,899,ナッツミックス 90の詳細説明です。高品質でおすすめの商品です。,2023-10-15
3398,ハチミツ 90,食品・飲料,Healthy,42790,506,ハチミツ 90の詳細説明です。高品質でおすすめの商品です。,2023-08-22
3399,オリーブオイル 90,食品・飲料,Organic,20019,553,オリーブオイル 90の詳細説明です。高品質でおすすめの商品です。,2023-09-13
3400,パスタセット 90,食品・飲料,Organic,26725,283,パスタセット 90の詳細説明です。高品質でおすすめの商品です。,2023-03-19
3401,有機コーヒー豆 91,食品・飲料,Healthy,20284,989,有機コーヒー豆 91の詳細説明です。高品質でおすすめの商品です。,2023-11-24
3402,緑茶パック 91,食品・飲料,Premium,16729,536,緑茶パック 91の詳細説明です。高品質でおすすめの商品です。,2023-05-21
3403,チョコレート詰め合わせ 91,食品・飲料,Natural,34471,493,チョコレート詰め合わせ 91の詳細説明です。高品質でおすすめの商品です。,2023-06-30
3404,スナック菓子 91,食品・飲料,Fresh,20247,437,スナック菓子 91の詳細説明です。高品質でおすすめの商品です。,2023-11-04
3405,調味料セット 91,食品・飲料,Premium,2837,97,調味料セット 91の詳細説明です。高品質でおすすめの商品です。,2023-10-31
3406,ドライフルーツ 91,食品・飲料,Healthy,37626,521,ドライフルーツ 91の詳細説明です。高品質でおすすめの商品です。,2023-05-22
3407,ナッツミックス 91,食品・飲料,Fresh,48566,455,ナッツミックス 91の詳細説明です。高品質でおすすめの商品です。,2023-07-25
3408,ハチミツ 91,食品・飲料,Healthy,39609,597,ハチミツ 91の詳細説明です。高品質でおすすめの商品です。,2023-09-25
3409,オリーブオイル 91,食品・飲料,Premium,3382,716,オリーブオイル 91の詳細説明です。高品質でおすすめの商品です。,2023-07-17
3410,パスタセット 91,食品・飲料,Fresh,7159,80,パスタセット 91の詳細説明です。高品質でおすすめの商品です。,2023-06-01
3411,有機コーヒー豆 92,食品・飲料,Premium,19051,406,有機コーヒー豆 92の詳細説明です。高品質でおすすめの商品です。,2023-11-11
3412,緑茶パック 92,食品・飲料,Healthy,49095,31,緑茶パック 92の詳細説明です。高品質でおすすめの商品です。,2023-07-06
3413,チョコレート詰め合わせ 92,食品・飲料,Natural,2699,113,チョコレート詰め合わせ 92の詳細説明です。高品質でおすすめの商品です。,2023-03-09
3414,スナック菓子 92,食品・飲料,Fresh,23993,958,スナック菓子 92の詳細説明です。高品質でおすすめの商品です。,2023-07-31
3415,調味料セット 92,食品・飲料,Organic,35491,170,調味料セット 92の詳細説明です。高品質でおすすめの商品です。,2023-02-15
3416,ドライフルーツ 92,食品・飲料,Organic,5989,711,ドライフルーツ 92の詳細説明です。高品質でおすすめの商品です。,2023-09-14
3417,ナッツミックス 92,食品・飲料,Fresh,10737,808,ナッツミックス 92の詳細説明です。高品質でおすすめの商品です。,2023-10-10
3418,ハチミツ 92,食品・飲料,Premium,8216,772,ハチミツ 92の詳細説明です。高品質でおすすめの商品です。,2023-01-20
3419,オリーブオイル 92,食品・飲料,Organic,5079,468,オリーブオイル 92の詳細説明です。高品質でおすすめの商品です。,2023-01-23
3420,パスタセット 92,食品・飲料,Healthy,14477,465,パスタセット 92の詳細説明です。高品質でおすすめの商品です。,2023-03-15
3421,有機コーヒー豆 93,食品・飲料,Natural,45555,700,有機コーヒー豆 93の詳細説明です。高品質でおすすめの商品です。,2023-12-26
3422,緑茶パック 93,食品・飲料,Organic,33626,608,緑茶パック 93の詳細説明です。高品質でおすすめの商品です。,2023-11-16
3423,チョコレート詰め合わせ 93,食品・飲料,Natural,46377,461,チョコレート詰め合わせ 93の詳細説明です。高品質でおすすめの商品です。,2023-07-17
3424,スナック菓子 93,食品・飲料,Healthy,22517,763,スナック菓子 93の詳細説明です。高品質でおすすめの商品です。,2023-09-27
3425,調味料セット 93,食品・飲料,Natural,22990,976,調味料セット 93の詳細説明です。高品質でおすすめの商品です。,2023-10-23
3426,ドライフルーツ 93,食品・飲料,Organic,12892,234,ドライフルーツ 93の詳細説明です。高品質でおすすめの商品です。,2023-06-25
3427,ナッツミックス 93,食品・飲料,Healthy,35088,68,ナッツミックス 93の詳細説明です。高品質でおすすめの商品です。,2023-08-20
3428,ハチミツ 93,食品・飲料,Natural,44004,74,ハチミツ 93の詳細説明です。高品質でおすすめの商品です。,2023-08-01
3429,オリーブオイル 93,食品・飲料,Natural,25897,921,オリーブオイル 93の詳細説明です。高品質でおすすめの商品です。,2023-06-08
3430,パスタセット 93,食品・飲料,Healthy,25810,694,パスタセット 93の詳細説明です。高品質でおすすめの商品です。,2023-01-30
3431,有機コーヒー豆 94,食品・飲料,Natural,20667,938,有機コーヒー豆 94の詳細説明です。高品質でおすすめの商品です。,2023-11-25
3432,緑茶パック 94,食品・飲料,Premium,17675,134,緑茶パック 94の詳細説明です。高品質でおすすめの商品です。,2023-12-31
3433,チョコレート詰め合わせ 94,食品・飲料,Healthy,25342,953,チョコレート詰め合わせ 94の詳細説明です。高品質でおすすめの商品です。,2023-01-09
3434,スナック菓子 94,食品・飲料,Premium,41118,614,スナック菓子 94の詳細説明です。高品質でおすすめの商品です。,2023-03-06
3435,調味料セット 94,食品・飲料,Premium,28717,467,調味料セット 94の詳細説明です。高品質でおすすめの商品です。,2023-07-02
3436,ドライフルーツ 94,食品・飲料,Organic,20075,863,ドライフルーツ 94の詳細説明です。高品質でおすすめの商品です。,2023-07-29
3437,ナッツミックス 94,食品・飲料,Healthy,33421,700,ナッツミックス 94の詳細説明です。高品質でおすすめの商品です。,2023-07-26
3438,ハチミツ 94,食品・飲料,Natural,45135,383,ハチミツ 94の詳細説明です。高品質でおすすめの商品です。,2023-05-05
3439,オリーブオイル 94,食品・飲料,Organic,45163,961,オリーブオイル 94の詳細説明です。高品質でおすすめの商品です。,2023-09-04
3440,パスタセット 94,食品・飲料,Premium,41019,572,パスタセット 94の詳細説明です。高品質でおすすめの商品です。,2023-04-10
3441,有機コーヒー豆 95,食品・飲料,Organic,16662,518,有機コーヒー豆 95の詳細説明です。高品質でおすすめの商品です。,2023-02-07
3442,緑茶パック 95,食品・飲料,Healthy,42009,671,緑茶パック 95の詳細説明です。高品質でおすすめの商品です。,2023-10-10
3443,チョコレート詰め合わせ 95,食品・飲料,Healthy,21997,257,チョコレート詰め合わせ 95の詳細説明です。高品質でおすすめの商品です。,2023-01-21
3444,スナック菓子 95,食品・飲料,Organic,9878,573,スナック菓子 95の詳細説明です。高品質でおすすめの商品です。,2023-09-01
3445,調味料セット 95,食品・飲料,Natural,20939,491,調味料セット 95の詳細説明です。高品質でおすすめの商品です。,2023-09-18
3446,ドライフルーツ 95,食品・飲料,Organic,38193,708,ドライフルーツ 95の詳細説明です。高品質でおすすめの商品です。,2023-02-15
3447,ナッツミックス 95,食品・飲料,Natural,45288,425,ナッツミックス 95の詳細説明です。高品質でおすすめの商品です。,2023-07-06
3448,ハチミツ 95,食品・飲料,Premium,25062,175,ハチミツ 95の詳細説明です。高品質でおすすめの商品です。,2023-11-29
3449,オリーブオイル 95,食品・飲料,Fresh,1383,691,オリーブオイル 95の詳細説明です。高品質でおすすめの商品です。,2023-11-06
3450,パスタセット 95,食品・飲料,Premium,31882,278,パスタセット 95の詳細説明です。高品質でおすすめの商品です。,2023-01-12
3451,有機コーヒー豆 96,食品・飲料,Fresh,29222,933,有機コーヒー豆 96の詳細説明です。高品質でおすすめの商品です。,2023-02-26
3452,緑茶パック 96,食品・飲料,Organic,37272,512,緑茶パック 96の詳細説明です。高品質でおすすめの商品です。,2023-06-07
3453,チョコレート詰め合わせ 96,食品・飲料,Organic,28290,208,チョコレート詰め合わせ 96の詳細説明です。高品質でおすすめの商品です。,2023-08-25
3454,スナック菓子 96,食品・飲料,Organic,37755,589,スナック菓子 96の詳細説明です。高品質でおすすめの商品です。,2023-02-10
3455,調味料セット 96,食品・飲料,Organic,19832,575,調味料セット 96の詳細説明です。高品質でおすすめの商品です。,2023-01-25
3456,ドライフルーツ 96,食品・飲料,Healthy,22073,866,ドライフルーツ 96の詳細説明です。高品質でおすすめの商品です。,2023-09-06
3457,ナッツミックス 96,食品・飲料,Fresh,13656,144,ナッツミックス 96の詳細説明です。高品質でおすすめの商品です。,2023-12-25
3458,ハチミツ 96,食品・飲料,Natural,38995,621,ハチミツ 96の詳細説明です。高品質でおすすめの商品です。,2023-05-26
3459,オリーブオイル 96,食品・飲料,Premium,19130,447,オリーブオイル 96の詳細説明です。高品質でおすすめの商品です。,2023-08-26
3460,パスタセット 96,食品・飲料,Fresh,6214,674,パスタセット 96の詳細説明です。高品質でおすすめの商品です。,2023-03-14
3461,有機コーヒー豆 97,食品・飲料,Healthy,42757,887,有機コーヒー豆 97の詳細説明です。高品質でおすすめの商品です。,2023-10-11
3462,緑茶パック 97,食品・飲料,Premium,1556,762,緑茶パック 97の詳細説明です。高品質でおすすめの商品です。,2023-03-31
3463,チョコレート詰め合わせ 97,食品・飲料,Natural,17247,902,チョコレート詰め合わせ 97の詳細説明です。高品質でおすすめの商品です。,2023-03-19
3464,スナック菓子 97,食品・飲料,Healthy,7491,248,スナック菓子 97の詳細説明です。高品質でおすすめの商品です。,2023-05-02
3465,調味料セット 97,食品・飲料,Premium,5386,562,調味料セット 97の詳細説明です。高品質でおすすめの商品です。,2023-07-25
3466,ドライフルーツ 97,食品・飲料,Premium,33924,117,ドライフルーツ 97の詳細説明です。高品質でおすすめの商品です。,2023-04-08
3467,ナッツミックス 97,食品・飲料,Premium,38832,478,ナッツミックス 97の詳細説明です。高品質でおすすめの商品です。,2023-12-24
3468,ハチミツ 97,食品・飲料,Fresh,9752,628,ハチミツ 97の詳細説明です。高品質でおすすめの商品です。,2023-05-09
3469,オリーブオイル 97,食品・飲料,Healthy,46946,952,オリーブオイル 97の詳細説明です。高品質でおすすめの商品です。,2023-08-19
3470,パスタセット 97,食品・飲料,Healthy,45479,86,パスタセット 97の詳細説明です。高品質でおすすめの商品です。,2023-06-20
3471,有機コーヒー豆 98,食品・飲料,Organic,25420,127,有機コーヒー豆 98の詳細説明です。高品質でおすすめの商品です。,2023-11-28
3472,緑茶パック 98,食品・飲料,Healthy,47405,287,緑茶パック 98の詳細説明です。高品質でおすすめの商品です。,2023-11-13
3473,チョコレート詰め合わせ 98,食品・飲料,Premium,28891,54,チョコレート詰め合わせ 98の詳細説明です。高品質でおすすめの商品です。,2023-03-08
3474,スナック菓子 98,食品・飲料,Fresh,18486,481,スナック菓子 98の詳細説明です。高品質でおすすめの商品です。,2023-08-10
3475,調味料セット 98,食品・飲料,Organic,47557,909,調味料セット 98の詳細説明です。高品質でおすすめの商品です。,2023-03-14
3476,ドライフルーツ 98,食品・飲料,Natural,20254,339,ドライフルーツ 98の詳細説明です。高品質でおすすめの商品です。,2023-09-28
3477,ナッツミックス 98,食品・飲料,Organic,12526,442,ナッツミックス 98の詳細説明です。高品質でおすすめの商品です。,2023-06-08
3478,ハチミツ 98,食品・飲料,Natural,40848,780,ハチミツ 98の詳細説明です。高品質でおすすめの商品です。,2023-02-28
3479,オリーブオイル 98,食品・飲料,Fresh,21699,200,オリーブオイル 98の詳細説明です。高品質でおすすめの商品です。,2023-08-27
3480,パスタセット 98,食品・飲料,Healthy,9371,82,パスタセット 98の詳細説明です。高品質でおすすめの商品です。,2023-10-05
3481,有機コーヒー豆 99,食品・飲料,Premium,1333,889,有機コーヒー豆 99の詳細説明です。高品質でおすすめの商品です。,2023-10-18
3482,緑茶パック 99,食品・飲料,Organic,43835,705,緑茶パック 99の詳細説明です。高品質でおすすめの商品です。,2023-06-03
3483,チョコレート詰め合わせ 99,食品・飲料,Premium,30528,539,チョコレート詰め合わせ 99の詳細説明です。高品質でおすすめの商品です。,2023-07-20
3484,スナック菓子 99,食品・飲料,Organic,4507,262,スナック菓子 99の詳細説明です。高品質でおすすめの商品です。,2023-01-12
3485,調味料セット 99,食品・飲料,Premium,24963,193,調味料セット 99の詳細説明です。高品質でおすすめの商品です。,2023-08-19
3486,ドライフルーツ 99,食品・飲料,Natural,33991,872,ドライフルーツ 99の詳細説明です。高品質でおすすめの商品です。,2023-07-31
3487,ナッツミックス 99,食品・飲料,Organic,41803,440,ナッツミックス 99の詳細説明です。高品質でおすすめの商品です。,2023-04-27
3488,ハチミツ 99,食品・飲料,Natural,4701,847,ハチミツ 99の詳細説明です。高品質でおすすめの商品です。,2023-05-26
3489,オリーブオイル 99,食品・飲料,Fresh,27989,695,オリーブオイル 99の詳細説明です。高品質でおすすめの商品です。,2023-01-10
3490,パスタセット 99,食品・飲料,Fresh,27552,387,パスタセット 99の詳細説明です。高品質でおすすめの商品です。,2023-08-25
3491,有機コーヒー豆 100,食品・飲料,Fresh,24865,342,有機コーヒー豆 100の詳細説明です。高品質でおすすめの商品です。,2023-03-05
3492,緑茶パック 100,食品・飲料,Organic,31672,996,緑茶パック 100の詳細説明です。高品質でおすすめの商品です。,2023-04-25
3493,チョコレート詰め合わせ 100,食品・飲料,Premium,25887,722,チョコレート詰め合わせ 100の詳細説明です。高品質でおすすめの商品です。,2023-11-15
3494,スナック菓子 100,食品・飲料,Premium,23548,103,スナック菓子 100の詳細説明です。高品質でおすすめの商品です。,2023-04-01
3495,調味料セット 100,食品・飲料,Fresh,23470,708,調味料セット 100の詳細説明です。高品質でおすすめの商品です。,2023-05-01
3496,ドライフルーツ 100,食品・飲料,Organic,2820,561,ドライフルーツ 100の詳細説明です。高品質でおすすめの商品です。,2024-01-01
3497,ナッツミックス 100,食品・飲料,Fresh,23963,456,ナッツミックス 100の詳細説明です。高品質でおすすめの商品です。,2023-01-14
3498,ハチミツ 100,食品・飲料,Organic,41158,779,ハチミツ 100の詳細説明です。高品質でおすすめの商品です。,2023-02-24
3499,オリーブオイル 100,食品・飲料,Natural,27424,940,オリーブオイル 100の詳細説明です。高品質でおすすめの商品です。,2023-03-31
3500,パスタセット 100,食品・飲料,Natural,34554,336,パスタセット 100の詳細説明です。高品質でおすすめの商品です。,2023-01-12
3501,有機コーヒー豆 101,食品・飲料,Healthy,17436,569,有機コーヒー豆 101の詳細説明です。高品質でおすすめの商品です。,2023-01-04
3502,緑茶パック 101,食品・飲料,Healthy,40888,653,緑茶パック 101の詳細説明です。高品質でおすすめの商品です。,2023-05-21
3503,チョコレート詰め合わせ 101,食品・飲料,Natural,48007,298,チョコレート詰め合わせ 101の詳細説明です。高品質でおすすめの商品です。,2023-06-05
3504,スナック菓子 101,食品・飲料,Natural,37193,924,スナック菓子 101の詳細説明です。高品質でおすすめの商品です。,2023-01-31
3505,調味料セット 101,食品・飲料,Organic,23750,159,調味料セット 101の詳細説明です。高品質でおすすめの商品です。,2023-02-13
3506,ドライフルーツ 101,食品・飲料,Organic,34155,369,ドライフルーツ 101の詳細説明です。高品質でおすすめの商品です。,2023-04-14
3507,ナッツミックス 101,食品・飲料,Organic,5527,265,ナッツミックス 101の詳細説明です。高品質でおすすめの商品です。,2023-07-31
3508,ハチミツ 101,食品・飲料,Premium,1591,312,ハチミツ 101の詳細説明です。高品質でおすすめの商品です。,2023-12-17
3509,オリーブオイル 101,食品・飲料,Premium,23128,338,オリーブオイル 101の詳細説明です。高品質でおすすめの商品です。,2023-05-27
3510,パスタセット 101,食品・飲料,Fresh,49457,571,パスタセット 101の詳細説明です。高品質でおすすめの商品です。,2023-03-16
3511,有機コーヒー豆 102,食品・飲料,Natural,33714,400,有機コーヒー豆 102の詳細説明です。高品質でおすすめの商品です。,2023-07-29
3512,緑茶パック 102,食品・飲料,Healthy,8414,931,緑茶パック 102の詳細説明です。高品質でおすすめの商品です。,2023-08-07
3513,チョコレート詰め合わせ 102,食品・飲料,Organic,32324,565,チョコレート詰め合わせ 102の詳細説明です。高品質でおすすめの商品です。,2023-02-23
3514,スナック菓子 102,食品・飲料,Fresh,24618,909,スナック菓子 102の詳細説明です。高品質でおすすめの商品です。,2023-11-27
3515,調味料セット 102,食品・飲料,Natural,3619,636,調味料セット 102の詳細説明です。高品質でおすすめの商品です。,2023-05-28
3516,ドライフルーツ 102,食品・飲料,Premium,28520,453,ドライフルーツ 102の詳細説明です。高品質でおすすめの商品です。,2023-06-13
3517,ナッツミックス 102,食品・飲料,Healthy,36075,848,ナッツミックス 102の詳細説明です。高品質でおすすめの商品です。,2023-10-21
3518,ハチミツ 102,食品・飲料,Premium,16925,894,ハチミツ 102の詳細説明です。高品質でおすすめの商品です。,2023-12-03
3519,オリーブオイル 102,食品・飲料,Natural,43470,566,オリーブオイル 102の詳細説明です。高品質でおすすめの商品です。,2023-11-29
3520,パスタセット 102,食品・飲料,Fresh,17626,49,パスタセット 102の詳細説明です。高品質でおすすめの商品です。,2023-10-23
3521,有機コーヒー豆 103,食品・飲料,Organic,20514,83,有機コーヒー豆 103の詳細説明です。高品質でおすすめの商品です。,2023-06-07
3522,緑茶パック 103,食品・飲料,Organic,15398,157,緑茶パック 103の詳細説明です。高品質でおすすめの商品です。,2023-10-25
3523,チョコレート詰め合わせ 103,食品・飲料,Healthy,13331,956,チョコレート詰め合わせ 103の詳細説明です。高品質でおすすめの商品です。,2023-03-22
3524,スナック菓子 103,食品・飲料,Natural,45975,234,スナック菓子 103の詳細説明です。高品質でおすすめの商品です。,2023-04-19
3525,調味料セット 103,食品・飲料,Healthy,16809,431,調味料セット 103の詳細説明です。高品質でおすすめの商品です。,2023-04-09
3526,ドライフルーツ 103,食品・飲料,Premium,5491,336,ドライフルーツ 103の詳細説明です。高品質でおすすめの商品です。,2023-05-20
3527,ナッツミックス 103,食品・飲料,Natural,32854,412,ナッツミックス 103の詳細説明です。高品質でおすすめの商品です。,2023-03-26
3528,ハチミツ 103,食品・飲料,Natural,3235,669,ハチミツ 103の詳細説明です。高品質でおすすめの商品です。,2023-08-25
3529,オリーブオイル 103,食品・飲料,Fresh,29396,762,オリーブオイル 103の詳細説明です。高品質でおすすめの商品です。,2023-05-10
3530,パスタセット 103,食品・飲料,Fresh,11044,142,パスタセット 103の詳細説明です。高品質でおすすめの商品です。,2023-06-13
3531,有機コーヒー豆 104,食品・飲料,Organic,48665,952,有機コーヒー豆 104の詳細説明です。高品質でおすすめの商品です。,2023-10-14
3532,緑茶パック 104,食品・飲料,Organic,6214,778,緑茶パック 104の詳細説明です。高品質でおすすめの商品です。,2023-12-09
3533,チョコレート詰め合わせ 104,食品・飲料,Healthy,38638,640,チョコレート詰め合わせ 104の詳細説明です。高品質でおすすめの商品です。,2023-05-20
3534,スナック菓子 104,食品・飲料,Organic,48050,827,スナック菓子 104の詳細説明です。高品質でおすすめの商品です。,2023-11-19
3535,調味料セット 104,食品・飲料,Fresh,14138,974,調味料セット 104の詳細説明です。高品質でおすすめの商品です。,2023-02-18
3536,ドライフルーツ 104,食品・飲料,Healthy,40288,593,ドライフルーツ 104の詳細説明です。高品質でおすすめの商品です。,2023-02-27
3537,ナッツミックス 104,食品・飲料,Organic,16852,469,ナッツミックス 104の詳細説明です。高品質でおすすめの商品です。,2023-03-21
3538,ハチミツ 104,食品・飲料,Organic,36667,467,ハチミツ 104の詳細説明です。高品質でおすすめの商品です。,2023-03-08
3539,オリーブオイル 104,食品・飲料,Organic,32984,791,オリーブオイル 104の詳細説明です。高品質でおすすめの商品です。,2023-12-28
3540,パスタセット 104,食品・飲料,Healthy,29329,9,パスタセット 104の詳細説明です。高品質でおすすめの商品です。,2023-06-02
3541,有機コーヒー豆 105,食品・飲料,Healthy,33880,6,有機コーヒー豆 105の詳細説明です。高品質でおすすめの商品です。,2023-08-02
3542,緑茶パック 105,食品・飲料,Healthy,1323,409,緑茶パック 105の詳細説明です。高品質でおすすめの商品です。,2023-05-04
3543,チョコレート詰め合わせ 105,食品・飲料,Healthy,37391,276,チョコレート詰め合わせ 105の詳細説明です。高品質でおすすめの商品です。,2023-07-11
3544,スナック菓子 105,食品・飲料,Fresh,36726,488,スナック菓子 105の詳細説明です。高品質でおすすめの商品です。,2023-10-06
3545,調味料セット 105,食品・飲料,Natural,45788,858,調味料セット 105の詳細説明です。高品質でおすすめの商品です。,2023-10-19
3546,ドライフルーツ 105,食品・飲料,Premium,35276,379,ドライフルーツ 105の詳細説明です。高品質でおすすめの商品です。,2023-11-27
3547,ナッツミックス 105,食品・飲料,Fresh,40684,367,ナッツミックス 105の詳細説明です。高品質でおすすめの商品です。,2023-11-20
3548,ハチミツ 105,食品・飲料,Organic,33726,520,ハチミツ 105の詳細説明です。高品質でおすすめの商品です。,2023-10-30
3549,オリーブオイル 105,食品・飲料,Organic,27578,244,オリーブオイル 105の詳細説明です。高品質でおすすめの商品です。,2023-08-31
3550,パスタセット 105,食品・飲料,Natural,2434,926,パスタセット 105の詳細説明です。高品質でおすすめの商品です。,2023-08-06
3551,有機コーヒー豆 106,食品・飲料,Natural,6088,758,有機コーヒー豆 106の詳細説明です。高品質でおすすめの商品です。,2023-07-03
3552,緑茶パック 106,食品・飲料,Natural,23362,607,緑茶パック 106の詳細説明です。高品質でおすすめの商品です。,2023-05-17
3553,チョコレート詰め合わせ 106,食品・飲料,Healthy,38955,174,チョコレート詰め合わせ 106の詳細説明です。高品質でおすすめの商品です。,2023-04-18
3554,スナック菓子 106,食品・飲料,Natural,13597,800,スナック菓子 106の詳細説明です。高品質でおすすめの商品です。,2023-09-06
3555,調味料セット 106,食品・飲料,Healthy,32899,35,調味料セット 106の詳細説明です。高品質でおすすめの商品です。,2023-11-27
3556,ドライフルーツ 106,食品・飲料,Premium,39708,873,ドライフルーツ 106の詳細説明です。高品質でおすすめの商品です。,2023-03-17
3557,ナッツミックス 106,食品・飲料,Healthy,7361,358,ナッツミックス 106の詳細説明です。高品質でおすすめの商品です。,2023-05-26
3558,ハチミツ 106,食品・飲料,Premium,519,463,ハチミツ 106の詳細説明です。高品質でおすすめの商品です。,2023-10-23
3559,オリーブオイル 106,食品・飲料,Fresh,9322,925,オリーブオイル 106の詳細説明です。高品質でおすすめの商品です。,2023-08-12
3560,パスタセット 106,食品・飲料,Organic,30459,670,パスタセット 106の詳細説明です。高品質でおすすめの商品です。,2023-02-16
3561,有機コーヒー豆 107,食品・飲料,Natural,27593,537,有機コーヒー豆 107の詳細説明です。高品質でおすすめの商品です。,2023-12-05
3562,緑茶パック 107,食品・飲料,Fresh,38051,802,緑茶パック 107の詳細説明です。高品質でおすすめの商品です。,2023-08-27
3563,チョコレート詰め合わせ 107,食品・飲料,Premium,38732,171,チョコレート詰め合わせ 107の詳細説明です。高品質でおすすめの商品です。,2023-06-21
3564,スナック菓子 107,食品・飲料,Fresh,10976,322,スナック菓子 107の詳細説明です。高品質でおすすめの商品です。,2023-12-17
3565,調味料セット 107,食品・飲料,Premium,2667,587,調味料セット 107の詳細説明です。高品質でおすすめの商品です。,2023-02-06
3566,ドライフルーツ 107,食品・飲料,Premium,28162,851,ドライフルーツ 107の詳細説明です。高品質でおすすめの商品です。,2023-04-27
3567,ナッツミックス 107,食品・飲料,Organic,39995,282,ナッツミックス 107の詳細説明です。高品質でおすすめの商品です。,2023-07-23
3568,ハチミツ 107,食品・飲料,Premium,2723,820,ハチミツ 107の詳細説明です。高品質でおすすめの商品です。,2023-11-26
3569,オリーブオイル 107,食品・飲料,Organic,8352,521,オリーブオイル 107の詳細説明です。高品質でおすすめの商品です。,2023-11-01
3570,パスタセット 107,食品・飲料,Fresh,32823,166,パスタセット 107の詳細説明です。高品質でおすすめの商品です。,2023-09-27
3571,有機コーヒー豆 108,食品・飲料,Organic,46034,669,有機コーヒー豆 108の詳細説明です。高品質でおすすめの商品です。,2023-05-26
3572,緑茶パック 108,食品・飲料,Natural,3124,517,緑茶パック 108の詳細説明です。高品質でおすすめの商品です。,2023-05-24
3573,チョコレート詰め合わせ 108,食品・飲料,Premium,33963,482,チョコレート詰め合わせ 108の詳細説明です。高品質でおすすめの商品です。,2023-04-28
3574,スナック菓子 108,食品・飲料,Fresh,5126,901,スナック菓子 108の詳細説明です。高品質でおすすめの商品です。,2023-05-26
3575,調味料セット 108,食品・飲料,Healthy,40258,229,調味料セット 108の詳細説明です。高品質でおすすめの商品です。,2023-02-28
3576,ドライフルーツ 108,食品・飲料,Natural,46051,253,ドライフルーツ 108の詳細説明です。高品質でおすすめの商品です。,2023-05-08
3577,ナッツミックス 108,食品・飲料,Natural,5887,644,ナッツミックス 108の詳細説明です。高品質でおすすめの商品です。,2023-08-07
3578,ハチミツ 108,食品・飲料,Natural,4049,476,ハチミツ 108の詳細説明です。高品質でおすすめの商品です。,2023-08-17
3579,オリーブオイル 108,食品・飲料,Natural,20535,245,オリーブオイル 108の詳細説明です。高品質でおすすめの商品です。,2023-06-23
3580,パスタセット 108,食品・飲料,Natural,1349,642,パスタセット 108の詳細説明です。高品質でおすすめの商品です。,2023-10-22
3581,有機コーヒー豆 109,食品・飲料,Natural,39524,14,有機コーヒー豆 109の詳細説明です。高品質でおすすめの商品です。,2023-03-02
3582,緑茶パック 109,食品・飲料,Organic,13657,530,緑茶パック 109の詳細説明です。高品質でおすすめの商品です。,2023-01-07
3583,チョコレート詰め合わせ 109,食品・飲料,Fresh,31149,87,チョコレート詰め合わせ 109の詳細説明です。高品質でおすすめの商品です。,2023-10-02
3584,スナック菓子 109,食品・飲料,Fresh,5390,518,スナック菓子 109の詳細説明です。高品質でおすすめの商品です。,2023-11-09
3585,調味料セット 109,食品・飲料,Natural,7831,809,調味料セット 109の詳細説明です。高品質でおすすめの商品です。,2023-10-11
3586,ドライフルーツ 109,食品・飲料,Premium,32947,903,ドライフルーツ 109の詳細説明です。高品質でおすすめの商品です。,2023-04-20
3587,ナッツミックス 109,食品・飲料,Premium,3828,664,ナッツミックス 109の詳細説明です。高品質でおすすめの商品です。,2023-12-16
3588,ハチミツ 109,食品・飲料,Healthy,16941,935,ハチミツ 109の詳細説明です。高品質でおすすめの商品です。,2023-04-25
3589,オリーブオイル 109,食品・飲料,Premium,24663,622,オリーブオイル 109の詳細説明です。高品質でおすすめの商品です。,2023-11-19
3590,パスタセット 109,食品・飲料,Organic,4475,808,パスタセット 109の詳細説明です。高品質でおすすめの商品です。,2023-04-11
3591,有機コーヒー豆 110,食品・飲料,Healthy,13956,440,有機コーヒー豆 110の詳細説明です。高品質でおすすめの商品です。,2023-01-13
3592,緑茶パック 110,食品・飲料,Fresh,41133,282,緑茶パック 110の詳細説明です。高品質でおすすめの商品です。,2023-01-06
3593,チョコレート詰め合わせ 110,食品・飲料,Natural,22397,571,チョコレート詰め合わせ 110の詳細説明です。高品質でおすすめの商品です。,2023-08-18
3594,スナック菓子 110,食品・飲料,Premium,13908,585,スナック菓子 110の詳細説明です。高品質でおすすめの商品です。,2023-11-28
3595,調味料セット 110,食品・飲料,Fresh,47749,531,調味料セット 110の詳細説明です。高品質でおすすめの商品です。,2023-06-18
3596,ドライフルーツ 110,食品・飲料,Organic,45355,3,ドライフルーツ 110の詳細説明です。高品質でおすすめの商品です。,2023-07-02
3597,ナッツミックス 110,食品・飲料,Natural,42243,451,ナッツミックス 110の詳細説明です。高品質でおすすめの商品です。,2023-11-02
3598,ハチミツ 110,食品・飲料,Premium,2957,29,ハチミツ 110の詳細説明です。高品質でおすすめの商品です。,2023-10-08
3599,オリーブオイル 110,食品・飲料,Healthy,9600,165,オリーブオイル 110の詳細説明です。高品質でおすすめの商品です。,2023-08-01
3600,パスタセット 110,食品・飲料,Premium,42305,319,パスタセット 110の詳細説明です。高品質でおすすめの商品です。,2023-12-13
3601,有機コーヒー豆 111,食品・飲料,Fresh,41197,927,有機コーヒー豆 111の詳細説明です。高品質でおすすめの商品です。,2023-10-01
3602,緑茶パック 111,食品・飲料,Organic,23287,161,緑茶パック 111の詳細説明です。高品質でおすすめの商品です。,2023-09-09
3603,チョコレート詰め合わせ 111,食品・飲料,Fresh,2404,943,チョコレート詰め合わせ 111の詳細説明です。高品質でおすすめの商品です。,2023-03-07
3604,スナック菓子 111,食品・飲料,Fresh,49786,114,スナック菓子 111の詳細説明です。高品質でおすすめの商品です。,2023-03-11
3605,調味料セット 111,食品・飲料,Organic,43422,177,調味料セット 111の詳細説明です。高品質でおすすめの商品です。,2023-03-21
3606,ドライフルーツ 111,食品・飲料,Natural,41573,192,ドライフルーツ 111の詳細説明です。高品質でおすすめの商品です。,2023-08-09
3607,ナッツミックス 111,食品・飲料,Organic,40071,221,ナッツミックス 111の詳細説明です。高品質でおすすめの商品です。,2023-07-13
3608,ハチミツ 111,食品・飲料,Organic,37065,928,ハチミツ 111の詳細説明です。高品質でおすすめの商品です。,2023-11-29
3609,オリーブオイル 111,食品・飲料,Premium,1856,814,オリーブオイル 111の詳細説明です。高品質でおすすめの商品です。,2023-12-20
3610,パスタセット 111,食品・飲料,Organic,49144,913,パスタセット 111の詳細説明です。高品質でおすすめの商品です。,2023-11-06
3611,有機コーヒー豆 112,食品・飲料,Natural,44469,202,有機コーヒー豆 112の詳細説明です。高品質でおすすめの商品です。,2023-01-30
3612,緑茶パック 112,食品・飲料,Organic,41475,357,緑茶パック 112の詳細説明です。高品質でおすすめの商品です。,2023-12-31
3613,チョコレート詰め合わせ 112,食品・飲料,Premium,6822,705,チョコレート詰め合わせ 112の詳細説明です。高品質でおすすめの商品です。,2023-03-18
3614,スナック菓子 112,食品・飲料,Premium,46969,702,スナック菓子 112の詳細説明です。高品質でおすすめの商品です。,2023-03-01
3615,調味料セット 112,食品・飲料,Premium,41758,200,調味料セット 112の詳細説明です。高品質でおすすめの商品です。,2023-01-24
3616,ドライフルーツ 112,食品・飲料,Premium,19491,149,ドライフルーツ 112の詳細説明です。高品質でおすすめの商品です。,2023-10-20
3617,ナッツミックス 112,食品・飲料,Healthy,44199,435,ナッツミックス 112の詳細説明です。高品質でおすすめの商品です。,2023-08-07
3618,ハチミツ 112,食品・飲料,Premium,46438,970,ハチミツ 112の詳細説明です。高品質でおすすめの商品です。,2023-11-05
3619,オリーブオイル 112,食品・飲料,Natural,23517,729,オリーブオイル 112の詳細説明です。高品質でおすすめの商品です。,2023-03-31
3620,パスタセット 112,食品・飲料,Premium,10998,269,パスタセット 112の詳細説明です。高品質でおすすめの商品です。,2023-08-24
3621,有機コーヒー豆 113,食品・飲料,Natural,18085,214,有機コーヒー豆 113の詳細説明です。高品質でおすすめの商品です。,2023-04-14
3622,緑茶パック 113,食品・飲料,Organic,36368,989,緑茶パック 113の詳細説明です。高品質でおすすめの商品です。,2023-05-09
3623,チョコレート詰め合わせ 113,食品・飲料,Fresh,17072,327,チョコレート詰め合わせ 113の詳細説明です。高品質でおすすめの商品です。,2023-07-15
3624,スナック菓子 113,食品・飲料,Organic,34261,43,スナック菓子 113の詳細説明です。高品質でおすすめの商品です。,2023-03-06
3625,調味料セット 113,食品・飲料,Premium,39652,533,調味料セット 113の詳細説明です。高品質でおすすめの商品です。,2023-03-27
3626,ドライフルーツ 113,食品・飲料,Fresh,42149,444,ドライフルーツ 113の詳細説明です。高品質でおすすめの商品です。,2023-03-24
3627,ナッツミックス 113,食品・飲料,Organic,4740,732,ナッツミックス 113の詳細説明です。高品質でおすすめの商品です。,2023-05-09
3628,ハチミツ 113,食品・飲料,Natural,6280,211,ハチミツ 113の詳細説明です。高品質でおすすめの商品です。,2023-09-24
3629,オリーブオイル 113,食品・飲料,Organic,14750,371,オリーブオイル 113の詳細説明です。高品質でおすすめの商品です。,2023-07-07
3630,パスタセット 113,食品・飲料,Healthy,3965,215,パスタセット 113の詳細説明です。高品質でおすすめの商品です。,2023-01-04
3631,有機コーヒー豆 114,食品・飲料,Natural,44901,415,有機コーヒー豆 114の詳細説明です。高品質でおすすめの商品です。,2023-02-19
3632,緑茶パック 114,食品・飲料,Fresh,34591,847,緑茶パック 114の詳細説明です。高品質でおすすめの商品です。,2023-01-14
3633,チョコレート詰め合わせ 114,食品・飲料,Organic,23771,161,チョコレート詰め合わせ 114の詳細説明です。高品質でおすすめの商品です。,2023-02-07
3634,スナック菓子 114,食品・飲料,Healthy,4973,279,スナック菓子 114の詳細説明です。高品質でおすすめの商品です。,2023-02-15
3635,調味料セット 114,食品・飲料,Healthy,48482,114,調味料セット 114の詳細説明です。高品質でおすすめの商品です。,2023-02-17
3636,ドライフルーツ 114,食品・飲料,Organic,11257,332,ドライフルーツ 114の詳細説明です。高品質でおすすめの商品です。,2023-10-14
3637,ナッツミックス 114,食品・飲料,Premium,30949,988,ナッツミックス 114の詳細説明です。高品質でおすすめの商品です。,2023-09-01
3638,ハチミツ 114,食品・飲料,Fresh,21041,836,ハチミツ 114の詳細説明です。高品質でおすすめの商品です。,2023-05-18
3639,オリーブオイル 114,食品・飲料,Natural,20518,844,オリーブオイル 114の詳細説明です。高品質でおすすめの商品です。,2023-09-15
3640,パスタセット 114,食品・飲料,Healthy,19697,610,パスタセット 114の詳細説明です。高品質でおすすめの商品です。,2023-01-31
3641,有機コーヒー豆 115,食品・飲料,Premium,35510,65,有機コーヒー豆 115の詳細説明です。高品質でおすすめの商品です。,2023-03-08
3642,緑茶パック 115,食品・飲料,Premium,19905,856,緑茶パック 115の詳細説明です。高品質でおすすめの商品です。,2023-07-24
3643,チョコレート詰め合わせ 115,食品・飲料,Premium,22227,567,チョコレート詰め合わせ 115の詳細説明です。高品質でおすすめの商品です。,2023-04-04
3644,スナック菓子 115,食品・飲料,Healthy,24082,243,スナック菓子 115の詳細説明です。高品質でおすすめの商品です。,2023-07-28
3645,調味料セット 115,食品・飲料,Natural,9351,563,調味料セット 115の詳細説明です。高品質でおすすめの商品です。,2023-11-21
3646,ドライフルーツ 115,食品・飲料,Healthy,42853,95,ドライフルーツ 115の詳細説明です。高品質でおすすめの商品です。,2023-01-19
3647,ナッツミックス 115,食品・飲料,Healthy,5449,385,ナッツミックス 115の詳細説明です。高品質でおすすめの商品です。,2023-08-09
3648,ハチミツ 115,食品・飲料,Fresh,10412,445,ハチミツ 115の詳細説明です。高品質でおすすめの商品です。,2023-11-26
3649,オリーブオイル 115,食品・飲料,Healthy,15664,451,オリーブオイル 115の詳細説明です。高品質でおすすめの商品です。,2023-10-17
3650,パスタセット 115,食品・飲料,Organic,41467,309,パスタセット 115の詳細説明です。高品質でおすすめの商品です。,2023-12-03
3651,有機コーヒー豆 116,食品・飲料,Premium,47651,785,有機コーヒー豆 116の詳細説明です。高品質でおすすめの商品です。,2023-11-13
3652,緑茶パック 116,食品・飲料,Organic,37481,319,緑茶パック 116の詳細説明です。高品質でおすすめの商品です。,2023-02-28
3653,チョコレート詰め合わせ 116,食品・飲料,Fresh,47429,61,チョコレート詰め合わせ 116の詳細説明です。高品質でおすすめの商品です。,2023-07-19
3654,スナック菓子 116,食品・飲料,Natural,16733,788,スナック菓子 116の詳細説明です。高品質でおすすめの商品です。,2023-07-10
3655,調味料セット 116,食品・飲料,Organic,23530,524,調味料セット 116の詳細説明です。高品質でおすすめの商品です。,2023-10-06
3656,ドライフルーツ 116,食品・飲料,Healthy,7756,641,ドライフルーツ 116の詳細説明です。高品質でおすすめの商品です。,2023-07-23
3657,ナッツミックス 116,食品・飲料,Organic,34815,879,ナッツミックス 116の詳細説明です。高品質でおすすめの商品です。,2023-09-06
3658,ハチミツ 116,食品・飲料,Healthy,10156,755,ハチミツ 116の詳細説明です。高品質でおすすめの商品です。,2023-04-13
3659,オリーブオイル 116,食品・飲料,Natural,15632,135,オリーブオイル 116の詳細説明です。高品質でおすすめの商品です。,2023-11-10
3660,パスタセット 116,食品・飲料,Healthy,27873,112,パスタセット 116の詳細説明です。高品質でおすすめの商品です。,2023-04-15
3661,有機コーヒー豆 117,食品・飲料,Fresh,28715,978,有機コーヒー豆 117の詳細説明です。高品質でおすすめの商品です。,2023-08-20
3662,緑茶パック 117,食品・飲料,Natural,21778,422,緑茶パック 117の詳細説明です。高品質でおすすめの商品です。,2023-05-20
3663,チョコレート詰め合わせ 117,食品・飲料,Premium,36112,383,チョコレート詰め合わせ 117の詳細説明です。高品質でおすすめの商品です。,2023-03-27
3664,スナック菓子 117,食品・飲料,Fresh,20355,860,スナック菓子 117の詳細説明です。高品質でおすすめの商品です。,2023-09-22
3665,調味料セット 117,食品・飲料,Premium,20887,976,調味料セット 117の詳細説明です。高品質でおすすめの商品です。,2023-12-05
3666,ドライフルーツ 117,食品・飲料,Fresh,13398,962,ドライフルーツ 117の詳細説明です。高品質でおすすめの商品です。,2023-08-31
3667,ナッツミックス 117,食品・飲料,Natural,24040,761,ナッツミックス 117の詳細説明です。高品質でおすすめの商品です。,2023-07-21
3668,ハチミツ 117,食品・飲料,Premium,48414,882,ハチミツ 117の詳細説明です。高品質でおすすめの商品です。,2023-03-25
3669,オリーブオイル 117,食品・飲料,Fresh,37123,542,オリーブオイル 117の詳細説明です。高品質でおすすめの商品です。,2023-08-08
3670,パスタセット 117,食品・飲料,Premium,48285,626,パスタセット 117の詳細説明です。高品質でおすすめの商品です。,2023-10-07
3671,有機コーヒー豆 118,食品・飲料,Premium,15504,84,有機コーヒー豆 118の詳細説明です。高品質でおすすめの商品です。,2023-08-10
3672,緑茶パック 118,食品・飲料,Natural,28336,762,緑茶パック 118の詳細説明です。高品質でおすすめの商品です。,2023-04-23
3673,チョコレート詰め合わせ 118,食品・飲料,Organic,2722,811,チョコレート詰め合わせ 118の詳細説明です。高品質でおすすめの商品です。,2023-06-23
3674,スナック菓子 118,食品・飲料,Organic,1848,937,スナック菓子 118の詳細説明です。高品質でおすすめの商品です。,2023-10-08
3675,調味料セット 118,食品・飲料,Healthy,27066,267,調味料セット 118の詳細説明です。高品質でおすすめの商品です。,2023-11-24
3676,ドライフルーツ 118,食品・飲料,Natural,9050,854,ドライフルーツ 118の詳細説明です。高品質でおすすめの商品です。,2023-09-10
3677,ナッツミックス 118,食品・飲料,Premium,5673,166,ナッツミックス 118の詳細説明です。高品質でおすすめの商品です。,2023-06-24
3678,ハチミツ 118,食品・飲料,Premium,46301,543,ハチミツ 118の詳細説明です。高品質でおすすめの商品です。,2023-12-04
3679,オリーブオイル 118,食品・飲料,Natural,49729,232,オリーブオイル 118の詳細説明です。高品質でおすすめの商品です。,2023-05-27
3680,パスタセット 118,食品・飲料,Premium,13788,415,パスタセット 118の詳細説明です。高品質でおすすめの商品です。,2023-12-09
3681,有機コーヒー豆 119,食品・飲料,Healthy,20131,650,有機コーヒー豆 119の詳細説明です。高品質でおすすめの商品です。,2023-10-10
3682,緑茶パック 119,食品・飲料,Premium,14987,821,緑茶パック 119の詳細説明です。高品質でおすすめの商品です。,2023-10-28
3683,チョコレート詰め合わせ 119,食品・飲料,Fresh,34630,656,チョコレート詰め合わせ 119の詳細説明です。高品質でおすすめの商品です。,2023-01-21
3684,スナック菓子 119,食品・飲料,Natural,25238,177,スナック菓子 119の詳細説明です。高品質でおすすめの商品です。,2023-07-28
3685,調味料セット 119,食品・飲料,Natural,44998,79,調味料セット 119の詳細説明です。高品質でおすすめの商品です。,2023-04-14
3686,ドライフルーツ 119,食品・飲料,Premium,47165,534,ドライフルーツ 119の詳細説明です。高品質でおすすめの商品です。,2023-07-25
3687,ナッツミックス 119,食品・飲料,Healthy,16395,715,ナッツミックス 119の詳細説明です。高品質でおすすめの商品です。,2023-10-06
3688,ハチミツ 119,食品・飲料,Natural,21062,619,ハチミツ 119の詳細説明です。高品質でおすすめの商品です。,2023-11-24
3689,オリーブオイル 119,食品・飲料,Organic,18267,39,オリーブオイル 119の詳細説明です。高品質でおすすめの商品です。,2023-06-07
3690,パスタセット 119,食品・飲料,Healthy,3917,467,パスタセット 119の詳細説明です。高品質でおすすめの商品です。,2023-05-03
3691,有機コーヒー豆 120,食品・飲料,Healthy,33084,238,有機コーヒー豆 120の詳細説明です。高品質でおすすめの商品です。,2023-10-26
3692,緑茶パック 120,食品・飲料,Organic,45010,414,緑茶パック 120の詳細説明です。高品質でおすすめの商品です。,2023-05-30
3693,チョコレート詰め合わせ 120,食品・飲料,Fresh,32804,226,チョコレート詰め合わせ 120の詳細説明です。高品質でおすすめの商品です。,2023-07-25
3694,スナック菓子 120,食品・飲料,Organic,35849,963,スナック菓子 120の詳細説明です。高品質でおすすめの商品です。,2023-07-15
3695,調味料セット 120,食品・飲料,Natural,36089,612,調味料セット 120の詳細説明です。高品質でおすすめの商品です。,2023-02-21
3696,ドライフルーツ 120,食品・飲料,Organic,18152,216,ドライフルーツ 120の詳細説明です。高品質でおすすめの商品です。,2023-05-16
3697,ナッツミックス 120,食品・飲料,Natural,43029,370,ナッツミックス 120の詳細説明です。高品質でおすすめの商品です。,2023-08-30
3698,ハチミツ 120,食品・飲料,Healthy,30502,559,ハチミツ 120の詳細説明です。高品質でおすすめの商品です。,2023-06-26
3699,オリーブオイル 120,食品・飲料,Natural,10771,22,オリーブオイル 120の詳細説明です。高品質でおすすめの商品です。,2023-08-27
3700,パスタセット 120,食品・飲料,Healthy,5303,850,パスタセット 120の詳細説明です。高品質でおすすめの商品です。,2023-06-13
3701,有機コーヒー豆 121,食品・飲料,Fresh,15360,623,有機コーヒー豆 121の詳細説明です。高品質でおすすめの商品です。,2023-12-09
3702,緑茶パック 121,食品・飲料,Healthy,11338,848,緑茶パック 121の詳細説明です。高品質でおすすめの商品です。,2023-06-04
3703,チョコレート詰め合わせ 121,食品・飲料,Premium,48964,229,チョコレート詰め合わせ 121の詳細説明です。高品質でおすすめの商品です。,2023-05-20
3704,スナック菓子 121,食品・飲料,Healthy,15017,245,スナック菓子 121の詳細説明です。高品質でおすすめの商品です。,2023-08-15
3705,調味料セット 121,食品・飲料,Natural,34095,779,調味料セット 121の詳細説明です。高品質でおすすめの商品です。,2023-02-19
3706,ドライフルーツ 121,食品・飲料,Organic,2209,986,ドライフルーツ 121の詳細説明です。高品質でおすすめの商品です。,2023-10-06
3707,ナッツミックス 121,食品・飲料,Organic,9676,563,ナッツミックス 121の詳細説明です。高品質でおすすめの商品です。,2023-05-18
3708,ハチミツ 121,食品・飲料,Organic,25320,622,ハチミツ 121の詳細説明です。高品質でおすすめの商品です。,2023-07-12
3709,オリーブオイル 121,食品・飲料,Natural,42164,391,オリーブオイル 121の詳細説明です。高品質でおすすめの商品です。,2023-10-26
3710,パスタセット 121,食品・飲料,Natural,28829,650,パスタセット 121の詳細説明です。高品質でおすすめの商品です。,2023-11-10
3711,有機コーヒー豆 122,食品・飲料,Premium,43393,2,有機コーヒー豆 122の詳細説明です。高品質でおすすめの商品です。,2023-02-15
3712,緑茶パック 122,食品・飲料,Healthy,24645,324,緑茶パック 122の詳細説明です。高品質でおすすめの商品です。,2023-04-10
3713,チョコレート詰め合わせ 122,食品・飲料,Fresh,44463,487,チョコレート詰め合わせ 122の詳細説明です。高品質でおすすめの商品です。,2023-07-02
3714,スナック菓子 122,食品・飲料,Organic,42771,373,スナック菓子 122の詳細説明です。高品質でおすすめの商品です。,2023-11-01
3715,調味料セット 122,食品・飲料,Fresh,3301,538,調味料セット 122の詳細説明です。高品質でおすすめの商品です。,2023-02-28
3716,ドライフルーツ 122,食品・飲料,Healthy,9709,290,ドライフルーツ 122の詳細説明です。高品質でおすすめの商品です。,2023-08-22
3717,ナッツミックス 122,食品・飲料,Premium,40570,173,ナッツミックス 122の詳細説明です。高品質でおすすめの商品です。,2023-10-22
3718,ハチミツ 122,食品・飲料,Healthy,45571,937,ハチミツ 122の詳細説明です。高品質でおすすめの商品です。,2023-10-29
3719,オリーブオイル 122,食品・飲料,Natural,21418,945,オリーブオイル 122の詳細説明です。高品質でおすすめの商品です。,2023-03-12
3720,パスタセット 122,食品・飲料,Healthy,39099,133,パスタセット 122の詳細説明です。高品質でおすすめの商品です。,2023-06-20
3721,有機コーヒー豆 123,食品・飲料,Natural,34480,766,有機コーヒー豆 123の詳細説明です。高品質でおすすめの商品です。,2023-05-02
3722,緑茶パック 123,食品・飲料,Fresh,33825,786,緑茶パック 123の詳細説明です。高品質でおすすめの商品です。,2023-12-18
3723,チョコレート詰め合わせ 123,食品・飲料,Fresh,24018,92,チョコレート詰め合わせ 123の詳細説明です。高品質でおすすめの商品です。,2023-10-09
3724,スナック菓子 123,食品・飲料,Organic,6313,696,スナック菓子 123の詳細説明です。高品質でおすすめの商品です。,2023-01-17
3725,調味料セット 123,食品・飲料,Healthy,44126,176,調味料セット 123の詳細説明です。高品質でおすすめの商品です。,2023-12-26
3726,ドライフルーツ 123,食品・飲料,Natural,12275,125,ドライフルーツ 123の詳細説明です。高品質でおすすめの商品です。,2023-10-12
3727,ナッツミックス 123,食品・飲料,Organic,32661,221,ナッツミックス 123の詳細説明です。高品質でおすすめの商品です。,2023-05-02
3728,ハチミツ 123,食品・飲料,Healthy,26038,118,ハチミツ 123の詳細説明です。高品質でおすすめの商品です。,2023-10-28
3729,オリーブオイル 123,食品・飲料,Healthy,36756,185,オリーブオイル 123の詳細説明です。高品質でおすすめの商品です。,2023-11-28
3730,パスタセット 123,食品・飲料,Natural,47553,796,パスタセット 123の詳細説明です。高品質でおすすめの商品です。,2023-12-02
3731,有機コーヒー豆 124,食品・飲料,Organic,4834,967,有機コーヒー豆 124の詳細説明です。高品質でおすすめの商品です。,2023-06-13
3732,緑茶パック 124,食品・飲料,Natural,22997,786,緑茶パック 124の詳細説明です。高品質でおすすめの商品です。,2023-08-06
3733,チョコレート詰め合わせ 124,食品・飲料,Healthy,29010,839,チョコレート詰め合わせ 124の詳細説明です。高品質でおすすめの商品です。,2023-12-05
3734,スナック菓子 124,食品・飲料,Organic,34059,446,スナック菓子 124の詳細説明です。高品質でおすすめの商品です。,2023-06-25
3735,調味料セット 124,食品・飲料,Fresh,35586,731,調味料セット 124の詳細説明です。高品質でおすすめの商品です。,2023-08-11
3736,ドライフルーツ 124,食品・飲料,Organic,23956,944,ドライフルーツ 124の詳細説明です。高品質でおすすめの商品です。,2023-12-20
3737,ナッツミックス 124,食品・飲料,Fresh,1890,274,ナッツミックス 124の詳細説明です。高品質でおすすめの商品です。,2023-03-16
3738,ハチミツ 124,食品・飲料,Natural,17995,418,ハチミツ 124の詳細説明です。高品質でおすすめの商品です。,2023-03-01
3739,オリーブオイル 124,食品・飲料,Premium,10703,634,オリーブオイル 124の詳細説明です。高品質でおすすめの商品です。,2023-05-26
3740,パスタセット 124,食品・飲料,Fresh,11856,320,パスタセット 124の詳細説明です。高品質でおすすめの商品です。,2023-12-06
3741,有機コーヒー豆 125,食品・飲料,Organic,43466,775,有機コーヒー豆 125の詳細説明です。高品質でおすすめの商品です。,2023-10-09
3742,緑茶パック 125,食品・飲料,Healthy,8144,613,緑茶パック 125の詳細説明です。高品質でおすすめの商品です。,2023-10-28
3743,チョコレート詰め合わせ 125,食品・飲料,Fresh,37016,252,チョコレート詰め合わせ 125の詳細説明です。高品質でおすすめの商品です。,2023-07-02
3744,スナック菓子 125,食品・飲料,Premium,10162,487,スナック菓子 125の詳細説明です。高品質でおすすめの商品です。,2023-11-20
3745,調味料セット 125,食品・飲料,Natural,6094,406,調味料セット 125の詳細説明です。高品質でおすすめの商品です。,2023-02-14
3746,ドライフルーツ 125,食品・飲料,Fresh,7257,358,ドライフルーツ 125の詳細説明です。高品質でおすすめの商品です。,2023-01-02
3747,ナッツミックス 125,食品・飲料,Fresh,26789,953,ナッツミックス 125の詳細説明です。高品質でおすすめの商品です。,2023-03-28
3748,ハチミツ 125,食品・飲料,Premium,33303,67,ハチミツ 125の詳細説明です。高品質でおすすめの商品です。,2023-10-30
3749,オリーブオイル 125,食品・飲料,Fresh,23814,258,オリーブオイル 125の詳細説明です。高品質でおすすめの商品です。,2023-04-15
3750,パスタセット 125,食品・飲料,Fresh,7545,345,パスタセット 125の詳細説明です。高品質でおすすめの商品です。,2023-06-17
3751,コーヒーメーカー,ホーム・キッチン,HomeLife,49595,968,コーヒーメーカーの詳細説明です。高品質でおすすめの商品です。,2023-07-08
3752,調理器具セット,ホーム・キッチン,Quality,18823,639,調理器具セットの詳細説明です。高品質でおすすめの商品です。,2023-01-12
3753,食器セット,ホーム・キッチン,KitchenPro,39194,746,食器セットの詳細説明です。高品質でおすすめの商品です。,2023-12-09
3754,バス用品セット,ホーム・キッチン,Quality,34951,322,バス用品セットの詳細説明です。高品質でおすすめの商品です。,2023-07-25
3755,収納ボックス,ホーム・キッチン,Comfort,38725,734,収納ボックスの詳細説明です。高品質でおすすめの商品です。,2023-11-14
3756,ラグマット,ホーム・キッチン,HomeLife,3421,616,ラグマットの詳細説明です。高品質でおすすめの商品です。,2023-11-29
3757,カーテン,ホーム・キッチン,Comfort,25832,565,カーテンの詳細説明です。高品質でおすすめの商品です。,2023-07-06
3758,照明器具,ホーム・キッチン,Quality,27982,380,照明器具の詳細説明です。高品質でおすすめの商品です。,2023-01-13
3759,マットレス,ホーム・キッチン,HomeLife,40213,623,マットレスの詳細説明です。高品質でおすすめの商品です。,2023-02-13
3760,枕,ホーム・キッチン,Quality,6225,627,枕の詳細説明です。高品質でおすすめの商品です。,2023-10-26
3761,コーヒーメーカー 2,ホーム・キッチン,Quality,42199,306,コーヒーメーカー 2の詳細説明です。高品質でおすすめの商品です。,2023-05-23
3762,調理器具セット 2,ホーム・キッチン,Design,49119,737,調理器具セット 2の詳細説明です。高品質でおすすめの商品です。,2023-12-03
3763,食器セット 2,ホーム・キッチン,HomeLife,46803,210,食器セット 2の詳細説明です。高品質でおすすめの商品です。,2023-09-02
3764,バス用品セット 2,ホーム・キッチン,Design,43934,54,バス用品セット 2の詳細説明です。高品質でおすすめの商品です。,2023-08-15
3765,収納ボックス 2,ホーム・キッチン,Design,33408,196,収納ボックス 2の詳細説明です。高品質でおすすめの商品です。,2023-06-21
3766,ラグマット 2,ホーム・キッチン,HomeLife,46084,335,ラグマット 2の詳細説明です。高品質でおすすめの商品です。,2023-09-13
3767,カーテン 2,ホーム・キッチン,Design,37648,998,カーテン 2の詳細説明です。高品質でおすすめの商品です。,2023-03-20
3768,照明器具 2,ホーム・キッチン,Design,48501,133,照明器具 2の詳細説明です。高品質でおすすめの商品です。,2023-04-08
3769,マットレス 2,ホーム・キッチン,Quality,29588,211,マットレス 2の詳細説明です。高品質でおすすめの商品です。,2023-08-03
3770,枕 2,ホーム・キッチン,KitchenPro,26391,958,枕 2の詳細説明です。高品質でおすすめの商品です。,2023-02-06
3771,コーヒーメーカー 3,ホーム・キッチン,HomeLife,45388,212,コーヒーメーカー 3の詳細説明です。高品質でおすすめの商品です。,2023-08-22
3772,調理器具セット 3,ホーム・キッチン,HomeLife,26084,405,調理器具セット 3の詳細説明です。高品質でおすすめの商品です。,2023-10-31
3773,食器セット 3,ホーム・キッチン,HomeLife,19567,626,食器セット 3の詳細説明です。高品質でおすすめの商品です。,2023-03-19
3774,バス用品セット 3,ホーム・キッチン,KitchenPro,37735,594,バス用品セット 3の詳細説明です。高品質でおすすめの商品です。,2023-10-22
3775,収納ボックス 3,ホーム・キッチン,HomeLife,49914,476,収納ボックス 3の詳細説明です。高品質でおすすめの商品です。,2023-04-25
3776,ラグマット 3,ホーム・キッチン,Comfort,1557,814,ラグマット 3の詳細説明です。高品質でおすすめの商品です。,2023-04-26
3777,カーテン 3,ホーム・キッチン,Design,38038,262,カーテン 3の詳細説明です。高品質でおすすめの商品です。,2023-09-24
3778,照明器具 3,ホーム・キッチン,Quality,21812,942,照明器具 3の詳細説明です。高品質でおすすめの商品です。,2023-01-10
3779,マットレス 3,ホーム・キッチン,Quality,20726,37,マットレス 3の詳細説明です。高品質でおすすめの商品です。,2023-07-04
3780,枕 3,ホーム・キッチン,KitchenPro,39971,692,枕 3の詳細説明です。高品質でおすすめの商品です。,2023-02-04
3781,コーヒーメーカー 4,ホーム・キッチン,Design,45734,139,コーヒーメーカー 4の詳細説明です。高品質でおすすめの商品です。,2023-12-30
3782,調理器具セット 4,ホーム・キッチン,Design,21817,540,調理器具セット 4の詳細説明です。高品質でおすすめの商品です。,2023-06-06
3783,食器セット 4,ホーム・キッチン,Design,5973,323,食器セット 4の詳細説明です。高品質でおすすめの商品です。,2023-06-26
3784,バス用品セット 4,ホーム・キッチン,HomeLife,14297,444,バス用品セット 4の詳細説明です。高品質でおすすめの商品です。,2023-11-28
3785,収納ボックス 4,ホーム・キッチン,KitchenPro,17713,587,収納ボックス 4の詳細説明です。高品質でおすすめの商品です。,2023-01-11
3786,ラグマット 4,ホーム・キッチン,HomeLife,26280,567,ラグマット 4の詳細説明です。高品質でおすすめの商品です。,2023-12-30
3787,カーテン 4,ホーム・キッチン,HomeLife,11505,411,カーテン 4の詳細説明です。高品質でおすすめの商品です。,2023-11-06
3788,照明器具 4,ホーム・キッチン,HomeLife,34088,197,照明器具 4の詳細説明です。高品質でおすすめの商品です。,2023-09-15
3789,マットレス 4,ホーム・キッチン,HomeLife,31129,191,マットレス 4の詳細説明です。高品質でおすすめの商品です。,2023-06-26
3790,枕 4,ホーム・キッチン,KitchenPro,46563,570,枕 4の詳細説明です。高品質でおすすめの商品です。,2023-06-13
3791,コーヒーメーカー 5,ホーム・キッチン,Design,41219,781,コーヒーメーカー 5の詳細説明です。高品質でおすすめの商品です。,2023-07-31
3792,調理器具セット 5,ホーム・キッチン,Design,44167,105,調理器具セット 5の詳細説明です。高品質でおすすめの商品です。,2023-11-22
3793,食器セット 5,ホーム・キッチン,Design,26796,662,食器セット 5の詳細説明です。高品質でおすすめの商品です。,2023-10-26
3794,バス用品セット 5,ホーム・キッチン,HomeLife,38060,278,バス用品セット 5の詳細説明です。高品質でおすすめの商品です。,2023-10-28
3795,収納ボックス 5,ホーム・キッチン,KitchenPro,34133,567,収納ボックス 5の詳細説明です。高品質でおすすめの商品です。,2023-05-06
3796,ラグマット 5,ホーム・キッチン,KitchenPro,7202,223,ラグマット 5の詳細説明です。高品質でおすすめの商品です。,2023-11-30
3797,カーテン 5,ホーム・キッチン,KitchenPro,27334,567,カーテン 5の詳細説明です。高品質でおすすめの商品です。,2023-01-05
3798,照明器具 5,ホーム・キッチン,HomeLife,48764,38,照明器具 5の詳細説明です。高品質でおすすめの商品です。,2023-12-12
3799,マットレス 5,ホーム・キッチン,Comfort,21756,150,マットレス 5の詳細説明です。高品質でおすすめの商品です。,2023-03-05
3800,枕 5,ホーム・キッチン,Design,31709,662,枕 5の詳細説明です。高品質でおすすめの商品です。,2023-07-01
3801,コーヒーメーカー 6,ホーム・キッチン,HomeLife,25539,458,コーヒーメーカー 6の詳細説明です。高品質でおすすめの商品です。,2023-05-04
3802,調理器具セット 6,ホーム・キッチン,Comfort,1955,763,調理器具セット 6の詳細説明です。高品質でおすすめの商品です。,2023-12-05
3803,食器セット 6,ホーム・キッチン,Quality,5547,14,食器セット 6の詳細説明です。高品質でおすすめの商品です。,2023-01-05
3804,バス用品セット 6,ホーム・キッチン,KitchenPro,6273,732,バス用品セット 6の詳細説明です。高品質でおすすめの商品です。,2023-12-11
3805,収納ボックス 6,ホーム・キッチン,Design,16166,211,収納ボックス 6の詳細説明です。高品質でおすすめの商品です。,2023-06-28
3806,ラグマット 6,ホーム・キッチン,HomeLife,48672,420,ラグマット 6の詳細説明です。高品質でおすすめの商品です。,2023-12-29
3807,カーテン 6,ホーム・キッチン,KitchenPro,36176,893,カーテン 6の詳細説明です。高品質でおすすめの商品です。,2023-11-06
3808,照明器具 6,ホーム・キッチン,Quality,41318,367,照明器具 6の詳細説明です。高品質でおすすめの商品です。,2023-01-19
3809,マットレス 6,ホーム・キッチン,Comfort,32804,272,マットレス 6の詳細説明です。高品質でおすすめの商品です。,2023-10-23
3810,枕 6,ホーム・キッチン,Quality,42483,509,枕 6の詳細説明です。高品質でおすすめの商品です。,2023-03-24
3811,コーヒーメーカー 7,ホーム・キッチン,Design,36752,422,コーヒーメーカー 7の詳細説明です。高品質でおすすめの商品です。,2023-05-16
3812,調理器具セット 7,ホーム・キッチン,KitchenPro,43958,324,調理器具セット 7の詳細説明です。高品質でおすすめの商品です。,2023-12-27
3813,食器セット 7,ホーム・キッチン,HomeLife,23246,111,食器セット 7の詳細説明です。高品質でおすすめの商品です。,2023-08-03
3814,バス用品セット 7,ホーム・キッチン,KitchenPro,8030,377,バス用品セット 7の詳細説明です。高品質でおすすめの商品です。,2023-04-28
3815,収納ボックス 7,ホーム・キッチン,HomeLife,47785,355,収納ボックス 7の詳細説明です。高品質でおすすめの商品です。,2023-06-27
3816,ラグマット 7,ホーム・キッチン,Comfort,39738,129,ラグマット 7の詳細説明です。高品質でおすすめの商品です。,2023-02-07
3817,カーテン 7,ホーム・キッチン,KitchenPro,33853,882,カーテン 7の詳細説明です。高品質でおすすめの商品です。,2023-06-11
3818,照明器具 7,ホーム・キッチン,HomeLife,8655,554,照明器具 7の詳細説明です。高品質でおすすめの商品です。,2023-06-24
3819,マットレス 7,ホーム・キッチン,Quality,12041,754,マットレス 7の詳細説明です。高品質でおすすめの商品です。,2023-01-13
3820,枕 7,ホーム・キッチン,Comfort,45790,641,枕 7の詳細説明です。高品質でおすすめの商品です。,2023-11-16
3821,コーヒーメーカー 8,ホーム・キッチン,Design,18112,574,コーヒーメーカー 8の詳細説明です。高品質でおすすめの商品です。,2023-10-14
3822,調理器具セット 8,ホーム・キッチン,Design,4262,844,調理器具セット 8の詳細説明です。高品質でおすすめの商品です。,2023-11-07
3823,食器セット 8,ホーム・キッチン,Quality,44463,641,食器セット 8の詳細説明です。高品質でおすすめの商品です。,2023-07-08
3824,バス用品セット 8,ホーム・キッチン,HomeLife,21390,545,バス用品セット 8の詳細説明です。高品質でおすすめの商品です。,2023-06-28
3825,収納ボックス 8,ホーム・キッチン,Design,32574,643,収納ボックス 8の詳細説明です。高品質でおすすめの商品です。,2023-06-01
3826,ラグマット 8,ホーム・キッチン,Design,35490,219,ラグマット 8の詳細説明です。高品質でおすすめの商品です。,2023-12-28
3827,カーテン 8,ホーム・キッチン,Design,11805,964,カーテン 8の詳細説明です。高品質でおすすめの商品です。,2023-07-07
3828,照明器具 8,ホーム・キッチン,Comfort,4283,152,照明器具 8の詳細説明です。高品質でおすすめの商品です。,2023-07-02
3829,マットレス 8,ホーム・キッチン,Quality,40651,980,マットレス 8の詳細説明です。高品質でおすすめの商品です。,2023-03-18
3830,枕 8,ホーム・キッチン,Comfort,30123,236,枕 8の詳細説明です。高品質でおすすめの商品です。,2023-03-01
3831,コーヒーメーカー 9,ホーム・キッチン,Comfort,17238,662,コーヒーメーカー 9の詳細説明です。高品質でおすすめの商品です。,2023-02-02
3832,調理器具セット 9,ホーム・キッチン,KitchenPro,10750,697,調理器具セット 9の詳細説明です。高品質でおすすめの商品です。,2023-12-10
3833,食器セット 9,ホーム・キッチン,KitchenPro,9086,965,食器セット 9の詳細説明です。高品質でおすすめの商品です。,2023-01-13
3834,バス用品セット 9,ホーム・キッチン,HomeLife,20428,212,バス用品セット 9の詳細説明です。高品質でおすすめの商品です。,2023-09-28
3835,収納ボックス 9,ホーム・キッチン,KitchenPro,5154,253,収納ボックス 9の詳細説明です。高品質でおすすめの商品です。,2023-12-09
3836,ラグマット 9,ホーム・キッチン,Quality,17473,574,ラグマット 9の詳細説明です。高品質でおすすめの商品です。,2023-09-13
3837,カーテン 9,ホーム・キッチン,Quality,32214,848,カーテン 9の詳細説明です。高品質でおすすめの商品です。,2023-06-25
3838,照明器具 9,ホーム・キッチン,KitchenPro,24550,175,照明器具 9の詳細説明です。高品質でおすすめの商品です。,2023-05-31
3839,マットレス 9,ホーム・キッチン,KitchenPro,3459,556,マットレス 9の詳細説明です。高品質でおすすめの商品です。,2023-07-17
3840,枕 9,ホーム・キッチン,Design,26139,158,枕 9の詳細説明です。高品質でおすすめの商品です。,2023-11-26
3841,コーヒーメーカー 10,ホーム・キッチン,Comfort,1619,642,コーヒーメーカー 10の詳細説明です。高品質でおすすめの商品です。,2023-12-16
3842,調理器具セット 10,ホーム・キッチン,Comfort,27678,23,調理器具セット 10の詳細説明です。高品質でおすすめの商品です。,2023-12-21
3843,食器セット 10,ホーム・キッチン,KitchenPro,30633,935,食器セット 10の詳細説明です。高品質でおすすめの商品です。,2023-11-05
3844,バス用品セット 10,ホーム・キッチン,Design,7835,76,バス用品セット 10の詳細説明です。高品質でおすすめの商品です。,2023-12-28
3845,収納ボックス 10,ホーム・キッチン,KitchenPro,5079,617,収納ボックス 10の詳細説明です。高品質でおすすめの商品です。,2023-01-04
3846,ラグマット 10,ホーム・キッチン,Quality,13378,915,ラグマット 10の詳細説明です。高品質でおすすめの商品です。,2023-10-25
3847,カーテン 10,ホーム・キッチン,KitchenPro,16403,97,カーテン 10の詳細説明です。高品質でおすすめの商品です。,2023-07-23
3848,照明器具 10,ホーム・キッチン,HomeLife,19331,214,照明器具 10の詳細説明です。高品質でおすすめの商品です。,2023-02-22
3849,マットレス 10,ホーム・キッチン,HomeLife,28058,615,マットレス 10の詳細説明です。高品質でおすすめの商品です。,2023-05-23
3850,枕 10,ホーム・キッチン,HomeLife,28005,704,枕 10の詳細説明です。高品質でおすすめの商品です。,2023-07-09
3851,コーヒーメーカー 11,ホーム・キッチン,Comfort,30397,849,コーヒーメーカー 11の詳細説明です。高品質でおすすめの商品です。,2023-10-01
3852,調理器具セット 11,ホーム・キッチン,Comfort,41013,563,調理器具セット 11の詳細説明です。高品質でおすすめの商品です。,2023-03-12
3853,食器セット 11,ホーム・キッチン,Design,3516,892,食器セット 11の詳細説明です。高品質でおすすめの商品です。,2023-05-22
3854,バス用品セット 11,ホーム・キッチン,Design,43673,558,バス用品セット 11の詳細説明です。高品質でおすすめの商品です。,2023-08-22
3855,収納ボックス 11,ホーム・キッチン,HomeLife,42972,705,収納ボックス 11の詳細説明です。高品質でおすすめの商品です。,2023-04-20
3856,ラグマット 11,ホーム・キッチン,KitchenPro,888,299,ラグマット 11の詳細説明です。高品質でおすすめの商品です。,2023-05-26
3857,カーテン 11,ホーム・キッチン,Quality,40187,440,カーテン 11の詳細説明です。高品質でおすすめの商品です。,2023-11-30
3858,照明器具 11,ホーム・キッチン,KitchenPro,15762,167,照明器具 11の詳細説明です。高品質でおすすめの商品です。,2023-10-12
3859,マットレス 11,ホーム・キッチン,KitchenPro,47587,799,マットレス 11の詳細説明です。高品質でおすすめの商品です。,2023-07-16
3860,枕 11,ホーム・キッチン,Design,25724,928,枕 11の詳細説明です。高品質でおすすめの商品です。,2023-06-19
3861,コーヒーメーカー 12,ホーム・キッチン,KitchenPro,15025,30,コーヒーメーカー 12の詳細説明です。高品質でおすすめの商品です。,2023-11-22
3862,調理器具セット 12,ホーム・キッチン,KitchenPro,33498,288,調理器具セット 12の詳細説明です。高品質でおすすめの商品です。,2023-04-20
3863,食器セット 12,ホーム・キッチン,KitchenPro,42025,627,食器セット 12の詳細説明です。高品質でおすすめの商品です。,2023-06-01
3864,バス用品セット 12,ホーム・キッチン,HomeLife,34097,788,バス用品セット 12の詳細説明です。高品質でおすすめの商品です。,2023-07-27
3865,収納ボックス 12,ホーム・キッチン,KitchenPro,16581,944,収納ボックス 12の詳細説明です。高品質でおすすめの商品です。,2023-09-27
3866,ラグマット 12,ホーム・キッチン,KitchenPro,23233,852,ラグマット 12の詳細説明です。高品質でおすすめの商品です。,2023-02-17
3867,カーテン 12,ホーム・キッチン,HomeLife,28230,822,カーテン 12の詳細説明です。高品質でおすすめの商品です。,2023-02-25
3868,照明器具 12,ホーム・キッチン,HomeLife,27587,108,照明器具 12の詳細説明です。高品質でおすすめの商品です。,2023-01-25
3869,マットレス 12,ホーム・キッチン,KitchenPro,31847,561,マットレス 12の詳細説明です。高品質でおすすめの商品です。,2023-07-31
3870,枕 12,ホーム・キッチン,Quality,35660,235,枕 12の詳細説明です。高品質でおすすめの商品です。,2023-07-20
3871,コーヒーメーカー 13,ホーム・キッチン,KitchenPro,15119,973,コーヒーメーカー 13の詳細説明です。高品質でおすすめの商品です。,2023-05-07
3872,調理器具セット 13,ホーム・キッチン,Quality,49888,958,調理器具セット 13の詳細説明です。高品質でおすすめの商品です。,2023-01-19
3873,食器セット 13,ホーム・キッチン,Comfort,47441,282,食器セット 13の詳細説明です。高品質でおすすめの商品です。,2023-01-27
3874,バス用品セット 13,ホーム・キッチン,HomeLife,25028,584,バス用品セット 13の詳細説明です。高品質でおすすめの商品です。,2023-03-13
3875,収納ボックス 13,ホーム・キッチン,Quality,37270,495,収納ボックス 13の詳細説明です。高品質でおすすめの商品です。,2023-01-06
3876,ラグマット 13,ホーム・キッチン,KitchenPro,47642,645,ラグマット 13の詳細説明です。高品質でおすすめの商品です。,2023-03-11
3877,カーテン 13,ホーム・キッチン,KitchenPro,9940,532,カーテン 13の詳細説明です。高品質でおすすめの商品です。,2023-08-16
3878,照明器具 13,ホーム・キッチン,Design,38477,96,照明器具 13の詳細説明です。高品質でおすすめの商品です。,2023-05-04
3879,マットレス 13,ホーム・キッチン,Design,38258,256,マットレス 13の詳細説明です。高品質でおすすめの商品です。,2023-08-04
3880,枕 13,ホーム・キッチン,Quality,27312,197,枕 13の詳細説明です。高品質でおすすめの商品です。,2023-10-06
3881,コーヒーメーカー 14,ホーム・キッチン,Quality,27112,315,コーヒーメーカー 14の詳細説明です。高品質でおすすめの商品です。,2023-06-11
3882,調理器具セット 14,ホーム・キッチン,Design,25283,426,調理器具セット 14の詳細説明です。高品質でおすすめの商品です。,2023-03-08
3883,食器セット 14,ホーム・キッチン,KitchenPro,8034,290,食器セット 14の詳細説明です。高品質でおすすめの商品です。,2023-06-14
3884,バス用品セット 14,ホーム・キッチン,Quality,25876,370,バス用品セット 14の詳細説明です。高品質でおすすめの商品です。,2023-09-27
3885,収納ボックス 14,ホーム・キッチン,Quality,23508,313,収納ボックス 14の詳細説明です。高品質でおすすめの商品です。,2023-04-08
3886,ラグマット 14,ホーム・キッチン,HomeLife,10506,646,ラグマット 14の詳細説明です。高品質でおすすめの商品です。,2023-12-10
3887,カーテン 14,ホーム・キッチン,HomeLife,39586,911,カーテン 14の詳細説明です。高品質でおすすめの商品です。,2023-05-07
3888,照明器具 14,ホーム・キッチン,HomeLife,26443,492,照明器具 14の詳細説明です。高品質でおすすめの商品です。,2023-11-21
3889,マットレス 14,ホーム・キッチン,KitchenPro,1463,660,マットレス 14の詳細説明です。高品質でおすすめの商品です。,2023-12-08
3890,枕 14,ホーム・キッチン,HomeLife,18328,743,枕 14の詳細説明です。高品質でおすすめの商品です。,2023-05-22
3891,コーヒーメーカー 15,ホーム・キッチン,Comfort,36843,200,コーヒーメーカー 15の詳細説明です。高品質でおすすめの商品です。,2023-09-16
3892,調理器具セット 15,ホーム・キッチン,KitchenPro,47869,547,調理器具セット 15の詳細説明です。高品質でおすすめの商品です。,2023-06-20
3893,食器セット 15,ホーム・キッチン,Design,11367,539,食器セット 15の詳細説明です。高品質でおすすめの商品です。,2023-04-11
3894,バス用品セット 15,ホーム・キッチン,Design,45461,423,バス用品セット 15の詳細説明です。高品質でおすすめの商品です。,2023-06-14
3895,収納ボックス 15,ホーム・キッチン,Quality,1245,508,収納ボックス 15の詳細説明です。高品質でおすすめの商品です。,2023-04-25
3896,ラグマット 15,ホーム・キッチン,Quality,22607,683,ラグマット 15の詳細説明です。高品質でおすすめの商品です。,2023-03-31
3897,カーテン 15,ホーム・キッチン,KitchenPro,23726,474,カーテン 15の詳細説明です。高品質でおすすめの商品です。,2023-03-04
3898,照明器具 15,ホーム・キッチン,HomeLife,4729,608,照明器具 15の詳細説明です。高品質でおすすめの商品です。,2023-02-11
3899,マットレス 15,ホーム・キッチン,KitchenPro,27620,666,マットレス 15の詳細説明です。高品質でおすすめの商品です。,2023-06-21
3900,枕 15,ホーム・キッチン,Comfort,31326,279,枕 15の詳細説明です。高品質でおすすめの商品です。,2023-02-16
3901,コーヒーメーカー 16,ホーム・キッチン,Comfort,35580,459,コーヒーメーカー 16の詳細説明です。高品質でおすすめの商品です。,2023-12-19
3902,調理器具セット 16,ホーム・キッチン,HomeLife,3054,125,調理器具セット 16の詳細説明です。高品質でおすすめの商品です。,2023-09-12
3903,食器セット 16,ホーム・キッチン,Comfort,35810,513,食器セット 16の詳細説明です。高品質でおすすめの商品です。,2023-04-10
3904,バス用品セット 16,ホーム・キッチン,KitchenPro,5738,679,バス用品セット 16の詳細説明です。高品質でおすすめの商品です。,2023-06-06
3905,収納ボックス 16,ホーム・キッチン,Quality,28435,298,収納ボックス 16の詳細説明です。高品質でおすすめの商品です。,2023-01-06
3906,ラグマット 16,ホーム・キッチン,Quality,4135,29,ラグマット 16の詳細説明です。高品質でおすすめの商品です。,2023-12-10
3907,カーテン 16,ホーム・キッチン,Design,24211,908,カーテン 16の詳細説明です。高品質でおすすめの商品です。,2023-07-14
3908,照明器具 16,ホーム・キッチン,Comfort,41295,98,照明器具 16の詳細説明です。高品質でおすすめの商品です。,2023-03-21
3909,マットレス 16,ホーム・キッチン,Design,3199,804,マットレス 16の詳細説明です。高品質でおすすめの商品です。,2023-03-04
3910,枕 16,ホーム・キッチン,HomeLife,47634,41,枕 16の詳細説明です。高品質でおすすめの商品です。,2023-12-07
3911,コーヒーメーカー 17,ホーム・キッチン,Comfort,44691,306,コーヒーメーカー 17の詳細説明です。高品質でおすすめの商品です。,2023-12-30
3912,調理器具セット 17,ホーム・キッチン,Quality,29962,110,調理器具セット 17の詳細説明です。高品質でおすすめの商品です。,2023-10-12
3913,食器セット 17,ホーム・キッチン,Design,7903,293,食器セット 17の詳細説明です。高品質でおすすめの商品です。,2023-10-18
3914,バス用品セット 17,ホーム・キッチン,Quality,35100,298,バス用品セット 17の詳細説明です。高品質でおすすめの商品です。,2023-09-22
3915,収納ボックス 17,ホーム・キッチン,HomeLife,5448,228,収納ボックス 17の詳細説明です。高品質でおすすめの商品です。,2023-04-03
3916,ラグマット 17,ホーム・キッチン,Comfort,46356,207,ラグマット 17の詳細説明です。高品質でおすすめの商品です。,2023-09-29
3917,カーテン 17,ホーム・キッチン,Design,997,559,カーテン 17の詳細説明です。高品質でおすすめの商品です。,2023-09-04
3918,照明器具 17,ホーム・キッチン,HomeLife,41816,244,照明器具 17の詳細説明です。高品質でおすすめの商品です。,2023-06-19
3919,マットレス 17,ホーム・キッチン,Quality,6622,831,マットレス 17の詳細説明です。高品質でおすすめの商品です。,2023-04-06
3920,枕 17,ホーム・キッチン,HomeLife,28525,874,枕 17の詳細説明です。高品質でおすすめの商品です。,2023-07-11
3921,コーヒーメーカー 18,ホーム・キッチン,KitchenPro,44083,9,コーヒーメーカー 18の詳細説明です。高品質でおすすめの商品です。,2023-11-17
3922,調理器具セット 18,ホーム・キッチン,Comfort,2795,332,調理器具セット 18の詳細説明です。高品質でおすすめの商品です。,2023-10-17
3923,食器セット 18,ホーム・キッチン,HomeLife,37390,872,食器セット 18の詳細説明です。高品質でおすすめの商品です。,2023-06-27
3924,バス用品セット 18,ホーム・キッチン,Quality,43395,823,バス用品セット 18の詳細説明です。高品質でおすすめの商品です。,2023-10-24
3925,収納ボックス 18,ホーム・キッチン,Quality,23567,549,収納ボックス 18の詳細説明です。高品質でおすすめの商品です。,2023-10-01
3926,ラグマット 18,ホーム・キッチン,Quality,20394,449,ラグマット 18の詳細説明です。高品質でおすすめの商品です。,2023-08-21
3927,カーテン 18,ホーム・キッチン,KitchenPro,28684,575,カーテン 18の詳細説明です。高品質でおすすめの商品です。,2023-03-06
3928,照明器具 18,ホーム・キッチン,HomeLife,32204,97,照明器具 18の詳細説明です。高品質でおすすめの商品です。,2023-09-22
3929,マットレス 18,ホーム・キッチン,HomeLife,3211,134,マットレス 18の詳細説明です。高品質でおすすめの商品です。,2023-12-11
3930,枕 18,ホーム・キッチン,Comfort,4794,426,枕 18の詳細説明です。高品質でおすすめの商品です。,2023-09-18
3931,コーヒーメーカー 19,ホーム・キッチン,KitchenPro,41950,295,コーヒーメーカー 19の詳細説明です。高品質でおすすめの商品です。,2023-06-28
3932,調理器具セット 19,ホーム・キッチン,Design,15550,566,調理器具セット 19の詳細説明です。高品質でおすすめの商品です。,2023-11-01
3933,食器セット 19,ホーム・キッチン,Quality,19344,304,食器セット 19の詳細説明です。高品質でおすすめの商品です。,2023-02-18
3934,バス用品セット 19,ホーム・キッチン,Comfort,16964,374,バス用品セット 19の詳細説明です。高品質でおすすめの商品です。,2023-08-20
3935,収納ボックス 19,ホーム・キッチン,KitchenPro,5765,502,収納ボックス 19の詳細説明です。高品質でおすすめの商品です。,2023-09-17
3936,ラグマット 19,ホーム・キッチン,HomeLife,977,262,ラグマット 19の詳細説明です。高品質でおすすめの商品です。,2023-04-03
3937,カーテン 19,ホーム・キッチン,KitchenPro,17337,561,カーテン 19の詳細説明です。高品質でおすすめの商品です。,2023-03-11
3938,照明器具 19,ホーム・キッチン,Design,41435,52,照明器具 19の詳細説明です。高品質でおすすめの商品です。,2023-02-15
3939,マットレス 19,ホーム・キッチン,HomeLife,9327,413,マットレス 19の詳細説明です。高品質でおすすめの商品です。,2023-02-04
3940,枕 19,ホーム・キッチン,HomeLife,35093,569,枕 19の詳細説明です。高品質でおすすめの商品です。,2023-07-30
3941,コーヒーメーカー 20,ホーム・キッチン,Design,18033,45,コーヒーメーカー 20の詳細説明です。高品質でおすすめの商品です。,2023-07-27
3942,調理器具セット 20,ホーム・キッチン,Quality,33715,24,調理器具セット 20の詳細説明です。高品質でおすすめの商品です。,2023-04-06
3943,食器セット 20,ホーム・キッチン,HomeLife,45681,118,食器セット 20の詳細説明です。高品質でおすすめの商品です。,2023-06-04
3944,バス用品セット 20,ホーム・キッチン,Design,8864,87,バス用品セット 20の詳細説明です。高品質でおすすめの商品です。,2023-08-10
3945,収納ボックス 20,ホーム・キッチン,KitchenPro,6278,764,収納ボックス 20の詳細説明です。高品質でおすすめの商品です。,2023-03-14
3946,ラグマット 20,ホーム・キッチン,KitchenPro,7474,399,ラグマット 20の詳細説明です。高品質でおすすめの商品です。,2023-01-16
3947,カーテン 20,ホーム・キッチン,KitchenPro,38652,992,カーテン 20の詳細説明です。高品質でおすすめの商品です。,2023-06-15
3948,照明器具 20,ホーム・キッチン,Comfort,27868,250,照明器具 20の詳細説明です。高品質でおすすめの商品です。,2023-10-13
3949,マットレス 20,ホーム・キッチン,Comfort,45020,688,マットレス 20の詳細説明です。高品質でおすすめの商品です。,2023-04-27
3950,枕 20,ホーム・キッチン,Design,2508,121,枕 20の詳細説明です。高品質でおすすめの商品です。,2023-10-03
3951,コーヒーメーカー 21,ホーム・キッチン,HomeLife,26028,721,コーヒーメーカー 21の詳細説明です。高品質でおすすめの商品です。,2023-04-12
3952,調理器具セット 21,ホーム・キッチン,HomeLife,10707,602,調理器具セット 21の詳細説明です。高品質でおすすめの商品です。,2023-01-06
3953,食器セット 21,ホーム・キッチン,Design,24859,310,食器セット 21の詳細説明です。高品質でおすすめの商品です。,2023-06-07
3954,バス用品セット 21,ホーム・キッチン,HomeLife,5083,913,バス用品セット 21の詳細説明です。高品質でおすすめの商品です。,2023-09-28
3955,収納ボックス 21,ホーム・キッチン,Design,20585,610,収納ボックス 21の詳細説明です。高品質でおすすめの商品です。,2023-10-11
3956,ラグマット 21,ホーム・キッチン,KitchenPro,25322,784,ラグマット 21の詳細説明です。高品質でおすすめの商品です。,2023-07-01
3957,カーテン 21,ホーム・キッチン,HomeLife,26690,519,カーテン 21の詳細説明です。高品質でおすすめの商品です。,2023-10-25
3958,照明器具 21,ホーム・キッチン,Comfort,4755,946,照明器具 21の詳細説明です。高品質でおすすめの商品です。,2023-07-25
3959,マットレス 21,ホーム・キッチン,HomeLife,4060,657,マットレス 21の詳細説明です。高品質でおすすめの商品です。,2023-05-07
3960,枕 21,ホーム・キッチン,Quality,20504,80,枕 21の詳細説明です。高品質でおすすめの商品です。,2023-04-04
3961,コーヒーメーカー 22,ホーム・キッチン,Comfort,13300,27,コーヒーメーカー 22の詳細説明です。高品質でおすすめの商品です。,2023-09-02
3962,調理器具セット 22,ホーム・キッチン,Design,22558,48,調理器具セット 22の詳細説明です。高品質でおすすめの商品です。,2023-08-24
3963,食器セット 22,ホーム・キッチン,Design,25576,892,食器セット 22の詳細説明です。高品質でおすすめの商品です。,2023-10-14
3964,バス用品セット 22,ホーム・キッチン,Comfort,32475,751,バス用品セット 22の詳細説明です。高品質でおすすめの商品です。,2023-02-01
3965,収納ボックス 22,ホーム・キッチン,Quality,16903,724,収納ボックス 22の詳細説明です。高品質でおすすめの商品です。,2023-06-29
3966,ラグマット 22,ホーム・キッチン,Design,17346,560,ラグマット 22の詳細説明です。高品質でおすすめの商品です。,2023-07-20
3967,カーテン 22,ホーム・キッチン,KitchenPro,23379,962,カーテン 22の詳細説明です。高品質でおすすめの商品です。,2023-05-26
3968,照明器具 22,ホーム・キッチン,Comfort,38609,140,照明器具 22の詳細説明です。高品質でおすすめの商品です。,2023-05-05
3969,マットレス 22,ホーム・キッチン,Quality,37690,241,マットレス 22の詳細説明です。高品質でおすすめの商品です。,2023-09-06
3970,枕 22,ホーム・キッチン,HomeLife,17130,596,枕 22の詳細説明です。高品質でおすすめの商品です。,2023-09-10
3971,コーヒーメーカー 23,ホーム・キッチン,HomeLife,9108,989,コーヒーメーカー 23の詳細説明です。高品質でおすすめの商品です。,2023-01-25
3972,調理器具セット 23,ホーム・キッチン,Quality,12676,897,調理器具セット 23の詳細説明です。高品質でおすすめの商品です。,2023-08-25
3973,食器セット 23,ホーム・キッチン,Quality,31848,663,食器セット 23の詳細説明です。高品質でおすすめの商品です。,2023-03-01
3974,バス用品セット 23,ホーム・キッチン,HomeLife,42889,318,バス用品セット 23の詳細説明です。高品質でおすすめの商品です。,2023-12-31
3975,収納ボックス 23,ホーム・キッチン,HomeLife,44958,946,収納ボックス 23の詳細説明です。高品質でおすすめの商品です。,2023-01-23
3976,ラグマット 23,ホーム・キッチン,KitchenPro,9628,608,ラグマット 23の詳細説明です。高品質でおすすめの商品です。,2023-04-04
3977,カーテン 23,ホーム・キッチン,Comfort,29085,110,カーテン 23の詳細説明です。高品質でおすすめの商品です。,2023-08-03
3978,照明器具 23,ホーム・キッチン,Comfort,20361,643,照明器具 23の詳細説明です。高品質でおすすめの商品です。,2023-10-16
3979,マットレス 23,ホーム・キッチン,Quality,49851,424,マットレス 23の詳細説明です。高品質でおすすめの商品です。,2023-02-14
3980,枕 23,ホーム・キッチン,KitchenPro,12640,29,枕 23の詳細説明です。高品質でおすすめの商品です。,2023-08-27
3981,コーヒーメーカー 24,ホーム・キッチン,Comfort,20256,927,コーヒーメーカー 24の詳細説明です。高品質でおすすめの商品です。,2023-06-21
3982,調理器具セット 24,ホーム・キッチン,Quality,7704,92,調理器具セット 24の詳細説明です。高品質でおすすめの商品です。,2023-07-09
3983,食器セット 24,ホーム・キッチン,KitchenPro,44240,330,食器セット 24の詳細説明です。高品質でおすすめの商品です。,2023-02-24
3984,バス用品セット 24,ホーム・キッチン,KitchenPro,17204,650,バス用品セット 24の詳細説明です。高品質でおすすめの商品です。,2023-05-24
3985,収納ボックス 24,ホーム・キッチン,HomeLife,32813,472,収納ボックス 24の詳細説明です。高品質でおすすめの商品です。,2023-08-01
3986,ラグマット 24,ホーム・キッチン,Quality,42800,328,ラグマット 24の詳細説明です。高品質でおすすめの商品です。,2023-12-03
3987,カーテン 24,ホーム・キッチン,HomeLife,35301,57,カーテン 24の詳細説明です。高品質でおすすめの商品です。,2023-10-17
3988,照明器具 24,ホーム・キッチン,HomeLife,43037,258,照明器具 24の詳細説明です。高品質でおすすめの商品です。,2023-03-15
3989,マットレス 24,ホーム・キッチン,HomeLife,1920,393,マットレス 24の詳細説明です。高品質でおすすめの商品です。,2023-07-21
3990,枕 24,ホーム・キッチン,Design,45693,917,枕 24の詳細説明です。高品質でおすすめの商品です。,2023-11-10
3991,コーヒーメーカー 25,ホーム・キッチン,KitchenPro,5744,965,コーヒーメーカー 25の詳細説明です。高品質でおすすめの商品です。,2023-08-01
3992,調理器具セット 25,ホーム・キッチン,Quality,4592,769,調理器具セット 25の詳細説明です。高品質でおすすめの商品です。,2023-09-28
3993,食器セット 25,ホーム・キッチン,HomeLife,45945,499,食器セット 25の詳細説明です。高品質でおすすめの商品です。,2023-02-03
3994,バス用品セット 25,ホーム・キッチン,KitchenPro,45477,371,バス用品セット 25の詳細説明です。高品質でおすすめの商品です。,2023-12-23
3995,収納ボックス 25,ホーム・キッチン,KitchenPro,43262,854,収納ボックス 25の詳細説明です。高品質でおすすめの商品です。,2023-07-24
3996,ラグマット 25,ホーム・キッチン,HomeLife,21368,375,ラグマット 25の詳細説明です。高品質でおすすめの商品です。,2023-10-12
3997,カーテン 25,ホーム・キッチン,HomeLife,37516,411,カーテン 25の詳細説明です。高品質でおすすめの商品です。,2023-11-20
3998,照明器具 25,ホーム・キッチン,Quality,23184,137,照明器具 25の詳細説明です。高品質でおすすめの商品です。,2023-09-08
3999,マットレス 25,ホーム・キッチン,Quality,12227,414,マットレス 25の詳細説明です。高品質でおすすめの商品です。,2023-05-05
4000,枕 25,ホーム・キッチン,Design,46026,712,枕 25の詳細説明です。高品質でおすすめの商品です。,2023-05-30
4001,コーヒーメーカー 26,ホーム・キッチン,KitchenPro,39435,178,コーヒーメーカー 26の詳細説明です。高品質でおすすめの商品です。,2023-12-27
4002,調理器具セット 26,ホーム・キッチン,KitchenPro,41963,924,調理器具セット 26の詳細説明です。高品質でおすすめの商品です。,2023-05-12
4003,食器セット 26,ホーム・キッチン,Comfort,22793,987,食器セット 26の詳細説明です。高品質でおすすめの商品です。,2023-10-11
4004,バス用品セット 26,ホーム・キッチン,Comfort,10790,612,バス用品セット 26の詳細説明です。高品質でおすすめの商品です。,2023-05-05
4005,収納ボックス 26,ホーム・キッチン,Comfort,12309,445,収納ボックス 26の詳細説明です。高品質でおすすめの商品です。,2023-01-15
4006,ラグマット 26,ホーム・キッチン,Quality,28381,358,ラグマット 26の詳細説明です。高品質でおすすめの商品です。,2023-12-20
4007,カーテン 26,ホーム・キッチン,KitchenPro,44960,177,カーテン 26の詳細説明です。高品質でおすすめの商品です。,2023-03-17
4008,照明器具 26,ホーム・キッチン,Quality,48391,115,照明器具 26の詳細説明です。高品質でおすすめの商品です。,2023-01-06
4009,マットレス 26,ホーム・キッチン,Quality,43497,641,マットレス 26の詳細説明です。高品質でおすすめの商品です。,2023-02-09
4010,枕 26,ホーム・キッチン,Comfort,34788,798,枕 26の詳細説明です。高品質でおすすめの商品です。,2023-11-27
4011,コーヒーメーカー 27,ホーム・キッチン,Design,29051,32,コーヒーメーカー 27の詳細説明です。高品質でおすすめの商品です。,2023-04-03
4012,調理器具セット 27,ホーム・キッチン,Design,19504,649,調理器具セット 27の詳細説明です。高品質でおすすめの商品です。,2023-04-29
4013,食器セット 27,ホーム・キッチン,Comfort,28003,152,食器セット 27の詳細説明です。高品質でおすすめの商品です。,2023-03-28
4014,バス用品セット 27,ホーム・キッチン,KitchenPro,28997,214,バス用品セット 27の詳細説明です。高品質でおすすめの商品です。,2023-08-20
4015,収納ボックス 27,ホーム・キッチン,HomeLife,42363,688,収納ボックス 27の詳細説明です。高品質でおすすめの商品です。,2023-11-14
4016,ラグマット 27,ホーム・キッチン,Quality,25266,855,ラグマット 27の詳細説明です。高品質でおすすめの商品です。,2023-07-10
4017,カーテン 27,ホーム・キッチン,HomeLife,544,665,カーテン 27の詳細説明です。高品質でおすすめの商品です。,2023-06-23
4018,照明器具 27,ホーム・キッチン,HomeLife,12678,360,照明器具 27の詳細説明です。高品質でおすすめの商品です。,2023-04-29
4019,マットレス 27,ホーム・キッチン,Quality,28700,223,マットレス 27の詳細説明です。高品質でおすすめの商品です。,2023-04-27
4020,枕 27,ホーム・キッチン,Design,36080,457,枕 27の詳細説明です。高品質でおすすめの商品です。,2023-06-04
4021,コーヒーメーカー 28,ホーム・キッチン,Comfort,38763,918,コーヒーメーカー 28の詳細説明です。高品質でおすすめの商品です。,2023-06-20
4022,調理器具セット 28,ホーム・キッチン,Design,41038,961,調理器具セット 28の詳細説明です。高品質でおすすめの商品です。,2023-01-12
4023,食器セット 28,ホーム・キッチン,KitchenPro,38732,601,食器セット 28の詳細説明です。高品質でおすすめの商品です。,2023-08-01
4024,バス用品セット 28,ホーム・キッチン,KitchenPro,34417,829,バス用品セット 28の詳細説明です。高品質でおすすめの商品です。,2023-03-27
4025,収納ボックス 28,ホーム・キッチン,Quality,11062,945,収納ボックス 28の詳細説明です。高品質でおすすめの商品です。,2023-12-03
4026,ラグマット 28,ホーム・キッチン,KitchenPro,44546,676,ラグマット 28の詳細説明です。高品質でおすすめの商品です。,2023-01-28
4027,カーテン 28,ホーム・キッチン,Quality,6985,445,カーテン 28の詳細説明です。高品質でおすすめの商品です。,2023-06-12
4028,照明器具 28,ホーム・キッチン,KitchenPro,19749,729,照明器具 28の詳細説明です。高品質でおすすめの商品です。,2023-10-19
4029,マットレス 28,ホーム・キッチン,Design,16574,299,マットレス 28の詳細説明です。高品質でおすすめの商品です。,2023-07-24
4030,枕 28,ホーム・キッチン,HomeLife,28194,537,枕 28の詳細説明です。高品質でおすすめの商品です。,2023-09-23
4031,コーヒーメーカー 29,ホーム・キッチン,KitchenPro,27797,110,コーヒーメーカー 29の詳細説明です。高品質でおすすめの商品です。,2023-01-10
4032,調理器具セット 29,ホーム・キッチン,KitchenPro,14648,851,調理器具セット 29の詳細説明です。高品質でおすすめの商品です。,2023-03-24
4033,食器セット 29,ホーム・キッチン,Design,24169,284,食器セット 29の詳細説明です。高品質でおすすめの商品です。,2023-07-05
4034,バス用品セット 29,ホーム・キッチン,KitchenPro,30251,214,バス用品セット 29の詳細説明です。高品質でおすすめの商品です。,2023-05-31
4035,収納ボックス 29,ホーム・キッチン,Comfort,43822,490,収納ボックス 29の詳細説明です。高品質でおすすめの商品です。,2023-05-03
4036,ラグマット 29,ホーム・キッチン,KitchenPro,7612,878,ラグマット 29の詳細説明です。高品質でおすすめの商品です。,2023-05-21
4037,カーテン 29,ホーム・キッチン,Quality,42310,65,カーテン 29の詳細説明です。高品質でおすすめの商品です。,2023-10-20
4038,照明器具 29,ホーム・キッチン,HomeLife,33682,81,照明器具 29の詳細説明です。高品質でおすすめの商品です。,2023-01-09
4039,マットレス 29,ホーム・キッチン,Quality,29943,24,マットレス 29の詳細説明です。高品質でおすすめの商品です。,2023-08-31
4040,枕 29,ホーム・キッチン,HomeLife,47563,576,枕 29の詳細説明です。高品質でおすすめの商品です。,2023-09-17
4041,コーヒーメーカー 30,ホーム・キッチン,KitchenPro,16823,393,コーヒーメーカー 30の詳細説明です。高品質でおすすめの商品です。,2023-04-19
4042,調理器具セット 30,ホーム・キッチン,KitchenPro,24463,953,調理器具セット 30の詳細説明です。高品質でおすすめの商品です。,2023-07-16
4043,食器セット 30,ホーム・キッチン,HomeLife,47538,421,食器セット 30の詳細説明です。高品質でおすすめの商品です。,2023-05-03
4044,バス用品セット 30,ホーム・キッチン,Design,19194,281,バス用品セット 30の詳細説明です。高品質でおすすめの商品です。,2023-12-03
4045,収納ボックス 30,ホーム・キッチン,KitchenPro,44366,607,収納ボックス 30の詳細説明です。高品質でおすすめの商品です。,2023-10-07
4046,ラグマット 30,ホーム・キッチン,HomeLife,20471,344,ラグマット 30の詳細説明です。高品質でおすすめの商品です。,2023-07-05
4047,カーテン 30,ホーム・キッチン,HomeLife,21302,939,カーテン 30の詳細説明です。高品質でおすすめの商品です。,2023-03-30
4048,照明器具 30,ホーム・キッチン,KitchenPro,33769,763,照明器具 30の詳細説明です。高品質でおすすめの商品です。,2023-10-04
4049,マットレス 30,ホーム・キッチン,Design,43602,411,マットレス 30の詳細説明です。高品質でおすすめの商品です。,2023-10-20
4050,枕 30,ホーム・キッチン,Comfort,37546,632,枕 30の詳細説明です。高品質でおすすめの商品です。,2023-05-02
4051,コーヒーメーカー 31,ホーム・キッチン,KitchenPro,19202,698,コーヒーメーカー 31の詳細説明です。高品質でおすすめの商品です。,2023-12-10
4052,調理器具セット 31,ホーム・キッチン,Design,37801,66,調理器具セット 31の詳細説明です。高品質でおすすめの商品です。,2023-10-23
4053,食器セット 31,ホーム・キッチン,Comfort,27557,832,食器セット 31の詳細説明です。高品質でおすすめの商品です。,2023-04-04
4054,バス用品セット 31,ホーム・キッチン,KitchenPro,17057,849,バス用品セット 31の詳細説明です。高品質でおすすめの商品です。,2023-01-16
4055,収納ボックス 31,ホーム・キッチン,HomeLife,29637,456,収納ボックス 31の詳細説明です。高品質でおすすめの商品です。,2023-02-14
4056,ラグマット 31,ホーム・キッチン,Design,35886,592,ラグマット 31の詳細説明です。高品質でおすすめの商品です。,2023-05-26
4057,カーテン 31,ホーム・キッチン,KitchenPro,33220,869,カーテン 31の詳細説明です。高品質でおすすめの商品です。,2023-02-26
4058,照明器具 31,ホーム・キッチン,HomeLife,23389,526,照明器具 31の詳細説明です。高品質でおすすめの商品です。,2023-05-14
4059,マットレス 31,ホーム・キッチン,Quality,32019,121,マットレス 31の詳細説明です。高品質でおすすめの商品です。,2023-09-11
4060,枕 31,ホーム・キッチン,HomeLife,19323,82,枕 31の詳細説明です。高品質でおすすめの商品です。,2023-10-13
4061,コーヒーメーカー 32,ホーム・キッチン,Comfort,5484,966,コーヒーメーカー 32の詳細説明です。高品質でおすすめの商品です。,2023-12-12
4062,調理器具セット 32,ホーム・キッチン,Quality,35702,426,調理器具セット 32の詳細説明です。高品質でおすすめの商品です。,2023-03-18
4063,食器セット 32,ホーム・キッチン,Quality,29735,628,食器セット 32の詳細説明です。高品質でおすすめの商品です。,2023-09-04
4064,バス用品セット 32,ホーム・キッチン,KitchenPro,4859,14,バス用品セット 32の詳細説明です。高品質でおすすめの商品です。,2023-01-19
4065,収納ボックス 32,ホーム・キッチン,KitchenPro,31058,8,収納ボックス 32の詳細説明です。高品質でおすすめの商品です。,2023-10-16
4066,ラグマット 32,ホーム・キッチン,Comfort,24629,692,ラグマット 32の詳細説明です。高品質でおすすめの商品です。,2023-03-12
4067,カーテン 32,ホーム・キッチン,Quality,26992,810,カーテン 32の詳細説明です。高品質でおすすめの商品です。,2023-07-29
4068,照明器具 32,ホーム・キッチン,Quality,25452,164,照明器具 32の詳細説明です。高品質でおすすめの商品です。,2023-03-06
4069,マットレス 32,ホーム・キッチン,HomeLife,21412,952,マットレス 32の詳細説明です。高品質でおすすめの商品です。,2023-09-22
4070,枕 32,ホーム・キッチン,Comfort,46635,843,枕 32の詳細説明です。高品質でおすすめの商品です。,2023-11-21
4071,コーヒーメーカー 33,ホーム・キッチン,Comfort,4883,986,コーヒーメーカー 33の詳細説明です。高品質でおすすめの商品です。,2023-08-28
4072,調理器具セット 33,ホーム・キッチン,Quality,45373,400,調理器具セット 33の詳細説明です。高品質でおすすめの商品です。,2023-05-03
4073,食器セット 33,ホーム・キッチン,Design,19917,73,食器セット 33の詳細説明です。高品質でおすすめの商品です。,2023-04-28
4074,バス用品セット 33,ホーム・キッチン,KitchenPro,27142,828,バス用品セット 33の詳細説明です。高品質でおすすめの商品です。,2023-02-14
4075,収納ボックス 33,ホーム・キッチン,Design,19990,75,収納ボックス 33の詳細説明です。高品質でおすすめの商品です。,2023-05-06
4076,ラグマット 33,ホーム・キッチン,Design,932,660,ラグマット 33の詳細説明です。高品質でおすすめの商品です。,2023-07-26
4077,カーテン 33,ホーム・キッチン,Quality,26168,467,カーテン 33の詳細説明です。高品質でおすすめの商品です。,2023-07-31
4078,照明器具 33,ホーム・キッチン,Comfort,33025,453,照明器具 33の詳細説明です。高品質でおすすめの商品です。,2023-01-31
4079,マットレス 33,ホーム・キッチン,Comfort,34245,242,マットレス 33の詳細説明です。高品質でおすすめの商品です。,2023-03-29
4080,枕 33,ホーム・キッチン,HomeLife,6419,317,枕 33の詳細説明です。高品質でおすすめの商品です。,2023-03-29
4081,コーヒーメーカー 34,ホーム・キッチン,HomeLife,43872,594,コーヒーメーカー 34の詳細説明です。高品質でおすすめの商品です。,2023-11-29
4082,調理器具セット 34,ホーム・キッチン,Comfort,43199,75,調理器具セット 34の詳細説明です。高品質でおすすめの商品です。,2023-01-06
4083,食器セット 34,ホーム・キッチン,KitchenPro,41279,898,食器セット 34の詳細説明です。高品質でおすすめの商品です。,2023-01-24
4084,バス用品セット 34,ホーム・キッチン,Design,14260,484,バス用品セット 34の詳細説明です。高品質でおすすめの商品です。,2023-02-09
4085,収納ボックス 34,ホーム・キッチン,Comfort,35665,658,収納ボックス 34の詳細説明です。高品質でおすすめの商品です。,2023-09-06
4086,ラグマット 34,ホーム・キッチン,Comfort,5454,381,ラグマット 34の詳細説明です。高品質でおすすめの商品です。,2023-07-20
4087,カーテン 34,ホーム・キッチン,Design,22802,555,カーテン 34の詳細説明です。高品質でおすすめの商品です。,2023-01-13
4088,照明器具 34,ホーム・キッチン,Quality,24849,957,照明器具 34の詳細説明です。高品質でおすすめの商品です。,2023-03-08
4089,マットレス 34,ホーム・キッチン,Design,10912,737,マットレス 34の詳細説明です。高品質でおすすめの商品です。,2023-04-11
4090,枕 34,ホーム・キッチン,KitchenPro,49945,433,枕 34の詳細説明です。高品質でおすすめの商品です。,2023-09-24
4091,コーヒーメーカー 35,ホーム・キッチン,Design,41119,319,コーヒーメーカー 35の詳細説明です。高品質でおすすめの商品です。,2023-06-26
4092,調理器具セット 35,ホーム・キッチン,HomeLife,15085,976,調理器具セット 35の詳細説明です。高品質でおすすめの商品です。,2023-04-16
4093,食器セット 35,ホーム・キッチン,Design,4696,898,食器セット 35の詳細説明です。高品質でおすすめの商品です。,2023-11-22
4094,バス用品セット 35,ホーム・キッチン,Quality,20311,313,バス用品セット 35の詳細説明です。高品質でおすすめの商品です。,2023-10-27
4095,収納ボックス 35,ホーム・キッチン,Quality,21693,473,収納ボックス 35の詳細説明です。高品質でおすすめの商品です。,2023-07-31
4096,ラグマット 35,ホーム・キッチン,Design,43297,562,ラグマット 35の詳細説明です。高品質でおすすめの商品です。,2023-01-08
4097,カーテン 35,ホーム・キッチン,HomeLife,19626,488,カーテン 35の詳細説明です。高品質でおすすめの商品です。,2023-06-30
4098,照明器具 35,ホーム・キッチン,Design,29211,127,照明器具 35の詳細説明です。高品質でおすすめの商品です。,2023-05-07
4099,マットレス 35,ホーム・キッチン,Design,43402,88,マットレス 35の詳細説明です。高品質でおすすめの商品です。,2023-10-09
4100,枕 35,ホーム・キッチン,Design,26942,355,枕 35の詳細説明です。高品質でおすすめの商品です。,2023-08-30
4101,コーヒーメーカー 36,ホーム・キッチン,HomeLife,47462,438,コーヒーメーカー 36の詳細説明です。高品質でおすすめの商品です。,2023-12-02
4102,調理器具セット 36,ホーム・キッチン,HomeLife,34045,74,調理器具セット 36の詳細説明です。高品質でおすすめの商品です。,2023-12-08
4103,食器セット 36,ホーム・キッチン,KitchenPro,36927,178,食器セット 36の詳細説明です。高品質でおすすめの商品です。,2023-04-11
4104,バス用品セット 36,ホーム・キッチン,Comfort,36121,645,バス用品セット 36の詳細説明です。高品質でおすすめの商品です。,2023-01-07
4105,収納ボックス 36,ホーム・キッチン,Quality,34102,298,収納ボックス 36の詳細説明です。高品質でおすすめの商品です。,2023-01-16
4106,ラグマット 36,ホーム・キッチン,KitchenPro,36419,951,ラグマット 36の詳細説明です。高品質でおすすめの商品です。,2023-08-19
4107,カーテン 36,ホーム・キッチン,KitchenPro,48407,356,カーテン 36の詳細説明です。高品質でおすすめの商品です。,2023-02-20
4108,照明器具 36,ホーム・キッチン,Quality,46904,627,照明器具 36の詳細説明です。高品質でおすすめの商品です。,2023-11-15
4109,マットレス 36,ホーム・キッチン,Comfort,18429,379,マットレス 36の詳細説明です。高品質でおすすめの商品です。,2023-08-05
4110,枕 36,ホーム・キッチン,Comfort,16315,500,枕 36の詳細説明です。高品質でおすすめの商品です。,2023-03-15
4111,コーヒーメーカー 37,ホーム・キッチン,KitchenPro,48863,665,コーヒーメーカー 37の詳細説明です。高品質でおすすめの商品です。,2023-06-20
4112,調理器具セット 37,ホーム・キッチン,HomeLife,43328,225,調理器具セット 37の詳細説明です。高品質でおすすめの商品です。,2023-01-22
4113,食器セット 37,ホーム・キッチン,Quality,45364,378,食器セット 37の詳細説明です。高品質でおすすめの商品です。,2023-01-01
4114,バス用品セット 37,ホーム・キッチン,Quality,34275,804,バス用品セット 37の詳細説明です。高品質でおすすめの商品です。,2023-10-01
4115,収納ボックス 37,ホーム・キッチン,KitchenPro,48582,952,収納ボックス 37の詳細説明です。高品質でおすすめの商品です。,2023-04-23
4116,ラグマット 37,ホーム・キッチン,Quality,36020,252,ラグマット 37の詳細説明です。高品質でおすすめの商品です。,2023-09-18
4117,カーテン 37,ホーム・キッチン,Design,46109,590,カーテン 37の詳細説明です。高品質でおすすめの商品です。,2023-09-12
4118,照明器具 37,ホーム・キッチン,Design,21743,732,照明器具 37の詳細説明です。高品質でおすすめの商品です。,2023-06-12
4119,マットレス 37,ホーム・キッチン,HomeLife,21157,955,マットレス 37の詳細説明です。高品質でおすすめの商品です。,2023-12-03
4120,枕 37,ホーム・キッチン,Comfort,21511,878,枕 37の詳細説明です。高品質でおすすめの商品です。,2023-05-14
4121,コーヒーメーカー 38,ホーム・キッチン,KitchenPro,41799,39,コーヒーメーカー 38の詳細説明です。高品質でおすすめの商品です。,2023-04-27
4122,調理器具セット 38,ホーム・キッチン,HomeLife,24407,11,調理器具セット 38の詳細説明です。高品質でおすすめの商品です。,2023-11-11
4123,食器セット 38,ホーム・キッチン,HomeLife,10451,482,食器セット 38の詳細説明です。高品質でおすすめの商品です。,2023-06-16
4124,バス用品セット 38,ホーム・キッチン,Design,9723,218,バス用品セット 38の詳細説明です。高品質でおすすめの商品です。,2023-06-07
4125,収納ボックス 38,ホーム・キッチン,KitchenPro,31837,34,収納ボックス 38の詳細説明です。高品質でおすすめの商品です。,2023-04-18
4126,ラグマット 38,ホーム・キッチン,Comfort,27457,928,ラグマット 38の詳細説明です。高品質でおすすめの商品です。,2023-05-20
4127,カーテン 38,ホーム・キッチン,KitchenPro,31619,981,カーテン 38の詳細説明です。高品質でおすすめの商品です。,2023-01-15
4128,照明器具 38,ホーム・キッチン,HomeLife,16937,55,照明器具 38の詳細説明です。高品質でおすすめの商品です。,2023-09-14
4129,マットレス 38,ホーム・キッチン,Quality,35603,613,マットレス 38の詳細説明です。高品質でおすすめの商品です。,2023-11-20
4130,枕 38,ホーム・キッチン,Comfort,16424,663,枕 38の詳細説明です。高品質でおすすめの商品です。,2023-06-08
4131,コーヒーメーカー 39,ホーム・キッチン,Comfort,29265,993,コーヒーメーカー 39の詳細説明です。高品質でおすすめの商品です。,2023-11-18
4132,調理器具セット 39,ホーム・キッチン,Quality,25581,469,調理器具セット 39の詳細説明です。高品質でおすすめの商品です。,2023-07-25
4133,食器セット 39,ホーム・キッチン,Comfort,4997,418,食器セット 39の詳細説明です。高品質でおすすめの商品です。,2023-04-04
4134,バス用品セット 39,ホーム・キッチン,Quality,25747,307,バス用品セット 39の詳細説明です。高品質でおすすめの商品です。,2023-05-10
4135,収納ボックス 39,ホーム・キッチン,Comfort,16865,761,収納ボックス 39の詳細説明です。高品質でおすすめの商品です。,2023-10-05
4136,ラグマット 39,ホーム・キッチン,Comfort,9876,727,ラグマット 39の詳細説明です。高品質でおすすめの商品です。,2023-09-20
4137,カーテン 39,ホーム・キッチン,KitchenPro,11633,20,カーテン 39の詳細説明です。高品質でおすすめの商品です。,2023-04-18
4138,照明器具 39,ホーム・キッチン,Quality,46405,15,照明器具 39の詳細説明です。高品質でおすすめの商品です。,2023-04-09
4139,マットレス 39,ホーム・キッチン,HomeLife,36106,782,マットレス 39の詳細説明です。高品質でおすすめの商品です。,2023-08-28
4140,枕 39,ホーム・キッチン,Design,10323,636,枕 39の詳細説明です。高品質でおすすめの商品です。,2023-11-06
4141,コーヒーメーカー 40,ホーム・キッチン,KitchenPro,10059,846,コーヒーメーカー 40の詳細説明です。高品質でおすすめの商品です。,2023-10-23
4142,調理器具セット 40,ホーム・キッチン,HomeLife,23191,35,調理器具セット 40の詳細説明です。高品質でおすすめの商品です。,2023-05-15
4143,食器セット 40,ホーム・キッチン,Comfort,2758,980,食器セット 40の詳細説明です。高品質でおすすめの商品です。,2023-08-30
4144,バス用品セット 40,ホーム・キッチン,Quality,41140,684,バス用品セット 40の詳細説明です。高品質でおすすめの商品です。,2023-05-27
4145,収納ボックス 40,ホーム・キッチン,HomeLife,44480,780,収納ボックス 40の詳細説明です。高品質でおすすめの商品です。,2023-05-19
4146,ラグマット 40,ホーム・キッチン,HomeLife,31497,909,ラグマット 40の詳細説明です。高品質でおすすめの商品です。,2023-04-27
4147,カーテン 40,ホーム・キッチン,KitchenPro,11431,0,カーテン 40の詳細説明です。高品質でおすすめの商品です。,2023-03-13
4148,照明器具 40,ホーム・キッチン,Design,6627,746,照明器具 40の詳細説明です。高品質でおすすめの商品です。,2023-12-31
4149,マットレス 40,ホーム・キッチン,Quality,11462,27,マットレス 40の詳細説明です。高品質でおすすめの商品です。,2023-08-16
4150,枕 40,ホーム・キッチン,Design,14043,464,枕 40の詳細説明です。高品質でおすすめの商品です。,2023-07-25
4151,コーヒーメーカー 41,ホーム・キッチン,Comfort,23572,660,コーヒーメーカー 41の詳細説明です。高品質でおすすめの商品です。,2023-03-06
4152,調理器具セット 41,ホーム・キッチン,HomeLife,41390,413,調理器具セット 41の詳細説明です。高品質でおすすめの商品です。,2023-06-13
4153,食器セット 41,ホーム・キッチン,Design,31444,836,食器セット 41の詳細説明です。高品質でおすすめの商品です。,2023-07-06
4154,バス用品セット 41,ホーム・キッチン,HomeLife,17531,764,バス用品セット 41の詳細説明です。高品質でおすすめの商品です。,2023-09-26
4155,収納ボックス 41,ホーム・キッチン,Comfort,3419,174,収納ボックス 41の詳細説明です。高品質でおすすめの商品です。,2023-02-22
4156,ラグマット 41,ホーム・キッチン,Comfort,13785,278,ラグマット 41の詳細説明です。高品質でおすすめの商品です。,2023-06-27
4157,カーテン 41,ホーム・キッチン,Comfort,17855,690,カーテン 41の詳細説明です。高品質でおすすめの商品です。,2023-03-16
4158,照明器具 41,ホーム・キッチン,Comfort,30060,853,照明器具 41の詳細説明です。高品質でおすすめの商品です。,2023-12-06
4159,マットレス 41,ホーム・キッチン,HomeLife,23275,783,マットレス 41の詳細説明です。高品質でおすすめの商品です。,2023-04-06
4160,枕 41,ホーム・キッチン,Comfort,31107,847,枕 41の詳細説明です。高品質でおすすめの商品です。,2023-12-23
4161,コーヒーメーカー 42,ホーム・キッチン,KitchenPro,30840,951,コーヒーメーカー 42の詳細説明です。高品質でおすすめの商品です。,2023-04-26
4162,調理器具セット 42,ホーム・キッチン,KitchenPro,49182,326,調理器具セット 42の詳細説明です。高品質でおすすめの商品です。,2023-12-04
4163,食器セット 42,ホーム・キッチン,Comfort,42718,958,食器セット 42の詳細説明です。高品質でおすすめの商品です。,2023-07-16
4164,バス用品セット 42,ホーム・キッチン,Comfort,19639,379,バス用品セット 42の詳細説明です。高品質でおすすめの商品です。,2023-09-08
4165,収納ボックス 42,ホーム・キッチン,Comfort,4419,26,収納ボックス 42の詳細説明です。高品質でおすすめの商品です。,2023-01-20
4166,ラグマット 42,ホーム・キッチン,KitchenPro,48757,928,ラグマット 42の詳細説明です。高品質でおすすめの商品です。,2023-01-15
4167,カーテン 42,ホーム・キッチン,KitchenPro,9926,16,カーテン 42の詳細説明です。高品質でおすすめの商品です。,2023-12-03
4168,照明器具 42,ホーム・キッチン,HomeLife,17106,948,照明器具 42の詳細説明です。高品質でおすすめの商品です。,2023-07-26
4169,マットレス 42,ホーム・キッチン,Comfort,23597,956,マットレス 42の詳細説明です。高品質でおすすめの商品です。,2023-06-20
4170,枕 42,ホーム・キッチン,Design,22649,663,枕 42の詳細説明です。高品質でおすすめの商品です。,2023-01-07
4171,コーヒーメーカー 43,ホーム・キッチン,Comfort,15224,65,コーヒーメーカー 43の詳細説明です。高品質でおすすめの商品です。,2023-03-15
4172,調理器具セット 43,ホーム・キッチン,HomeLife,13054,825,調理器具セット 43の詳細説明です。高品質でおすすめの商品です。,2023-10-04
4173,食器セット 43,ホーム・キッチン,Quality,32372,701,食器セット 43の詳細説明です。高品質でおすすめの商品です。,2023-05-03
4174,バス用品セット 43,ホーム・キッチン,HomeLife,48144,255,バス用品セット 43の詳細説明です。高品質でおすすめの商品です。,2023-02-06
4175,収納ボックス 43,ホーム・キッチン,Comfort,16154,174,収納ボックス 43の詳細説明です。高品質でおすすめの商品です。,2023-11-30
4176,ラグマット 43,ホーム・キッチン,HomeLife,7290,686,ラグマット 43の詳細説明です。高品質でおすすめの商品です。,2023-01-24
4177,カーテン 43,ホーム・キッチン,Comfort,1521,105,カーテン 43の詳細説明です。高品質でおすすめの商品です。,2023-03-26
4178,照明器具 43,ホーム・キッチン,HomeLife,47213,172,照明器具 43の詳細説明です。高品質でおすすめの商品です。,2023-07-03
4179,マットレス 43,ホーム・キッチン,HomeLife,1397,396,マットレス 43の詳細説明です。高品質でおすすめの商品です。,2023-06-20
4180,枕 43,ホーム・キッチン,KitchenPro,17742,244,枕 43の詳細説明です。高品質でおすすめの商品です。,2023-09-16
4181,コーヒーメーカー 44,ホーム・キッチン,Design,9859,961,コーヒーメーカー 44の詳細説明です。高品質でおすすめの商品です。,2023-01-07
4182,調理器具セット 44,ホーム・キッチン,HomeLife,45914,258,調理器具セット 44の詳細説明です。高品質でおすすめの商品です。,2023-07-07
4183,食器セット 44,ホーム・キッチン,HomeLife,35004,838,食器セット 44の詳細説明です。高品質でおすすめの商品です。,2023-07-09
4184,バス用品セット 44,ホーム・キッチン,Design,37511,459,バス用品セット 44の詳細説明です。高品質でおすすめの商品です。,2023-08-06
4185,収納ボックス 44,ホーム・キッチン,KitchenPro,5176,946,収納ボックス 44の詳細説明です。高品質でおすすめの商品です。,2023-06-26
4186,ラグマット 44,ホーム・キッチン,Quality,32158,87,ラグマット 44の詳細説明です。高品質でおすすめの商品です。,2023-01-17
4187,カーテン 44,ホーム・キッチン,Quality,16660,86,カーテン 44の詳細説明です。高品質でおすすめの商品です。,2023-07-29
4188,照明器具 44,ホーム・キッチン,Design,6980,738,照明器具 44の詳細説明です。高品質でおすすめの商品です。,2023-06-06
4189,マットレス 44,ホーム・キッチン,Quality,38325,929,マットレス 44の詳細説明です。高品質でおすすめの商品です。,2023-05-22
4190,枕 44,ホーム・キッチン,Design,27706,520,枕 44の詳細説明です。高品質でおすすめの商品です。,2023-05-08
4191,コーヒーメーカー 45,ホーム・キッチン,HomeLife,45067,191,コーヒーメーカー 45の詳細説明です。高品質でおすすめの商品です。,2023-06-21
4192,調理器具セット 45,ホーム・キッチン,Quality,15962,55,調理器具セット 45の詳細説明です。高品質でおすすめの商品です。,2023-02-25
4193,食器セット 45,ホーム・キッチン,KitchenPro,1344,97,食器セット 45の詳細説明です。高品質でおすすめの商品です。,2023-12-02
4194,バス用品セット 45,ホーム・キッチン,HomeLife,6581,312,バス用品セット 45の詳細説明です。高品質でおすすめの商品です。,2023-02-15
4195,収納ボックス 45,ホーム・キッチン,HomeLife,49477,671,収納ボックス 45の詳細説明です。高品質でおすすめの商品です。,2023-06-10
4196,ラグマット 45,ホーム・キッチン,HomeLife,30632,577,ラグマット 45の詳細説明です。高品質でおすすめの商品です。,2023-08-15
4197,カーテン 45,ホーム・キッチン,HomeLife,21590,326,カーテン 45の詳細説明です。高品質でおすすめの商品です。,2023-05-07
4198,照明器具 45,ホーム・キッチン,KitchenPro,33755,419,照明器具 45の詳細説明です。高品質でおすすめの商品です。,2023-02-04
4199,マットレス 45,ホーム・キッチン,KitchenPro,20438,134,マットレス 45の詳細説明です。高品質でおすすめの商品です。,2023-11-07
4200,枕 45,ホーム・キッチン,HomeLife,45282,91,枕 45の詳細説明です。高品質でおすすめの商品です。,2023-11-08
4201,コーヒーメーカー 46,ホーム・キッチン,KitchenPro,39532,983,コーヒーメーカー 46の詳細説明です。高品質でおすすめの商品です。,2023-02-18
4202,調理器具セット 46,ホーム・キッチン,Quality,37937,846,調理器具セット 46の詳細説明です。高品質でおすすめの商品です。,2023-09-20
4203,食器セット 46,ホーム・キッチン,KitchenPro,43873,422,食器セット 46の詳細説明です。高品質でおすすめの商品です。,2023-01-11
4204,バス用品セット 46,ホーム・キッチン,KitchenPro,7546,729,バス用品セット 46の詳細説明です。高品質でおすすめの商品です。,2023-04-04
4205,収納ボックス 46,ホーム・キッチン,Quality,32129,702,収納ボックス 46の詳細説明です。高品質でおすすめの商品です。,2023-05-16
4206,ラグマット 46,ホーム・キッチン,Quality,23824,33,ラグマット 46の詳細説明です。高品質でおすすめの商品です。,2023-06-12
4207,カーテン 46,ホーム・キッチン,Quality,6618,436,カーテン 46の詳細説明です。高品質でおすすめの商品です。,2023-11-15
4208,照明器具 46,ホーム・キッチン,KitchenPro,25003,203,照明器具 46の詳細説明です。高品質でおすすめの商品です。,2023-04-06
4209,マットレス 46,ホーム・キッチン,HomeLife,26891,681,マットレス 46の詳細説明です。高品質でおすすめの商品です。,2023-01-27
4210,枕 46,ホーム・キッチン,Quality,2577,836,枕 46の詳細説明です。高品質でおすすめの商品です。,2023-01-03
4211,コーヒーメーカー 47,ホーム・キッチン,HomeLife,49945,185,コーヒーメーカー 47の詳細説明です。高品質でおすすめの商品です。,2023-09-05
4212,調理器具セット 47,ホーム・キッチン,HomeLife,1387,550,調理器具セット 47の詳細説明です。高品質でおすすめの商品です。,2023-04-08
4213,食器セット 47,ホーム・キッチン,Comfort,32312,186,食器セット 47の詳細説明です。高品質でおすすめの商品です。,2023-02-08
4214,バス用品セット 47,ホーム・キッチン,Comfort,13679,447,バス用品セット 47の詳細説明です。高品質でおすすめの商品です。,2023-01-21
4215,収納ボックス 47,ホーム・キッチン,HomeLife,7932,720,収納ボックス 47の詳細説明です。高品質でおすすめの商品です。,2023-04-10
4216,ラグマット 47,ホーム・キッチン,Design,16934,93,ラグマット 47の詳細説明です。高品質でおすすめの商品です。,2023-09-11
4217,カーテン 47,ホーム・キッチン,Comfort,550,449,カーテン 47の詳細説明です。高品質でおすすめの商品です。,2023-07-06
4218,照明器具 47,ホーム・キッチン,Comfort,34313,422,照明器具 47の詳細説明です。高品質でおすすめの商品です。,2023-12-07
4219,マットレス 47,ホーム・キッチン,HomeLife,9396,23,マットレス 47の詳細説明です。高品質でおすすめの商品です。,2023-07-20
4220,枕 47,ホーム・キッチン,KitchenPro,25148,745,枕 47の詳細説明です。高品質でおすすめの商品です。,2023-04-13
4221,コーヒーメーカー 48,ホーム・キッチン,Comfort,14783,747,コーヒーメーカー 48の詳細説明です。高品質でおすすめの商品です。,2023-06-14
4222,調理器具セット 48,ホーム・キッチン,KitchenPro,44744,151,調理器具セット 48の詳細説明です。高品質でおすすめの商品です。,2023-12-05
4223,食器セット 48,ホーム・キッチン,Quality,28460,346,食器セット 48の詳細説明です。高品質でおすすめの商品です。,2023-08-11
4224,バス用品セット 48,ホーム・キッチン,KitchenPro,45702,879,バス用品セット 48の詳細説明です。高品質でおすすめの商品です。,2023-04-21
4225,収納ボックス 48,ホーム・キッチン,Comfort,26001,595,収納ボックス 48の詳細説明です。高品質でおすすめの商品です。,2023-09-04
4226,ラグマット 48,ホーム・キッチン,Quality,10766,976,ラグマット 48の詳細説明です。高品質でおすすめの商品です。,2023-09-13
4227,カーテン 48,ホーム・キッチン,Comfort,6413,693,カーテン 48の詳細説明です。高品質でおすすめの商品です。,2023-04-23
4228,照明器具 48,ホーム・キッチン,HomeLife,39085,788,照明器具 48の詳細説明です。高品質でおすすめの商品です。,2023-04-30
4229,マットレス 48,ホーム・キッチン,KitchenPro,39486,237,マットレス 48の詳細説明です。高品質でおすすめの商品です。,2023-12-17
4230,枕 48,ホーム・キッチン,Quality,28180,532,枕 48の詳細説明です。高品質でおすすめの商品です。,2023-01-11
4231,コーヒーメーカー 49,ホーム・キッチン,Design,16333,844,コーヒーメーカー 49の詳細説明です。高品質でおすすめの商品です。,2023-06-22
4232,調理器具セット 49,ホーム・キッチン,Design,37220,170,調理器具セット 49の詳細説明です。高品質でおすすめの商品です。,2023-01-14
4233,食器セット 49,ホーム・キッチン,Comfort,46427,84,食器セット 49の詳細説明です。高品質でおすすめの商品です。,2023-08-19
4234,バス用品セット 49,ホーム・キッチン,Design,30162,707,バス用品セット 49の詳細説明です。高品質でおすすめの商品です。,2023-05-27
4235,収納ボックス 49,ホーム・キッチン,Design,13769,279,収納ボックス 49の詳細説明です。高品質でおすすめの商品です。,2023-12-30
4236,ラグマット 49,ホーム・キッチン,Comfort,4603,804,ラグマット 49の詳細説明です。高品質でおすすめの商品です。,2023-02-24
4237,カーテン 49,ホーム・キッチン,KitchenPro,11448,208,カーテン 49の詳細説明です。高品質でおすすめの商品です。,2023-12-20
4238,照明器具 49,ホーム・キッチン,Quality,35054,655,照明器具 49の詳細説明です。高品質でおすすめの商品です。,2023-10-24
4239,マットレス 49,ホーム・キッチン,Quality,17769,91,マットレス 49の詳細説明です。高品質でおすすめの商品です。,2023-09-18
4240,枕 49,ホーム・キッチン,HomeLife,31081,828,枕 49の詳細説明です。高品質でおすすめの商品です。,2023-04-20
4241,コーヒーメーカー 50,ホーム・キッチン,Quality,26632,133,コーヒーメーカー 50の詳細説明です。高品質でおすすめの商品です。,2023-05-11
4242,調理器具セット 50,ホーム・キッチン,KitchenPro,21756,574,調理器具セット 50の詳細説明です。高品質でおすすめの商品です。,2023-12-08
4243,食器セット 50,ホーム・キッチン,Comfort,6906,252,食器セット 50の詳細説明です。高品質でおすすめの商品です。,2023-09-28
4244,バス用品セット 50,ホーム・キッチン,KitchenPro,13691,235,バス用品セット 50の詳細説明です。高品質でおすすめの商品です。,2023-06-25
4245,収納ボックス 50,ホーム・キッチン,HomeLife,46846,291,収納ボックス 50の詳細説明です。高品質でおすすめの商品です。,2023-01-04
4246,ラグマット 50,ホーム・キッチン,Comfort,10285,119,ラグマット 50の詳細説明です。高品質でおすすめの商品です。,2023-03-26
4247,カーテン 50,ホーム・キッチン,HomeLife,36303,570,カーテン 50の詳細説明です。高品質でおすすめの商品です。,2023-05-05
4248,照明器具 50,ホーム・キッチン,Comfort,777,111,照明器具 50の詳細説明です。高品質でおすすめの商品です。,2023-07-30
4249,マットレス 50,ホーム・キッチン,Comfort,6409,817,マットレス 50の詳細説明です。高品質でおすすめの商品です。,2023-11-30
4250,枕 50,ホーム・キッチン,Comfort,30119,125,枕 50の詳細説明です。高品質でおすすめの商品です。,2023-11-16
4251,コーヒーメーカー 51,ホーム・キッチン,HomeLife,34565,501,コーヒーメーカー 51の詳細説明です。高品質でおすすめの商品です。,2023-01-17
4252,調理器具セット 51,ホーム・キッチン,Design,49072,710,調理器具セット 51の詳細説明です。高品質でおすすめの商品です。,2023-06-09
4253,食器セット 51,ホーム・キッチン,Quality,24926,15,食器セット 51の詳細説明です。高品質でおすすめの商品です。,2023-10-07
4254,バス用品セット 51,ホーム・キッチン,Comfort,20843,157,バス用品セット 51の詳細説明です。高品質でおすすめの商品です。,2023-12-17
4255,収納ボックス 51,ホーム・キッチン,HomeLife,33145,715,収納ボックス 51の詳細説明です。高品質でおすすめの商品です。,2023-05-02
4256,ラグマット 51,ホーム・キッチン,Design,18748,693,ラグマット 51の詳細説明です。高品質でおすすめの商品です。,2023-09-27
4257,カーテン 51,ホーム・キッチン,KitchenPro,10041,133,カーテン 51の詳細説明です。高品質でおすすめの商品です。,2023-10-07
4258,照明器具 51,ホーム・キッチン,HomeLife,42582,307,照明器具 51の詳細説明です。高品質でおすすめの商品です。,2023-04-24
4259,マットレス 51,ホーム・キッチン,HomeLife,27343,713,マットレス 51の詳細説明です。高品質でおすすめの商品です。,2023-05-10
4260,枕 51,ホーム・キッチン,KitchenPro,6924,667,枕 51の詳細説明です。高品質でおすすめの商品です。,2023-09-26
4261,コーヒーメーカー 52,ホーム・キッチン,KitchenPro,38763,662,コーヒーメーカー 52の詳細説明です。高品質でおすすめの商品です。,2023-01-14
4262,調理器具セット 52,ホーム・キッチン,HomeLife,25834,948,調理器具セット 52の詳細説明です。高品質でおすすめの商品です。,2023-06-04
4263,食器セット 52,ホーム・キッチン,HomeLife,21174,567,食器セット 52の詳細説明です。高品質でおすすめの商品です。,2023-06-12
4264,バス用品セット 52,ホーム・キッチン,KitchenPro,12972,410,バス用品セット 52の詳細説明です。高品質でおすすめの商品です。,2023-09-18
4265,収納ボックス 52,ホーム・キッチン,HomeLife,41170,425,収納ボックス 52の詳細説明です。高品質でおすすめの商品です。,2023-01-10
4266,ラグマット 52,ホーム・キッチン,Design,18482,670,ラグマット 52の詳細説明です。高品質でおすすめの商品です。,2023-10-17
4267,カーテン 52,ホーム・キッチン,Design,12678,152,カーテン 52の詳細説明です。高品質でおすすめの商品です。,2023-02-16
4268,照明器具 52,ホーム・キッチン,Comfort,32245,567,照明器具 52の詳細説明です。高品質でおすすめの商品です。,2023-11-03
4269,マットレス 52,ホーム・キッチン,HomeLife,26677,566,マットレス 52の詳細説明です。高品質でおすすめの商品です。,2023-05-07
4270,枕 52,ホーム・キッチン,KitchenPro,21614,36,枕 52の詳細説明です。高品質でおすすめの商品です。,2023-11-18
4271,コーヒーメーカー 53,ホーム・キッチン,HomeLife,15042,416,コーヒーメーカー 53の詳細説明です。高品質でおすすめの商品です。,2023-09-14
4272,調理器具セット 53,ホーム・キッチン,Comfort,34285,482,調理器具セット 53の詳細説明です。高品質でおすすめの商品です。,2023-05-20
4273,食器セット 53,ホーム・キッチン,HomeLife,38960,936,食器セット 53の詳細説明です。高品質でおすすめの商品です。,2023-12-08
4274,バス用品セット 53,ホーム・キッチン,Comfort,27322,122,バス用品セット 53の詳細説明です。高品質でおすすめの商品です。,2023-07-03
4275,収納ボックス 53,ホーム・キッチン,Design,38393,72,収納ボックス 53の詳細説明です。高品質でおすすめの商品です。,2023-09-23
4276,ラグマット 53,ホーム・キッチン,Design,10964,211,ラグマット 53の詳細説明です。高品質でおすすめの商品です。,2023-03-31
4277,カーテン 53,ホーム・キッチン,KitchenPro,44978,584,カーテン 53の詳細説明です。高品質でおすすめの商品です。,2023-11-10
4278,照明器具 53,ホーム・キッチン,Comfort,28949,3,照明器具 53の詳細説明です。高品質でおすすめの商品です。,2023-10-31
4279,マットレス 53,ホーム・キッチン,HomeLife,3530,294,マットレス 53の詳細説明です。高品質でおすすめの商品です。,2023-03-27
4280,枕 53,ホーム・キッチン,KitchenPro,10074,486,枕 53の詳細説明です。高品質でおすすめの商品です。,2023-07-19
4281,コーヒーメーカー 54,ホーム・キッチン,HomeLife,11372,477,コーヒーメーカー 54の詳細説明です。高品質でおすすめの商品です。,2023-10-31
4282,調理器具セット 54,ホーム・キッチン,KitchenPro,20413,930,調理器具セット 54の詳細説明です。高品質でおすすめの商品です。,2023-03-20
4283,食器セット 54,ホーム・キッチン,Comfort,14591,486,食器セット 54の詳細説明です。高品質でおすすめの商品です。,2023-10-10
4284,バス用品セット 54,ホーム・キッチン,KitchenPro,46887,920,バス用品セット 54の詳細説明です。高品質でおすすめの商品です。,2023-07-07
4285,収納ボックス 54,ホーム・キッチン,HomeLife,36134,707,収納ボックス 54の詳細説明です。高品質でおすすめの商品です。,2023-02-23
4286,ラグマット 54,ホーム・キッチン,Quality,49178,279,ラグマット 54の詳細説明です。高品質でおすすめの商品です。,2023-06-04
4287,カーテン 54,ホーム・キッチン,Comfort,7750,84,カーテン 54の詳細説明です。高品質でおすすめの商品です。,2023-08-02
4288,照明器具 54,ホーム・キッチン,Comfort,32180,382,照明器具 54の詳細説明です。高品質でおすすめの商品です。,2023-04-25
4289,マットレス 54,ホーム・キッチン,Design,11575,769,マットレス 54の詳細説明です。高品質でおすすめの商品です。,2023-01-27
4290,枕 54,ホーム・キッチン,Quality,31226,467,枕 54の詳細説明です。高品質でおすすめの商品です。,2023-02-01
4291,コーヒーメーカー 55,ホーム・キッチン,HomeLife,39382,11,コーヒーメーカー 55の詳細説明です。高品質でおすすめの商品です。,2023-04-11
4292,調理器具セット 55,ホーム・キッチン,Quality,25062,190,調理器具セット 55の詳細説明です。高品質でおすすめの商品です。,2023-06-25
4293,食器セット 55,ホーム・キッチン,Design,27204,13,食器セット 55の詳細説明です。高品質でおすすめの商品です。,2023-07-22
4294,バス用品セット 55,ホーム・キッチン,HomeLife,12318,843,バス用品セット 55の詳細説明です。高品質でおすすめの商品です。,2023-12-01
4295,収納ボックス 55,ホーム・キッチン,Design,41912,692,収納ボックス 55の詳細説明です。高品質でおすすめの商品です。,2023-05-09
4296,ラグマット 55,ホーム・キッチン,HomeLife,4206,136,ラグマット 55の詳細説明です。高品質でおすすめの商品です。,2023-07-13
4297,カーテン 55,ホーム・キッチン,Comfort,26077,485,カーテン 55の詳細説明です。高品質でおすすめの商品です。,2023-09-09
4298,照明器具 55,ホーム・キッチン,HomeLife,3782,974,照明器具 55の詳細説明です。高品質でおすすめの商品です。,2023-02-28
4299,マットレス 55,ホーム・キッチン,Quality,697,803,マットレス 55の詳細説明です。高品質でおすすめの商品です。,2023-03-20
4300,枕 55,ホーム・キッチン,Design,8281,278,枕 55の詳細説明です。高品質でおすすめの商品です。,2023-06-08
4301,コーヒーメーカー 56,ホーム・キッチン,Design,45284,398,コーヒーメーカー 56の詳細説明です。高品質でおすすめの商品です。,2023-06-14
4302,調理器具セット 56,ホーム・キッチン,HomeLife,7323,604,調理器具セット 56の詳細説明です。高品質でおすすめの商品です。,2023-07-31
4303,食器セット 56,ホーム・キッチン,Comfort,1606,896,食器セット 56の詳細説明です。高品質でおすすめの商品です。,2023-08-19
4304,バス用品セット 56,ホーム・キッチン,KitchenPro,39795,1,バス用品セット 56の詳細説明です。高品質でおすすめの商品です。,2023-10-20
4305,収納ボックス 56,ホーム・キッチン,Quality,12697,82,収納ボックス 56の詳細説明です。高品質でおすすめの商品です。,2023-05-06
4306,ラグマット 56,ホーム・キッチン,KitchenPro,10890,843,ラグマット 56の詳細説明です。高品質でおすすめの商品です。,2023-05-27
4307,カーテン 56,ホーム・キッチン,Quality,8628,600,カーテン 56の詳細説明です。高品質でおすすめの商品です。,2023-07-09
4308,照明器具 56,ホーム・キッチン,HomeLife,11130,399,照明器具 56の詳細説明です。高品質でおすすめの商品です。,2023-09-12
4309,マットレス 56,ホーム・キッチン,Design,11316,731,マットレス 56の詳細説明です。高品質でおすすめの商品です。,2023-08-12
4310,枕 56,ホーム・キッチン,HomeLife,30697,889,枕 56の詳細説明です。高品質でおすすめの商品です。,2023-10-09
4311,コーヒーメーカー 57,ホーム・キッチン,Quality,41840,324,コーヒーメーカー 57の詳細説明です。高品質でおすすめの商品です。,2023-09-27
4312,調理器具セット 57,ホーム・キッチン,Design,26381,571,調理器具セット 57の詳細説明です。高品質でおすすめの商品です。,2023-05-28
4313,食器セット 57,ホーム・キッチン,HomeLife,47912,621,食器セット 57の詳細説明です。高品質でおすすめの商品です。,2023-12-01
4314,バス用品セット 57,ホーム・キッチン,Quality,28261,965,バス用品セット 57の詳細説明です。高品質でおすすめの商品です。,2023-03-18
4315,収納ボックス 57,ホーム・キッチン,Comfort,33354,277,収納ボックス 57の詳細説明です。高品質でおすすめの商品です。,2023-04-03
4316,ラグマット 57,ホーム・キッチン,Design,44235,987,ラグマット 57の詳細説明です。高品質でおすすめの商品です。,2023-09-30
4317,カーテン 57,ホーム・キッチン,Comfort,5132,396,カーテン 57の詳細説明です。高品質でおすすめの商品です。,2023-01-26
4318,照明器具 57,ホーム・キッチン,Design,15782,403,照明器具 57の詳細説明です。高品質でおすすめの商品です。,2023-02-10
4319,マットレス 57,ホーム・キッチン,KitchenPro,11490,229,マットレス 57の詳細説明です。高品質でおすすめの商品です。,2023-12-15
4320,枕 57,ホーム・キッチン,Comfort,40873,592,枕 57の詳細説明です。高品質でおすすめの商品です。,2023-09-28
4321,コーヒーメーカー 58,ホーム・キッチン,HomeLife,43475,966,コーヒーメーカー 58の詳細説明です。高品質でおすすめの商品です。,2023-01-23
4322,調理器具セット 58,ホーム・キッチン,Design,47002,22,調理器具セット 58の詳細説明です。高品質でおすすめの商品です。,2023-09-10
4323,食器セット 58,ホーム・キッチン,KitchenPro,21097,790,食器セット 58の詳細説明です。高品質でおすすめの商品です。,2023-02-02
4324,バス用品セット 58,ホーム・キッチン,HomeLife,14610,797,バス用品セット 58の詳細説明です。高品質でおすすめの商品です。,2023-05-15
4325,収納ボックス 58,ホーム・キッチン,Design,10029,539,収納ボックス 58の詳細説明です。高品質でおすすめの商品です。,2023-11-15
4326,ラグマット 58,ホーム・キッチン,HomeLife,14152,607,ラグマット 58の詳細説明です。高品質でおすすめの商品です。,2023-09-08
4327,カーテン 58,ホーム・キッチン,Comfort,3294,586,カーテン 58の詳細説明です。高品質でおすすめの商品です。,2023-03-28
4328,照明器具 58,ホーム・キッチン,Quality,8472,709,照明器具 58の詳細説明です。高品質でおすすめの商品です。,2023-04-29
4329,マットレス 58,ホーム・キッチン,Comfort,42363,553,マットレス 58の詳細説明です。高品質でおすすめの商品です。,2023-02-02
4330,枕 58,ホーム・キッチン,KitchenPro,27814,205,枕 58の詳細説明です。高品質でおすすめの商品です。,2023-12-02
4331,コーヒーメーカー 59,ホーム・キッチン,Design,28552,439,コーヒーメーカー 59の詳細説明です。高品質でおすすめの商品です。,2023-05-29
4332,調理器具セット 59,ホーム・キッチン,Comfort,28092,361,調理器具セット 59の詳細説明です。高品質でおすすめの商品です。,2023-07-31
4333,食器セット 59,ホーム・キッチン,Comfort,15264,602,食器セット 59の詳細説明です。高品質でおすすめの商品です。,2023-08-11
4334,バス用品セット 59,ホーム・キッチン,Comfort,7818,845,バス用品セット 59の詳細説明です。高品質でおすすめの商品です。,2023-11-24
4335,収納ボックス 59,ホーム・キッチン,KitchenPro,7632,35,収納ボックス 59の詳細説明です。高品質でおすすめの商品です。,2023-02-19
4336,ラグマット 59,ホーム・キッチン,Comfort,23024,533,ラグマット 59の詳細説明です。高品質でおすすめの商品です。,2023-03-12
4337,カーテン 59,ホーム・キッチン,KitchenPro,25148,545,カーテン 59の詳細説明です。高品質でおすすめの商品です。,2023-04-01
4338,照明器具 59,ホーム・キッチン,Quality,47246,431,照明器具 59の詳細説明です。高品質でおすすめの商品です。,2023-08-05
4339,マットレス 59,ホーム・キッチン,KitchenPro,5240,974,マットレス 59の詳細説明です。高品質でおすすめの商品です。,2023-12-27
4340,枕 59,ホーム・キッチン,Quality,43333,305,枕 59の詳細説明です。高品質でおすすめの商品です。,2023-10-24
4341,コーヒーメーカー 60,ホーム・キッチン,KitchenPro,18602,585,コーヒーメーカー 60の詳細説明です。高品質でおすすめの商品です。,2023-08-09
4342,調理器具セット 60,ホーム・キッチン,Design,5106,717,調理器具セット 60の詳細説明です。高品質でおすすめの商品です。,2023-11-18
4343,食器セット 60,ホーム・キッチン,HomeLife,20680,732,食器セット 60の詳細説明です。高品質でおすすめの商品です。,2023-01-13
4344,バス用品セット 60,ホーム・キッチン,Comfort,42114,299,バス用品セット 60の詳細説明です。高品質でおすすめの商品です。,2023-01-31
4345,収納ボックス 60,ホーム・キッチン,Quality,44843,729,収納ボックス 60の詳細説明です。高品質でおすすめの商品です。,2023-08-18
4346,ラグマット 60,ホーム・キッチン,Design,46156,24,ラグマット 60の詳細説明です。高品質でおすすめの商品です。,2023-09-20
4347,カーテン 60,ホーム・キッチン,Quality,14307,632,カーテン 60の詳細説明です。高品質でおすすめの商品です。,2023-11-08
4348,照明器具 60,ホーム・キッチン,Quality,8617,528,照明器具 60の詳細説明です。高品質でおすすめの商品です。,2023-09-06
4349,マットレス 60,ホーム・キッチン,Comfort,24043,396,マットレス 60の詳細説明です。高品質でおすすめの商品です。,2023-08-27
4350,枕 60,ホーム・キッチン,HomeLife,48418,31,枕 60の詳細説明です。高品質でおすすめの商品です。,2023-04-15
4351,コーヒーメーカー 61,ホーム・キッチン,Design,5049,404,コーヒーメーカー 61の詳細説明です。高品質でおすすめの商品です。,2023-01-22
4352,調理器具セット 61,ホーム・キッチン,Design,45282,377,調理器具セット 61の詳細説明です。高品質でおすすめの商品です。,2023-10-30
4353,食器セット 61,ホーム・キッチン,Comfort,42799,148,食器セット 61の詳細説明です。高品質でおすすめの商品です。,2023-02-24
4354,バス用品セット 61,ホーム・キッチン,KitchenPro,32445,708,バス用品セット 61の詳細説明です。高品質でおすすめの商品です。,2023-07-25
4355,収納ボックス 61,ホーム・キッチン,Comfort,11782,116,収納ボックス 61の詳細説明です。高品質でおすすめの商品です。,2023-02-10
4356,ラグマット 61,ホーム・キッチン,HomeLife,41167,602,ラグマット 61の詳細説明です。高品質でおすすめの商品です。,2023-01-25
4357,カーテン 61,ホーム・キッチン,Comfort,33675,180,カーテン 61の詳細説明です。高品質でおすすめの商品です。,2023-04-01
4358,照明器具 61,ホーム・キッチン,Comfort,3397,844,照明器具 61の詳細説明です。高品質でおすすめの商品です。,2023-01-05
4359,マットレス 61,ホーム・キッチン,HomeLife,45292,794,マットレス 61の詳細説明です。高品質でおすすめの商品です。,2023-01-08
4360,枕 61,ホーム・キッチン,HomeLife,25923,309,枕 61の詳細説明です。高品質でおすすめの商品です。,2023-12-27
4361,コーヒーメーカー 62,ホーム・キッチン,Quality,29823,492,コーヒーメーカー 62の詳細説明です。高品質でおすすめの商品です。,2023-02-24
4362,調理器具セット 62,ホーム・キッチン,Design,23584,336,調理器具セット 62の詳細説明です。高品質でおすすめの商品です。,2023-11-26
4363,食器セット 62,ホーム・キッチン,Quality,12856,70,食器セット 62の詳細説明です。高品質でおすすめの商品です。,2023-03-18
4364,バス用品セット 62,ホーム・キッチン,HomeLife,17071,579,バス用品セット 62の詳細説明です。高品質でおすすめの商品です。,2023-10-29
4365,収納ボックス 62,ホーム・キッチン,KitchenPro,29787,702,収納ボックス 62の詳細説明です。高品質でおすすめの商品です。,2023-07-18
4366,ラグマット 62,ホーム・キッチン,KitchenPro,30469,499,ラグマット 62の詳細説明です。高品質でおすすめの商品です。,2023-02-17
4367,カーテン 62,ホーム・キッチン,Design,17516,520,カーテン 62の詳細説明です。高品質でおすすめの商品です。,2023-09-10
4368,照明器具 62,ホーム・キッチン,HomeLife,4617,164,照明器具 62の詳細説明です。高品質でおすすめの商品です。,2023-08-27
4369,マットレス 62,ホーム・キッチン,KitchenPro,26577,734,マットレス 62の詳細説明です。高品質でおすすめの商品です。,2023-03-17
4370,枕 62,ホーム・キッチン,HomeLife,13278,830,枕 62の詳細説明です。高品質でおすすめの商品です。,2023-02-12
4371,コーヒーメーカー 63,ホーム・キッチン,HomeLife,1748,675,コーヒーメーカー 63の詳細説明です。高品質でおすすめの商品です。,2023-07-11
4372,調理器具セット 63,ホーム・キッチン,KitchenPro,24588,188,調理器具セット 63の詳細説明です。高品質でおすすめの商品です。,2023-08-27
4373,食器セット 63,ホーム・キッチン,Quality,6617,314,食器セット 63の詳細説明です。高品質でおすすめの商品です。,2023-01-26
4374,バス用品セット 63,ホーム・キッチン,HomeLife,12126,177,バス用品セット 63の詳細説明です。高品質でおすすめの商品です。,2023-01-13
4375,収納ボックス 63,ホーム・キッチン,Comfort,46699,428,収納ボックス 63の詳細説明です。高品質でおすすめの商品です。,2023-09-21
4376,ラグマット 63,ホーム・キッチン,HomeLife,42286,614,ラグマット 63の詳細説明です。高品質でおすすめの商品です。,2023-10-14
4377,カーテン 63,ホーム・キッチン,Quality,17320,866,カーテン 63の詳細説明です。高品質でおすすめの商品です。,2023-11-21
4378,照明器具 63,ホーム・キッチン,Design,4479,272,照明器具 63の詳細説明です。高品質でおすすめの商品です。,2023-02-16
4379,マットレス 63,ホーム・キッチン,KitchenPro,43177,798,マットレス 63の詳細説明です。高品質でおすすめの商品です。,2023-01-28
4380,枕 63,ホーム・キッチン,Comfort,33279,653,枕 63の詳細説明です。高品質でおすすめの商品です。,2023-12-03
4381,コーヒーメーカー 64,ホーム・キッチン,HomeLife,4449,124,コーヒーメーカー 64の詳細説明です。高品質でおすすめの商品です。,2023-02-16
4382,調理器具セット 64,ホーム・キッチン,KitchenPro,45991,533,調理器具セット 64の詳細説明です。高品質でおすすめの商品です。,2023-06-07
4383,食器セット 64,ホーム・キッチン,HomeLife,12968,62,食器セット 64の詳細説明です。高品質でおすすめの商品です。,2023-01-07
4384,バス用品セット 64,ホーム・キッチン,Design,3980,991,バス用品セット 64の詳細説明です。高品質でおすすめの商品です。,2023-08-15
4385,収納ボックス 64,ホーム・キッチン,KitchenPro,23271,818,収納ボックス 64の詳細説明です。高品質でおすすめの商品です。,2023-01-26
4386,ラグマット 64,ホーム・キッチン,KitchenPro,25688,214,ラグマット 64の詳細説明です。高品質でおすすめの商品です。,2023-11-06
4387,カーテン 64,ホーム・キッチン,Quality,4020,20,カーテン 64の詳細説明です。高品質でおすすめの商品です。,2023-03-20
4388,照明器具 64,ホーム・キッチン,Quality,48998,400,照明器具 64の詳細説明です。高品質でおすすめの商品です。,2023-04-07
4389,マットレス 64,ホーム・キッチン,Design,14034,33,マットレス 64の詳細説明です。高品質でおすすめの商品です。,2023-08-16
4390,枕 64,ホーム・キッチン,Quality,27616,33,枕 64の詳細説明です。高品質でおすすめの商品です。,2023-08-31
4391,コーヒーメーカー 65,ホーム・キッチン,Comfort,41857,505,コーヒーメーカー 65の詳細説明です。高品質でおすすめの商品です。,2023-02-26
4392,調理器具セット 65,ホーム・キッチン,Design,17232,845,調理器具セット 65の詳細説明です。高品質でおすすめの商品です。,2023-02-23
4393,食器セット 65,ホーム・キッチン,KitchenPro,18277,407,食器セット 65の詳細説明です。高品質でおすすめの商品です。,2023-07-30
4394,バス用品セット 65,ホーム・キッチン,Comfort,7038,810,バス用品セット 65の詳細説明です。高品質でおすすめの商品です。,2023-12-19
4395,収納ボックス 65,ホーム・キッチン,HomeLife,3895,414,収納ボックス 65の詳細説明です。高品質でおすすめの商品です。,2023-02-19
4396,ラグマット 65,ホーム・キッチン,Comfort,34067,742,ラグマット 65の詳細説明です。高品質でおすすめの商品です。,2023-07-16
4397,カーテン 65,ホーム・キッチン,KitchenPro,43202,746,カーテン 65の詳細説明です。高品質でおすすめの商品です。,2023-01-25
4398,照明器具 65,ホーム・キッチン,KitchenPro,38326,41,照明器具 65の詳細説明です。高品質でおすすめの商品です。,2023-06-12
4399,マットレス 65,ホーム・キッチン,Comfort,29050,409,マットレス 65の詳細説明です。高品質でおすすめの商品です。,2023-01-09
4400,枕 65,ホーム・キッチン,HomeLife,44694,998,枕 65の詳細説明です。高品質でおすすめの商品です。,2023-06-21
4401,コーヒーメーカー 66,ホーム・キッチン,Comfort,5147,621,コーヒーメーカー 66の詳細説明です。高品質でおすすめの商品です。,2023-05-17
4402,調理器具セット 66,ホーム・キッチン,Design,36372,165,調理器具セット 66の詳細説明です。高品質でおすすめの商品です。,2023-12-04
4403,食器セット 66,ホーム・キッチン,Design,45293,722,食器セット 66の詳細説明です。高品質でおすすめの商品です。,2023-04-04
4404,バス用品セット 66,ホーム・キッチン,Quality,21626,966,バス用品セット 66の詳細説明です。高品質でおすすめの商品です。,2023-01-06
4405,収納ボックス 66,ホーム・キッチン,Comfort,40443,648,収納ボックス 66の詳細説明です。高品質でおすすめの商品です。,2023-11-05
4406,ラグマット 66,ホーム・キッチン,Design,1875,831,ラグマット 66の詳細説明です。高品質でおすすめの商品です。,2023-02-04
4407,カーテン 66,ホーム・キッチン,KitchenPro,22286,82,カーテン 66の詳細説明です。高品質でおすすめの商品です。,2023-05-07
4408,照明器具 66,ホーム・キッチン,Design,34418,847,照明器具 66の詳細説明です。高品質でおすすめの商品です。,2023-08-30
4409,マットレス 66,ホーム・キッチン,KitchenPro,38432,505,マットレス 66の詳細説明です。高品質でおすすめの商品です。,2023-04-06
4410,枕 66,ホーム・キッチン,Design,37850,387,枕 66の詳細説明です。高品質でおすすめの商品です。,2023-08-28
4411,コーヒーメーカー 67,ホーム・キッチン,Design,25240,329,コーヒーメーカー 67の詳細説明です。高品質でおすすめの商品です。,2023-10-14
4412,調理器具セット 67,ホーム・キッチン,KitchenPro,28033,867,調理器具セット 67の詳細説明です。高品質でおすすめの商品です。,2023-07-19
4413,食器セット 67,ホーム・キッチン,KitchenPro,38519,993,食器セット 67の詳細説明です。高品質でおすすめの商品です。,2023-11-30
4414,バス用品セット 67,ホーム・キッチン,Design,14560,600,バス用品セット 67の詳細説明です。高品質でおすすめの商品です。,2023-05-10
4415,収納ボックス 67,ホーム・キッチン,Design,10599,219,収納ボックス 67の詳細説明です。高品質でおすすめの商品です。,2023-05-25
4416,ラグマット 67,ホーム・キッチン,Design,22199,335,ラグマット 67の詳細説明です。高品質でおすすめの商品です。,2023-01-03
4417,カーテン 67,ホーム・キッチン,Design,4457,980,カーテン 67の詳細説明です。高品質でおすすめの商品です。,2023-06-15
4418,照明器具 67,ホーム・キッチン,Design,25053,226,照明器具 67の詳細説明です。高品質でおすすめの商品です。,2023-04-23
4419,マットレス 67,ホーム・キッチン,Quality,33158,400,マットレス 67の詳細説明です。高品質でおすすめの商品です。,2023-06-07
4420,枕 67,ホーム・キッチン,KitchenPro,36074,623,枕 67の詳細説明です。高品質でおすすめの商品です。,2023-09-08
4421,コーヒーメーカー 68,ホーム・キッチン,Comfort,41926,952,コーヒーメーカー 68の詳細説明です。高品質でおすすめの商品です。,2023-07-16
4422,調理器具セット 68,ホーム・キッチン,Quality,30603,883,調理器具セット 68の詳細説明です。高品質でおすすめの商品です。,2023-03-19
4423,食器セット 68,ホーム・キッチン,HomeLife,46987,465,食器セット 68の詳細説明です。高品質でおすすめの商品です。,2023-09-25
4424,バス用品セット 68,ホーム・キッチン,Design,32815,382,バス用品セット 68の詳細説明です。高品質でおすすめの商品です。,2023-01-25
4425,収納ボックス 68,ホーム・キッチン,Design,16788,405,収納ボックス 68の詳細説明です。高品質でおすすめの商品です。,2023-08-12
4426,ラグマット 68,ホーム・キッチン,Quality,18901,677,ラグマット 68の詳細説明です。高品質でおすすめの商品です。,2023-02-24
4427,カーテン 68,ホーム・キッチン,Quality,22536,491,カーテン 68の詳細説明です。高品質でおすすめの商品です。,2023-04-13
4428,照明器具 68,ホーム・キッチン,HomeLife,41748,484,照明器具 68の詳細説明です。高品質でおすすめの商品です。,2023-05-28
4429,マットレス 68,ホーム・キッチン,KitchenPro,16182,646,マットレス 68の詳細説明です。高品質でおすすめの商品です。,2023-02-02
4430,枕 68,ホーム・キッチン,Comfort,7193,296,枕 68の詳細説明です。高品質でおすすめの商品です。,2023-01-30
4431,コーヒーメーカー 69,ホーム・キッチン,Quality,36155,862,コーヒーメーカー 69の詳細説明です。高品質でおすすめの商品です。,2023-11-22
4432,調理器具セット 69,ホーム・キッチン,Comfort,15340,313,調理器具セット 69の詳細説明です。高品質でおすすめの商品です。,2023-07-07
4433,食器セット 69,ホーム・キッチン,Comfort,41037,740,食器セット 69の詳細説明です。高品質でおすすめの商品です。,2023-12-28
4434,バス用品セット 69,ホーム・キッチン,Design,35309,134,バス用品セット 69の詳細説明です。高品質でおすすめの商品です。,2023-01-18
4435,収納ボックス 69,ホーム・キッチン,Design,10474,926,収納ボックス 69の詳細説明です。高品質でおすすめの商品です。,2023-12-06
4436,ラグマット 69,ホーム・キッチン,KitchenPro,37384,564,ラグマット 69の詳細説明です。高品質でおすすめの商品です。,2023-04-08
4437,カーテン 69,ホーム・キッチン,KitchenPro,33972,247,カーテン 69の詳細説明です。高品質でおすすめの商品です。,2023-01-23
4438,照明器具 69,ホーム・キッチン,HomeLife,33425,610,照明器具 69の詳細説明です。高品質でおすすめの商品です。,2023-09-01
4439,マットレス 69,ホーム・キッチン,KitchenPro,32540,68,マットレス 69の詳細説明です。高品質でおすすめの商品です。,2023-06-21
4440,枕 69,ホーム・キッチン,Quality,42864,490,枕 69の詳細説明です。高品質でおすすめの商品です。,2023-10-11
4441,コーヒーメーカー 70,ホーム・キッチン,Comfort,41106,507,コーヒーメーカー 70の詳細説明です。高品質でおすすめの商品です。,2023-02-19
4442,調理器具セット 70,ホーム・キッチン,Comfort,29559,436,調理器具セット 70の詳細説明です。高品質でおすすめの商品です。,2023-08-06
4443,食器セット 70,ホーム・キッチン,Comfort,2285,774,食器セット 70の詳細説明です。高品質でおすすめの商品です。,2023-10-29
4444,バス用品セット 70,ホーム・キッチン,KitchenPro,2685,565,バス用品セット 70の詳細説明です。高品質でおすすめの商品です。,2023-05-09
4445,収納ボックス 70,ホーム・キッチン,Design,45922,159,収納ボックス 70の詳細説明です。高品質でおすすめの商品です。,2023-01-07
4446,ラグマット 70,ホーム・キッチン,Comfort,21572,945,ラグマット 70の詳細説明です。高品質でおすすめの商品です。,2023-03-25
4447,カーテン 70,ホーム・キッチン,Quality,17834,353,カーテン 70の詳細説明です。高品質でおすすめの商品です。,2023-01-02
4448,照明器具 70,ホーム・キッチン,Design,9485,507,照明器具 70の詳細説明です。高品質でおすすめの商品です。,2023-11-06
4449,マットレス 70,ホーム・キッチン,Comfort,16511,829,マットレス 70の詳細説明です。高品質でおすすめの商品です。,2023-08-06
4450,枕 70,ホーム・キッチン,Quality,18781,318,枕 70の詳細説明です。高品質でおすすめの商品です。,2023-12-19
4451,コーヒーメーカー 71,ホーム・キッチン,HomeLife,41763,182,コーヒーメーカー 71の詳細説明です。高品質でおすすめの商品です。,2023-11-04
4452,調理器具セット 71,ホーム・キッチン,Design,25233,394,調理器具セット 71の詳細説明です。高品質でおすすめの商品です。,2023-04-07
4453,食器セット 71,ホーム・キッチン,Quality,44155,291,食器セット 71の詳細説明です。高品質でおすすめの商品です。,2023-09-23
4454,バス用品セット 71,ホーム・キッチン,KitchenPro,49773,289,バス用品セット 71の詳細説明です。高品質でおすすめの商品です。,2023-03-07
4455,収納ボックス 71,ホーム・キッチン,Design,40004,330,収納ボックス 71の詳細説明です。高品質でおすすめの商品です。,2023-11-06
4456,ラグマット 71,ホーム・キッチン,Quality,24225,620,ラグマット 71の詳細説明です。高品質でおすすめの商品です。,2023-01-03
4457,カーテン 71,ホーム・キッチン,Design,41185,982,カーテン 71の詳細説明です。高品質でおすすめの商品です。,2023-12-23
4458,照明器具 71,ホーム・キッチン,Quality,43310,94,照明器具 71の詳細説明です。高品質でおすすめの商品です。,2023-07-31
4459,マットレス 71,ホーム・キッチン,KitchenPro,14752,701,マットレス 71の詳細説明です。高品質でおすすめの商品です。,2023-03-22
4460,枕 71,ホーム・キッチン,HomeLife,32482,569,枕 71の詳細説明です。高品質でおすすめの商品です。,2023-04-21
4461,コーヒーメーカー 72,ホーム・キッチン,Comfort,10622,498,コーヒーメーカー 72の詳細説明です。高品質でおすすめの商品です。,2023-10-26
4462,調理器具セット 72,ホーム・キッチン,Design,30614,98,調理器具セット 72の詳細説明です。高品質でおすすめの商品です。,2023-08-13
4463,食器セット 72,ホーム・キッチン,Comfort,47778,8,食器セット 72の詳細説明です。高品質でおすすめの商品です。,2023-01-17
4464,バス用品セット 72,ホーム・キッチン,HomeLife,9246,846,バス用品セット 72の詳細説明です。高品質でおすすめの商品です。,2023-02-03
4465,収納ボックス 72,ホーム・キッチン,Design,18608,37,収納ボックス 72の詳細説明です。高品質でおすすめの商品です。,2023-11-11
4466,ラグマット 72,ホーム・キッチン,HomeLife,5540,822,ラグマット 72の詳細説明です。高品質でおすすめの商品です。,2023-09-02
4467,カーテン 72,ホーム・キッチン,KitchenPro,2976,221,カーテン 72の詳細説明です。高品質でおすすめの商品です。,2023-01-24
4468,照明器具 72,ホーム・キッチン,Design,8368,117,照明器具 72の詳細説明です。高品質でおすすめの商品です。,2023-03-18
4469,マットレス 72,ホーム・キッチン,HomeLife,24925,632,マットレス 72の詳細説明です。高品質でおすすめの商品です。,2023-04-14
4470,枕 72,ホーム・キッチン,Comfort,46816,784,枕 72の詳細説明です。高品質でおすすめの商品です。,2023-04-20
4471,コーヒーメーカー 73,ホーム・キッチン,HomeLife,3335,943,コーヒーメーカー 73の詳細説明です。高品質でおすすめの商品です。,2023-12-22
4472,調理器具セット 73,ホーム・キッチン,Design,49278,182,調理器具セット 73の詳細説明です。高品質でおすすめの商品です。,2023-03-02
4473,食器セット 73,ホーム・キッチン,KitchenPro,16838,436,食器セット 73の詳細説明です。高品質でおすすめの商品です。,2023-02-02
4474,バス用品セット 73,ホーム・キッチン,Quality,38729,126,バス用品セット 73の詳細説明です。高品質でおすすめの商品です。,2023-05-30
4475,収納ボックス 73,ホーム・キッチン,KitchenPro,24675,163,収納ボックス 73の詳細説明です。高品質でおすすめの商品です。,2023-08-31
4476,ラグマット 73,ホーム・キッチン,Comfort,27753,606,ラグマット 73の詳細説明です。高品質でおすすめの商品です。,2023-04-16
4477,カーテン 73,ホーム・キッチン,HomeLife,9578,577,カーテン 73の詳細説明です。高品質でおすすめの商品です。,2023-02-17
4478,照明器具 73,ホーム・キッチン,Comfort,24470,741,照明器具 73の詳細説明です。高品質でおすすめの商品です。,2023-01-06
4479,マットレス 73,ホーム・キッチン,Comfort,5142,747,マットレス 73の詳細説明です。高品質でおすすめの商品です。,2023-04-20
4480,枕 73,ホーム・キッチン,Comfort,20735,330,枕 73の詳細説明です。高品質でおすすめの商品です。,2023-07-25
4481,コーヒーメーカー 74,ホーム・キッチン,Quality,21215,814,コーヒーメーカー 74の詳細説明です。高品質でおすすめの商品です。,2023-03-08
4482,調理器具セット 74,ホーム・キッチン,Quality,28163,839,調理器具セット 74の詳細説明です。高品質でおすすめの商品です。,2023-03-03
4483,食器セット 74,ホーム・キッチン,Design,48628,319,食器セット 74の詳細説明です。高品質でおすすめの商品です。,2023-02-23
4484,バス用品セット 74,ホーム・キッチン,Comfort,14828,426,バス用品セット 74の詳細説明です。高品質でおすすめの商品です。,2023-06-29
4485,収納ボックス 74,ホーム・キッチン,KitchenPro,43125,461,収納ボックス 74の詳細説明です。高品質でおすすめの商品です。,2023-02-27
4486,ラグマット 74,ホーム・キッチン,Design,10991,425,ラグマット 74の詳細説明です。高品質でおすすめの商品です。,2023-02-25
4487,カーテン 74,ホーム・キッチン,Comfort,25230,933,カーテン 74の詳細説明です。高品質でおすすめの商品です。,2023-12-17
4488,照明器具 74,ホーム・キッチン,Design,17235,93,照明器具 74の詳細説明です。高品質でおすすめの商品です。,2023-07-12
4489,マットレス 74,ホーム・キッチン,Comfort,27564,689,マットレス 74の詳細説明です。高品質でおすすめの商品です。,2023-01-25
4490,枕 74,ホーム・キッチン,Design,47065,841,枕 74の詳細説明です。高品質でおすすめの商品です。,2023-04-16
4491,コーヒーメーカー 75,ホーム・キッチン,HomeLife,636,672,コーヒーメーカー 75の詳細説明です。高品質でおすすめの商品です。,2023-08-21
4492,調理器具セット 75,ホーム・キッチン,KitchenPro,18112,118,調理器具セット 75の詳細説明です。高品質でおすすめの商品です。,2023-04-25
4493,食器セット 75,ホーム・キッチン,KitchenPro,36541,916,食器セット 75の詳細説明です。高品質でおすすめの商品です。,2023-06-08
4494,バス用品セット 75,ホーム・キッチン,KitchenPro,10906,741,バス用品セット 75の詳細説明です。高品質でおすすめの商品です。,2023-12-06
4495,収納ボックス 75,ホーム・キッチン,Design,43914,566,収納ボックス 75の詳細説明です。高品質でおすすめの商品です。,2023-06-09
4496,ラグマット 75,ホーム・キッチン,KitchenPro,34722,241,ラグマット 75の詳細説明です。高品質でおすすめの商品です。,2023-03-14
4497,カーテン 75,ホーム・キッチン,KitchenPro,20575,912,カーテン 75の詳細説明です。高品質でおすすめの商品です。,2023-01-11
4498,照明器具 75,ホーム・キッチン,Comfort,48948,716,照明器具 75の詳細説明です。高品質でおすすめの商品です。,2023-09-18
4499,マットレス 75,ホーム・キッチン,Design,39771,869,マットレス 75の詳細説明です。高品質でおすすめの商品です。,2023-07-21
4500,枕 75,ホーム・キッチン,HomeLife,46516,600,枕 75の詳細説明です。高品質でおすすめの商品です。,2023-11-20
4501,コーヒーメーカー 76,ホーム・キッチン,Comfort,38537,126,コーヒーメーカー 76の詳細説明です。高品質でおすすめの商品です。,2023-07-12
4502,調理器具セット 76,ホーム・キッチン,Design,16652,700,調理器具セット 76の詳細説明です。高品質でおすすめの商品です。,2023-03-04
4503,食器セット 76,ホーム・キッチン,Comfort,27578,53,食器セット 76の詳細説明です。高品質でおすすめの商品です。,2023-02-08
4504,バス用品セット 76,ホーム・キッチン,HomeLife,11947,54,バス用品セット 76の詳細説明です。高品質でおすすめの商品です。,2023-12-27
4505,収納ボックス 76,ホーム・キッチン,Quality,15844,382,収納ボックス 76の詳細説明です。高品質でおすすめの商品です。,2023-04-26
4506,ラグマット 76,ホーム・キッチン,HomeLife,3122,101,ラグマット 76の詳細説明です。高品質でおすすめの商品です。,2023-04-08
4507,カーテン 76,ホーム・キッチン,Design,44129,507,カーテン 76の詳細説明です。高品質でおすすめの商品です。,2023-04-12
4508,照明器具 76,ホーム・キッチン,KitchenPro,4461,886,照明器具 76の詳細説明です。高品質でおすすめの商品です。,2023-08-08
4509,マットレス 76,ホーム・キッチン,HomeLife,14684,629,マットレス 76の詳細説明です。高品質でおすすめの商品です。,2023-04-25
4510,枕 76,ホーム・キッチン,Design,20851,940,枕 76の詳細説明です。高品質でおすすめの商品です。,2023-03-24
4511,コーヒーメーカー 77,ホーム・キッチン,KitchenPro,4654,421,コーヒーメーカー 77の詳細説明です。高品質でおすすめの商品です。,2023-08-06
4512,調理器具セット 77,ホーム・キッチン,KitchenPro,6155,402,調理器具セット 77の詳細説明です。高品質でおすすめの商品です。,2023-06-02
4513,食器セット 77,ホーム・キッチン,HomeLife,42495,226,食器セット 77の詳細説明です。高品質でおすすめの商品です。,2023-07-05
4514,バス用品セット 77,ホーム・キッチン,Quality,30191,365,バス用品セット 77の詳細説明です。高品質でおすすめの商品です。,2023-12-23
4515,収納ボックス 77,ホーム・キッチン,KitchenPro,24553,348,収納ボックス 77の詳細説明です。高品質でおすすめの商品です。,2023-09-14
4516,ラグマット 77,ホーム・キッチン,KitchenPro,28093,794,ラグマット 77の詳細説明です。高品質でおすすめの商品です。,2023-11-23
4517,カーテン 77,ホーム・キッチン,Quality,21093,495,カーテン 77の詳細説明です。高品質でおすすめの商品です。,2023-11-21
4518,照明器具 77,ホーム・キッチン,KitchenPro,38908,989,照明器具 77の詳細説明です。高品質でおすすめの商品です。,2023-05-29
4519,マットレス 77,ホーム・キッチン,Comfort,568,846,マットレス 77の詳細説明です。高品質でおすすめの商品です。,2023-06-23
4520,枕 77,ホーム・キッチン,Design,32917,531,枕 77の詳細説明です。高品質でおすすめの商品です。,2023-09-28
4521,コーヒーメーカー 78,ホーム・キッチン,Comfort,49025,333,コーヒーメーカー 78の詳細説明です。高品質でおすすめの商品です。,2023-09-29
4522,調理器具セット 78,ホーム・キッチン,Comfort,41927,930,調理器具セット 78の詳細説明です。高品質でおすすめの商品です。,2023-09-17
4523,食器セット 78,ホーム・キッチン,KitchenPro,9034,913,食器セット 78の詳細説明です。高品質でおすすめの商品です。,2023-09-09
4524,バス用品セット 78,ホーム・キッチン,Comfort,20184,925,バス用品セット 78の詳細説明です。高品質でおすすめの商品です。,2023-01-08
4525,収納ボックス 78,ホーム・キッチン,Design,31453,74,収納ボックス 78の詳細説明です。高品質でおすすめの商品です。,2023-05-30
4526,ラグマット 78,ホーム・キッチン,HomeLife,26177,741,ラグマット 78の詳細説明です。高品質でおすすめの商品です。,2024-01-01
4527,カーテン 78,ホーム・キッチン,Comfort,33804,820,カーテン 78の詳細説明です。高品質でおすすめの商品です。,2023-02-15
4528,照明器具 78,ホーム・キッチン,KitchenPro,31567,775,照明器具 78の詳細説明です。高品質でおすすめの商品です。,2023-12-23
4529,マットレス 78,ホーム・キッチン,Quality,15077,435,マットレス 78の詳細説明です。高品質でおすすめの商品です。,2023-08-01
4530,枕 78,ホーム・キッチン,Quality,19398,78,枕 78の詳細説明です。高品質でおすすめの商品です。,2023-09-26
4531,コーヒーメーカー 79,ホーム・キッチン,KitchenPro,29193,918,コーヒーメーカー 79の詳細説明です。高品質でおすすめの商品です。,2023-11-18
4532,調理器具セット 79,ホーム・キッチン,KitchenPro,37753,387,調理器具セット 79の詳細説明です。高品質でおすすめの商品です。,2023-06-27
4533,食器セット 79,ホーム・キッチン,KitchenPro,48832,946,食器セット 79の詳細説明です。高品質でおすすめの商品です。,2023-08-19
4534,バス用品セット 79,ホーム・キッチン,Quality,4954,885,バス用品セット 79の詳細説明です。高品質でおすすめの商品です。,2023-03-11
4535,収納ボックス 79,ホーム・キッチン,Design,1021,828,収納ボックス 79の詳細説明です。高品質でおすすめの商品です。,2023-08-18
4536,ラグマット 79,ホーム・キッチン,HomeLife,46260,777,ラグマット 79の詳細説明です。高品質でおすすめの商品です。,2023-05-15
4537,カーテン 79,ホーム・キッチン,KitchenPro,42165,320,カーテン 79の詳細説明です。高品質でおすすめの商品です。,2023-08-07
4538,照明器具 79,ホーム・キッチン,KitchenPro,24517,737,照明器具 79の詳細説明です。高品質でおすすめの商品です。,2023-01-08
4539,マットレス 79,ホーム・キッチン,Design,18680,163,マットレス 79の詳細説明です。高品質でおすすめの商品です。,2023-02-05
4540,枕 79,ホーム・キッチン,Design,26542,659,枕 79の詳細説明です。高品質でおすすめの商品です。,2023-04-05
4541,コーヒーメーカー 80,ホーム・キッチン,Comfort,33376,990,コーヒーメーカー 80の詳細説明です。高品質でおすすめの商品です。,2023-08-13
4542,調理器具セット 80,ホーム・キッチン,Design,39197,684,調理器具セット 80の詳細説明です。高品質でおすすめの商品です。,2023-12-23
4543,食器セット 80,ホーム・キッチン,KitchenPro,10783,128,食器セット 80の詳細説明です。高品質でおすすめの商品です。,2023-09-15
4544,バス用品セット 80,ホーム・キッチン,KitchenPro,1024,12,バス用品セット 80の詳細説明です。高品質でおすすめの商品です。,2023-07-18
4545,収納ボックス 80,ホーム・キッチン,Quality,11112,569,収納ボックス 80の詳細説明です。高品質でおすすめの商品です。,2023-01-18
4546,ラグマット 80,ホーム・キッチン,Quality,46896,447,ラグマット 80の詳細説明です。高品質でおすすめの商品です。,2023-06-07
4547,カーテン 80,ホーム・キッチン,HomeLife,37571,333,カーテン 80の詳細説明です。高品質でおすすめの商品です。,2023-07-11
4548,照明器具 80,ホーム・キッチン,Quality,40072,187,照明器具 80の詳細説明です。高品質でおすすめの商品です。,2023-03-24
4549,マットレス 80,ホーム・キッチン,Comfort,12287,921,マットレス 80の詳細説明です。高品質でおすすめの商品です。,2023-11-10
4550,枕 80,ホーム・キッチン,KitchenPro,11648,391,枕 80の詳細説明です。高品質でおすすめの商品です。,2023-09-19
4551,コーヒーメーカー 81,ホーム・キッチン,KitchenPro,17210,459,コーヒーメーカー 81の詳細説明です。高品質でおすすめの商品です。,2023-05-17
4552,調理器具セット 81,ホーム・キッチン,KitchenPro,27840,468,調理器具セット 81の詳細説明です。高品質でおすすめの商品です。,2023-01-14
4553,食器セット 81,ホーム・キッチン,Comfort,46775,817,食器セット 81の詳細説明です。高品質でおすすめの商品です。,2023-08-02
4554,バス用品セット 81,ホーム・キッチン,Design,14772,456,バス用品セット 81の詳細説明です。高品質でおすすめの商品です。,2023-01-25
4555,収納ボックス 81,ホーム・キッチン,HomeLife,16087,663,収納ボックス 81の詳細説明です。高品質でおすすめの商品です。,2023-04-16
4556,ラグマット 81,ホーム・キッチン,HomeLife,41131,943,ラグマット 81の詳細説明です。高品質でおすすめの商品です。,2023-04-18
4557,カーテン 81,ホーム・キッチン,Quality,43217,232,カーテン 81の詳細説明です。高品質でおすすめの商品です。,2023-06-09
4558,照明器具 81,ホーム・キッチン,Quality,37437,196,照明器具 81の詳細説明です。高品質でおすすめの商品です。,2023-02-28
4559,マットレス 81,ホーム・キッチン,KitchenPro,19732,460,マットレス 81の詳細説明です。高品質でおすすめの商品です。,2023-03-20
4560,枕 81,ホーム・キッチン,Design,13255,827,枕 81の詳細説明です。高品質でおすすめの商品です。,2023-07-23
4561,コーヒーメーカー 82,ホーム・キッチン,Design,44224,192,コーヒーメーカー 82の詳細説明です。高品質でおすすめの商品です。,2023-10-26
4562,調理器具セット 82,ホーム・キッチン,Comfort,29996,109,調理器具セット 82の詳細説明です。高品質でおすすめの商品です。,2023-04-20
4563,食器セット 82,ホーム・キッチン,HomeLife,36028,84,食器セット 82の詳細説明です。高品質でおすすめの商品です。,2023-06-27
4564,バス用品セット 82,ホーム・キッチン,KitchenPro,47235,88,バス用品セット 82の詳細説明です。高品質でおすすめの商品です。,2023-10-10
4565,収納ボックス 82,ホーム・キッチン,KitchenPro,15373,33,収納ボックス 82の詳細説明です。高品質でおすすめの商品です。,2023-04-15
4566,ラグマット 82,ホーム・キッチン,KitchenPro,29984,747,ラグマット 82の詳細説明です。高品質でおすすめの商品です。,2023-11-07
4567,カーテン 82,ホーム・キッチン,HomeLife,24796,403,カーテン 82の詳細説明です。高品質でおすすめの商品です。,2023-01-08
4568,照明器具 82,ホーム・キッチン,HomeLife,19094,405,照明器具 82の詳細説明です。高品質でおすすめの商品です。,2023-03-07
4569,マットレス 82,ホーム・キッチン,HomeLife,23670,753,マットレス 82の詳細説明です。高品質でおすすめの商品です。,2023-04-05
4570,枕 82,ホーム・キッチン,HomeLife,5490,471,枕 82の詳細説明です。高品質でおすすめの商品です。,2023-07-30
4571,コーヒーメーカー 83,ホーム・キッチン,HomeLife,44737,317,コーヒーメーカー 83の詳細説明です。高品質でおすすめの商品です。,2023-08-20
4572,調理器具セット 83,ホーム・キッチン,KitchenPro,31778,758,調理器具セット 83の詳細説明です。高品質でおすすめの商品です。,2023-09-18
4573,食器セット 83,ホーム・キッチン,Comfort,809,389,食器セット 83の詳細説明です。高品質でおすすめの商品です。,2023-11-11
4574,バス用品セット 83,ホーム・キッチン,HomeLife,28457,676,バス用品セット 83の詳細説明です。高品質でおすすめの商品です。,2023-07-13
4575,収納ボックス 83,ホーム・キッチン,HomeLife,12281,952,収納ボックス 83の詳細説明です。高品質でおすすめの商品です。,2023-07-24
4576,ラグマット 83,ホーム・キッチン,Comfort,2377,928,ラグマット 83の詳細説明です。高品質でおすすめの商品です。,2023-06-22
4577,カーテン 83,ホーム・キッチン,Comfort,15739,572,カーテン 83の詳細説明です。高品質でおすすめの商品です。,2023-02-18
4578,照明器具 83,ホーム・キッチン,Design,8264,763,照明器具 83の詳細説明です。高品質でおすすめの商品です。,2023-01-02
4579,マットレス 83,ホーム・キッチン,KitchenPro,37061,614,マットレス 83の詳細説明です。高品質でおすすめの商品です。,2023-02-16
4580,枕 83,ホーム・キッチン,HomeLife,48160,213,枕 83の詳細説明です。高品質でおすすめの商品です。,2023-07-14
4581,コーヒーメーカー 84,ホーム・キッチン,HomeLife,46394,707,コーヒーメーカー 84の詳細説明です。高品質でおすすめの商品です。,2023-08-24
4582,調理器具セット 84,ホーム・キッチン,HomeLife,37332,362,調理器具セット 84の詳細説明です。高品質でおすすめの商品です。,2023-05-09
4583,食器セット 84,ホーム・キッチン,KitchenPro,47605,972,食器セット 84の詳細説明です。高品質でおすすめの商品です。,2023-05-28
4584,バス用品セット 84,ホーム・キッチン,Comfort,11018,485,バス用品セット 84の詳細説明です。高品質でおすすめの商品です。,2023-07-06
4585,収納ボックス 84,ホーム・キッチン,Comfort,26561,929,収納ボックス 84の詳細説明です。高品質でおすすめの商品です。,2023-09-22
4586,ラグマット 84,ホーム・キッチン,HomeLife,7337,791,ラグマット 84の詳細説明です。高品質でおすすめの商品です。,2023-09-07
4587,カーテン 84,ホーム・キッチン,Quality,3201,545,カーテン 84の詳細説明です。高品質でおすすめの商品です。,2023-02-04
4588,照明器具 84,ホーム・キッチン,KitchenPro,18370,240,照明器具 84の詳細説明です。高品質でおすすめの商品です。,2023-09-20
4589,マットレス 84,ホーム・キッチン,Quality,14463,172,マットレス 84の詳細説明です。高品質でおすすめの商品です。,2023-02-05
4590,枕 84,ホーム・キッチン,KitchenPro,26712,203,枕 84の詳細説明です。高品質でおすすめの商品です。,2023-02-25
4591,コーヒーメーカー 85,ホーム・キッチン,KitchenPro,43139,462,コーヒーメーカー 85の詳細説明です。高品質でおすすめの商品です。,2023-10-23
4592,調理器具セット 85,ホーム・キッチン,Quality,37410,328,調理器具セット 85の詳細説明です。高品質でおすすめの商品です。,2023-02-20
4593,食器セット 85,ホーム・キッチン,Quality,40419,709,食器セット 85の詳細説明です。高品質でおすすめの商品です。,2023-01-21
4594,バス用品セット 85,ホーム・キッチン,HomeLife,39924,116,バス用品セット 85の詳細説明です。高品質でおすすめの商品です。,2023-03-05
4595,収納ボックス 85,ホーム・キッチン,Design,15298,795,収納ボックス 85の詳細説明です。高品質でおすすめの商品です。,2023-09-24
4596,ラグマット 85,ホーム・キッチン,Comfort,49109,469,ラグマット 85の詳細説明です。高品質でおすすめの商品です。,2023-06-29
4597,カーテン 85,ホーム・キッチン,Design,6629,383,カーテン 85の詳細説明です。高品質でおすすめの商品です。,2023-12-04
4598,照明器具 85,ホーム・キッチン,Comfort,2250,860,照明器具 85の詳細説明です。高品質でおすすめの商品です。,2023-04-30
4599,マットレス 85,ホーム・キッチン,Design,30756,631,マットレス 85の詳細説明です。高品質でおすすめの商品です。,2023-01-10
4600,枕 85,ホーム・キッチン,KitchenPro,26855,254,枕 85の詳細説明です。高品質でおすすめの商品です。,2023-11-02
4601,コーヒーメーカー 86,ホーム・キッチン,Comfort,14358,664,コーヒーメーカー 86の詳細説明です。高品質でおすすめの商品です。,2023-01-09
4602,調理器具セット 86,ホーム・キッチン,Quality,6155,729,調理器具セット 86の詳細説明です。高品質でおすすめの商品です。,2023-06-23
4603,食器セット 86,ホーム・キッチン,KitchenPro,47160,338,食器セット 86の詳細説明です。高品質でおすすめの商品です。,2023-09-03
4604,バス用品セット 86,ホーム・キッチン,Quality,1730,886,バス用品セット 86の詳細説明です。高品質でおすすめの商品です。,2023-09-26
4605,収納ボックス 86,ホーム・キッチン,Quality,46796,858,収納ボックス 86の詳細説明です。高品質でおすすめの商品です。,2023-09-20
4606,ラグマット 86,ホーム・キッチン,Comfort,18089,338,ラグマット 86の詳細説明です。高品質でおすすめの商品です。,2023-09-23
4607,カーテン 86,ホーム・キッチン,KitchenPro,9101,813,カーテン 86の詳細説明です。高品質でおすすめの商品です。,2023-05-09
4608,照明器具 86,ホーム・キッチン,Quality,38446,678,照明器具 86の詳細説明です。高品質でおすすめの商品です。,2023-01-22
4609,マットレス 86,ホーム・キッチン,HomeLife,39122,231,マットレス 86の詳細説明です。高品質でおすすめの商品です。,2023-12-10
4610,枕 86,ホーム・キッチン,Design,42855,299,枕 86の詳細説明です。高品質でおすすめの商品です。,2023-10-22
4611,コーヒーメーカー 87,ホーム・キッチン,Design,31050,102,コーヒーメーカー 87の詳細説明です。高品質でおすすめの商品です。,2023-09-15
4612,調理器具セット 87,ホーム・キッチン,Design,42249,363,調理器具セット 87の詳細説明です。高品質でおすすめの商品です。,2023-09-02
4613,食器セット 87,ホーム・キッチン,HomeLife,2562,574,食器セット 87の詳細説明です。高品質でおすすめの商品です。,2023-02-03
4614,バス用品セット 87,ホーム・キッチン,HomeLife,43825,878,バス用品セット 87の詳細説明です。高品質でおすすめの商品です。,2023-01-25
4615,収納ボックス 87,ホーム・キッチン,Quality,905,353,収納ボックス 87の詳細説明です。高品質でおすすめの商品です。,2023-07-29
4616,ラグマット 87,ホーム・キッチン,Quality,39733,123,ラグマット 87の詳細説明です。高品質でおすすめの商品です。,2023-02-21
4617,カーテン 87,ホーム・キッチン,Quality,37541,561,カーテン 87の詳細説明です。高品質でおすすめの商品です。,2023-10-03
4618,照明器具 87,ホーム・キッチン,HomeLife,48450,397,照明器具 87の詳細説明です。高品質でおすすめの商品です。,2023-02-22
4619,マットレス 87,ホーム・キッチン,Design,45870,396,マットレス 87の詳細説明です。高品質でおすすめの商品です。,2023-10-26
4620,枕 87,ホーム・キッチン,HomeLife,17834,209,枕 87の詳細説明です。高品質でおすすめの商品です。,2023-05-25
4621,コーヒーメーカー 88,ホーム・キッチン,HomeLife,11784,94,コーヒーメーカー 88の詳細説明です。高品質でおすすめの商品です。,2023-05-11
4622,調理器具セット 88,ホーム・キッチン,KitchenPro,32857,267,調理器具セット 88の詳細説明です。高品質でおすすめの商品です。,2023-11-01
4623,食器セット 88,ホーム・キッチン,KitchenPro,41910,840,食器セット 88の詳細説明です。高品質でおすすめの商品です。,2023-10-26
4624,バス用品セット 88,ホーム・キッチン,Design,16768,544,バス用品セット 88の詳細説明です。高品質でおすすめの商品です。,2023-05-05
4625,収納ボックス 88,ホーム・キッチン,Quality,14656,742,収納ボックス 88の詳細説明です。高品質でおすすめの商品です。,2023-12-31
4626,ラグマット 88,ホーム・キッチン,HomeLife,14654,586,ラグマット 88の詳細説明です。高品質でおすすめの商品です。,2023-05-05
4627,カーテン 88,ホーム・キッチン,KitchenPro,19275,16,カーテン 88の詳細説明です。高品質でおすすめの商品です。,2023-08-13
4628,照明器具 88,ホーム・キッチン,HomeLife,17604,199,照明器具 88の詳細説明です。高品質でおすすめの商品です。,2023-10-26
4629,マットレス 88,ホーム・キッチン,Comfort,43810,993,マットレス 88の詳細説明です。高品質でおすすめの商品です。,2023-09-05
4630,枕 88,ホーム・キッチン,KitchenPro,25114,354,枕 88の詳細説明です。高品質でおすすめの商品です。,2023-09-07
4631,コーヒーメーカー 89,ホーム・キッチン,Quality,43439,705,コーヒーメーカー 89の詳細説明です。高品質でおすすめの商品です。,2023-03-19
4632,調理器具セット 89,ホーム・キッチン,Design,21723,902,調理器具セット 89の詳細説明です。高品質でおすすめの商品です。,2023-08-26
4633,食器セット 89,ホーム・キッチン,Design,12866,976,食器セット 89の詳細説明です。高品質でおすすめの商品です。,2023-10-20
4634,バス用品セット 89,ホーム・キッチン,Design,25218,596,バス用品セット 89の詳細説明です。高品質でおすすめの商品です。,2023-10-23
4635,収納ボックス 89,ホーム・キッチン,Quality,34508,508,収納ボックス 89の詳細説明です。高品質でおすすめの商品です。,2023-10-22
4636,ラグマット 89,ホーム・キッチン,Design,35678,55,ラグマット 89の詳細説明です。高品質でおすすめの商品です。,2023-12-24
4637,カーテン 89,ホーム・キッチン,Comfort,38690,957,カーテン 89の詳細説明です。高品質でおすすめの商品です。,2023-09-23
4638,照明器具 89,ホーム・キッチン,Comfort,4338,174,照明器具 89の詳細説明です。高品質でおすすめの商品です。,2023-07-28
4639,マットレス 89,ホーム・キッチン,Quality,8303,98,マットレス 89の詳細説明です。高品質でおすすめの商品です。,2023-11-10
4640,枕 89,ホーム・キッチン,HomeLife,12332,800,枕 89の詳細説明です。高品質でおすすめの商品です。,2023-06-12
4641,コーヒーメーカー 90,ホーム・キッチン,Design,9928,788,コーヒーメーカー 90の詳細説明です。高品質でおすすめの商品です。,2023-09-19
4642,調理器具セット 90,ホーム・キッチン,Design,44811,623,調理器具セット 90の詳細説明です。高品質でおすすめの商品です。,2023-11-01
4643,食器セット 90,ホーム・キッチン,KitchenPro,32362,926,食器セット 90の詳細説明です。高品質でおすすめの商品です。,2023-05-27
4644,バス用品セット 90,ホーム・キッチン,HomeLife,27230,242,バス用品セット 90の詳細説明です。高品質でおすすめの商品です。,2023-10-28
4645,収納ボックス 90,ホーム・キッチン,Comfort,40586,933,収納ボックス 90の詳細説明です。高品質でおすすめの商品です。,2023-09-05
4646,ラグマット 90,ホーム・キッチン,HomeLife,49046,826,ラグマット 90の詳細説明です。高品質でおすすめの商品です。,2023-12-27
4647,カーテン 90,ホーム・キッチン,Quality,17370,995,カーテン 90の詳細説明です。高品質でおすすめの商品です。,2023-12-15
4648,照明器具 90,ホーム・キッチン,Design,9310,770,照明器具 90の詳細説明です。高品質でおすすめの商品です。,2023-12-07
4649,マットレス 90,ホーム・キッチン,Design,34052,252,マットレス 90の詳細説明です。高品質でおすすめの商品です。,2023-09-14
4650,枕 90,ホーム・キッチン,Quality,12211,394,枕 90の詳細説明です。高品質でおすすめの商品です。,2023-12-08
4651,コーヒーメーカー 91,ホーム・キッチン,HomeLife,2373,965,コーヒーメーカー 91の詳細説明です。高品質でおすすめの商品です。,2023-05-31
4652,調理器具セット 91,ホーム・キッチン,Design,26491,749,調理器具セット 91の詳細説明です。高品質でおすすめの商品です。,2023-02-27
4653,食器セット 91,ホーム・キッチン,Comfort,4091,898,食器セット 91の詳細説明です。高品質でおすすめの商品です。,2023-11-20
4654,バス用品セット 91,ホーム・キッチン,KitchenPro,14517,231,バス用品セット 91の詳細説明です。高品質でおすすめの商品です。,2023-05-13
4655,収納ボックス 91,ホーム・キッチン,Design,26343,171,収納ボックス 91の詳細説明です。高品質でおすすめの商品です。,2023-05-01
4656,ラグマット 91,ホーム・キッチン,KitchenPro,28734,549,ラグマット 91の詳細説明です。高品質でおすすめの商品です。,2023-01-29
4657,カーテン 91,ホーム・キッチン,Design,26020,102,カーテン 91の詳細説明です。高品質でおすすめの商品です。,2023-02-08
4658,照明器具 91,ホーム・キッチン,Comfort,24103,370,照明器具 91の詳細説明です。高品質でおすすめの商品です。,2023-11-13
4659,マットレス 91,ホーム・キッチン,Quality,16837,322,マットレス 91の詳細説明です。高品質でおすすめの商品です。,2023-05-16
4660,枕 91,ホーム・キッチン,Quality,43377,337,枕 91の詳細説明です。高品質でおすすめの商品です。,2023-09-07
4661,コーヒーメーカー 92,ホーム・キッチン,Quality,22349,678,コーヒーメーカー 92の詳細説明です。高品質でおすすめの商品です。,2023-04-07
4662,調理器具セット 92,ホーム・キッチン,Quality,29522,57,調理器具セット 92の詳細説明です。高品質でおすすめの商品です。,2023-06-28
4663,食器セット 92,ホーム・キッチン,Comfort,25642,522,食器セット 92の詳細説明です。高品質でおすすめの商品です。,2023-02-04
4664,バス用品セット 92,ホーム・キッチン,Comfort,47839,292,バス用品セット 92の詳細説明です。高品質でおすすめの商品です。,2023-09-30
4665,収納ボックス 92,ホーム・キッチン,Quality,4987,42,収納ボックス 92の詳細説明です。高品質でおすすめの商品です。,2023-08-02
4666,ラグマット 92,ホーム・キッチン,Comfort,5673,178,ラグマット 92の詳細説明です。高品質でおすすめの商品です。,2023-04-21
4667,カーテン 92,ホーム・キッチン,Comfort,27603,150,カーテン 92の詳細説明です。高品質でおすすめの商品です。,2023-06-16
4668,照明器具 92,ホーム・キッチン,HomeLife,23463,199,照明器具 92の詳細説明です。高品質でおすすめの商品です。,2023-11-30
4669,マットレス 92,ホーム・キッチン,Comfort,38401,504,マットレス 92の詳細説明です。高品質でおすすめの商品です。,2023-04-03
4670,枕 92,ホーム・キッチン,Design,47234,741,枕 92の詳細説明です。高品質でおすすめの商品です。,2023-04-30
4671,コーヒーメーカー 93,ホーム・キッチン,KitchenPro,39567,595,コーヒーメーカー 93の詳細説明です。高品質でおすすめの商品です。,2023-07-11
4672,調理器具セット 93,ホーム・キッチン,Quality,12352,496,調理器具セット 93の詳細説明です。高品質でおすすめの商品です。,2023-11-19
4673,食器セット 93,ホーム・キッチン,Comfort,9751,622,食器セット 93の詳細説明です。高品質でおすすめの商品です。,2023-08-05
4674,バス用品セット 93,ホーム・キッチン,Comfort,39953,919,バス用品セット 93の詳細説明です。高品質でおすすめの商品です。,2023-09-21
4675,収納ボックス 93,ホーム・キッチン,Design,37110,871,収納ボックス 93の詳細説明です。高品質でおすすめの商品です。,2023-11-17
4676,ラグマット 93,ホーム・キッチン,Comfort,13225,703,ラグマット 93の詳細説明です。高品質でおすすめの商品です。,2023-02-20
4677,カーテン 93,ホーム・キッチン,Quality,49813,663,カーテン 93の詳細説明です。高品質でおすすめの商品です。,2023-07-20
4678,照明器具 93,ホーム・キッチン,Comfort,9839,979,照明器具 93の詳細説明です。高品質でおすすめの商品です。,2023-02-28
4679,マットレス 93,ホーム・キッチン,HomeLife,37589,606,マットレス 93の詳細説明です。高品質でおすすめの商品です。,2023-08-26
4680,枕 93,ホーム・キッチン,Design,19406,947,枕 93の詳細説明です。高品質でおすすめの商品です。,2023-02-04
4681,コーヒーメーカー 94,ホーム・キッチン,KitchenPro,33863,98,コーヒーメーカー 94の詳細説明です。高品質でおすすめの商品です。,2023-06-05
4682,調理器具セット 94,ホーム・キッチン,Comfort,14452,691,調理器具セット 94の詳細説明です。高品質でおすすめの商品です。,2023-06-08
4683,食器セット 94,ホーム・キッチン,Quality,42329,208,食器セット 94の詳細説明です。高品質でおすすめの商品です。,2023-07-12
4684,バス用品セット 94,ホーム・キッチン,Quality,48526,472,バス用品セット 94の詳細説明です。高品質でおすすめの商品です。,2023-10-19
4685,収納ボックス 94,ホーム・キッチン,Comfort,42478,865,収納ボックス 94の詳細説明です。高品質でおすすめの商品です。,2023-07-06
4686,ラグマット 94,ホーム・キッチン,Comfort,31728,348,ラグマット 94の詳細説明です。高品質でおすすめの商品です。,2023-02-25
4687,カーテン 94,ホーム・キッチン,Design,49541,588,カーテン 94の詳細説明です。高品質でおすすめの商品です。,2023-10-20
4688,照明器具 94,ホーム・キッチン,Comfort,24331,807,照明器具 94の詳細説明です。高品質でおすすめの商品です。,2023-04-02
4689,マットレス 94,ホーム・キッチン,Quality,15134,634,マットレス 94の詳細説明です。高品質でおすすめの商品です。,2023-04-27
4690,枕 94,ホーム・キッチン,Comfort,12760,987,枕 94の詳細説明です。高品質でおすすめの商品です。,2023-03-05
4691,コーヒーメーカー 95,ホーム・キッチン,Quality,38280,734,コーヒーメーカー 95の詳細説明です。高品質でおすすめの商品です。,2023-03-03
4692,調理器具セット 95,ホーム・キッチン,Quality,14755,555,調理器具セット 95の詳細説明です。高品質でおすすめの商品です。,2023-07-21
4693,食器セット 95,ホーム・キッチン,HomeLife,36905,149,食器セット 95の詳細説明です。高品質でおすすめの商品です。,2023-01-29
4694,バス用品セット 95,ホーム・キッチン,Design,26294,360,バス用品セット 95の詳細説明です。高品質でおすすめの商品です。,2023-12-08
4695,収納ボックス 95,ホーム・キッチン,Comfort,11897,789,収納ボックス 95の詳細説明です。高品質でおすすめの商品です。,2023-10-31
4696,ラグマット 95,ホーム・キッチン,Design,49773,425,ラグマット 95の詳細説明です。高品質でおすすめの商品です。,2023-05-22
4697,カーテン 95,ホーム・キッチン,Design,9403,820,カーテン 95の詳細説明です。高品質でおすすめの商品です。,2023-12-28
4698,照明器具 95,ホーム・キッチン,Comfort,11960,484,照明器具 95の詳細説明です。高品質でおすすめの商品です。,2023-06-25
4699,マットレス 95,ホーム・キッチン,Design,22268,2,マットレス 95の詳細説明です。高品質でおすすめの商品です。,2023-09-25
4700,枕 95,ホーム・キッチン,HomeLife,44036,588,枕 95の詳細説明です。高品質でおすすめの商品です。,2023-10-08
4701,コーヒーメーカー 96,ホーム・キッチン,KitchenPro,5456,480,コーヒーメーカー 96の詳細説明です。高品質でおすすめの商品です。,2023-12-10
4702,調理器具セット 96,ホーム・キッチン,HomeLife,32153,286,調理器具セット 96の詳細説明です。高品質でおすすめの商品です。,2023-02-05
4703,食器セット 96,ホーム・キッチン,HomeLife,35955,715,食器セット 96の詳細説明です。高品質でおすすめの商品です。,2023-10-14
4704,バス用品セット 96,ホーム・キッチン,Comfort,34257,725,バス用品セット 96の詳細説明です。高品質でおすすめの商品です。,2023-04-10
4705,収納ボックス 96,ホーム・キッチン,Comfort,8569,431,収納ボックス 96の詳細説明です。高品質でおすすめの商品です。,2023-07-05
4706,ラグマット 96,ホーム・キッチン,Quality,48716,698,ラグマット 96の詳細説明です。高品質でおすすめの商品です。,2023-05-27
4707,カーテン 96,ホーム・キッチン,Quality,10518,424,カーテン 96の詳細説明です。高品質でおすすめの商品です。,2023-09-17
4708,照明器具 96,ホーム・キッチン,Design,33642,866,照明器具 96の詳細説明です。高品質でおすすめの商品です。,2023-09-27
4709,マットレス 96,ホーム・キッチン,Design,30344,442,マットレス 96の詳細説明です。高品質でおすすめの商品です。,2023-01-07
4710,枕 96,ホーム・キッチン,KitchenPro,39907,709,枕 96の詳細説明です。高品質でおすすめの商品です。,2023-02-17
4711,コーヒーメーカー 97,ホーム・キッチン,KitchenPro,42832,927,コーヒーメーカー 97の詳細説明です。高品質でおすすめの商品です。,2023-01-28
4712,調理器具セット 97,ホーム・キッチン,Quality,8923,613,調理器具セット 97の詳細説明です。高品質でおすすめの商品です。,2023-11-26
4713,食器セット 97,ホーム・キッチン,HomeLife,6650,307,食器セット 97の詳細説明です。高品質でおすすめの商品です。,2023-01-30
4714,バス用品セット 97,ホーム・キッチン,HomeLife,48823,290,バス用品セット 97の詳細説明です。高品質でおすすめの商品です。,2023-04-13
4715,収納ボックス 97,ホーム・キッチン,HomeLife,17940,605,収納ボックス 97の詳細説明です。高品質でおすすめの商品です。,2023-11-06
4716,ラグマット 97,ホーム・キッチン,Design,2574,519,ラグマット 97の詳細説明です。高品質でおすすめの商品です。,2023-09-09
4717,カーテン 97,ホーム・キッチン,Comfort,4063,811,カーテン 97の詳細説明です。高品質でおすすめの商品です。,2023-09-30
4718,照明器具 97,ホーム・キッチン,Comfort,48003,656,照明器具 97の詳細説明です。高品質でおすすめの商品です。,2023-01-03
4719,マットレス 97,ホーム・キッチン,Quality,16144,489,マットレス 97の詳細説明です。高品質でおすすめの商品です。,2023-10-20
4720,枕 97,ホーム・キッチン,Design,12112,159,枕 97の詳細説明です。高品質でおすすめの商品です。,2023-08-26
4721,コーヒーメーカー 98,ホーム・キッチン,Comfort,3729,975,コーヒーメーカー 98の詳細説明です。高品質でおすすめの商品です。,2023-07-28
4722,調理器具セット 98,ホーム・キッチン,Design,8802,887,調理器具セット 98の詳細説明です。高品質でおすすめの商品です。,2023-09-21
4723,食器セット 98,ホーム・キッチン,HomeLife,2095,918,食器セット 98の詳細説明です。高品質でおすすめの商品です。,2023-07-24
4724,バス用品セット 98,ホーム・キッチン,Quality,1330,348,バス用品セット 98の詳細説明です。高品質でおすすめの商品です。,2023-01-25
4725,収納ボックス 98,ホーム・キッチン,Comfort,34616,525,収納ボックス 98の詳細説明です。高品質でおすすめの商品です。,2023-11-07
4726,ラグマット 98,ホーム・キッチン,Comfort,37860,41,ラグマット 98の詳細説明です。高品質でおすすめの商品です。,2023-05-06
4727,カーテン 98,ホーム・キッチン,Comfort,11415,898,カーテン 98の詳細説明です。高品質でおすすめの商品です。,2023-01-08
4728,照明器具 98,ホーム・キッチン,KitchenPro,16163,475,照明器具 98の詳細説明です。高品質でおすすめの商品です。,2023-06-27
4729,マットレス 98,ホーム・キッチン,Comfort,34634,663,マットレス 98の詳細説明です。高品質でおすすめの商品です。,2023-07-02
4730,枕 98,ホーム・キッチン,Design,42128,618,枕 98の詳細説明です。高品質でおすすめの商品です。,2023-12-09
4731,コーヒーメーカー 99,ホーム・キッチン,Design,26038,903,コーヒーメーカー 99の詳細説明です。高品質でおすすめの商品です。,2023-09-20
4732,調理器具セット 99,ホーム・キッチン,KitchenPro,34347,12,調理器具セット 99の詳細説明です。高品質でおすすめの商品です。,2023-09-08
4733,食器セット 99,ホーム・キッチン,KitchenPro,20700,83,食器セット 99の詳細説明です。高品質でおすすめの商品です。,2023-04-06
4734,バス用品セット 99,ホーム・キッチン,Comfort,13049,684,バス用品セット 99の詳細説明です。高品質でおすすめの商品です。,2023-05-16
4735,収納ボックス 99,ホーム・キッチン,HomeLife,12951,759,収納ボックス 99の詳細説明です。高品質でおすすめの商品です。,2023-07-11
4736,ラグマット 99,ホーム・キッチン,Design,33800,517,ラグマット 99の詳細説明です。高品質でおすすめの商品です。,2023-11-22
4737,カーテン 99,ホーム・キッチン,Design,25314,885,カーテン 99の詳細説明です。高品質でおすすめの商品です。,2023-12-03
4738,照明器具 99,ホーム・キッチン,Comfort,42433,76,照明器具 99の詳細説明です。高品質でおすすめの商品です。,2023-03-11
4739,マットレス 99,ホーム・キッチン,KitchenPro,21106,217,マットレス 99の詳細説明です。高品質でおすすめの商品です。,2023-10-18
4740,枕 99,ホーム・キッチン,Quality,44096,767,枕 99の詳細説明です。高品質でおすすめの商品です。,2023-04-28
4741,コーヒーメーカー 100,ホーム・キッチン,KitchenPro,28563,465,コーヒーメーカー 100の詳細説明です。高品質でおすすめの商品です。,2023-05-09
4742,調理器具セット 100,ホーム・キッチン,Comfort,9256,578,調理器具セット 100の詳細説明です。高品質でおすすめの商品です。,2023-05-26
4743,食器セット 100,ホーム・キッチン,Design,3316,655,食器セット 100の詳細説明です。高品質でおすすめの商品です。,2023-12-27
4744,バス用品セット 100,ホーム・キッチン,Design,29201,21,バス用品セット 100の詳細説明です。高品質でおすすめの商品です。,2023-04-12
4745,収納ボックス 100,ホーム・キッチン,KitchenPro,39043,672,収納ボックス 100の詳細説明です。高品質でおすすめの商品です。,2023-11-05
4746,ラグマット 100,ホーム・キッチン,Design,46941,873,ラグマット 100の詳細説明です。高品質でおすすめの商品です。,2023-08-06
4747,カーテン 100,ホーム・キッチン,Comfort,1338,61,カーテン 100の詳細説明です。高品質でおすすめの商品です。,2023-11-02
4748,照明器具 100,ホーム・キッチン,Comfort,31565,804,照明器具 100の詳細説明です。高品質でおすすめの商品です。,2023-10-29
4749,マットレス 100,ホーム・キッチン,KitchenPro,27343,179,マットレス 100の詳細説明です。高品質でおすすめの商品です。,2023-04-19
4750,枕 100,ホーム・キッチン,KitchenPro,23495,804,枕 100の詳細説明です。高品質でおすすめの商品です。,2023-01-31
4751,コーヒーメーカー 101,ホーム・キッチン,KitchenPro,38409,341,コーヒーメーカー 101の詳細説明です。高品質でおすすめの商品です。,2023-09-23
4752,調理器具セット 101,ホーム・キッチン,KitchenPro,3245,278,調理器具セット 101の詳細説明です。高品質でおすすめの商品です。,2023-09-10
4753,食器セット 101,ホーム・キッチン,Comfort,41575,406,食器セット 101の詳細説明です。高品質でおすすめの商品です。,2023-10-27
4754,バス用品セット 101,ホーム・キッチン,HomeLife,7377,728,バス用品セット 101の詳細説明です。高品質でおすすめの商品です。,2023-05-16
4755,収納ボックス 101,ホーム・キッチン,Quality,2068,430,収納ボックス 101の詳細説明です。高品質でおすすめの商品です。,2023-09-11
4756,ラグマット 101,ホーム・キッチン,HomeLife,30476,318,ラグマット 101の詳細説明です。高品質でおすすめの商品です。,2023-09-15
4757,カーテン 101,ホーム・キッチン,HomeLife,36930,700,カーテン 101の詳細説明です。高品質でおすすめの商品です。,2023-01-07
4758,照明器具 101,ホーム・キッチン,Comfort,45691,50,照明器具 101の詳細説明です。高品質でおすすめの商品です。,2023-02-10
4759,マットレス 101,ホーム・キッチン,Quality,49597,615,マットレス 101の詳細説明です。高品質でおすすめの商品です。,2023-11-03
4760,枕 101,ホーム・キッチン,Comfort,33357,485,枕 101の詳細説明です。高品質でおすすめの商品です。,2023-02-17
4761,コーヒーメーカー 102,ホーム・キッチン,KitchenPro,10646,52,コーヒーメーカー 102の詳細説明です。高品質でおすすめの商品です。,2023-09-12
4762,調理器具セット 102,ホーム・キッチン,Comfort,39839,196,調理器具セット 102の詳細説明です。高品質でおすすめの商品です。,2023-09-05
4763,食器セット 102,ホーム・キッチン,Comfort,19404,494,食器セット 102の詳細説明です。高品質でおすすめの商品です。,2023-09-15
4764,バス用品セット 102,ホーム・キッチン,HomeLife,2820,904,バス用品セット 102の詳細説明です。高品質でおすすめの商品です。,2023-07-30
4765,収納ボックス 102,ホーム・キッチン,Design,5830,91,収納ボックス 102の詳細説明です。高品質でおすすめの商品です。,2023-08-24
4766,ラグマット 102,ホーム・キッチン,Comfort,47602,308,ラグマット 102の詳細説明です。高品質でおすすめの商品です。,2023-10-15
4767,カーテン 102,ホーム・キッチン,Comfort,17813,776,カーテン 102の詳細説明です。高品質でおすすめの商品です。,2023-12-17
4768,照明器具 102,ホーム・キッチン,Quality,34429,310,照明器具 102の詳細説明です。高品質でおすすめの商品です。,2023-03-20
4769,マットレス 102,ホーム・キッチン,KitchenPro,27748,737,マットレス 102の詳細説明です。高品質でおすすめの商品です。,2023-11-02
4770,枕 102,ホーム・キッチン,Comfort,1831,45,枕 102の詳細説明です。高品質でおすすめの商品です。,2023-04-01
4771,コーヒーメーカー 103,ホーム・キッチン,HomeLife,1594,650,コーヒーメーカー 103の詳細説明です。高品質でおすすめの商品です。,2023-07-03
4772,調理器具セット 103,ホーム・キッチン,Comfort,43782,171,調理器具セット 103の詳細説明です。高品質でおすすめの商品です。,2023-05-02
4773,食器セット 103,ホーム・キッチン,HomeLife,42942,973,食器セット 103の詳細説明です。高品質でおすすめの商品です。,2023-03-02
4774,バス用品セット 103,ホーム・キッチン,Comfort,47624,23,バス用品セット 103の詳細説明です。高品質でおすすめの商品です。,2023-11-30
4775,収納ボックス 103,ホーム・キッチン,Comfort,29407,679,収納ボックス 103の詳細説明です。高品質でおすすめの商品です。,2023-05-24
4776,ラグマット 103,ホーム・キッチン,Quality,26618,77,ラグマット 103の詳細説明です。高品質でおすすめの商品です。,2023-11-22
4777,カーテン 103,ホーム・キッチン,Quality,4989,510,カーテン 103の詳細説明です。高品質でおすすめの商品です。,2023-09-24
4778,照明器具 103,ホーム・キッチン,HomeLife,26950,149,照明器具 103の詳細説明です。高品質でおすすめの商品です。,2023-02-23
4779,マットレス 103,ホーム・キッチン,KitchenPro,5541,937,マットレス 103の詳細説明です。高品質でおすすめの商品です。,2023-06-22
4780,枕 103,ホーム・キッチン,Design,22274,650,枕 103の詳細説明です。高品質でおすすめの商品です。,2023-07-29
4781,コーヒーメーカー 104,ホーム・キッチン,Comfort,4475,330,コーヒーメーカー 104の詳細説明です。高品質でおすすめの商品です。,2023-01-02
4782,調理器具セット 104,ホーム・キッチン,KitchenPro,11967,613,調理器具セット 104の詳細説明です。高品質でおすすめの商品です。,2023-09-26
4783,食器セット 104,ホーム・キッチン,Comfort,24252,337,食器セット 104の詳細説明です。高品質でおすすめの商品です。,2023-11-02
4784,バス用品セット 104,ホーム・キッチン,HomeLife,18046,332,バス用品セット 104の詳細説明です。高品質でおすすめの商品です。,2023-06-22
4785,収納ボックス 104,ホーム・キッチン,Comfort,21921,443,収納ボックス 104の詳細説明です。高品質でおすすめの商品です。,2023-11-30
4786,ラグマット 104,ホーム・キッチン,Design,22725,167,ラグマット 104の詳細説明です。高品質でおすすめの商品です。,2023-02-03
4787,カーテン 104,ホーム・キッチン,Design,6487,853,カーテン 104の詳細説明です。高品質でおすすめの商品です。,2023-11-22
4788,照明器具 104,ホーム・キッチン,Design,44190,196,照明器具 104の詳細説明です。高品質でおすすめの商品です。,2023-01-30
4789,マットレス 104,ホーム・キッチン,Quality,16430,509,マットレス 104の詳細説明です。高品質でおすすめの商品です。,2023-03-07
4790,枕 104,ホーム・キッチン,KitchenPro,5770,357,枕 104の詳細説明です。高品質でおすすめの商品です。,2023-03-14
4791,コーヒーメーカー 105,ホーム・キッチン,Quality,17753,854,コーヒーメーカー 105の詳細説明です。高品質でおすすめの商品です。,2023-08-05
4792,調理器具セット 105,ホーム・キッチン,HomeLife,20978,245,調理器具セット 105の詳細説明です。高品質でおすすめの商品です。,2023-02-18
4793,食器セット 105,ホーム・キッチン,Comfort,42025,486,食器セット 105の詳細説明です。高品質でおすすめの商品です。,2023-04-18
4794,バス用品セット 105,ホーム・キッチン,Comfort,40349,355,バス用品セット 105の詳細説明です。高品質でおすすめの商品です。,2023-10-16
4795,収納ボックス 105,ホーム・キッチン,Quality,28486,294,収納ボックス 105の詳細説明です。高品質でおすすめの商品です。,2023-05-29
4796,ラグマット 105,ホーム・キッチン,Design,24593,947,ラグマット 105の詳細説明です。高品質でおすすめの商品です。,2023-04-20
4797,カーテン 105,ホーム・キッチン,Quality,47655,815,カーテン 105の詳細説明です。高品質でおすすめの商品です。,2023-01-10
4798,照明器具 105,ホーム・キッチン,Quality,40687,560,照明器具 105の詳細説明です。高品質でおすすめの商品です。,2023-10-31
4799,マットレス 105,ホーム・キッチン,Comfort,10058,792,マットレス 105の詳細説明です。高品質でおすすめの商品です。,2023-03-31
4800,枕 105,ホーム・キッチン,Design,31217,93,枕 105の詳細説明です。高品質でおすすめの商品です。,2023-05-24
4801,コーヒーメーカー 106,ホーム・キッチン,KitchenPro,10363,582,コーヒーメーカー 106の詳細説明です。高品質でおすすめの商品です。,2023-11-16
4802,調理器具セット 106,ホーム・キッチン,Comfort,9596,294,調理器具セット 106の詳細説明です。高品質でおすすめの商品です。,2023-01-16
4803,食器セット 106,ホーム・キッチン,Comfort,28227,559,食器セット 106の詳細説明です。高品質でおすすめの商品です。,2023-01-22
4804,バス用品セット 106,ホーム・キッチン,Quality,7362,911,バス用品セット 106の詳細説明です。高品質でおすすめの商品です。,2023-03-12
4805,収納ボックス 106,ホーム・キッチン,Quality,31068,740,収納ボックス 106の詳細説明です。高品質でおすすめの商品です。,2023-09-10
4806,ラグマット 106,ホーム・キッチン,KitchenPro,3420,711,ラグマット 106の詳細説明です。高品質でおすすめの商品です。,2023-08-05
4807,カーテン 106,ホーム・キッチン,KitchenPro,44769,82,カーテン 106の詳細説明です。高品質でおすすめの商品です。,2023-12-16
4808,照明器具 106,ホーム・キッチン,KitchenPro,29360,701,照明器具 106の詳細説明です。高品質でおすすめの商品です。,2023-12-24
4809,マットレス 106,ホーム・キッチン,Comfort,4437,683,マットレス 106の詳細説明です。高品質でおすすめの商品です。,2023-03-09
4810,枕 106,ホーム・キッチン,Design,5559,862,枕 106の詳細説明です。高品質でおすすめの商品です。,2023-09-27
4811,コーヒーメーカー 107,ホーム・キッチン,Quality,44064,459,コーヒーメーカー 107の詳細説明です。高品質でおすすめの商品です。,2023-03-19
4812,調理器具セット 107,ホーム・キッチン,KitchenPro,42738,427,調理器具セット 107の詳細説明です。高品質でおすすめの商品です。,2023-01-20
4813,食器セット 107,ホーム・キッチン,HomeLife,8287,986,食器セット 107の詳細説明です。高品質でおすすめの商品です。,2023-12-12
4814,バス用品セット 107,ホーム・キッチン,Design,32556,119,バス用品セット 107の詳細説明です。高品質でおすすめの商品です。,2023-12-08
4815,収納ボックス 107,ホーム・キッチン,Comfort,34232,254,収納ボックス 107の詳細説明です。高品質でおすすめの商品です。,2023-03-21
4816,ラグマット 107,ホーム・キッチン,Comfort,44971,52,ラグマット 107の詳細説明です。高品質でおすすめの商品です。,2023-01-20
4817,カーテン 107,ホーム・キッチン,KitchenPro,29680,405,カーテン 107の詳細説明です。高品質でおすすめの商品です。,2023-04-29
4818,照明器具 107,ホーム・キッチン,Design,15205,889,照明器具 107の詳細説明です。高品質でおすすめの商品です。,2023-05-17
4819,マットレス 107,ホーム・キッチン,Comfort,4801,361,マットレス 107の詳細説明です。高品質でおすすめの商品です。,2023-02-28
4820,枕 107,ホーム・キッチン,Quality,10976,182,枕 107の詳細説明です。高品質でおすすめの商品です。,2023-10-22
4821,コーヒーメーカー 108,ホーム・キッチン,Quality,41373,429,コーヒーメーカー 108の詳細説明です。高品質でおすすめの商品です。,2023-03-10
4822,調理器具セット 108,ホーム・キッチン,HomeLife,22860,220,調理器具セット 108の詳細説明です。高品質でおすすめの商品です。,2023-05-22
4823,食器セット 108,ホーム・キッチン,Comfort,13210,627,食器セット 108の詳細説明です。高品質でおすすめの商品です。,2023-08-09
4824,バス用品セット 108,ホーム・キッチン,Design,26303,212,バス用品セット 108の詳細説明です。高品質でおすすめの商品です。,2023-01-20
4825,収納ボックス 108,ホーム・キッチン,HomeLife,45842,254,収納ボックス 108の詳細説明です。高品質でおすすめの商品です。,2023-01-16
4826,ラグマット 108,ホーム・キッチン,HomeLife,49136,186,ラグマット 108の詳細説明です。高品質でおすすめの商品です。,2023-03-25
4827,カーテン 108,ホーム・キッチン,Quality,30520,463,カーテン 108の詳細説明です。高品質でおすすめの商品です。,2023-05-09
4828,照明器具 108,ホーム・キッチン,Quality,23840,695,照明器具 108の詳細説明です。高品質でおすすめの商品です。,2023-05-22
4829,マットレス 108,ホーム・キッチン,Quality,30335,32,マットレス 108の詳細説明です。高品質でおすすめの商品です。,2023-07-22
4830,枕 108,ホーム・キッチン,Design,40137,491,枕 108の詳細説明です。高品質でおすすめの商品です。,2023-07-29
4831,コーヒーメーカー 109,ホーム・キッチン,Design,34379,391,コーヒーメーカー 109の詳細説明です。高品質でおすすめの商品です。,2023-04-24
4832,調理器具セット 109,ホーム・キッチン,KitchenPro,29782,67,調理器具セット 109の詳細説明です。高品質でおすすめの商品です。,2023-12-18
4833,食器セット 109,ホーム・キッチン,Design,11526,783,食器セット 109の詳細説明です。高品質でおすすめの商品です。,2023-05-01
4834,バス用品セット 109,ホーム・キッチン,KitchenPro,47237,483,バス用品セット 109の詳細説明です。高品質でおすすめの商品です。,2023-12-30
4835,収納ボックス 109,ホーム・キッチン,KitchenPro,6549,103,収納ボックス 109の詳細説明です。高品質でおすすめの商品です。,2023-04-28
4836,ラグマット 109,ホーム・キッチン,HomeLife,13262,788,ラグマット 109の詳細説明です。高品質でおすすめの商品です。,2023-07-22
4837,カーテン 109,ホーム・キッチン,Comfort,11287,423,カーテン 109の詳細説明です。高品質でおすすめの商品です。,2023-02-21
4838,照明器具 109,ホーム・キッチン,Quality,10630,404,照明器具 109の詳細説明です。高品質でおすすめの商品です。,2023-02-28
4839,マットレス 109,ホーム・キッチン,Design,30421,447,マットレス 109の詳細説明です。高品質でおすすめの商品です。,2023-11-12
4840,枕 109,ホーム・キッチン,KitchenPro,35872,968,枕 109の詳細説明です。高品質でおすすめの商品です。,2023-06-27
4841,コーヒーメーカー 110,ホーム・キッチン,Comfort,40709,6,コーヒーメーカー 110の詳細説明です。高品質でおすすめの商品です。,2023-05-16
4842,調理器具セット 110,ホーム・キッチン,KitchenPro,42331,97,調理器具セット 110の詳細説明です。高品質でおすすめの商品です。,2023-11-13
4843,食器セット 110,ホーム・キッチン,KitchenPro,47312,645,食器セット 110の詳細説明です。高品質でおすすめの商品です。,2023-01-08
4844,バス用品セット 110,ホーム・キッチン,HomeLife,3373,133,バス用品セット 110の詳細説明です。高品質でおすすめの商品です。,2023-07-02
4845,収納ボックス 110,ホーム・キッチン,KitchenPro,46501,435,収納ボックス 110の詳細説明です。高品質でおすすめの商品です。,2023-12-13
4846,ラグマット 110,ホーム・キッチン,Design,15528,387,ラグマット 110の詳細説明です。高品質でおすすめの商品です。,2023-08-17
4847,カーテン 110,ホーム・キッチン,KitchenPro,30302,590,カーテン 110の詳細説明です。高品質でおすすめの商品です。,2023-10-17
4848,照明器具 110,ホーム・キッチン,KitchenPro,7099,369,照明器具 110の詳細説明です。高品質でおすすめの商品です。,2023-12-20
4849,マットレス 110,ホーム・キッチン,KitchenPro,22519,199,マットレス 110の詳細説明です。高品質でおすすめの商品です。,2023-10-24
4850,枕 110,ホーム・キッチン,Quality,7301,518,枕 110の詳細説明です。高品質でおすすめの商品です。,2023-08-28
4851,コーヒーメーカー 111,ホーム・キッチン,Quality,27798,26,コーヒーメーカー 111の詳細説明です。高品質でおすすめの商品です。,2023-06-05
4852,調理器具セット 111,ホーム・キッチン,KitchenPro,45680,158,調理器具セット 111の詳細説明です。高品質でおすすめの商品です。,2023-05-16
4853,食器セット 111,ホーム・キッチン,Quality,37692,32,食器セット 111の詳細説明です。高品質でおすすめの商品です。,2023-04-24
4854,バス用品セット 111,ホーム・キッチン,Comfort,544,242,バス用品セット 111の詳細説明です。高品質でおすすめの商品です。,2023-04-13
4855,収納ボックス 111,ホーム・キッチン,KitchenPro,9052,957,収納ボックス 111の詳細説明です。高品質でおすすめの商品です。,2023-03-17
4856,ラグマット 111,ホーム・キッチン,Comfort,24493,423,ラグマット 111の詳細説明です。高品質でおすすめの商品です。,2023-01-20
4857,カーテン 111,ホーム・キッチン,Design,44016,707,カーテン 111の詳細説明です。高品質でおすすめの商品です。,2023-07-12
4858,照明器具 111,ホーム・キッチン,Quality,9505,686,照明器具 111の詳細説明です。高品質でおすすめの商品です。,2023-05-02
4859,マットレス 111,ホーム・キッチン,KitchenPro,34356,482,マットレス 111の詳細説明です。高品質でおすすめの商品です。,2023-07-05
4860,枕 111,ホーム・キッチン,Design,44863,947,枕 111の詳細説明です。高品質でおすすめの商品です。,2023-10-23
4861,コーヒーメーカー 112,ホーム・キッチン,Quality,40297,427,コーヒーメーカー 112の詳細説明です。高品質でおすすめの商品です。,2023-11-14
4862,調理器具セット 112,ホーム・キッチン,Quality,46388,801,調理器具セット 112の詳細説明です。高品質でおすすめの商品です。,2023-07-17
4863,食器セット 112,ホーム・キッチン,HomeLife,18495,452,食器セット 112の詳細説明です。高品質でおすすめの商品です。,2023-11-28
4864,バス用品セット 112,ホーム・キッチン,KitchenPro,6963,661,バス用品セット 112の詳細説明です。高品質でおすすめの商品です。,2023-06-08
4865,収納ボックス 112,ホーム・キッチン,Design,17378,741,収納ボックス 112の詳細説明です。高品質でおすすめの商品です。,2023-02-04
4866,ラグマット 112,ホーム・キッチン,KitchenPro,42631,896,ラグマット 112の詳細説明です。高品質でおすすめの商品です。,2023-11-11
4867,カーテン 112,ホーム・キッチン,Quality,40710,807,カーテン 112の詳細説明です。高品質でおすすめの商品です。,2023-08-04
4868,照明器具 112,ホーム・キッチン,Design,15715,365,照明器具 112の詳細説明です。高品質でおすすめの商品です。,2023-08-11
4869,マットレス 112,ホーム・キッチン,HomeLife,1003,264,マットレス 112の詳細説明です。高品質でおすすめの商品です。,2023-09-10
4870,枕 112,ホーム・キッチン,Quality,16057,71,枕 112の詳細説明です。高品質でおすすめの商品です。,2023-05-04
4871,コーヒーメーカー 113,ホーム・キッチン,KitchenPro,42884,197,コーヒーメーカー 113の詳細説明です。高品質でおすすめの商品です。,2023-04-14
4872,調理器具セット 113,ホーム・キッチン,Design,33949,41,調理器具セット 113の詳細説明です。高品質でおすすめの商品です。,2023-02-19
4873,食器セット 113,ホーム・キッチン,Comfort,16734,786,食器セット 113の詳細説明です。高品質でおすすめの商品です。,2023-08-02
4874,バス用品セット 113,ホーム・キッチン,Quality,30730,708,バス用品セット 113の詳細説明です。高品質でおすすめの商品です。,2023-06-04
4875,収納ボックス 113,ホーム・キッチン,HomeLife,1696,767,収納ボックス 113の詳細説明です。高品質でおすすめの商品です。,2023-04-14
4876,ラグマット 113,ホーム・キッチン,HomeLife,28012,353,ラグマット 113の詳細説明です。高品質でおすすめの商品です。,2023-08-04
4877,カーテン 113,ホーム・キッチン,KitchenPro,39814,438,カーテン 113の詳細説明です。高品質でおすすめの商品です。,2023-01-25
4878,照明器具 113,ホーム・キッチン,HomeLife,40252,500,照明器具 113の詳細説明です。高品質でおすすめの商品です。,2023-10-01
4879,マットレス 113,ホーム・キッチン,Comfort,13129,750,マットレス 113の詳細説明です。高品質でおすすめの商品です。,2023-06-01
4880,枕 113,ホーム・キッチン,Quality,9689,586,枕 113の詳細説明です。高品質でおすすめの商品です。,2023-10-23
4881,コーヒーメーカー 114,ホーム・キッチン,Quality,47544,38,コーヒーメーカー 114の詳細説明です。高品質でおすすめの商品です。,2023-03-22
4882,調理器具セット 114,ホーム・キッチン,HomeLife,18857,820,調理器具セット 114の詳細説明です。高品質でおすすめの商品です。,2023-05-03
4883,食器セット 114,ホーム・キッチン,Comfort,4385,833,食器セット 114の詳細説明です。高品質でおすすめの商品です。,2023-06-09
4884,バス用品セット 114,ホーム・キッチン,Quality,10013,881,バス用品セット 114の詳細説明です。高品質でおすすめの商品です。,2023-11-25
4885,収納ボックス 114,ホーム・キッチン,Comfort,15364,348,収納ボックス 114の詳細説明です。高品質でおすすめの商品です。,2023-05-10
4886,ラグマット 114,ホーム・キッチン,HomeLife,2027,136,ラグマット 114の詳細説明です。高品質でおすすめの商品です。,2023-03-27
4887,カーテン 114,ホーム・キッチン,HomeLife,36943,491,カーテン 114の詳細説明です。高品質でおすすめの商品です。,2023-01-23
4888,照明器具 114,ホーム・キッチン,KitchenPro,24632,577,照明器具 114の詳細説明です。高品質でおすすめの商品です。,2023-04-09
4889,マットレス 114,ホーム・キッチン,Design,3449,950,マットレス 114の詳細説明です。高品質でおすすめの商品です。,2023-01-04
4890,枕 114,ホーム・キッチン,HomeLife,10426,351,枕 114の詳細説明です。高品質でおすすめの商品です。,2023-05-02
4891,コーヒーメーカー 115,ホーム・キッチン,HomeLife,26052,477,コーヒーメーカー 115の詳細説明です。高品質でおすすめの商品です。,2023-01-21
4892,調理器具セット 115,ホーム・キッチン,Quality,43116,507,調理器具セット 115の詳細説明です。高品質でおすすめの商品です。,2023-06-17
4893,食器セット 115,ホーム・キッチン,KitchenPro,20937,831,食器セット 115の詳細説明です。高品質でおすすめの商品です。,2023-10-09
4894,バス用品セット 115,ホーム・キッチン,HomeLife,8703,856,バス用品セット 115の詳細説明です。高品質でおすすめの商品です。,2023-01-25
4895,収納ボックス 115,ホーム・キッチン,KitchenPro,8630,13,収納ボックス 115の詳細説明です。高品質でおすすめの商品です。,2023-02-11
4896,ラグマット 115,ホーム・キッチン,Quality,42487,902,ラグマット 115の詳細説明です。高品質でおすすめの商品です。,2023-12-02
4897,カーテン 115,ホーム・キッチン,KitchenPro,14055,803,カーテン 115の詳細説明です。高品質でおすすめの商品です。,2023-05-06
4898,照明器具 115,ホーム・キッチン,KitchenPro,13873,396,照明器具 115の詳細説明です。高品質でおすすめの商品です。,2023-09-06
4899,マットレス 115,ホーム・キッチン,Comfort,40240,303,マットレス 115の詳細説明です。高品質でおすすめの商品です。,2023-11-14
4900,枕 115,ホーム・キッチン,Comfort,19889,931,枕 115の詳細説明です。高品質でおすすめの商品です。,2023-03-11
4901,コーヒーメーカー 116,ホーム・キッチン,Design,10279,136,コーヒーメーカー 116の詳細説明です。高品質でおすすめの商品です。,2023-03-08
4902,調理器具セット 116,ホーム・キッチン,Comfort,39629,868,調理器具セット 116の詳細説明です。高品質でおすすめの商品です。,2023-02-19
4903,食器セット 116,ホーム・キッチン,Comfort,47857,60,食器セット 116の詳細説明です。高品質でおすすめの商品です。,2023-06-18
4904,バス用品セット 116,ホーム・キッチン,Comfort,2048,497,バス用品セット 116の詳細説明です。高品質でおすすめの商品です。,2023-11-29
4905,収納ボックス 116,ホーム・キッチン,Comfort,10204,36,収納ボックス 116の詳細説明です。高品質でおすすめの商品です。,2023-08-07
4906,ラグマット 116,ホーム・キッチン,HomeLife,21456,615,ラグマット 116の詳細説明です。高品質でおすすめの商品です。,2023-04-11
4907,カーテン 116,ホーム・キッチン,Design,16946,996,カーテン 116の詳細説明です。高品質でおすすめの商品です。,2023-12-20
4908,照明器具 116,ホーム・キッチン,Comfort,30987,872,照明器具 116の詳細説明です。高品質でおすすめの商品です。,2023-03-10
4909,マットレス 116,ホーム・キッチン,Design,26459,283,マットレス 116の詳細説明です。高品質でおすすめの商品です。,2023-08-18
4910,枕 116,ホーム・キッチン,KitchenPro,47000,199,枕 116の詳細説明です。高品質でおすすめの商品です。,2023-10-29
4911,コーヒーメーカー 117,ホーム・キッチン,KitchenPro,40082,564,コーヒーメーカー 117の詳細説明です。高品質でおすすめの商品です。,2023-01-21
4912,調理器具セット 117,ホーム・キッチン,Design,18602,933,調理器具セット 117の詳細説明です。高品質でおすすめの商品です。,2023-05-13
4913,食器セット 117,ホーム・キッチン,HomeLife,25310,583,食器セット 117の詳細説明です。高品質でおすすめの商品です。,2023-06-17
4914,バス用品セット 117,ホーム・キッチン,KitchenPro,9393,120,バス用品セット 117の詳細説明です。高品質でおすすめの商品です。,2023-04-13
4915,収納ボックス 117,ホーム・キッチン,Design,47594,583,収納ボックス 117の詳細説明です。高品質でおすすめの商品です。,2023-08-15
4916,ラグマット 117,ホーム・キッチン,Design,3348,849,ラグマット 117の詳細説明です。高品質でおすすめの商品です。,2023-05-31
4917,カーテン 117,ホーム・キッチン,Design,6807,28,カーテン 117の詳細説明です。高品質でおすすめの商品です。,2023-02-10
4918,照明器具 117,ホーム・キッチン,Design,31419,986,照明器具 117の詳細説明です。高品質でおすすめの商品です。,2023-10-16
4919,マットレス 117,ホーム・キッチン,Comfort,13727,968,マットレス 117の詳細説明です。高品質でおすすめの商品です。,2023-12-04
4920,枕 117,ホーム・キッチン,KitchenPro,13220,493,枕 117の詳細説明です。高品質でおすすめの商品です。,2023-03-02
4921,コーヒーメーカー 118,ホーム・キッチン,HomeLife,15582,279,コーヒーメーカー 118の詳細説明です。高品質でおすすめの商品です。,2023-05-08
4922,調理器具セット 118,ホーム・キッチン,Quality,3091,33,調理器具セット 118の詳細説明です。高品質でおすすめの商品です。,2023-11-04
4923,食器セット 118,ホーム・キッチン,Comfort,3583,13,食器セット 118の詳細説明です。高品質でおすすめの商品です。,2023-01-20
4924,バス用品セット 118,ホーム・キッチン,HomeLife,33705,878,バス用品セット 118の詳細説明です。高品質でおすすめの商品です。,2023-05-26
4925,収納ボックス 118,ホーム・キッチン,HomeLife,44667,4,収納ボックス 118の詳細説明です。高品質でおすすめの商品です。,2023-06-28
4926,ラグマット 118,ホーム・キッチン,KitchenPro,31400,971,ラグマット 118の詳細説明です。高品質でおすすめの商品です。,2023-03-29
4927,カーテン 118,ホーム・キッチン,HomeLife,28868,521,カーテン 118の詳細説明です。高品質でおすすめの商品です。,2023-04-08
4928,照明器具 118,ホーム・キッチン,Design,26099,39,照明器具 118の詳細説明です。高品質でおすすめの商品です。,2023-10-12
4929,マットレス 118,ホーム・キッチン,KitchenPro,10740,458,マットレス 118の詳細説明です。高品質でおすすめの商品です。,2023-02-20
4930,枕 118,ホーム・キッチン,Design,46287,411,枕 118の詳細説明です。高品質でおすすめの商品です。,2023-05-30
4931,コーヒーメーカー 119,ホーム・キッチン,Quality,12546,758,コーヒーメーカー 119の詳細説明です。高品質でおすすめの商品です。,2023-07-04
4932,調理器具セット 119,ホーム・キッチン,Comfort,48541,963,調理器具セット 119の詳細説明です。高品質でおすすめの商品です。,2023-09-27
4933,食器セット 119,ホーム・キッチン,Design,41963,671,食器セット 119の詳細説明です。高品質でおすすめの商品です。,2023-05-22
4934,バス用品セット 119,ホーム・キッチン,Comfort,35355,823,バス用品セット 119の詳細説明です。高品質でおすすめの商品です。,2023-12-04
4935,収納ボックス 119,ホーム・キッチン,Comfort,22291,672,収納ボックス 119の詳細説明です。高品質でおすすめの商品です。,2023-12-06
4936,ラグマット 119,ホーム・キッチン,HomeLife,26355,458,ラグマット 119の詳細説明です。高品質でおすすめの商品です。,2023-08-25
4937,カーテン 119,ホーム・キッチン,HomeLife,2988,398,カーテン 119の詳細説明です。高品質でおすすめの商品です。,2023-06-06
4938,照明器具 119,ホーム・キッチン,Quality,22023,557,照明器具 119の詳細説明です。高品質でおすすめの商品です。,2023-02-18
4939,マットレス 119,ホーム・キッチン,Design,29140,28,マットレス 119の詳細説明です。高品質でおすすめの商品です。,2023-10-30
4940,枕 119,ホーム・キッチン,HomeLife,49173,36,枕 119の詳細説明です。高品質でおすすめの商品です。,2023-04-06
4941,コーヒーメーカー 120,ホーム・キッチン,Design,44531,566,コーヒーメーカー 120の詳細説明です。高品質でおすすめの商品です。,2023-07-08
4942,調理器具セット 120,ホーム・キッチン,HomeLife,15064,836,調理器具セット 120の詳細説明です。高品質でおすすめの商品です。,2023-09-14
4943,食器セット 120,ホーム・キッチン,Comfort,15145,788,食器セット 120の詳細説明です。高品質でおすすめの商品です。,2023-07-07
4944,バス用品セット 120,ホーム・キッチン,Design,38537,987,バス用品セット 120の詳細説明です。高品質でおすすめの商品です。,2023-04-13
4945,収納ボックス 120,ホーム・キッチン,Quality,30364,946,収納ボックス 120の詳細説明です。高品質でおすすめの商品です。,2023-05-08
4946,ラグマット 120,ホーム・キッチン,Design,21989,339,ラグマット 120の詳細説明です。高品質でおすすめの商品です。,2023-07-20
4947,カーテン 120,ホーム・キッチン,Comfort,9919,535,カーテン 120の詳細説明です。高品質でおすすめの商品です。,2023-07-18
4948,照明器具 120,ホーム・キッチン,HomeLife,20852,20,照明器具 120の詳細説明です。高品質でおすすめの商品です。,2023-06-29
4949,マットレス 120,ホーム・キッチン,HomeLife,47532,565,マットレス 120の詳細説明です。高品質でおすすめの商品です。,2023-03-21
4950,枕 120,ホーム・キッチン,Quality,15135,292,枕 120の詳細説明です。高品質でおすすめの商品です。,2023-03-27
4951,コーヒーメーカー 121,ホーム・キッチン,Quality,41345,371,コーヒーメーカー 121の詳細説明です。高品質でおすすめの商品です。,2023-02-21
4952,調理器具セット 121,ホーム・キッチン,KitchenPro,30729,839,調理器具セット 121の詳細説明です。高品質でおすすめの商品です。,2023-09-20
4953,食器セット 121,ホーム・キッチン,HomeLife,26048,943,食器セット 121の詳細説明です。高品質でおすすめの商品です。,2023-07-22
4954,バス用品セット 121,ホーム・キッチン,HomeLife,29137,578,バス用品セット 121の詳細説明です。高品質でおすすめの商品です。,2023-06-18
4955,収納ボックス 121,ホーム・キッチン,Quality,34031,759,収納ボックス 121の詳細説明です。高品質でおすすめの商品です。,2023-04-18
4956,ラグマット 121,ホーム・キッチン,KitchenPro,10041,549,ラグマット 121の詳細説明です。高品質でおすすめの商品です。,2023-11-12
4957,カーテン 121,ホーム・キッチン,KitchenPro,43246,360,カーテン 121の詳細説明です。高品質でおすすめの商品です。,2023-10-06
4958,照明器具 121,ホーム・キッチン,Comfort,31005,834,照明器具 121の詳細説明です。高品質でおすすめの商品です。,2023-05-10
4959,マットレス 121,ホーム・キッチン,Comfort,39786,90,マットレス 121の詳細説明です。高品質でおすすめの商品です。,2023-11-21
4960,枕 121,ホーム・キッチン,Design,38983,152,枕 121の詳細説明です。高品質でおすすめの商品です。,2023-06-09
4961,コーヒーメーカー 122,ホーム・キッチン,Design,9473,899,コーヒーメーカー 122の詳細説明です。高品質でおすすめの商品です。,2023-01-11
4962,調理器具セット 122,ホーム・キッチン,Quality,29358,891,調理器具セット 122の詳細説明です。高品質でおすすめの商品です。,2023-06-15
4963,食器セット 122,ホーム・キッチン,KitchenPro,46669,71,食器セット 122の詳細説明です。高品質でおすすめの商品です。,2023-01-28
4964,バス用品セット 122,ホーム・キッチン,HomeLife,37263,594,バス用品セット 122の詳細説明です。高品質でおすすめの商品です。,2023-01-08
4965,収納ボックス 122,ホーム・キッチン,Quality,25148,414,収納ボックス 122の詳細説明です。高品質でおすすめの商品です。,2023-06-15
4966,ラグマット 122,ホーム・キッチン,KitchenPro,37505,679,ラグマット 122の詳細説明です。高品質でおすすめの商品です。,2023-06-15
4967,カーテン 122,ホーム・キッチン,Quality,16000,573,カーテン 122の詳細説明です。高品質でおすすめの商品です。,2023-09-28
4968,照明器具 122,ホーム・キッチン,HomeLife,7095,80,照明器具 122の詳細説明です。高品質でおすすめの商品です。,2023-08-15
4969,マットレス 122,ホーム・キッチン,Quality,20485,944,マットレス 122の詳細説明です。高品質でおすすめの商品です。,2023-12-14
4970,枕 122,ホーム・キッチン,KitchenPro,48470,102,枕 122の詳細説明です。高品質でおすすめの商品です。,2023-02-28
4971,コーヒーメーカー 123,ホーム・キッチン,KitchenPro,47713,243,コーヒーメーカー 123の詳細説明です。高品質でおすすめの商品です。,2023-03-11
4972,調理器具セット 123,ホーム・キッチン,Comfort,13072,879,調理器具セット 123の詳細説明です。高品質でおすすめの商品です。,2023-03-22
4973,食器セット 123,ホーム・キッチン,Comfort,38100,644,食器セット 123の詳細説明です。高品質でおすすめの商品です。,2023-01-18
4974,バス用品セット 123,ホーム・キッチン,HomeLife,29663,186,バス用品セット 123の詳細説明です。高品質でおすすめの商品です。,2023-11-21
4975,収納ボックス 123,ホーム・キッチン,Quality,42247,177,収納ボックス 123の詳細説明です。高品質でおすすめの商品です。,2023-06-23
4976,ラグマット 123,ホーム・キッチン,KitchenPro,37834,789,ラグマット 123の詳細説明です。高品質でおすすめの商品です。,2023-02-18
4977,カーテン 123,ホーム・キッチン,HomeLife,40314,890,カーテン 123の詳細説明です。高品質でおすすめの商品です。,2023-11-01
4978,照明器具 123,ホーム・キッチン,KitchenPro,31558,309,照明器具 123の詳細説明です。高品質でおすすめの商品です。,2023-10-02
4979,マットレス 123,ホーム・キッチン,Design,11790,295,マットレス 123の詳細説明です。高品質でおすすめの商品です。,2023-06-10
4980,枕 123,ホーム・キッチン,HomeLife,27377,901,枕 123の詳細説明です。高品質でおすすめの商品です。,2023-08-07
4981,コーヒーメーカー 124,ホーム・キッチン,KitchenPro,23682,915,コーヒーメーカー 124の詳細説明です。高品質でおすすめの商品です。,2023-03-16
4982,調理器具セット 124,ホーム・キッチン,Comfort,8337,344,調理器具セット 124の詳細説明です。高品質でおすすめの商品です。,2023-08-21
4983,食器セット 124,ホーム・キッチン,Quality,14823,359,食器セット 124の詳細説明です。高品質でおすすめの商品です。,2023-03-30
4984,バス用品セット 124,ホーム・キッチン,HomeLife,9669,122,バス用品セット 124の詳細説明です。高品質でおすすめの商品です。,2023-08-21
4985,収納ボックス 124,ホーム・キッチン,Design,10821,694,収納ボックス 124の詳細説明です。高品質でおすすめの商品です。,2023-02-13
4986,ラグマット 124,ホーム・キッチン,Comfort,8802,88,ラグマット 124の詳細説明です。高品質でおすすめの商品です。,2023-04-15
4987,カーテン 124,ホーム・キッチン,Quality,14425,949,カーテン 124の詳細説明です。高品質でおすすめの商品です。,2023-01-07
4988,照明器具 124,ホーム・キッチン,Design,35127,978,照明器具 124の詳細説明です。高品質でおすすめの商品です。,2023-01-08
4989,マットレス 124,ホーム・キッチン,Design,34553,564,マットレス 124の詳細説明です。高品質でおすすめの商品です。,2023-01-31
4990,枕 124,ホーム・キッチン,KitchenPro,34993,866,枕 124の詳細説明です。高品質でおすすめの商品です。,2023-02-19
4991,コーヒーメーカー 125,ホーム・キッチン,HomeLife,31339,86,コーヒーメーカー 125の詳細説明です。高品質でおすすめの商品です。,2023-12-07
4992,調理器具セット 125,ホーム・キッチン,KitchenPro,889,708,調理器具セット 125の詳細説明です。高品質でおすすめの商品です。,2023-07-20
4993,食器セット 125,ホーム・キッチン,Design,26855,883,食器セット 125の詳細説明です。高品質でおすすめの商品です。,2023-12-24
4994,バス用品セット 125,ホーム・キッチン,Design,7145,651,バス用品セット 125の詳細説明です。高品質でおすすめの商品です。,2023-12-17
4995,収納ボックス 125,ホーム・キッチン,KitchenPro,3277,31,収納ボックス 125の詳細説明です。高品質でおすすめの商品です。,2023-04-21
4996,ラグマット 125,ホーム・キッチン,KitchenPro,49754,613,ラグマット 125の詳細説明です。高品質でおすすめの商品です。,2023-02-06
4997,カーテン 125,ホーム・キッチン,Comfort,18835,88,カーテン 125の詳細説明です。高品質でおすすめの商品です。,2023-07-15
4998,照明器具 125,ホーム・キッチン,Comfort,43274,981,照明器具 125の詳細説明です。高品質でおすすめの商品です。,2023-11-18
4999,マットレス 125,ホーム・キッチン,Design,29733,681,マットレス 125の詳細説明です。高品質でおすすめの商品です。,2023-05-27
5000,枕 125,ホーム・キッチン,KitchenPro,12632,361,枕 125の詳細説明です。高品質でおすすめの商品です。,2023-09-17
5001,ヨガマット,スポーツ・アウトドア,Outdoor,27276,707,ヨガマットの詳細説明です。高品質でおすすめの商品です。,2023-08-04
5002,ランニングシューズ,スポーツ・アウトドア,Fit,9659,718,ランニングシューズの詳細説明です。高品質でおすすめの商品です。,2023-11-20
5003,トレーニングウェア,スポーツ・アウトドア,Outdoor,8001,534,トレーニングウェアの詳細説明です。高品質でおすすめの商品です。,2023-04-10
5004,水筒,スポーツ・アウトドア,Active,36923,628,水筒の詳細説明です。高品質でおすすめの商品です。,2023-07-21
5005,キャンプ用品セット,スポーツ・アウトドア,Fit,33716,632,キャンプ用品セットの詳細説明です。高品質でおすすめの商品です。,2023-02-26
5006,自転車ヘルメット,スポーツ・アウトドア,SportMax,6306,317,自転車ヘルメットの詳細説明です。高品質でおすすめの商品です。,2023-11-07
5007,テニスラケット,スポーツ・アウトドア,Fit,18179,918,テニスラケットの詳細説明です。高品質でおすすめの商品です。,2023-03-12
5008,バスケットボール,スポーツ・アウトドア,Fit,3987,11,バスケットボールの詳細説明です。高品質でおすすめの商品です。,2023-09-23
5009,サッカーボール,スポーツ・アウトドア,Fit,17085,480,サッカーボールの詳細説明です。高品質でおすすめの商品です。,2023-04-28
5010,フィットネスバンド,スポーツ・アウトドア,SportMax,41628,228,フィットネスバンドの詳細説明です。高品質でおすすめの商品です。,2023-09-06
5011,ヨガマット 2,スポーツ・アウトドア,Fit,3904,83,ヨガマット 2の詳細説明です。高品質でおすすめの商品です。,2023-05-11
5012,ランニングシューズ 2,スポーツ・アウトドア,Active,37470,81,ランニングシューズ 2の詳細説明です。高品質でおすすめの商品です。,2023-05-06
5013,トレーニングウェア 2,スポーツ・アウトドア,Energy,31528,38,トレーニングウェア 2の詳細説明です。高品質でおすすめの商品です。,2023-10-04
5014,水筒 2,スポーツ・アウトドア,Energy,29042,861,水筒 2の詳細説明です。高品質でおすすめの商品です。,2023-04-16
5015,キャンプ用品セット 2,スポーツ・アウトドア,Energy,27622,794,キャンプ用品セット 2の詳細説明です。高品質でおすすめの商品です。,2023-11-08
5016,自転車ヘルメット 2,スポーツ・アウトドア,Outdoor,14092,518,自転車ヘルメット 2の詳細説明です。高品質でおすすめの商品です。,2023-04-26
5017,テニスラケット 2,スポーツ・アウトドア,Active,38540,520,テニスラケット 2の詳細説明です。高品質でおすすめの商品です。,2023-06-14
5018,バスケットボール 2,スポーツ・アウトドア,Outdoor,27956,528,バスケットボール 2の詳細説明です。高品質でおすすめの商品です。,2023-06-02
5019,サッカーボール 2,スポーツ・アウトドア,Active,5630,674,サッカーボール 2の詳細説明です。高品質でおすすめの商品です。,2023-10-06
5020,フィットネスバンド 2,スポーツ・アウトドア,SportMax,45811,196,フィットネスバンド 2の詳細説明です。高品質でおすすめの商品です。,2023-01-24
5021,ヨガマット 3,スポーツ・アウトドア,Energy,14878,538,ヨガマット 3の詳細説明です。高品質でおすすめの商品です。,2023-04-29
5022,ランニングシューズ 3,スポーツ・アウトドア,Energy,3098,768,ランニングシューズ 3の詳細説明です。高品質でおすすめの商品です。,2023-08-26
5023,トレーニングウェア 3,スポーツ・アウトドア,Active,10549,855,トレーニングウェア 3の詳細説明です。高品質でおすすめの商品です。,2023-11-07
5024,水筒 3,スポーツ・アウトドア,Energy,35868,267,水筒 3の詳細説明です。高品質でおすすめの商品です。,2023-12-20
5025,キャンプ用品セット 3,スポーツ・アウトドア,SportMax,34264,927,キャンプ用品セット 3の詳細説明です。高品質でおすすめの商品です。,2023-06-07
5026,自転車ヘルメット 3,スポーツ・アウトドア,Energy,13731,568,自転車ヘルメット 3の詳細説明です。高品質でおすすめの商品です。,2023-09-23
5027,テニスラケット 3,スポーツ・アウトドア,Fit,44400,4,テニスラケット 3の詳細説明です。高品質でおすすめの商品です。,2023-12-18
5028,バスケットボール 3,スポーツ・アウトドア,Active,5144,482,バスケットボール 3の詳細説明です。高品質でおすすめの商品です。,2023-06-16
5029,サッカーボール 3,スポーツ・アウトドア,Outdoor,26439,103,サッカーボール 3の詳細説明です。高品質でおすすめの商品です。,2023-04-15
5030,フィットネスバンド 3,スポーツ・アウトドア,Fit,25209,871,フィットネスバンド 3の詳細説明です。高品質でおすすめの商品です。,2023-04-03
5031,ヨガマット 4,スポーツ・アウトドア,Active,10556,576,ヨガマット 4の詳細説明です。高品質でおすすめの商品です。,2023-02-27
5032,ランニングシューズ 4,スポーツ・アウトドア,SportMax,42914,232,ランニングシューズ 4の詳細説明です。高品質でおすすめの商品です。,2023-01-27
5033,トレーニングウェア 4,スポーツ・アウトドア,SportMax,45712,585,トレーニングウェア 4の詳細説明です。高品質でおすすめの商品です。,2023-11-14
5034,水筒 4,スポーツ・アウトドア,Active,21777,539,水筒 4の詳細説明です。高品質でおすすめの商品です。,2023-10-15
5035,キャンプ用品セット 4,スポーツ・アウトドア,Outdoor,46166,349,キャンプ用品セット 4の詳細説明です。高品質でおすすめの商品です。,2023-11-24
5036,自転車ヘルメット 4,スポーツ・アウトドア,Outdoor,18720,775,自転車ヘルメット 4の詳細説明です。高品質でおすすめの商品です。,2023-03-29
5037,テニスラケット 4,スポーツ・アウトドア,Active,715,787,テニスラケット 4の詳細説明です。高品質でおすすめの商品です。,2023-10-20
5038,バスケットボール 4,スポーツ・アウトドア,SportMax,12923,356,バスケットボール 4の詳細説明です。高品質でおすすめの商品です。,2023-12-20
5039,サッカーボール 4,スポーツ・アウトドア,Fit,27260,8,サッカーボール 4の詳細説明です。高品質でおすすめの商品です。,2023-12-20
5040,フィットネスバンド 4,スポーツ・アウトドア,Outdoor,32600,232,フィットネスバンド 4の詳細説明です。高品質でおすすめの商品です。,2023-08-26
5041,ヨガマット 5,スポーツ・アウトドア,Active,5311,484,ヨガマット 5の詳細説明です。高品質でおすすめの商品です。,2023-01-28
5042,ランニングシューズ 5,スポーツ・アウトドア,Energy,20190,0,ランニングシューズ 5の詳細説明です。高品質でおすすめの商品です。,2023-09-06
5043,トレーニングウェア 5,スポーツ・アウトドア,Outdoor,37186,44,トレーニングウェア 5の詳細説明です。高品質でおすすめの商品です。,2023-02-18
5044,水筒 5,スポーツ・アウトドア,Outdoor,36552,731,水筒 5の詳細説明です。高品質でおすすめの商品です。,2023-12-25
5045,キャンプ用品セット 5,スポーツ・アウトドア,Active,47307,967,キャンプ用品セット 5の詳細説明です。高品質でおすすめの商品です。,2023-09-12
5046,自転車ヘルメット 5,スポーツ・アウトドア,SportMax,10511,957,自転車ヘルメット 5の詳細説明です。高品質でおすすめの商品です。,2023-04-02
5047,テニスラケット 5,スポーツ・アウトドア,Fit,34936,766,テニスラケット 5の詳細説明です。高品質でおすすめの商品です。,2023-06-05
5048,バスケットボール 5,スポーツ・アウトドア,Outdoor,16954,952,バスケットボール 5の詳細説明です。高品質でおすすめの商品です。,2023-11-13
5049,サッカーボール 5,スポーツ・アウトドア,Energy,39903,214,サッカーボール 5の詳細説明です。高品質でおすすめの商品です。,2023-10-21
5050,フィットネスバンド 5,スポーツ・アウトドア,Energy,37301,863,フィットネスバンド 5の詳細説明です。高品質でおすすめの商品です。,2023-06-01
5051,ヨガマット 6,スポーツ・アウトドア,Fit,39046,690,ヨガマット 6の詳細説明です。高品質でおすすめの商品です。,2023-07-28
5052,ランニングシューズ 6,スポーツ・アウトドア,Active,9701,541,ランニングシューズ 6の詳細説明です。高品質でおすすめの商品です。,2023-12-06
5053,トレーニングウェア 6,スポーツ・アウトドア,Energy,15525,205,トレーニングウェア 6の詳細説明です。高品質でおすすめの商品です。,2023-11-26
5054,水筒 6,スポーツ・アウトドア,SportMax,37174,280,水筒 6の詳細説明です。高品質でおすすめの商品です。,2023-02-16
5055,キャンプ用品セット 6,スポーツ・アウトドア,Fit,16500,137,キャンプ用品セット 6の詳細説明です。高品質でおすすめの商品です。,2023-08-26
5056,自転車ヘルメット 6,スポーツ・アウトドア,SportMax,20401,294,自転車ヘルメット 6の詳細説明です。高品質でおすすめの商品です。,2023-06-04
5057,テニスラケット 6,スポーツ・アウトドア,Outdoor,10305,489,テニスラケット 6の詳細説明です。高品質でおすすめの商品です。,2023-03-13
5058,バスケットボール 6,スポーツ・アウトドア,Energy,13355,175,バスケットボール 6の詳細説明です。高品質でおすすめの商品です。,2023-07-31
5059,サッカーボール 6,スポーツ・アウトドア,Outdoor,26767,948,サッカーボール 6の詳細説明です。高品質でおすすめの商品です。,2023-10-24
5060,フィットネスバンド 6,スポーツ・アウトドア,Active,8802,778,フィットネスバンド 6の詳細説明です。高品質でおすすめの商品です。,2023-04-26
5061,ヨガマット 7,スポーツ・アウトドア,Active,34626,590,ヨガマット 7の詳細説明です。高品質でおすすめの商品です。,2023-07-13
5062,ランニングシューズ 7,スポーツ・アウトドア,Outdoor,48330,197,ランニングシューズ 7の詳細説明です。高品質でおすすめの商品です。,2023-06-07
5063,トレーニングウェア 7,スポーツ・アウトドア,SportMax,20198,34,トレーニングウェア 7の詳細説明です。高品質でおすすめの商品です。,2023-03-26
5064,水筒 7,スポーツ・アウトドア,SportMax,41053,247,水筒 7の詳細説明です。高品質でおすすめの商品です。,2023-12-08
5065,キャンプ用品セット 7,スポーツ・アウトドア,Energy,7607,156,キャンプ用品セット 7の詳細説明です。高品質でおすすめの商品です。,2023-03-11
5066,自転車ヘルメット 7,スポーツ・アウトドア,Energy,10114,82,自転車ヘルメット 7の詳細説明です。高品質でおすすめの商品です。,2023-07-30
5067,テニスラケット 7,スポーツ・アウトドア,SportMax,1657,227,テニスラケット 7の詳細説明です。高品質でおすすめの商品です。,2023-04-29
5068,バスケットボール 7,スポーツ・アウトドア,Outdoor,25426,865,バスケットボール 7の詳細説明です。高品質でおすすめの商品です。,2023-08-21
5069,サッカーボール 7,スポーツ・アウトドア,Energy,25821,195,サッカーボール 7の詳細説明です。高品質でおすすめの商品です。,2023-01-14
5070,フィットネスバンド 7,スポーツ・アウトドア,Outdoor,29835,50,フィットネスバンド 7の詳細説明です。高品質でおすすめの商品です。,2023-10-27
5071,ヨガマット 8,スポーツ・アウトドア,Active,4460,165,ヨガマット 8の詳細説明です。高品質でおすすめの商品です。,2023-05-11
5072,ランニングシューズ 8,スポーツ・アウトドア,Outdoor,30760,347,ランニングシューズ 8の詳細説明です。高品質でおすすめの商品です。,2023-11-07
5073,トレーニングウェア 8,スポーツ・アウトドア,Outdoor,12255,109,トレーニングウェア 8の詳細説明です。高品質でおすすめの商品です。,2023-07-28
5074,水筒 8,スポーツ・アウトドア,SportMax,2846,905,水筒 8の詳細説明です。高品質でおすすめの商品です。,2023-06-17
5075,キャンプ用品セット 8,スポーツ・アウトドア,Energy,15346,269,キャンプ用品セット 8の詳細説明です。高品質でおすすめの商品です。,2023-02-23
5076,自転車ヘルメット 8,スポーツ・アウトドア,Active,11870,500,自転車ヘルメット 8の詳細説明です。高品質でおすすめの商品です。,2023-09-22
5077,テニスラケット 8,スポーツ・アウトドア,Energy,8651,572,テニスラケット 8の詳細説明です。高品質でおすすめの商品です。,2023-07-15
5078,バスケットボール 8,スポーツ・アウトドア,Energy,18507,735,バスケットボール 8の詳細説明です。高品質でおすすめの商品です。,2023-04-11
5079,サッカーボール 8,スポーツ・アウトドア,SportMax,21566,285,サッカーボール 8の詳細説明です。高品質でおすすめの商品です。,2023-06-06
5080,フィットネスバンド 8,スポーツ・アウトドア,SportMax,13311,812,フィットネスバンド 8の詳細説明です。高品質でおすすめの商品です。,2023-08-29
5081,ヨガマット 9,スポーツ・アウトドア,SportMax,40942,744,ヨガマット 9の詳細説明です。高品質でおすすめの商品です。,2023-04-01
5082,ランニングシューズ 9,スポーツ・アウトドア,Fit,10415,73,ランニングシューズ 9の詳細説明です。高品質でおすすめの商品です。,2023-02-18
5083,トレーニングウェア 9,スポーツ・アウトドア,SportMax,14983,141,トレーニングウェア 9の詳細説明です。高品質でおすすめの商品です。,2023-10-29
5084,水筒 9,スポーツ・アウトドア,Outdoor,12642,695,水筒 9の詳細説明です。高品質でおすすめの商品です。,2023-11-03
5085,キャンプ用品セット 9,スポーツ・アウトドア,Fit,47619,702,キャンプ用品セット 9の詳細説明です。高品質でおすすめの商品です。,2023-07-27
5086,自転車ヘルメット 9,スポーツ・アウトドア,SportMax,43587,154,自転車ヘルメット 9の詳細説明です。高品質でおすすめの商品です。,2023-03-31
5087,テニスラケット 9,スポーツ・アウトドア,SportMax,14852,992,テニスラケット 9の詳細説明です。高品質でおすすめの商品です。,2023-10-04
5088,バスケットボール 9,スポーツ・アウトドア,SportMax,14774,365,バスケットボール 9の詳細説明です。高品質でおすすめの商品です。,2023-01-27
5089,サッカーボール 9,スポーツ・アウトドア,Active,5212,504,サッカーボール 9の詳細説明です。高品質でおすすめの商品です。,2023-12-09
5090,フィットネスバンド 9,スポーツ・アウトドア,Fit,2983,281,フィットネスバンド 9の詳細説明です。高品質でおすすめの商品です。,2023-10-29
5091,ヨガマット 10,スポーツ・アウトドア,Fit,38093,37,ヨガマット 10の詳細説明です。高品質でおすすめの商品です。,2023-11-24
5092,ランニングシューズ 10,スポーツ・アウトドア,Active,12789,655,ランニングシューズ 10の詳細説明です。高品質でおすすめの商品です。,2023-05-20
5093,トレーニングウェア 10,スポーツ・アウトドア,Energy,27549,132,トレーニングウェア 10の詳細説明です。高品質でおすすめの商品です。,2023-07-01
5094,水筒 10,スポーツ・アウトドア,Energy,25941,275,水筒 10の詳細説明です。高品質でおすすめの商品です。,2023-07-12
5095,キャンプ用品セット 10,スポーツ・アウトドア,Outdoor,11582,633,キャンプ用品セット 10の詳細説明です。高品質でおすすめの商品です。,2023-11-17
5096,自転車ヘルメット 10,スポーツ・アウトドア,Active,2678,149,自転車ヘルメット 10の詳細説明です。高品質でおすすめの商品です。,2023-10-21
5097,テニスラケット 10,スポーツ・アウトドア,Fit,3676,681,テニスラケット 10の詳細説明です。高品質でおすすめの商品です。,2023-11-01
5098,バスケットボール 10,スポーツ・アウトドア,Energy,49262,700,バスケットボール 10の詳細説明です。高品質でおすすめの商品です。,2023-10-31
5099,サッカーボール 10,スポーツ・アウトドア,Active,33571,982,サッカーボール 10の詳細説明です。高品質でおすすめの商品です。,2023-05-17
5100,フィットネスバンド 10,スポーツ・アウトドア,Active,28561,814,フィットネスバンド 10の詳細説明です。高品質でおすすめの商品です。,2023-08-24
5101,ヨガマット 11,スポーツ・アウトドア,SportMax,17814,83,ヨガマット 11の詳細説明です。高品質でおすすめの商品です。,2023-02-22
5102,ランニングシューズ 11,スポーツ・アウトドア,Outdoor,1427,189,ランニングシューズ 11の詳細説明です。高品質でおすすめの商品です。,2023-08-15
5103,トレーニングウェア 11,スポーツ・アウトドア,SportMax,12355,635,トレーニングウェア 11の詳細説明です。高品質でおすすめの商品です。,2023-06-21
5104,水筒 11,スポーツ・アウトドア,Energy,3284,432,水筒 11の詳細説明です。高品質でおすすめの商品です。,2023-02-03
5105,キャンプ用品セット 11,スポーツ・アウトドア,Active,42525,856,キャンプ用品セット 11の詳細説明です。高品質でおすすめの商品です。,2023-02-11
5106,自転車ヘルメット 11,スポーツ・アウトドア,Fit,47878,38,自転車ヘルメット 11の詳細説明です。高品質でおすすめの商品です。,2023-05-27
5107,テニスラケット 11,スポーツ・アウトドア,Outdoor,43738,109,テニスラケット 11の詳細説明です。高品質でおすすめの商品です。,2023-08-18
5108,バスケットボール 11,スポーツ・アウトドア,Energy,6330,252,バスケットボール 11の詳細説明です。高品質でおすすめの商品です。,2023-01-28
5109,サッカーボール 11,スポーツ・アウトドア,Outdoor,43646,126,サッカーボール 11の詳細説明です。高品質でおすすめの商品です。,2023-07-31
5110,フィットネスバンド 11,スポーツ・アウトドア,Energy,38988,340,フィットネスバンド 11の詳細説明です。高品質でおすすめの商品です。,2023-01-07
5111,ヨガマット 12,スポーツ・アウトドア,SportMax,36279,35,ヨガマット 12の詳細説明です。高品質でおすすめの商品です。,2023-05-20
5112,ランニングシューズ 12,スポーツ・アウトドア,Active,1897,949,ランニングシューズ 12の詳細説明です。高品質でおすすめの商品です。,2023-05-19
5113,トレーニングウェア 12,スポーツ・アウトドア,SportMax,27247,655,トレーニングウェア 12の詳細説明です。高品質でおすすめの商品です。,2023-07-03
5114,水筒 12,スポーツ・アウトドア,Energy,1261,201,水筒 12の詳細説明です。高品質でおすすめの商品です。,2023-09-02
5115,キャンプ用品セット 12,スポーツ・アウトドア,Outdoor,4895,190,キャンプ用品セット 12の詳細説明です。高品質でおすすめの商品です。,2023-12-22
5116,自転車ヘルメット 12,スポーツ・アウトドア,Energy,11740,935,自転車ヘルメット 12の詳細説明です。高品質でおすすめの商品です。,2023-10-07
5117,テニスラケット 12,スポーツ・アウトドア,Fit,30522,587,テニスラケット 12の詳細説明です。高品質でおすすめの商品です。,2023-10-08
5118,バスケットボール 12,スポーツ・アウトドア,Fit,7987,381,バスケットボール 12の詳細説明です。高品質でおすすめの商品です。,2023-08-11
5119,サッカーボール 12,スポーツ・アウトドア,Outdoor,23974,709,サッカーボール 12の詳細説明です。高品質でおすすめの商品です。,2023-08-03
5120,フィットネスバンド 12,スポーツ・アウトドア,SportMax,18095,324,フィットネスバンド 12の詳細説明です。高品質でおすすめの商品です。,2023-05-13
5121,ヨガマット 13,スポーツ・アウトドア,Outdoor,29107,199,ヨガマット 13の詳細説明です。高品質でおすすめの商品です。,2023-02-14
5122,ランニングシューズ 13,スポーツ・アウトドア,Outdoor,32553,290,ランニングシューズ 13の詳細説明です。高品質でおすすめの商品です。,2023-05-12
5123,トレーニングウェア 13,スポーツ・アウトドア,Active,44890,958,トレーニングウェア 13の詳細説明です。高品質でおすすめの商品です。,2023-04-21
5124,水筒 13,スポーツ・アウトドア,Outdoor,11284,182,水筒 13の詳細説明です。高品質でおすすめの商品です。,2023-09-03
5125,キャンプ用品セット 13,スポーツ・アウトドア,Outdoor,8735,611,キャンプ用品セット 13の詳細説明です。高品質でおすすめの商品です。,2023-12-22
5126,自転車ヘルメット 13,スポーツ・アウトドア,Fit,17905,3,自転車ヘルメット 13の詳細説明です。高品質でおすすめの商品です。,2023-07-09
5127,テニスラケット 13,スポーツ・アウトドア,Active,37332,529,テニスラケット 13の詳細説明です。高品質でおすすめの商品です。,2023-03-10
5128,バスケットボール 13,スポーツ・アウトドア,SportMax,4136,296,バスケットボール 13の詳細説明です。高品質でおすすめの商品です。,2023-11-19
5129,サッカーボール 13,スポーツ・アウトドア,Outdoor,1168,245,サッカーボール 13の詳細説明です。高品質でおすすめの商品です。,2023-05-18
5130,フィットネスバンド 13,スポーツ・アウトドア,SportMax,4627,546,フィットネスバンド 13の詳細説明です。高品質でおすすめの商品です。,2023-11-09
5131,ヨガマット 14,スポーツ・アウトドア,Outdoor,4148,816,ヨガマット 14の詳細説明です。高品質でおすすめの商品です。,2023-06-30
5132,ランニングシューズ 14,スポーツ・アウトドア,Energy,47026,649,ランニングシューズ 14の詳細説明です。高品質でおすすめの商品です。,2023-10-23
5133,トレーニングウェア 14,スポーツ・アウトドア,Fit,14859,315,トレーニングウェア 14の詳細説明です。高品質でおすすめの商品です。,2023-08-21
5134,水筒 14,スポーツ・アウトドア,Active,45549,328,水筒 14の詳細説明です。高品質でおすすめの商品です。,2023-11-19
5135,キャンプ用品セット 14,スポーツ・アウトドア,Energy,11762,327,キャンプ用品セット 14の詳細説明です。高品質でおすすめの商品です。,2023-02-15
5136,自転車ヘルメット 14,スポーツ・アウトドア,SportMax,7677,571,自転車ヘルメット 14の詳細説明です。高品質でおすすめの商品です。,2023-08-23
5137,テニスラケット 14,スポーツ・アウトドア,Fit,32381,594,テニスラケット 14の詳細説明です。高品質でおすすめの商品です。,2023-05-13
5138,バスケットボール 14,スポーツ・アウトドア,SportMax,15560,924,バスケットボール 14の詳細説明です。高品質でおすすめの商品です。,2023-03-19
5139,サッカーボール 14,スポーツ・アウトドア,Energy,18193,161,サッカーボール 14の詳細説明です。高品質でおすすめの商品です。,2023-09-28
5140,フィットネスバンド 14,スポーツ・アウトドア,Outdoor,2417,201,フィットネスバンド 14の詳細説明です。高品質でおすすめの商品です。,2023-08-22
5141,ヨガマット 15,スポーツ・アウトドア,SportMax,25687,276,ヨガマット 15の詳細説明です。高品質でおすすめの商品です。,2023-11-29
5142,ランニングシューズ 15,スポーツ・アウトドア,SportMax,47042,0,ランニングシューズ 15の詳細説明です。高品質でおすすめの商品です。,2023-11-04
5143,トレーニングウェア 15,スポーツ・アウトドア,SportMax,10311,183,トレーニングウェア 15の詳細説明です。高品質でおすすめの商品です。,2023-12-19
5144,水筒 15,スポーツ・アウトドア,Active,29857,897,水筒 15の詳細説明です。高品質でおすすめの商品です。,2023-06-23
5145,キャンプ用品セット 15,スポーツ・アウトドア,SportMax,20120,498,キャンプ用品セット 15の詳細説明です。高品質でおすすめの商品です。,2023-03-19
5146,自転車ヘルメット 15,スポーツ・アウトドア,Active,9953,833,自転車ヘルメット 15の詳細説明です。高品質でおすすめの商品です。,2023-02-13
5147,テニスラケット 15,スポーツ・アウトドア,Active,43751,449,テニスラケット 15の詳細説明です。高品質でおすすめの商品です。,2023-05-06
5148,バスケットボール 15,スポーツ・アウトドア,Fit,30705,353,バスケットボール 15の詳細説明です。高品質でおすすめの商品です。,2023-01-17
5149,サッカーボール 15,スポーツ・アウトドア,Fit,25906,245,サッカーボール 15の詳細説明です。高品質でおすすめの商品です。,2023-10-05
5150,フィットネスバンド 15,スポーツ・アウトドア,Active,43792,589,フィットネスバンド 15の詳細説明です。高品質でおすすめの商品です。,2023-02-11
5151,ヨガマット 16,スポーツ・アウトドア,Outdoor,4239,799,ヨガマット 16の詳細説明です。高品質でおすすめの商品です。,2023-11-30
5152,ランニングシューズ 16,スポーツ・アウトドア,Fit,21666,792,ランニングシューズ 16の詳細説明です。高品質でおすすめの商品です。,2023-04-07
5153,トレーニングウェア 16,スポーツ・アウトドア,SportMax,12824,241,トレーニングウェア 16の詳細説明です。高品質でおすすめの商品です。,2023-10-31
5154,水筒 16,スポーツ・アウトドア,Fit,43860,667,水筒 16の詳細説明です。高品質でおすすめの商品です。,2023-10-23
5155,キャンプ用品セット 16,スポーツ・アウトドア,Active,48731,495,キャンプ用品セット 16の詳細説明です。高品質でおすすめの商品です。,2023-04-18
5156,自転車ヘルメット 16,スポーツ・アウトドア,Outdoor,9017,566,自転車ヘルメット 16の詳細説明です。高品質でおすすめの商品です。,2023-01-18
5157,テニスラケット 16,スポーツ・アウトドア,Active,11828,20,テニスラケット 16の詳細説明です。高品質でおすすめの商品です。,2023-01-24
5158,バスケットボール 16,スポーツ・アウトドア,SportMax,7372,486,バスケットボール 16の詳細説明です。高品質でおすすめの商品です。,2023-10-17
5159,サッカーボール 16,スポーツ・アウトドア,Energy,26580,878,サッカーボール 16の詳細説明です。高品質でおすすめの商品です。,2023-10-18
5160,フィットネスバンド 16,スポーツ・アウトドア,SportMax,18002,428,フィットネスバンド 16の詳細説明です。高品質でおすすめの商品です。,2023-03-18
5161,ヨガマット 17,スポーツ・アウトドア,SportMax,39551,6,ヨガマット 17の詳細説明です。高品質でおすすめの商品です。,2023-09-16
5162,ランニングシューズ 17,スポーツ・アウトドア,SportMax,16578,881,ランニングシューズ 17の詳細説明です。高品質でおすすめの商品です。,2023-04-14
5163,トレーニングウェア 17,スポーツ・アウトドア,Active,16914,304,トレーニングウェア 17の詳細説明です。高品質でおすすめの商品です。,2023-07-30
5164,水筒 17,スポーツ・アウトドア,Energy,10094,536,水筒 17の詳細説明です。高品質でおすすめの商品です。,2023-08-07
5165,キャンプ用品セット 17,スポーツ・アウトドア,Outdoor,25621,390,キャンプ用品セット 17の詳細説明です。高品質でおすすめの商品です。,2023-01-26
5166,自転車ヘルメット 17,スポーツ・アウトドア,SportMax,17974,283,自転車ヘルメット 17の詳細説明です。高品質でおすすめの商品です。,2023-09-23
5167,テニスラケット 17,スポーツ・アウトドア,SportMax,9296,91,テニスラケット 17の詳細説明です。高品質でおすすめの商品です。,2023-06-26
5168,バスケットボール 17,スポーツ・アウトドア,Energy,23356,692,バスケットボール 17の詳細説明です。高品質でおすすめの商品です。,2023-04-10
5169,サッカーボール 17,スポーツ・アウトドア,Active,5715,317,サッカーボール 17の詳細説明です。高品質でおすすめの商品です。,2023-08-30
5170,フィットネスバンド 17,スポーツ・アウトドア,Fit,12368,174,フィットネスバンド 17の詳細説明です。高品質でおすすめの商品です。,2023-02-17
5171,ヨガマット 18,スポーツ・アウトドア,Energy,44874,291,ヨガマット 18の詳細説明です。高品質でおすすめの商品です。,2023-06-09
5172,ランニングシューズ 18,スポーツ・アウトドア,Fit,37683,63,ランニングシューズ 18の詳細説明です。高品質でおすすめの商品です。,2023-04-22
5173,トレーニングウェア 18,スポーツ・アウトドア,Active,18712,110,トレーニングウェア 18の詳細説明です。高品質でおすすめの商品です。,2023-07-12
5174,水筒 18,スポーツ・アウトドア,SportMax,6054,679,水筒 18の詳細説明です。高品質でおすすめの商品です。,2023-10-16
5175,キャンプ用品セット 18,スポーツ・アウトドア,Energy,42146,178,キャンプ用品セット 18の詳細説明です。高品質でおすすめの商品です。,2023-10-17
5176,自転車ヘルメット 18,スポーツ・アウトドア,Fit,21380,231,自転車ヘルメット 18の詳細説明です。高品質でおすすめの商品です。,2023-04-01
5177,テニスラケット 18,スポーツ・アウトドア,Outdoor,36867,378,テニスラケット 18の詳細説明です。高品質でおすすめの商品です。,2023-06-22
5178,バスケットボール 18,スポーツ・アウトドア,Outdoor,14453,672,バスケットボール 18の詳細説明です。高品質でおすすめの商品です。,2023-05-29
5179,サッカーボール 18,スポーツ・アウトドア,Active,20045,970,サッカーボール 18の詳細説明です。高品質でおすすめの商品です。,2023-04-22
5180,フィットネスバンド 18,スポーツ・アウトドア,Active,14733,685,フィットネスバンド 18の詳細説明です。高品質でおすすめの商品です。,2023-08-18
5181,ヨガマット 19,スポーツ・アウトドア,Energy,42581,154,ヨガマット 19の詳細説明です。高品質でおすすめの商品です。,2023-01-17
5182,ランニングシューズ 19,スポーツ・アウトドア,Outdoor,24180,45,ランニングシューズ 19の詳細説明です。高品質でおすすめの商品です。,2023-08-11
5183,トレーニングウェア 19,スポーツ・アウトドア,SportMax,49667,499,トレーニングウェア 19の詳細説明です。高品質でおすすめの商品です。,2023-06-03
5184,水筒 19,スポーツ・アウトドア,Outdoor,36541,600,水筒 19の詳細説明です。高品質でおすすめの商品です。,2023-12-18
5185,キャンプ用品セット 19,スポーツ・アウトドア,Energy,49350,219,キャンプ用品セット 19の詳細説明です。高品質でおすすめの商品です。,2023-06-10
5186,自転車ヘルメット 19,スポーツ・アウトドア,Fit,15199,97,自転車ヘルメット 19の詳細説明です。高品質でおすすめの商品です。,2023-06-02
5187,テニスラケット 19,スポーツ・アウトドア,Energy,41691,832,テニスラケット 19の詳細説明です。高品質でおすすめの商品です。,2023-06-16
5188,バスケットボール 19,スポーツ・アウトドア,Outdoor,21070,508,バスケットボール 19の詳細説明です。高品質でおすすめの商品です。,2023-07-17
5189,サッカーボール 19,スポーツ・アウトドア,Energy,5397,378,サッカーボール 19の詳細説明です。高品質でおすすめの商品です。,2023-01-25
5190,フィットネスバンド 19,スポーツ・アウトドア,SportMax,38528,236,フィットネスバンド 19の詳細説明です。高品質でおすすめの商品です。,2023-09-22
5191,ヨガマット 20,スポーツ・アウトドア,Active,26933,659,ヨガマット 20の詳細説明です。高品質でおすすめの商品です。,2023-07-20
5192,ランニングシューズ 20,スポーツ・アウトドア,Energy,13512,795,ランニングシューズ 20の詳細説明です。高品質でおすすめの商品です。,2023-06-05
5193,トレーニングウェア 20,スポーツ・アウトドア,Fit,45369,688,トレーニングウェア 20の詳細説明です。高品質でおすすめの商品です。,2023-09-29
5194,水筒 20,スポーツ・アウトドア,Active,13879,247,水筒 20の詳細説明です。高品質でおすすめの商品です。,2023-03-05
5195,キャンプ用品セット 20,スポーツ・アウトドア,SportMax,33441,631,キャンプ用品セット 20の詳細説明です。高品質でおすすめの商品です。,2023-09-07
5196,自転車ヘルメット 20,スポーツ・アウトドア,SportMax,35712,596,自転車ヘルメット 20の詳細説明です。高品質でおすすめの商品です。,2023-12-05
5197,テニスラケット 20,スポーツ・アウトドア,SportMax,7936,424,テニスラケット 20の詳細説明です。高品質でおすすめの商品です。,2023-07-19
5198,バスケットボール 20,スポーツ・アウトドア,Active,47886,777,バスケットボール 20の詳細説明です。高品質でおすすめの商品です。,2023-09-02
5199,サッカーボール 20,スポーツ・アウトドア,Active,34353,698,サッカーボール 20の詳細説明です。高品質でおすすめの商品です。,2023-02-27
5200,フィットネスバンド 20,スポーツ・アウトドア,Active,46709,841,フィットネスバンド 20の詳細説明です。高品質でおすすめの商品です。,2023-06-29
5201,ヨガマット 21,スポーツ・アウトドア,Energy,47428,159,ヨガマット 21の詳細説明です。高品質でおすすめの商品です。,2023-02-25
5202,ランニングシューズ 21,スポーツ・アウトドア,SportMax,47447,717,ランニングシューズ 21の詳細説明です。高品質でおすすめの商品です。,2023-09-10
5203,トレーニングウェア 21,スポーツ・アウトドア,Outdoor,45965,547,トレーニングウェア 21の詳細説明です。高品質でおすすめの商品です。,2023-05-18
5204,水筒 21,スポーツ・アウトドア,Active,5542,102,水筒 21の詳細説明です。高品質でおすすめの商品です。,2023-04-26
5205,キャンプ用品セット 21,スポーツ・アウトドア,SportMax,2659,250,キャンプ用品セット 21の詳細説明です。高品質でおすすめの商品です。,2023-06-12
5206,自転車ヘルメット 21,スポーツ・アウトドア,Outdoor,32712,73,自転車ヘルメット 21の詳細説明です。高品質でおすすめの商品です。,2023-08-15
5207,テニスラケット 21,スポーツ・アウトドア,Outdoor,886,104,テニスラケット 21の詳細説明です。高品質でおすすめの商品です。,2023-07-09
5208,バスケットボール 21,スポーツ・アウトドア,SportMax,23800,260,バスケットボール 21の詳細説明です。高品質でおすすめの商品です。,2023-01-16
5209,サッカーボール 21,スポーツ・アウトドア,Active,30820,51,サッカーボール 21の詳細説明です。高品質でおすすめの商品です。,2023-06-12
5210,フィットネスバンド 21,スポーツ・アウトドア,Active,15390,817,フィットネスバンド 21の詳細説明です。高品質でおすすめの商品です。,2023-04-29
5211,ヨガマット 22,スポーツ・アウトドア,Outdoor,14586,404,ヨガマット 22の詳細説明です。高品質でおすすめの商品です。,2023-04-10
5212,ランニングシューズ 22,スポーツ・アウトドア,Fit,2385,939,ランニングシューズ 22の詳細説明です。高品質でおすすめの商品です。,2023-03-22
5213,トレーニングウェア 22,スポーツ・アウトドア,Outdoor,42210,676,トレーニングウェア 22の詳細説明です。高品質でおすすめの商品です。,2023-06-17
5214,水筒 22,スポーツ・アウトドア,Outdoor,35336,852,水筒 22の詳細説明です。高品質でおすすめの商品です。,2023-04-16
5215,キャンプ用品セット 22,スポーツ・アウトドア,SportMax,29825,588,キャンプ用品セット 22の詳細説明です。高品質でおすすめの商品です。,2023-11-29
5216,自転車ヘルメット 22,スポーツ・アウトドア,Active,14736,285,自転車ヘルメット 22の詳細説明です。高品質でおすすめの商品です。,2023-03-29
5217,テニスラケット 22,スポーツ・アウトドア,Active,23619,123,テニスラケット 22の詳細説明です。高品質でおすすめの商品です。,2023-03-23
5218,バスケットボール 22,スポーツ・アウトドア,Energy,34370,863,バスケットボール 22の詳細説明です。高品質でおすすめの商品です。,2023-09-01
5219,サッカーボール 22,スポーツ・アウトドア,Active,30989,918,サッカーボール 22の詳細説明です。高品質でおすすめの商品です。,2023-05-17
5220,フィットネスバンド 22,スポーツ・アウトドア,Active,30957,604,フィットネスバンド 22の詳細説明です。高品質でおすすめの商品です。,2023-05-27
5221,ヨガマット 23,スポーツ・アウトドア,Energy,17942,329,ヨガマット 23の詳細説明です。高品質でおすすめの商品です。,2023-11-20
5222,ランニングシューズ 23,スポーツ・アウトドア,Outdoor,23552,726,ランニングシューズ 23の詳細説明です。高品質でおすすめの商品です。,2023-02-20
5223,トレーニングウェア 23,スポーツ・アウトドア,SportMax,34751,702,トレーニングウェア 23の詳細説明です。高品質でおすすめの商品です。,2023-10-02
5224,水筒 23,スポーツ・アウトドア,Outdoor,34621,732,水筒 23の詳細説明です。高品質でおすすめの商品です。,2023-03-03
5225,キャンプ用品セット 23,スポーツ・アウトドア,Energy,40341,954,キャンプ用品セット 23の詳細説明です。高品質でおすすめの商品です。,2023-05-27
5226,自転車ヘルメット 23,スポーツ・アウトドア,Energy,38771,592,自転車ヘルメット 23の詳細説明です。高品質でおすすめの商品です。,2023-11-12
5227,テニスラケット 23,スポーツ・アウトドア,Outdoor,28795,292,テニスラケット 23の詳細説明です。高品質でおすすめの商品です。,2023-04-12
5228,バスケットボール 23,スポーツ・アウトドア,SportMax,23734,30,バスケットボール 23の詳細説明です。高品質でおすすめの商品です。,2023-09-28
5229,サッカーボール 23,スポーツ・アウトドア,Active,31906,206,サッカーボール 23の詳細説明です。高品質でおすすめの商品です。,2023-03-15
5230,フィットネスバンド 23,スポーツ・アウトドア,Fit,45447,643,フィットネスバンド 23の詳細説明です。高品質でおすすめの商品です。,2023-01-03
5231,ヨガマット 24,スポーツ・アウトドア,Active,38231,942,ヨガマット 24の詳細説明です。高品質でおすすめの商品です。,2023-07-12
5232,ランニングシューズ 24,スポーツ・アウトドア,SportMax,16432,679,ランニングシューズ 24の詳細説明です。高品質でおすすめの商品です。,2023-04-26
5233,トレーニングウェア 24,スポーツ・アウトドア,Energy,1112,618,トレーニングウェア 24の詳細説明です。高品質でおすすめの商品です。,2023-09-20
5234,水筒 24,スポーツ・アウトドア,SportMax,3809,639,水筒 24の詳細説明です。高品質でおすすめの商品です。,2023-03-21
5235,キャンプ用品セット 24,スポーツ・アウトドア,Energy,10863,86,キャンプ用品セット 24の詳細説明です。高品質でおすすめの商品です。,2023-07-19
5236,自転車ヘルメット 24,スポーツ・アウトドア,Active,41951,523,自転車ヘルメット 24の詳細説明です。高品質でおすすめの商品です。,2023-02-14
5237,テニスラケット 24,スポーツ・アウトドア,Energy,24207,992,テニスラケット 24の詳細説明です。高品質でおすすめの商品です。,2023-11-22
5238,バスケットボール 24,スポーツ・アウトドア,SportMax,21801,415,バスケットボール 24の詳細説明です。高品質でおすすめの商品です。,2023-10-24
5239,サッカーボール 24,スポーツ・アウトドア,SportMax,8968,427,サッカーボール 24の詳細説明です。高品質でおすすめの商品です。,2023-09-20
5240,フィットネスバンド 24,スポーツ・アウトドア,Fit,30337,213,フィットネスバンド 24の詳細説明です。高品質でおすすめの商品です。,2023-03-20
5241,ヨガマット 25,スポーツ・アウトドア,Active,26281,549,ヨガマット 25の詳細説明です。高品質でおすすめの商品です。,2023-11-30
5242,ランニングシューズ 25,スポーツ・アウトドア,SportMax,16151,688,ランニングシューズ 25の詳細説明です。高品質でおすすめの商品です。,2023-10-12
5243,トレーニングウェア 25,スポーツ・アウトドア,Energy,19904,337,トレーニングウェア 25の詳細説明です。高品質でおすすめの商品です。,2024-01-01
5244,水筒 25,スポーツ・アウトドア,Outdoor,6254,325,水筒 25の詳細説明です。高品質でおすすめの商品です。,2023-04-26
5245,キャンプ用品セット 25,スポーツ・アウトドア,Energy,38283,626,キャンプ用品セット 25の詳細説明です。高品質でおすすめの商品です。,2023-06-02
5246,自転車ヘルメット 25,スポーツ・アウトドア,SportMax,26882,783,自転車ヘルメット 25の詳細説明です。高品質でおすすめの商品です。,2023-04-17
5247,テニスラケット 25,スポーツ・アウトドア,Active,18732,297,テニスラケット 25の詳細説明です。高品質でおすすめの商品です。,2023-04-07
5248,バスケットボール 25,スポーツ・アウトドア,Energy,39267,21,バスケットボール 25の詳細説明です。高品質でおすすめの商品です。,2023-08-02
5249,サッカーボール 25,スポーツ・アウトドア,SportMax,36200,833,サッカーボール 25の詳細説明です。高品質でおすすめの商品です。,2023-04-08
5250,フィットネスバンド 25,スポーツ・アウトドア,Outdoor,28185,542,フィットネスバンド 25の詳細説明です。高品質でおすすめの商品です。,2023-08-14
5251,ヨガマット 26,スポーツ・アウトドア,SportMax,47097,187,ヨガマット 26の詳細説明です。高品質でおすすめの商品です。,2023-12-18
5252,ランニングシューズ 26,スポーツ・アウトドア,Fit,42953,437,ランニングシューズ 26の詳細説明です。高品質でおすすめの商品です。,2023-08-08
5253,トレーニングウェア 26,スポーツ・アウトドア,SportMax,30484,525,トレーニングウェア 26の詳細説明です。高品質でおすすめの商品です。,2023-05-11
5254,水筒 26,スポーツ・アウトドア,SportMax,39610,1,水筒 26の詳細説明です。高品質でおすすめの商品です。,2023-10-02
5255,キャンプ用品セット 26,スポーツ・アウトドア,Active,41380,568,キャンプ用品セット 26の詳細説明です。高品質でおすすめの商品です。,2023-07-09
5256,自転車ヘルメット 26,スポーツ・アウトドア,SportMax,36278,44,自転車ヘルメット 26の詳細説明です。高品質でおすすめの商品です。,2023-05-14
5257,テニスラケット 26,スポーツ・アウトドア,Fit,17512,823,テニスラケット 26の詳細説明です。高品質でおすすめの商品です。,2023-12-27
5258,バスケットボール 26,スポーツ・アウトドア,Active,12635,636,バスケットボール 26の詳細説明です。高品質でおすすめの商品です。,2023-03-29
5259,サッカーボール 26,スポーツ・アウトドア,Outdoor,46581,520,サッカーボール 26の詳細説明です。高品質でおすすめの商品です。,2023-05-15
5260,フィットネスバンド 26,スポーツ・アウトドア,Fit,14492,856,フィットネスバンド 26の詳細説明です。高品質でおすすめの商品です。,2023-06-30
5261,ヨガマット 27,スポーツ・アウトドア,Active,21874,77,ヨガマット 27の詳細説明です。高品質でおすすめの商品です。,2023-01-21
5262,ランニングシューズ 27,スポーツ・アウトドア,Energy,34941,743,ランニングシューズ 27の詳細説明です。高品質でおすすめの商品です。,2023-06-14
5263,トレーニングウェア 27,スポーツ・アウトドア,Outdoor,29540,251,トレーニングウェア 27の詳細説明です。高品質でおすすめの商品です。,2023-02-13
5264,水筒 27,スポーツ・アウトドア,Outdoor,36991,872,水筒 27の詳細説明です。高品質でおすすめの商品です。,2023-03-06
5265,キャンプ用品セット 27,スポーツ・アウトドア,SportMax,37784,887,キャンプ用品セット 27の詳細説明です。高品質でおすすめの商品です。,2023-02-20
5266,自転車ヘルメット 27,スポーツ・アウトドア,Energy,4294,726,自転車ヘルメット 27の詳細説明です。高品質でおすすめの商品です。,2023-01-18
5267,テニスラケット 27,スポーツ・アウトドア,Fit,35041,711,テニスラケット 27の詳細説明です。高品質でおすすめの商品です。,2023-06-12
5268,バスケットボール 27,スポーツ・アウトドア,Fit,19652,454,バスケットボール 27の詳細説明です。高品質でおすすめの商品です。,2023-08-17
5269,サッカーボール 27,スポーツ・アウトドア,Fit,8075,41,サッカーボール 27の詳細説明です。高品質でおすすめの商品です。,2023-06-25
5270,フィットネスバンド 27,スポーツ・アウトドア,Fit,27586,705,フィットネスバンド 27の詳細説明です。高品質でおすすめの商品です。,2023-01-08
5271,ヨガマット 28,スポーツ・アウトドア,Active,7312,692,ヨガマット 28の詳細説明です。高品質でおすすめの商品です。,2023-01-02
5272,ランニングシューズ 28,スポーツ・アウトドア,Energy,45713,435,ランニングシューズ 28の詳細説明です。高品質でおすすめの商品です。,2023-06-22
5273,トレーニングウェア 28,スポーツ・アウトドア,Energy,6243,545,トレーニングウェア 28の詳細説明です。高品質でおすすめの商品です。,2023-11-28
5274,水筒 28,スポーツ・アウトドア,Energy,21325,532,水筒 28の詳細説明です。高品質でおすすめの商品です。,2023-09-27
5275,キャンプ用品セット 28,スポーツ・アウトドア,SportMax,36365,190,キャンプ用品セット 28の詳細説明です。高品質でおすすめの商品です。,2023-08-20
5276,自転車ヘルメット 28,スポーツ・アウトドア,Outdoor,18879,655,自転車ヘルメット 28の詳細説明です。高品質でおすすめの商品です。,2023-09-12
5277,テニスラケット 28,スポーツ・アウトドア,Fit,34229,175,テニスラケット 28の詳細説明です。高品質でおすすめの商品です。,2023-12-30
5278,バスケットボール 28,スポーツ・アウトドア,Active,31208,854,バスケットボール 28の詳細説明です。高品質でおすすめの商品です。,2023-02-27
5279,サッカーボール 28,スポーツ・アウトドア,Active,14688,609,サッカーボール 28の詳細説明です。高品質でおすすめの商品です。,2023-10-04
5280,フィットネスバンド 28,スポーツ・アウトドア,Fit,7697,789,フィットネスバンド 28の詳細説明です。高品質でおすすめの商品です。,2023-12-26
5281,ヨガマット 29,スポーツ・アウトドア,Fit,21406,201,ヨガマット 29の詳細説明です。高品質でおすすめの商品です。,2023-10-22
5282,ランニングシューズ 29,スポーツ・アウトドア,Fit,25798,291,ランニングシューズ 29の詳細説明です。高品質でおすすめの商品です。,2023-12-22
5283,トレーニングウェア 29,スポーツ・アウトドア,Outdoor,17709,137,トレーニングウェア 29の詳細説明です。高品質でおすすめの商品です。,2023-08-03
5284,水筒 29,スポーツ・アウトドア,Outdoor,12000,151,水筒 29の詳細説明です。高品質でおすすめの商品です。,2023-12-10
5285,キャンプ用品セット 29,スポーツ・アウトドア,Fit,24801,177,キャンプ用品セット 29の詳細説明です。高品質でおすすめの商品です。,2023-09-11
5286,自転車ヘルメット 29,スポーツ・アウトドア,Fit,29277,43,自転車ヘルメット 29の詳細説明です。高品質でおすすめの商品です。,2023-10-31
5287,テニスラケット 29,スポーツ・アウトドア,Energy,29303,458,テニスラケット 29の詳細説明です。高品質でおすすめの商品です。,2023-10-29
5288,バスケットボール 29,スポーツ・アウトドア,Fit,33263,176,バスケットボール 29の詳細説明です。高品質でおすすめの商品です。,2023-08-31
5289,サッカーボール 29,スポーツ・アウトドア,Energy,43880,837,サッカーボール 29の詳細説明です。高品質でおすすめの商品です。,2023-11-27
5290,フィットネスバンド 29,スポーツ・アウトドア,Fit,36262,656,フィットネスバンド 29の詳細説明です。高品質でおすすめの商品です。,2023-04-25
5291,ヨガマット 30,スポーツ・アウトドア,Energy,26571,462,ヨガマット 30の詳細説明です。高品質でおすすめの商品です。,2023-08-28
5292,ランニングシューズ 30,スポーツ・アウトドア,Energy,38244,791,ランニングシューズ 30の詳細説明です。高品質でおすすめの商品です。,2023-06-11
5293,トレーニングウェア 30,スポーツ・アウトドア,Fit,15449,820,トレーニングウェア 30の詳細説明です。高品質でおすすめの商品です。,2023-05-08
5294,水筒 30,スポーツ・アウトドア,Fit,3022,245,水筒 30の詳細説明です。高品質でおすすめの商品です。,2023-10-07
5295,キャンプ用品セット 30,スポーツ・アウトドア,Energy,14793,866,キャンプ用品セット 30の詳細説明です。高品質でおすすめの商品です。,2023-01-06
5296,自転車ヘルメット 30,スポーツ・アウトドア,Active,15906,152,自転車ヘルメット 30の詳細説明です。高品質でおすすめの商品です。,2023-08-31
5297,テニスラケット 30,スポーツ・アウトドア,Fit,28904,834,テニスラケット 30の詳細説明です。高品質でおすすめの商品です。,2023-03-04
5298,バスケットボール 30,スポーツ・アウトドア,SportMax,1962,641,バスケットボール 30の詳細説明です。高品質でおすすめの商品です。,2023-08-01
5299,サッカーボール 30,スポーツ・アウトドア,Fit,32514,356,サッカーボール 30の詳細説明です。高品質でおすすめの商品です。,2023-03-05
5300,フィットネスバンド 30,スポーツ・アウトドア,Fit,28621,76,フィットネスバンド 30の詳細説明です。高品質でおすすめの商品です。,2023-07-17
5301,ヨガマット 31,スポーツ・アウトドア,Fit,11600,94,ヨガマット 31の詳細説明です。高品質でおすすめの商品です。,2023-09-05
5302,ランニングシューズ 31,スポーツ・アウトドア,Energy,46791,874,ランニングシューズ 31の詳細説明です。高品質でおすすめの商品です。,2023-10-26
5303,トレーニングウェア 31,スポーツ・アウトドア,Energy,46913,715,トレーニングウェア 31の詳細説明です。高品質でおすすめの商品です。,2023-07-31
5304,水筒 31,スポーツ・アウトドア,SportMax,48008,498,水筒 31の詳細説明です。高品質でおすすめの商品です。,2023-09-12
5305,キャンプ用品セット 31,スポーツ・アウトドア,Active,37983,686,キャンプ用品セット 31の詳細説明です。高品質でおすすめの商品です。,2023-04-08
5306,自転車ヘルメット 31,スポーツ・アウトドア,Active,12375,176,自転車ヘルメット 31の詳細説明です。高品質でおすすめの商品です。,2023-09-22
5307,テニスラケット 31,スポーツ・アウトドア,Active,41048,272,テニスラケット 31の詳細説明です。高品質でおすすめの商品です。,2023-11-16
5308,バスケットボール 31,スポーツ・アウトドア,Outdoor,26398,662,バスケットボール 31の詳細説明です。高品質でおすすめの商品です。,2023-06-02
5309,サッカーボール 31,スポーツ・アウトドア,Active,25944,276,サッカーボール 31の詳細説明です。高品質でおすすめの商品です。,2023-04-20
5310,フィットネスバンド 31,スポーツ・アウトドア,Fit,4287,688,フィットネスバンド 31の詳細説明です。高品質でおすすめの商品です。,2023-05-17
5311,ヨガマット 32,スポーツ・アウトドア,Energy,48764,733,ヨガマット 32の詳細説明です。高品質でおすすめの商品です。,2023-04-28
5312,ランニングシューズ 32,スポーツ・アウトドア,Active,27174,293,ランニングシューズ 32の詳細説明です。高品質でおすすめの商品です。,2023-10-22
5313,トレーニングウェア 32,スポーツ・アウトドア,Fit,15725,125,トレーニングウェア 32の詳細説明です。高品質でおすすめの商品です。,2023-09-29
5314,水筒 32,スポーツ・アウトドア,Active,10010,103,水筒 32の詳細説明です。高品質でおすすめの商品です。,2023-09-28
5315,キャンプ用品セット 32,スポーツ・アウトドア,Fit,14514,934,キャンプ用品セット 32の詳細説明です。高品質でおすすめの商品です。,2023-09-05
5316,自転車ヘルメット 32,スポーツ・アウトドア,Outdoor,36601,842,自転車ヘルメット 32の詳細説明です。高品質でおすすめの商品です。,2023-02-27
5317,テニスラケット 32,スポーツ・アウトドア,Outdoor,26277,950,テニスラケット 32の詳細説明です。高品質でおすすめの商品です。,2023-09-07
5318,バスケットボール 32,スポーツ・アウトドア,Fit,30299,775,バスケットボール 32の詳細説明です。高品質でおすすめの商品です。,2023-01-23
5319,サッカーボール 32,スポーツ・アウトドア,SportMax,12560,393,サッカーボール 32の詳細説明です。高品質でおすすめの商品です。,2023-08-19
5320,フィットネスバンド 32,スポーツ・アウトドア,Fit,41160,931,フィットネスバンド 32の詳細説明です。高品質でおすすめの商品です。,2023-11-14
5321,ヨガマット 33,スポーツ・アウトドア,Fit,37060,604,ヨガマット 33の詳細説明です。高品質でおすすめの商品です。,2023-05-10
5322,ランニングシューズ 33,スポーツ・アウトドア,Active,30765,555,ランニングシューズ 33の詳細説明です。高品質でおすすめの商品です。,2023-11-04
5323,トレーニングウェア 33,スポーツ・アウトドア,Fit,40504,168,トレーニングウェア 33の詳細説明です。高品質でおすすめの商品です。,2023-07-20
5324,水筒 33,スポーツ・アウトドア,Fit,34786,493,水筒 33の詳細説明です。高品質でおすすめの商品です。,2023-02-07
5325,キャンプ用品セット 33,スポーツ・アウトドア,Energy,727,434,キャンプ用品セット 33の詳細説明です。高品質でおすすめの商品です。,2023-09-23
5326,自転車ヘルメット 33,スポーツ・アウトドア,Fit,4881,788,自転車ヘルメット 33の詳細説明です。高品質でおすすめの商品です。,2023-12-15
5327,テニスラケット 33,スポーツ・アウトドア,Energy,1953,560,テニスラケット 33の詳細説明です。高品質でおすすめの商品です。,2023-09-29
5328,バスケットボール 33,スポーツ・アウトドア,Fit,5313,233,バスケットボール 33の詳細説明です。高品質でおすすめの商品です。,2023-10-13
5329,サッカーボール 33,スポーツ・アウトドア,Fit,9475,101,サッカーボール 33の詳細説明です。高品質でおすすめの商品です。,2023-05-31
5330,フィットネスバンド 33,スポーツ・アウトドア,Active,6530,525,フィットネスバンド 33の詳細説明です。高品質でおすすめの商品です。,2023-02-06
5331,ヨガマット 34,スポーツ・アウトドア,Active,14815,30,ヨガマット 34の詳細説明です。高品質でおすすめの商品です。,2023-06-08
5332,ランニングシューズ 34,スポーツ・アウトドア,Outdoor,26314,654,ランニングシューズ 34の詳細説明です。高品質でおすすめの商品です。,2023-06-28
5333,トレーニングウェア 34,スポーツ・アウトドア,Fit,934,342,トレーニングウェア 34の詳細説明です。高品質でおすすめの商品です。,2023-04-27
5334,水筒 34,スポーツ・アウトドア,Energy,24828,64,水筒 34の詳細説明です。高品質でおすすめの商品です。,2023-04-04
5335,キャンプ用品セット 34,スポーツ・アウトドア,Active,48189,159,キャンプ用品セット 34の詳細説明です。高品質でおすすめの商品です。,2023-08-25
5336,自転車ヘルメット 34,スポーツ・アウトドア,SportMax,47469,813,自転車ヘルメット 34の詳細説明です。高品質でおすすめの商品です。,2023-01-10
5337,テニスラケット 34,スポーツ・アウトドア,Active,17176,172,テニスラケット 34の詳細説明です。高品質でおすすめの商品です。,2023-10-15
5338,バスケットボール 34,スポーツ・アウトドア,Energy,36816,361,バスケットボール 34の詳細説明です。高品質でおすすめの商品です。,2023-10-01
5339,サッカーボール 34,スポーツ・アウトドア,Fit,30835,997,サッカーボール 34の詳細説明です。高品質でおすすめの商品です。,2023-04-06
5340,フィットネスバンド 34,スポーツ・アウトドア,Energy,24085,984,フィットネスバンド 34の詳細説明です。高品質でおすすめの商品です。,2023-06-09
5341,ヨガマット 35,スポーツ・アウトドア,Energy,25426,734,ヨガマット 35の詳細説明です。高品質でおすすめの商品です。,2023-01-22
5342,ランニングシューズ 35,スポーツ・アウトドア,Fit,4247,277,ランニングシューズ 35の詳細説明です。高品質でおすすめの商品です。,2023-02-28
5343,トレーニングウェア 35,スポーツ・アウトドア,SportMax,14571,535,トレーニングウェア 35の詳細説明です。高品質でおすすめの商品です。,2023-03-22
5344,水筒 35,スポーツ・アウトドア,Active,15690,32,水筒 35の詳細説明です。高品質でおすすめの商品です。,2023-11-26
5345,キャンプ用品セット 35,スポーツ・アウトドア,Energy,11859,565,キャンプ用品セット 35の詳細説明です。高品質でおすすめの商品です。,2023-08-08
5346,自転車ヘルメット 35,スポーツ・アウトドア,Fit,23343,104,自転車ヘルメット 35の詳細説明です。高品質でおすすめの商品です。,2023-12-06
5347,テニスラケット 35,スポーツ・アウトドア,Outdoor,20357,401,テニスラケット 35の詳細説明です。高品質でおすすめの商品です。,2023-12-09
5348,バスケットボール 35,スポーツ・アウトドア,Outdoor,30976,547,バスケットボール 35の詳細説明です。高品質でおすすめの商品です。,2023-05-16
5349,サッカーボール 35,スポーツ・アウトドア,Outdoor,11402,206,サッカーボール 35の詳細説明です。高品質でおすすめの商品です。,2023-02-21
5350,フィットネスバンド 35,スポーツ・アウトドア,Active,23928,293,フィットネスバンド 35の詳細説明です。高品質でおすすめの商品です。,2023-01-01
5351,ヨガマット 36,スポーツ・アウトドア,Fit,11366,3,ヨガマット 36の詳細説明です。高品質でおすすめの商品です。,2023-01-23
5352,ランニングシューズ 36,スポーツ・アウトドア,Energy,10395,406,ランニングシューズ 36の詳細説明です。高品質でおすすめの商品です。,2023-09-19
5353,トレーニングウェア 36,スポーツ・アウトドア,Fit,43827,985,トレーニングウェア 36の詳細説明です。高品質でおすすめの商品です。,2023-07-31
5354,水筒 36,スポーツ・アウトドア,SportMax,24791,756,水筒 36の詳細説明です。高品質でおすすめの商品です。,2023-01-07
5355,キャンプ用品セット 36,スポーツ・アウトドア,Energy,12126,541,キャンプ用品セット 36の詳細説明です。高品質でおすすめの商品です。,2023-11-19
5356,自転車ヘルメット 36,スポーツ・アウトドア,Outdoor,12082,603,自転車ヘルメット 36の詳細説明です。高品質でおすすめの商品です。,2023-05-28
5357,テニスラケット 36,スポーツ・アウトドア,Fit,42497,356,テニスラケット 36の詳細説明です。高品質でおすすめの商品です。,2023-12-31
5358,バスケットボール 36,スポーツ・アウトドア,Outdoor,36930,645,バスケットボール 36の詳細説明です。高品質でおすすめの商品です。,2023-06-15
5359,サッカーボール 36,スポーツ・アウトドア,Fit,14250,541,サッカーボール 36の詳細説明です。高品質でおすすめの商品です。,2023-06-20
5360,フィットネスバンド 36,スポーツ・アウトドア,Active,38694,76,フィットネスバンド 36の詳細説明です。高品質でおすすめの商品です。,2023-07-07
5361,ヨガマット 37,スポーツ・アウトドア,Active,14187,313,ヨガマット 37の詳細説明です。高品質でおすすめの商品です。,2023-02-22
5362,ランニングシューズ 37,スポーツ・アウトドア,Fit,30474,341,ランニングシューズ 37の詳細説明です。高品質でおすすめの商品です。,2023-07-06
5363,トレーニングウェア 37,スポーツ・アウトドア,Fit,26298,272,トレーニングウェア 37の詳細説明です。高品質でおすすめの商品です。,2023-02-19
5364,水筒 37,スポーツ・アウトドア,Active,901,419,水筒 37の詳細説明です。高品質でおすすめの商品です。,2023-02-16
5365,キャンプ用品セット 37,スポーツ・アウトドア,Active,11293,988,キャンプ用品セット 37の詳細説明です。高品質でおすすめの商品です。,2023-11-21
5366,自転車ヘルメット 37,スポーツ・アウトドア,Outdoor,46711,150,自転車ヘルメット 37の詳細説明です。高品質でおすすめの商品です。,2023-11-03
5367,テニスラケット 37,スポーツ・アウトドア,SportMax,4882,613,テニスラケット 37の詳細説明です。高品質でおすすめの商品です。,2023-09-01
5368,バスケットボール 37,スポーツ・アウトドア,Fit,41445,736,バスケットボール 37の詳細説明です。高品質でおすすめの商品です。,2023-11-09
5369,サッカーボール 37,スポーツ・アウトドア,SportMax,34083,583,サッカーボール 37の詳細説明です。高品質でおすすめの商品です。,2023-12-06
5370,フィットネスバンド 37,スポーツ・アウトドア,Outdoor,13989,750,フィットネスバンド 37の詳細説明です。高品質でおすすめの商品です。,2023-06-08
5371,ヨガマット 38,スポーツ・アウトドア,Fit,37697,970,ヨガマット 38の詳細説明です。高品質でおすすめの商品です。,2023-02-07
5372,ランニングシューズ 38,スポーツ・アウトドア,Energy,12346,433,ランニングシューズ 38の詳細説明です。高品質でおすすめの商品です。,2023-08-14
5373,トレーニングウェア 38,スポーツ・アウトドア,Energy,33112,153,トレーニングウェア 38の詳細説明です。高品質でおすすめの商品です。,2023-02-08
5374,水筒 38,スポーツ・アウトドア,Outdoor,35734,426,水筒 38の詳細説明です。高品質でおすすめの商品です。,2023-06-09
5375,キャンプ用品セット 38,スポーツ・アウトドア,Fit,24322,948,キャンプ用品セット 38の詳細説明です。高品質でおすすめの商品です。,2023-12-09
5376,自転車ヘルメット 38,スポーツ・アウトドア,Energy,10732,526,自転車ヘルメット 38の詳細説明です。高品質でおすすめの商品です。,2023-10-20
5377,テニスラケット 38,スポーツ・アウトドア,Fit,6109,86,テニスラケット 38の詳細説明です。高品質でおすすめの商品です。,2023-03-25
5378,バスケットボール 38,スポーツ・アウトドア,SportMax,48081,258,バスケットボール 38の詳細説明です。高品質でおすすめの商品です。,2023-04-03
5379,サッカーボール 38,スポーツ・アウトドア,Active,34353,165,サッカーボール 38の詳細説明です。高品質でおすすめの商品です。,2023-06-13
5380,フィットネスバンド 38,スポーツ・アウトドア,Energy,8075,493,フィットネスバンド 38の詳細説明です。高品質でおすすめの商品です。,2023-12-30
5381,ヨガマット 39,スポーツ・アウトドア,Energy,30056,675,ヨガマット 39の詳細説明です。高品質でおすすめの商品です。,2023-07-03
5382,ランニングシューズ 39,スポーツ・アウトドア,Energy,13891,153,ランニングシューズ 39の詳細説明です。高品質でおすすめの商品です。,2023-03-19
5383,トレーニングウェア 39,スポーツ・アウトドア,Energy,47378,474,トレーニングウェア 39の詳細説明です。高品質でおすすめの商品です。,2023-02-21
5384,水筒 39,スポーツ・アウトドア,Energy,41421,152,水筒 39の詳細説明です。高品質でおすすめの商品です。,2023-01-30
5385,キャンプ用品セット 39,スポーツ・アウトドア,SportMax,36512,518,キャンプ用品セット 39の詳細説明です。高品質でおすすめの商品です。,2023-09-13
5386,自転車ヘルメット 39,スポーツ・アウトドア,Active,1036,642,自転車ヘルメット 39の詳細説明です。高品質でおすすめの商品です。,2023-10-15
5387,テニスラケット 39,スポーツ・アウトドア,Energy,32309,730,テニスラケット 39の詳細説明です。高品質でおすすめの商品です。,2023-09-10
5388,バスケットボール 39,スポーツ・アウトドア,Energy,17578,308,バスケットボール 39の詳細説明です。高品質でおすすめの商品です。,2023-01-21
5389,サッカーボール 39,スポーツ・アウトドア,Active,29611,581,サッカーボール 39の詳細説明です。高品質でおすすめの商品です。,2023-12-19
5390,フィットネスバンド 39,スポーツ・アウトドア,Fit,33905,567,フィットネスバンド 39の詳細説明です。高品質でおすすめの商品です。,2023-01-02
5391,ヨガマット 40,スポーツ・アウトドア,Outdoor,16390,634,ヨガマット 40の詳細説明です。高品質でおすすめの商品です。,2023-04-08
5392,ランニングシューズ 40,スポーツ・アウトドア,SportMax,10144,887,ランニングシューズ 40の詳細説明です。高品質でおすすめの商品です。,2023-09-24
5393,トレーニングウェア 40,スポーツ・アウトドア,Energy,44908,0,トレーニングウェア 40の詳細説明です。高品質でおすすめの商品です。,2023-01-05
5394,水筒 40,スポーツ・アウトドア,Outdoor,34504,146,水筒 40の詳細説明です。高品質でおすすめの商品です。,2023-11-10
5395,キャンプ用品セット 40,スポーツ・アウトドア,Outdoor,15536,559,キャンプ用品セット 40の詳細説明です。高品質でおすすめの商品です。,2023-05-16
5396,自転車ヘルメット 40,スポーツ・アウトドア,Outdoor,46388,808,自転車ヘルメット 40の詳細説明です。高品質でおすすめの商品です。,2023-05-03
5397,テニスラケット 40,スポーツ・アウトドア,Energy,13204,387,テニスラケット 40の詳細説明です。高品質でおすすめの商品です。,2023-09-07
5398,バスケットボール 40,スポーツ・アウトドア,Active,32817,970,バスケットボール 40の詳細説明です。高品質でおすすめの商品です。,2023-03-13
5399,サッカーボール 40,スポーツ・アウトドア,Fit,3856,854,サッカーボール 40の詳細説明です。高品質でおすすめの商品です。,2023-04-14
5400,フィットネスバンド 40,スポーツ・アウトドア,Outdoor,23850,127,フィットネスバンド 40の詳細説明です。高品質でおすすめの商品です。,2023-04-24
5401,ヨガマット 41,スポーツ・アウトドア,Energy,26373,498,ヨガマット 41の詳細説明です。高品質でおすすめの商品です。,2023-12-22
5402,ランニングシューズ 41,スポーツ・アウトドア,Outdoor,41297,623,ランニングシューズ 41の詳細説明です。高品質でおすすめの商品です。,2023-05-10
5403,トレーニングウェア 41,スポーツ・アウトドア,Outdoor,34646,503,トレーニングウェア 41の詳細説明です。高品質でおすすめの商品です。,2023-09-07
5404,水筒 41,スポーツ・アウトドア,Fit,27524,118,水筒 41の詳細説明です。高品質でおすすめの商品です。,2023-08-31
5405,キャンプ用品セット 41,スポーツ・アウトドア,Active,1734,448,キャンプ用品セット 41の詳細説明です。高品質でおすすめの商品です。,2023-02-12
5406,自転車ヘルメット 41,スポーツ・アウトドア,Energy,35359,414,自転車ヘルメット 41の詳細説明です。高品質でおすすめの商品です。,2023-09-01
5407,テニスラケット 41,スポーツ・アウトドア,Active,29373,848,テニスラケット 41の詳細説明です。高品質でおすすめの商品です。,2023-11-09
5408,バスケットボール 41,スポーツ・アウトドア,SportMax,31917,578,バスケットボール 41の詳細説明です。高品質でおすすめの商品です。,2023-01-18
5409,サッカーボール 41,スポーツ・アウトドア,Outdoor,3647,231,サッカーボール 41の詳細説明です。高品質でおすすめの商品です。,2023-12-27
5410,フィットネスバンド 41,スポーツ・アウトドア,Active,39154,995,フィットネスバンド 41の詳細説明です。高品質でおすすめの商品です。,2023-08-30
5411,ヨガマット 42,スポーツ・アウトドア,Fit,11628,721,ヨガマット 42の詳細説明です。高品質でおすすめの商品です。,2023-10-27
5412,ランニングシューズ 42,スポーツ・アウトドア,Active,13951,319,ランニングシューズ 42の詳細説明です。高品質でおすすめの商品です。,2023-10-30
5413,トレーニングウェア 42,スポーツ・アウトドア,SportMax,12845,900,トレーニングウェア 42の詳細説明です。高品質でおすすめの商品です。,2023-12-14
5414,水筒 42,スポーツ・アウトドア,SportMax,27711,888,水筒 42の詳細説明です。高品質でおすすめの商品です。,2023-05-17
5415,キャンプ用品セット 42,スポーツ・アウトドア,Energy,10570,458,キャンプ用品セット 42の詳細説明です。高品質でおすすめの商品です。,2023-09-15
5416,自転車ヘルメット 42,スポーツ・アウトドア,Active,14682,778,自転車ヘルメット 42の詳細説明です。高品質でおすすめの商品です。,2023-04-01
5417,テニスラケット 42,スポーツ・アウトドア,Energy,20774,913,テニスラケット 42の詳細説明です。高品質でおすすめの商品です。,2023-02-12
5418,バスケットボール 42,スポーツ・アウトドア,Outdoor,24611,804,バスケットボール 42の詳細説明です。高品質でおすすめの商品です。,2023-06-22
5419,サッカーボール 42,スポーツ・アウトドア,SportMax,20957,296,サッカーボール 42の詳細説明です。高品質でおすすめの商品です。,2023-04-24
5420,フィットネスバンド 42,スポーツ・アウトドア,Energy,44956,472,フィットネスバンド 42の詳細説明です。高品質でおすすめの商品です。,2023-02-16
5421,ヨガマット 43,スポーツ・アウトドア,Energy,17899,648,ヨガマット 43の詳細説明です。高品質でおすすめの商品です。,2023-07-01
5422,ランニングシューズ 43,スポーツ・アウトドア,SportMax,28898,360,ランニングシューズ 43の詳細説明です。高品質でおすすめの商品です。,2023-06-12
5423,トレーニングウェア 43,スポーツ・アウトドア,Active,46101,443,トレーニングウェア 43の詳細説明です。高品質でおすすめの商品です。,2023-10-16
5424,水筒 43,スポーツ・アウトドア,Fit,19988,987,水筒 43の詳細説明です。高品質でおすすめの商品です。,2023-08-19
5425,キャンプ用品セット 43,スポーツ・アウトドア,Energy,24357,372,キャンプ用品セット 43の詳細説明です。高品質でおすすめの商品です。,2023-10-27
5426,自転車ヘルメット 43,スポーツ・アウトドア,Energy,48967,708,自転車ヘルメット 43の詳細説明です。高品質でおすすめの商品です。,2023-02-11
5427,テニスラケット 43,スポーツ・アウトドア,Active,8580,910,テニスラケット 43の詳細説明です。高品質でおすすめの商品です。,2023-12-14
5428,バスケットボール 43,スポーツ・アウトドア,Outdoor,6608,627,バスケットボール 43の詳細説明です。高品質でおすすめの商品です。,2023-02-04
5429,サッカーボール 43,スポーツ・アウトドア,Energy,34884,627,サッカーボール 43の詳細説明です。高品質でおすすめの商品です。,2023-10-21
5430,フィットネスバンド 43,スポーツ・アウトドア,Outdoor,40077,308,フィットネスバンド 43の詳細説明です。高品質でおすすめの商品です。,2023-10-03
5431,ヨガマット 44,スポーツ・アウトドア,Active,41632,472,ヨガマット 44の詳細説明です。高品質でおすすめの商品です。,2023-09-13
5432,ランニングシューズ 44,スポーツ・アウトドア,Outdoor,6811,522,ランニングシューズ 44の詳細説明です。高品質でおすすめの商品です。,2023-11-14
5433,トレーニングウェア 44,スポーツ・アウトドア,Active,26706,237,トレーニングウェア 44の詳細説明です。高品質でおすすめの商品です。,2023-02-27
5434,水筒 44,スポーツ・アウトドア,Energy,37039,504,水筒 44の詳細説明です。高品質でおすすめの商品です。,2023-06-20
5435,キャンプ用品セット 44,スポーツ・アウトドア,SportMax,26377,147,キャンプ用品セット 44の詳細説明です。高品質でおすすめの商品です。,2023-05-31
5436,自転車ヘルメット 44,スポーツ・アウトドア,SportMax,15006,324,自転車ヘルメット 44の詳細説明です。高品質でおすすめの商品です。,2023-09-27
5437,テニスラケット 44,スポーツ・アウトドア,SportMax,16889,220,テニスラケット 44の詳細説明です。高品質でおすすめの商品です。,2023-03-03
5438,バスケットボール 44,スポーツ・アウトドア,Energy,12510,806,バスケットボール 44の詳細説明です。高品質でおすすめの商品です。,2023-01-27
5439,サッカーボール 44,スポーツ・アウトドア,Outdoor,4154,515,サッカーボール 44の詳細説明です。高品質でおすすめの商品です。,2023-10-14
5440,フィットネスバンド 44,スポーツ・アウトドア,Fit,46167,930,フィットネスバンド 44の詳細説明です。高品質でおすすめの商品です。,2023-02-25
5441,ヨガマット 45,スポーツ・アウトドア,Energy,36384,189,ヨガマット 45の詳細説明です。高品質でおすすめの商品です。,2023-07-30
5442,ランニングシューズ 45,スポーツ・アウトドア,Energy,1716,430,ランニングシューズ 45の詳細説明です。高品質でおすすめの商品です。,2023-04-21
5443,トレーニングウェア 45,スポーツ・アウトドア,Fit,44721,233,トレーニングウェア 45の詳細説明です。高品質でおすすめの商品です。,2023-08-15
5444,水筒 45,スポーツ・アウトドア,Fit,4020,685,水筒 45の詳細説明です。高品質でおすすめの商品です。,2023-01-23
5445,キャンプ用品セット 45,スポーツ・アウトドア,Active,48812,693,キャンプ用品セット 45の詳細説明です。高品質でおすすめの商品です。,2023-11-08
5446,自転車ヘルメット 45,スポーツ・アウトドア,SportMax,40956,292,自転車ヘルメット 45の詳細説明です。高品質でおすすめの商品です。,2023-06-06
5447,テニスラケット 45,スポーツ・アウトドア,Energy,31295,854,テニスラケット 45の詳細説明です。高品質でおすすめの商品です。,2023-06-08
5448,バスケットボール 45,スポーツ・アウトドア,Fit,26172,314,バスケットボール 45の詳細説明です。高品質でおすすめの商品です。,2023-03-10
5449,サッカーボール 45,スポーツ・アウトドア,Active,3849,688,サッカーボール 45の詳細説明です。高品質でおすすめの商品です。,2023-11-24
5450,フィットネスバンド 45,スポーツ・アウトドア,Fit,9748,510,フィットネスバンド 45の詳細説明です。高品質でおすすめの商品です。,2023-10-28
5451,ヨガマット 46,スポーツ・アウトドア,Energy,35113,925,ヨガマット 46の詳細説明です。高品質でおすすめの商品です。,2023-03-02
5452,ランニングシューズ 46,スポーツ・アウトドア,Fit,46402,376,ランニングシューズ 46の詳細説明です。高品質でおすすめの商品です。,2023-08-28
5453,トレーニングウェア 46,スポーツ・アウトドア,Active,6327,952,トレーニングウェア 46の詳細説明です。高品質でおすすめの商品です。,2023-10-10
5454,水筒 46,スポーツ・アウトドア,Outdoor,24059,259,水筒 46の詳細説明です。高品質でおすすめの商品です。,2023-06-08
5455,キャンプ用品セット 46,スポーツ・アウトドア,Active,43352,930,キャンプ用品セット 46の詳細説明です。高品質でおすすめの商品です。,2023-05-01
5456,自転車ヘルメット 46,スポーツ・アウトドア,Fit,49161,947,自転車ヘルメット 46の詳細説明です。高品質でおすすめの商品です。,2023-06-18
5457,テニスラケット 46,スポーツ・アウトドア,Fit,14119,935,テニスラケット 46の詳細説明です。高品質でおすすめの商品です。,2023-08-21
5458,バスケットボール 46,スポーツ・アウトドア,SportMax,35293,373,バスケットボール 46の詳細説明です。高品質でおすすめの商品です。,2023-07-24
5459,サッカーボール 46,スポーツ・アウトドア,SportMax,22766,397,サッカーボール 46の詳細説明です。高品質でおすすめの商品です。,2023-01-09
5460,フィットネスバンド 46,スポーツ・アウトドア,Active,24494,793,フィットネスバンド 46の詳細説明です。高品質でおすすめの商品です。,2023-04-22
5461,ヨガマット 47,スポーツ・アウトドア,Fit,9186,504,ヨガマット 47の詳細説明です。高品質でおすすめの商品です。,2023-04-16
5462,ランニングシューズ 47,スポーツ・アウトドア,Outdoor,36300,25,ランニングシューズ 47の詳細説明です。高品質でおすすめの商品です。,2023-07-14
5463,トレーニングウェア 47,スポーツ・アウトドア,SportMax,1114,590,トレーニングウェア 47の詳細説明です。高品質でおすすめの商品です。,2023-10-24
5464,水筒 47,スポーツ・アウトドア,Outdoor,43191,261,水筒 47の詳細説明です。高品質でおすすめの商品です。,2023-11-26
5465,キャンプ用品セット 47,スポーツ・アウトドア,Energy,28750,745,キャンプ用品セット 47の詳細説明です。高品質でおすすめの商品です。,2023-01-18
5466,自転車ヘルメット 47,スポーツ・アウトドア,Energy,38149,681,自転車ヘルメット 47の詳細説明です。高品質でおすすめの商品です。,2023-08-20
5467,テニスラケット 47,スポーツ・アウトドア,Outdoor,32359,798,テニスラケット 47の詳細説明です。高品質でおすすめの商品です。,2023-12-08
5468,バスケットボール 47,スポーツ・アウトドア,Active,37568,927,バスケットボール 47の詳細説明です。高品質でおすすめの商品です。,2023-10-19
5469,サッカーボール 47,スポーツ・アウトドア,Outdoor,1954,820,サッカーボール 47の詳細説明です。高品質でおすすめの商品です。,2023-03-17
5470,フィットネスバンド 47,スポーツ・アウトドア,Fit,40532,359,フィットネスバンド 47の詳細説明です。高品質でおすすめの商品です。,2023-04-27
5471,ヨガマット 48,スポーツ・アウトドア,Outdoor,41114,237,ヨガマット 48の詳細説明です。高品質でおすすめの商品です。,2023-09-21
5472,ランニングシューズ 48,スポーツ・アウトドア,Energy,46706,834,ランニングシューズ 48の詳細説明です。高品質でおすすめの商品です。,2023-01-07
5473,トレーニングウェア 48,スポーツ・アウトドア,Outdoor,21073,536,トレーニングウェア 48の詳細説明です。高品質でおすすめの商品です。,2023-02-04
5474,水筒 48,スポーツ・アウトドア,Outdoor,9452,445,水筒 48の詳細説明です。高品質でおすすめの商品です。,2023-10-02
5475,キャンプ用品セット 48,スポーツ・アウトドア,Fit,28151,208,キャンプ用品セット 48の詳細説明です。高品質でおすすめの商品です。,2023-02-20
5476,自転車ヘルメット 48,スポーツ・アウトドア,Outdoor,22940,780,自転車ヘルメット 48の詳細説明です。高品質でおすすめの商品です。,2023-03-02
5477,テニスラケット 48,スポーツ・アウトドア,Active,26365,26,テニスラケット 48の詳細説明です。高品質でおすすめの商品です。,2023-01-27
5478,バスケットボール 48,スポーツ・アウトドア,Energy,19813,868,バスケットボール 48の詳細説明です。高品質でおすすめの商品です。,2023-06-06
5479,サッカーボール 48,スポーツ・アウトドア,Active,45983,67,サッカーボール 48の詳細説明です。高品質でおすすめの商品です。,2023-10-25
5480,フィットネスバンド 48,スポーツ・アウトドア,Fit,16200,355,フィットネスバンド 48の詳細説明です。高品質でおすすめの商品です。,2023-07-11
5481,ヨガマット 49,スポーツ・アウトドア,Fit,947,603,ヨガマット 49の詳細説明です。高品質でおすすめの商品です。,2023-12-03
5482,ランニングシューズ 49,スポーツ・アウトドア,SportMax,23152,488,ランニングシューズ 49の詳細説明です。高品質でおすすめの商品です。,2023-01-14
5483,トレーニングウェア 49,スポーツ・アウトドア,Outdoor,521,189,トレーニングウェア 49の詳細説明です。高品質でおすすめの商品です。,2023-03-28
5484,水筒 49,スポーツ・アウトドア,Energy,11757,24,水筒 49の詳細説明です。高品質でおすすめの商品です。,2023-06-22
5485,キャンプ用品セット 49,スポーツ・アウトドア,Outdoor,20926,930,キャンプ用品セット 49の詳細説明です。高品質でおすすめの商品です。,2023-03-10
5486,自転車ヘルメット 49,スポーツ・アウトドア,SportMax,13326,12,自転車ヘルメット 49の詳細説明です。高品質でおすすめの商品です。,2023-06-25
5487,テニスラケット 49,スポーツ・アウトドア,Outdoor,37008,72,テニスラケット 49の詳細説明です。高品質でおすすめの商品です。,2023-07-22
5488,バスケットボール 49,スポーツ・アウトドア,Fit,15395,303,バスケットボール 49の詳細説明です。高品質でおすすめの商品です。,2023-03-18
5489,サッカーボール 49,スポーツ・アウトドア,Fit,17564,705,サッカーボール 49の詳細説明です。高品質でおすすめの商品です。,2023-01-30
5490,フィットネスバンド 49,スポーツ・アウトドア,SportMax,9618,342,フィットネスバンド 49の詳細説明です。高品質でおすすめの商品です。,2023-11-14
5491,ヨガマット 50,スポーツ・アウトドア,Fit,44725,390,ヨガマット 50の詳細説明です。高品質でおすすめの商品です。,2023-06-28
5492,ランニングシューズ 50,スポーツ・アウトドア,Active,29945,666,ランニングシューズ 50の詳細説明です。高品質でおすすめの商品です。,2023-12-30
5493,トレーニングウェア 50,スポーツ・アウトドア,SportMax,42520,777,トレーニングウェア 50の詳細説明です。高品質でおすすめの商品です。,2023-04-16
5494,水筒 50,スポーツ・アウトドア,SportMax,7373,519,水筒 50の詳細説明です。高品質でおすすめの商品です。,2023-04-01
5495,キャンプ用品セット 50,スポーツ・アウトドア,Outdoor,2056,9,キャンプ用品セット 50の詳細説明です。高品質でおすすめの商品です。,2023-08-09
5496,自転車ヘルメット 50,スポーツ・アウトドア,Fit,1012,748,自転車ヘルメット 50の詳細説明です。高品質でおすすめの商品です。,2023-06-16
5497,テニスラケット 50,スポーツ・アウトドア,Fit,8694,289,テニスラケット 50の詳細説明です。高品質でおすすめの商品です。,2023-03-19
5498,バスケットボール 50,スポーツ・アウトドア,Outdoor,3901,634,バスケットボール 50の詳細説明です。高品質でおすすめの商品です。,2023-10-28
5499,サッカーボール 50,スポーツ・アウトドア,Energy,44160,636,サッカーボール 50の詳細説明です。高品質でおすすめの商品です。,2023-01-24
5500,フィットネスバンド 50,スポーツ・アウトドア,SportMax,19204,26,フィットネスバンド 50の詳細説明です。高品質でおすすめの商品です。,2023-04-13
5501,ヨガマット 51,スポーツ・アウトドア,Fit,14582,999,ヨガマット 51の詳細説明です。高品質でおすすめの商品です。,2023-09-26
5502,ランニングシューズ 51,スポーツ・アウトドア,SportMax,44480,818,ランニングシューズ 51の詳細説明です。高品質でおすすめの商品です。,2023-02-18
5503,トレーニングウェア 51,スポーツ・アウトドア,Outdoor,39101,427,トレーニングウェア 51の詳細説明です。高品質でおすすめの商品です。,2023-03-02
5504,水筒 51,スポーツ・アウトドア,Outdoor,16012,263,水筒 51の詳細説明です。高品質でおすすめの商品です。,2023-10-14
5505,キャンプ用品セット 51,スポーツ・アウトドア,Fit,4985,341,キャンプ用品セット 51の詳細説明です。高品質でおすすめの商品です。,2023-05-20
5506,自転車ヘルメット 51,スポーツ・アウトドア,Outdoor,29952,332,自転車ヘルメット 51の詳細説明です。高品質でおすすめの商品です。,2023-09-17
5507,テニスラケット 51,スポーツ・アウトドア,Active,909,520,テニスラケット 51の詳細説明です。高品質でおすすめの商品です。,2023-06-12
5508,バスケットボール 51,スポーツ・アウトドア,Outdoor,34592,746,バスケットボール 51の詳細説明です。高品質でおすすめの商品です。,2023-05-03
5509,サッカーボール 51,スポーツ・アウトドア,Outdoor,12834,977,サッカーボール 51の詳細説明です。高品質でおすすめの商品です。,2023-05-28
5510,フィットネスバンド 51,スポーツ・アウトドア,Active,1645,787,フィットネスバンド 51の詳細説明です。高品質でおすすめの商品です。,2023-02-23
5511,ヨガマット 52,スポーツ・アウトドア,Fit,34383,386,ヨガマット 52の詳細説明です。高品質でおすすめの商品です。,2023-05-24
5512,ランニングシューズ 52,スポーツ・アウトドア,Active,700,407,ランニングシューズ 52の詳細説明です。高品質でおすすめの商品です。,2023-03-27
5513,トレーニングウェア 52,スポーツ・アウトドア,Fit,8446,332,トレーニングウェア 52の詳細説明です。高品質でおすすめの商品です。,2023-06-21
5514,水筒 52,スポーツ・アウトドア,Fit,47863,451,水筒 52の詳細説明です。高品質でおすすめの商品です。,2023-05-26
5515,キャンプ用品セット 52,スポーツ・アウトドア,Fit,43192,386,キャンプ用品セット 52の詳細説明です。高品質でおすすめの商品です。,2023-06-04
5516,自転車ヘルメット 52,スポーツ・アウトドア,Energy,44918,83,自転車ヘルメット 52の詳細説明です。高品質でおすすめの商品です。,2023-08-29
5517,テニスラケット 52,スポーツ・アウトドア,Fit,39974,474,テニスラケット 52の詳細説明です。高品質でおすすめの商品です。,2023-09-21
5518,バスケットボール 52,スポーツ・アウトドア,Fit,22623,476,バスケットボール 52の詳細説明です。高品質でおすすめの商品です。,2023-02-22
5519,サッカーボール 52,スポーツ・アウトドア,Energy,34676,755,サッカーボール 52の詳細説明です。高品質でおすすめの商品です。,2023-05-08
5520,フィットネスバンド 52,スポーツ・アウトドア,Energy,15667,264,フィットネスバンド 52の詳細説明です。高品質でおすすめの商品です。,2023-02-16
5521,ヨガマット 53,スポーツ・アウトドア,Energy,17009,584,ヨガマット 53の詳細説明です。高品質でおすすめの商品です。,2023-08-08
5522,ランニングシューズ 53,スポーツ・アウトドア,Fit,15371,502,ランニングシューズ 53の詳細説明です。高品質でおすすめの商品です。,2023-06-26
5523,トレーニングウェア 53,スポーツ・アウトドア,Outdoor,5390,770,トレーニングウェア 53の詳細説明です。高品質でおすすめの商品です。,2023-09-09
5524,水筒 53,スポーツ・アウトドア,Active,38810,624,水筒 53の詳細説明です。高品質でおすすめの商品です。,2023-07-18
5525,キャンプ用品セット 53,スポーツ・アウトドア,Active,23472,284,キャンプ用品セット 53の詳細説明です。高品質でおすすめの商品です。,2023-01-23
5526,自転車ヘルメット 53,スポーツ・アウトドア,Active,36744,46,自転車ヘルメット 53の詳細説明です。高品質でおすすめの商品です。,2023-12-01
5527,テニスラケット 53,スポーツ・アウトドア,SportMax,35498,260,テニスラケット 53の詳細説明です。高品質でおすすめの商品です。,2023-03-29
5528,バスケットボール 53,スポーツ・アウトドア,Outdoor,33070,210,バスケットボール 53の詳細説明です。高品質でおすすめの商品です。,2023-10-09
5529,サッカーボール 53,スポーツ・アウトドア,Active,4351,473,サッカーボール 53の詳細説明です。高品質でおすすめの商品です。,2023-11-25
5530,フィットネスバンド 53,スポーツ・アウトドア,Outdoor,10667,665,フィットネスバンド 53の詳細説明です。高品質でおすすめの商品です。,2023-06-27
5531,ヨガマット 54,スポーツ・アウトドア,Outdoor,5686,816,ヨガマット 54の詳細説明です。高品質でおすすめの商品です。,2023-10-21
5532,ランニングシューズ 54,スポーツ・アウトドア,SportMax,3335,613,ランニングシューズ 54の詳細説明です。高品質でおすすめの商品です。,2023-08-27
5533,トレーニングウェア 54,スポーツ・アウトドア,Fit,42133,780,トレーニングウェア 54の詳細説明です。高品質でおすすめの商品です。,2023-09-26
5534,水筒 54,スポーツ・アウトドア,Fit,27543,108,水筒 54の詳細説明です。高品質でおすすめの商品です。,2023-02-08
5535,キャンプ用品セット 54,スポーツ・アウトドア,Energy,26054,425,キャンプ用品セット 54の詳細説明です。高品質でおすすめの商品です。,2023-01-23
5536,自転車ヘルメット 54,スポーツ・アウトドア,Active,36234,441,自転車ヘルメット 54の詳細説明です。高品質でおすすめの商品です。,2023-10-07
5537,テニスラケット 54,スポーツ・アウトドア,Fit,781,725,テニスラケット 54の詳細説明です。高品質でおすすめの商品です。,2023-07-03
5538,バスケットボール 54,スポーツ・アウトドア,Energy,49968,785,バスケットボール 54の詳細説明です。高品質でおすすめの商品です。,2023-06-19
5539,サッカーボール 54,スポーツ・アウトドア,Outdoor,33772,125,サッカーボール 54の詳細説明です。高品質でおすすめの商品です。,2023-12-20
5540,フィットネスバンド 54,スポーツ・アウトドア,SportMax,7176,815,フィットネスバンド 54の詳細説明です。高品質でおすすめの商品です。,2023-08-07
5541,ヨガマット 55,スポーツ・アウトドア,Fit,25181,918,ヨガマット 55の詳細説明です。高品質でおすすめの商品です。,2023-03-28
5542,ランニングシューズ 55,スポーツ・アウトドア,Active,46950,791,ランニングシューズ 55の詳細説明です。高品質でおすすめの商品です。,2023-10-14
5543,トレーニングウェア 55,スポーツ・アウトドア,Outdoor,32244,529,トレーニングウェア 55の詳細説明です。高品質でおすすめの商品です。,2023-02-21
5544,水筒 55,スポーツ・アウトドア,SportMax,15061,350,水筒 55の詳細説明です。高品質でおすすめの商品です。,2023-01-19
5545,キャンプ用品セット 55,スポーツ・アウトドア,Fit,44519,437,キャンプ用品セット 55の詳細説明です。高品質でおすすめの商品です。,2023-03-18
5546,自転車ヘルメット 55,スポーツ・アウトドア,SportMax,34303,153,自転車ヘルメット 55の詳細説明です。高品質でおすすめの商品です。,2023-12-31
5547,テニスラケット 55,スポーツ・アウトドア,SportMax,41747,345,テニスラケット 55の詳細説明です。高品質でおすすめの商品です。,2023-12-05
5548,バスケットボール 55,スポーツ・アウトドア,Energy,6708,998,バスケットボール 55の詳細説明です。高品質でおすすめの商品です。,2023-08-01
5549,サッカーボール 55,スポーツ・アウトドア,SportMax,4239,615,サッカーボール 55の詳細説明です。高品質でおすすめの商品です。,2023-01-31
5550,フィットネスバンド 55,スポーツ・アウトドア,Active,46780,876,フィットネスバンド 55の詳細説明です。高品質でおすすめの商品です。,2023-05-17
5551,ヨガマット 56,スポーツ・アウトドア,Active,22335,232,ヨガマット 56の詳細説明です。高品質でおすすめの商品です。,2023-01-30
5552,ランニングシューズ 56,スポーツ・アウトドア,Fit,11495,529,ランニングシューズ 56の詳細説明です。高品質でおすすめの商品です。,2023-03-27
5553,トレーニングウェア 56,スポーツ・アウトドア,Active,3438,953,トレーニングウェア 56の詳細説明です。高品質でおすすめの商品です。,2023-05-03
5554,水筒 56,スポーツ・アウトドア,Energy,13788,181,水筒 56の詳細説明です。高品質でおすすめの商品です。,2023-05-01
5555,キャンプ用品セット 56,スポーツ・アウトドア,Outdoor,35011,666,キャンプ用品セット 56の詳細説明です。高品質でおすすめの商品です。,2023-04-24
5556,自転車ヘルメット 56,スポーツ・アウトドア,Energy,16414,623,自転車ヘルメット 56の詳細説明です。高品質でおすすめの商品です。,2023-04-27
5557,テニスラケット 56,スポーツ・アウトドア,Fit,33827,750,テニスラケット 56の詳細説明です。高品質でおすすめの商品です。,2023-06-14
5558,バスケットボール 56,スポーツ・アウトドア,Energy,38563,18,バスケットボール 56の詳細説明です。高品質でおすすめの商品です。,2023-04-25
5559,サッカーボール 56,スポーツ・アウトドア,Energy,24540,338,サッカーボール 56の詳細説明です。高品質でおすすめの商品です。,2023-10-24
5560,フィットネスバンド 56,スポーツ・アウトドア,Energy,13916,913,フィットネスバンド 56の詳細説明です。高品質でおすすめの商品です。,2023-04-07
5561,ヨガマット 57,スポーツ・アウトドア,Active,19936,253,ヨガマット 57の詳細説明です。高品質でおすすめの商品です。,2023-01-13
5562,ランニングシューズ 57,スポーツ・アウトドア,Energy,1711,861,ランニングシューズ 57の詳細説明です。高品質でおすすめの商品です。,2023-01-31
5563,トレーニングウェア 57,スポーツ・アウトドア,Energy,10526,645,トレーニングウェア 57の詳細説明です。高品質でおすすめの商品です。,2023-09-26
5564,水筒 57,スポーツ・アウトドア,Energy,24882,107,水筒 57の詳細説明です。高品質でおすすめの商品です。,2023-01-28
5565,キャンプ用品セット 57,スポーツ・アウトドア,Active,6705,948,キャンプ用品セット 57の詳細説明です。高品質でおすすめの商品です。,2023-09-09
5566,自転車ヘルメット 57,スポーツ・アウトドア,SportMax,45354,752,自転車ヘルメット 57の詳細説明です。高品質でおすすめの商品です。,2023-09-27
5567,テニスラケット 57,スポーツ・アウトドア,Active,19856,30,テニスラケット 57の詳細説明です。高品質でおすすめの商品です。,2023-07-07
5568,バスケットボール 57,スポーツ・アウトドア,Active,1335,6,バスケットボール 57の詳細説明です。高品質でおすすめの商品です。,2023-01-23
5569,サッカーボール 57,スポーツ・アウトドア,Fit,37246,648,サッカーボール 57の詳細説明です。高品質でおすすめの商品です。,2023-04-10
5570,フィットネスバンド 57,スポーツ・アウトドア,Active,46422,202,フィットネスバンド 57の詳細説明です。高品質でおすすめの商品です。,2023-11-04
5571,ヨガマット 58,スポーツ・アウトドア,Outdoor,19575,439,ヨガマット 58の詳細説明です。高品質でおすすめの商品です。,2023-04-04
5572,ランニングシューズ 58,スポーツ・アウトドア,Outdoor,38443,31,ランニングシューズ 58の詳細説明です。高品質でおすすめの商品です。,2023-01-31
5573,トレーニングウェア 58,スポーツ・アウトドア,SportMax,34857,143,トレーニングウェア 58の詳細説明です。高品質でおすすめの商品です。,2023-08-02
5574,水筒 58,スポーツ・アウトドア,Energy,6912,635,水筒 58の詳細説明です。高品質でおすすめの商品です。,2023-09-08
5575,キャンプ用品セット 58,スポーツ・アウトドア,Fit,14958,386,キャンプ用品セット 58の詳細説明です。高品質でおすすめの商品です。,2023-03-08
5576,自転車ヘルメット 58,スポーツ・アウトドア,Energy,5076,471,自転車ヘルメット 58の詳細説明です。高品質でおすすめの商品です。,2023-10-22
5577,テニスラケット 58,スポーツ・アウトドア,Active,21226,589,テニスラケット 58の詳細説明です。高品質でおすすめの商品です。,2023-09-06
5578,バスケットボール 58,スポーツ・アウトドア,Active,22467,433,バスケットボール 58の詳細説明です。高品質でおすすめの商品です。,2023-05-15
5579,サッカーボール 58,スポーツ・アウトドア,Outdoor,7051,689,サッカーボール 58の詳細説明です。高品質でおすすめの商品です。,2023-04-16
5580,フィットネスバンド 58,スポーツ・アウトドア,Energy,10655,94,フィットネスバンド 58の詳細説明です。高品質でおすすめの商品です。,2023-07-26
5581,ヨガマット 59,スポーツ・アウトドア,SportMax,14418,936,ヨガマット 59の詳細説明です。高品質でおすすめの商品です。,2023-06-19
5582,ランニングシューズ 59,スポーツ・アウトドア,SportMax,26888,538,ランニングシューズ 59の詳細説明です。高品質でおすすめの商品です。,2023-05-24
5583,トレーニングウェア 59,スポーツ・アウトドア,Fit,46313,987,トレーニングウェア 59の詳細説明です。高品質でおすすめの商品です。,2023-06-25
5584,水筒 59,スポーツ・アウトドア,Fit,35595,756,水筒 59の詳細説明です。高品質でおすすめの商品です。,2023-08-28
5585,キャンプ用品セット 59,スポーツ・アウトドア,SportMax,522,671,キャンプ用品セット 59の詳細説明です。高品質でおすすめの商品です。,2023-04-20
5586,自転車ヘルメット 59,スポーツ・アウトドア,Outdoor,44405,789,自転車ヘルメット 59の詳細説明です。高品質でおすすめの商品です。,2023-05-25
5587,テニスラケット 59,スポーツ・アウトドア,Fit,19762,683,テニスラケット 59の詳細説明です。高品質でおすすめの商品です。,2023-03-26
5588,バスケットボール 59,スポーツ・アウトドア,Fit,10621,892,バスケットボール 59の詳細説明です。高品質でおすすめの商品です。,2023-04-26
5589,サッカーボール 59,スポーツ・アウトドア,Energy,25650,248,サッカーボール 59の詳細説明です。高品質でおすすめの商品です。,2023-08-01
5590,フィットネスバンド 59,スポーツ・アウトドア,SportMax,31664,665,フィットネスバンド 59の詳細説明です。高品質でおすすめの商品です。,2023-09-03
5591,ヨガマット 60,スポーツ・アウトドア,Energy,22455,824,ヨガマット 60の詳細説明です。高品質でおすすめの商品です。,2023-07-14
5592,ランニングシューズ 60,スポーツ・アウトドア,SportMax,27958,512,ランニングシューズ 60の詳細説明です。高品質でおすすめの商品です。,2023-11-10
5593,トレーニングウェア 60,スポーツ・アウトドア,Active,2927,161,トレーニングウェア 60の詳細説明です。高品質でおすすめの商品です。,2023-12-25
5594,水筒 60,スポーツ・アウトドア,Energy,19751,201,水筒 60の詳細説明です。高品質でおすすめの商品です。,2023-05-31
5595,キャンプ用品セット 60,スポーツ・アウトドア,Outdoor,15802,63,キャンプ用品セット 60の詳細説明です。高品質でおすすめの商品です。,2023-12-25
5596,自転車ヘルメット 60,スポーツ・アウトドア,Fit,19835,915,自転車ヘルメット 60の詳細説明です。高品質でおすすめの商品です。,2023-01-09
5597,テニスラケット 60,スポーツ・アウトドア,Outdoor,49201,514,テニスラケット 60の詳細説明です。高品質でおすすめの商品です。,2023-01-26
5598,バスケットボール 60,スポーツ・アウトドア,Active,34770,900,バスケットボール 60の詳細説明です。高品質でおすすめの商品です。,2023-11-21
5599,サッカーボール 60,スポーツ・アウトドア,Fit,39833,384,サッカーボール 60の詳細説明です。高品質でおすすめの商品です。,2023-02-22
5600,フィットネスバンド 60,スポーツ・アウトドア,Active,19618,107,フィットネスバンド 60の詳細説明です。高品質でおすすめの商品です。,2023-09-18
5601,ヨガマット 61,スポーツ・アウトドア,Fit,45019,405,ヨガマット 61の詳細説明です。高品質でおすすめの商品です。,2023-12-05
5602,ランニングシューズ 61,スポーツ・アウトドア,Fit,4907,497,ランニングシューズ 61の詳細説明です。高品質でおすすめの商品です。,2023-02-04
5603,トレーニングウェア 61,スポーツ・アウトドア,Energy,42377,565,トレーニングウェア 61の詳細説明です。高品質でおすすめの商品です。,2023-03-09
5604,水筒 61,スポーツ・アウトドア,SportMax,49165,683,水筒 61の詳細説明です。高品質でおすすめの商品です。,2023-05-18
5605,キャンプ用品セット 61,スポーツ・アウトドア,SportMax,20277,39,キャンプ用品セット 61の詳細説明です。高品質でおすすめの商品です。,2023-10-08
5606,自転車ヘルメット 61,スポーツ・アウトドア,Active,45693,635,自転車ヘルメット 61の詳細説明です。高品質でおすすめの商品です。,2023-05-01
5607,テニスラケット 61,スポーツ・アウトドア,Fit,11615,14,テニスラケット 61の詳細説明です。高品質でおすすめの商品です。,2023-06-22
5608,バスケットボール 61,スポーツ・アウトドア,Outdoor,46238,147,バスケットボール 61の詳細説明です。高品質でおすすめの商品です。,2023-07-16
5609,サッカーボール 61,スポーツ・アウトドア,Outdoor,48348,37,サッカーボール 61の詳細説明です。高品質でおすすめの商品です。,2023-11-11
5610,フィットネスバンド 61,スポーツ・アウトドア,Outdoor,4396,474,フィットネスバンド 61の詳細説明です。高品質でおすすめの商品です。,2023-07-14
5611,ヨガマット 62,スポーツ・アウトドア,Outdoor,38896,472,ヨガマット 62の詳細説明です。高品質でおすすめの商品です。,2023-10-12
5612,ランニングシューズ 62,スポーツ・アウトドア,SportMax,856,139,ランニングシューズ 62の詳細説明です。高品質でおすすめの商品です。,2023-05-13
5613,トレーニングウェア 62,スポーツ・アウトドア,Fit,13581,111,トレーニングウェア 62の詳細説明です。高品質でおすすめの商品です。,2023-08-06
5614,水筒 62,スポーツ・アウトドア,Fit,33644,566,水筒 62の詳細説明です。高品質でおすすめの商品です。,2023-03-09
5615,キャンプ用品セット 62,スポーツ・アウトドア,Active,2173,612,キャンプ用品セット 62の詳細説明です。高品質でおすすめの商品です。,2023-10-04
5616,自転車ヘルメット 62,スポーツ・アウトドア,Active,3981,575,自転車ヘルメット 62の詳細説明です。高品質でおすすめの商品です。,2023-04-10
5617,テニスラケット 62,スポーツ・アウトドア,Outdoor,8391,625,テニスラケット 62の詳細説明です。高品質でおすすめの商品です。,2023-04-27
5618,バスケットボール 62,スポーツ・アウトドア,SportMax,25662,296,バスケットボール 62の詳細説明です。高品質でおすすめの商品です。,2023-08-31
5619,サッカーボール 62,スポーツ・アウトドア,Energy,33358,870,サッカーボール 62の詳細説明です。高品質でおすすめの商品です。,2023-01-16
5620,フィットネスバンド 62,スポーツ・アウトドア,Outdoor,45613,466,フィットネスバンド 62の詳細説明です。高品質でおすすめの商品です。,2023-05-14
5621,ヨガマット 63,スポーツ・アウトドア,Fit,35724,532,ヨガマット 63の詳細説明です。高品質でおすすめの商品です。,2023-06-03
5622,ランニングシューズ 63,スポーツ・アウトドア,SportMax,3140,922,ランニングシューズ 63の詳細説明です。高品質でおすすめの商品です。,2023-06-23
5623,トレーニングウェア 63,スポーツ・アウトドア,Energy,4668,879,トレーニングウェア 63の詳細説明です。高品質でおすすめの商品です。,2023-01-16
5624,水筒 63,スポーツ・アウトドア,Outdoor,23836,815,水筒 63の詳細説明です。高品質でおすすめの商品です。,2023-05-13
5625,キャンプ用品セット 63,スポーツ・アウトドア,Outdoor,18542,845,キャンプ用品セット 63の詳細説明です。高品質でおすすめの商品です。,2023-09-12
5626,自転車ヘルメット 63,スポーツ・アウトドア,Active,41229,263,自転車ヘルメット 63の詳細説明です。高品質でおすすめの商品です。,2023-03-15
5627,テニスラケット 63,スポーツ・アウトドア,Energy,40685,756,テニスラケット 63の詳細説明です。高品質でおすすめの商品です。,2023-12-18
5628,バスケットボール 63,スポーツ・アウトドア,Active,41024,835,バスケットボール 63の詳細説明です。高品質でおすすめの商品です。,2023-06-18
5629,サッカーボール 63,スポーツ・アウトドア,Active,26632,662,サッカーボール 63の詳細説明です。高品質でおすすめの商品です。,2023-04-07
5630,フィットネスバンド 63,スポーツ・アウトドア,Fit,10301,503,フィットネスバンド 63の詳細説明です。高品質でおすすめの商品です。,2023-11-09
5631,ヨガマット 64,スポーツ・アウトドア,Active,28665,211,ヨガマット 64の詳細説明です。高品質でおすすめの商品です。,2023-12-05
5632,ランニングシューズ 64,スポーツ・アウトドア,Active,24858,270,ランニングシューズ 64の詳細説明です。高品質でおすすめの商品です。,2023-01-13
5633,トレーニングウェア 64,スポーツ・アウトドア,SportMax,42317,894,トレーニングウェア 64の詳細説明です。高品質でおすすめの商品です。,2023-08-09
5634,水筒 64,スポーツ・アウトドア,SportMax,10681,672,水筒 64の詳細説明です。高品質でおすすめの商品です。,2023-08-07
5635,キャンプ用品セット 64,スポーツ・アウトドア,Fit,4260,996,キャンプ用品セット 64の詳細説明です。高品質でおすすめの商品です。,2023-07-28
5636,自転車ヘルメット 64,スポーツ・アウトドア,Outdoor,47619,233,自転車ヘルメット 64の詳細説明です。高品質でおすすめの商品です。,2023-07-19
5637,テニスラケット 64,スポーツ・アウトドア,Energy,21070,1,テニスラケット 64の詳細説明です。高品質でおすすめの商品です。,2023-10-25
5638,バスケットボール 64,スポーツ・アウトドア,SportMax,7715,167,バスケットボール 64の詳細説明です。高品質でおすすめの商品です。,2023-10-22
5639,サッカーボール 64,スポーツ・アウトドア,Energy,3482,514,サッカーボール 64の詳細説明です。高品質でおすすめの商品です。,2023-11-26
5640,フィットネスバンド 64,スポーツ・アウトドア,Energy,25946,323,フィットネスバンド 64の詳細説明です。高品質でおすすめの商品です。,2023-09-09
5641,ヨガマット 65,スポーツ・アウトドア,Energy,36364,936,ヨガマット 65の詳細説明です。高品質でおすすめの商品です。,2023-12-18
5642,ランニングシューズ 65,スポーツ・アウトドア,Outdoor,33378,995,ランニングシューズ 65の詳細説明です。高品質でおすすめの商品です。,2023-03-09
5643,トレーニングウェア 65,スポーツ・アウトドア,Outdoor,36384,434,トレーニングウェア 65の詳細説明です。高品質でおすすめの商品です。,2023-07-06
5644,水筒 65,スポーツ・アウトドア,Energy,6486,234,水筒 65の詳細説明です。高品質でおすすめの商品です。,2023-09-11
5645,キャンプ用品セット 65,スポーツ・アウトドア,Energy,16727,801,キャンプ用品セット 65の詳細説明です。高品質でおすすめの商品です。,2023-07-19
5646,自転車ヘルメット 65,スポーツ・アウトドア,SportMax,17336,811,自転車ヘルメット 65の詳細説明です。高品質でおすすめの商品です。,2023-04-17
5647,テニスラケット 65,スポーツ・アウトドア,Energy,13478,234,テニスラケット 65の詳細説明です。高品質でおすすめの商品です。,2023-04-17
5648,バスケットボール 65,スポーツ・アウトドア,Outdoor,41107,260,バスケットボール 65の詳細説明です。高品質でおすすめの商品です。,2023-01-19
5649,サッカーボール 65,スポーツ・アウトドア,Fit,25331,197,サッカーボール 65の詳細説明です。高品質でおすすめの商品です。,2023-07-16
5650,フィットネスバンド 65,スポーツ・アウトドア,Active,4532,237,フィットネスバンド 65の詳細説明です。高品質でおすすめの商品です。,2023-10-25
5651,ヨガマット 66,スポーツ・アウトドア,Energy,46922,487,ヨガマット 66の詳細説明です。高品質でおすすめの商品です。,2023-05-05
5652,ランニングシューズ 66,スポーツ・アウトドア,SportMax,8759,862,ランニングシューズ 66の詳細説明です。高品質でおすすめの商品です。,2023-01-06
5653,トレーニングウェア 66,スポーツ・アウトドア,Active,2649,202,トレーニングウェア 66の詳細説明です。高品質でおすすめの商品です。,2023-01-22
5654,水筒 66,スポーツ・アウトドア,Energy,43049,847,水筒 66の詳細説明です。高品質でおすすめの商品です。,2023-08-23
5655,キャンプ用品セット 66,スポーツ・アウトドア,SportMax,30298,161,キャンプ用品セット 66の詳細説明です。高品質でおすすめの商品です。,2023-07-02
5656,自転車ヘルメット 66,スポーツ・アウトドア,SportMax,38021,294,自転車ヘルメット 66の詳細説明です。高品質でおすすめの商品です。,2023-09-13
5657,テニスラケット 66,スポーツ・アウトドア,Energy,23368,357,テニスラケット 66の詳細説明です。高品質でおすすめの商品です。,2023-03-31
5658,バスケットボール 66,スポーツ・アウトドア,Fit,9366,170,バスケットボール 66の詳細説明です。高品質でおすすめの商品です。,2023-09-21
5659,サッカーボール 66,スポーツ・アウトドア,Energy,40655,259,サッカーボール 66の詳細説明です。高品質でおすすめの商品です。,2023-11-13
5660,フィットネスバンド 66,スポーツ・アウトドア,Active,7962,638,フィットネスバンド 66の詳細説明です。高品質でおすすめの商品です。,2023-12-29
5661,ヨガマット 67,スポーツ・アウトドア,Fit,37302,536,ヨガマット 67の詳細説明です。高品質でおすすめの商品です。,2023-10-24
5662,ランニングシューズ 67,スポーツ・アウトドア,Fit,39122,645,ランニングシューズ 67の詳細説明です。高品質でおすすめの商品です。,2023-09-22
5663,トレーニングウェア 67,スポーツ・アウトドア,Active,20915,537,トレーニングウェア 67の詳細説明です。高品質でおすすめの商品です。,2023-12-24
5664,水筒 67,スポーツ・アウトドア,Active,30058,904,水筒 67の詳細説明です。高品質でおすすめの商品です。,2023-06-30
5665,キャンプ用品セット 67,スポーツ・アウトドア,SportMax,10797,648,キャンプ用品セット 67の詳細説明です。高品質でおすすめの商品です。,2023-04-05
5666,自転車ヘルメット 67,スポーツ・アウトドア,Outdoor,35270,339,自転車ヘルメット 67の詳細説明です。高品質でおすすめの商品です。,2023-11-21
5667,テニスラケット 67,スポーツ・アウトドア,Active,32116,976,テニスラケット 67の詳細説明です。高品質でおすすめの商品です。,2023-07-30
5668,バスケットボール 67,スポーツ・アウトドア,Active,26932,297,バスケットボール 67の詳細説明です。高品質でおすすめの商品です。,2023-07-03
5669,サッカーボール 67,スポーツ・アウトドア,SportMax,32995,614,サッカーボール 67の詳細説明です。高品質でおすすめの商品です。,2023-11-10
5670,フィットネスバンド 67,スポーツ・アウトドア,SportMax,13888,364,フィットネスバンド 67の詳細説明です。高品質でおすすめの商品です。,2023-01-16
5671,ヨガマット 68,スポーツ・アウトドア,Active,4963,142,ヨガマット 68の詳細説明です。高品質でおすすめの商品です。,2023-07-01
5672,ランニングシューズ 68,スポーツ・アウトドア,Active,17895,48,ランニングシューズ 68の詳細説明です。高品質でおすすめの商品です。,2023-01-10
5673,トレーニングウェア 68,スポーツ・アウトドア,Fit,28419,260,トレーニングウェア 68の詳細説明です。高品質でおすすめの商品です。,2023-12-11
5674,水筒 68,スポーツ・アウトドア,Energy,18833,307,水筒 68の詳細説明です。高品質でおすすめの商品です。,2023-06-27
5675,キャンプ用品セット 68,スポーツ・アウトドア,Outdoor,22732,347,キャンプ用品セット 68の詳細説明です。高品質でおすすめの商品です。,2023-08-09
5676,自転車ヘルメット 68,スポーツ・アウトドア,Fit,18133,944,自転車ヘルメット 68の詳細説明です。高品質でおすすめの商品です。,2023-12-17
5677,テニスラケット 68,スポーツ・アウトドア,Fit,48545,921,テニスラケット 68の詳細説明です。高品質でおすすめの商品です。,2023-06-21
5678,バスケットボール 68,スポーツ・アウトドア,Active,43044,719,バスケットボール 68の詳細説明です。高品質でおすすめの商品です。,2023-01-27
5679,サッカーボール 68,スポーツ・アウトドア,Energy,3170,539,サッカーボール 68の詳細説明です。高品質でおすすめの商品です。,2023-11-23
5680,フィットネスバンド 68,スポーツ・アウトドア,Energy,20849,139,フィットネスバンド 68の詳細説明です。高品質でおすすめの商品です。,2023-01-13
5681,ヨガマット 69,スポーツ・アウトドア,Outdoor,25691,449,ヨガマット 69の詳細説明です。高品質でおすすめの商品です。,2023-03-08
5682,ランニングシューズ 69,スポーツ・アウトドア,Fit,3982,534,ランニングシューズ 69の詳細説明です。高品質でおすすめの商品です。,2023-06-04
5683,トレーニングウェア 69,スポーツ・アウトドア,Fit,1018,783,トレーニングウェア 69の詳細説明です。高品質でおすすめの商品です。,2023-05-07
5684,水筒 69,スポーツ・アウトドア,SportMax,9825,836,水筒 69の詳細説明です。高品質でおすすめの商品です。,2023-10-28
5685,キャンプ用品セット 69,スポーツ・アウトドア,Outdoor,20292,536,キャンプ用品セット 69の詳細説明です。高品質でおすすめの商品です。,2023-08-04
5686,自転車ヘルメット 69,スポーツ・アウトドア,Energy,40723,535,自転車ヘルメット 69の詳細説明です。高品質でおすすめの商品です。,2023-03-26
5687,テニスラケット 69,スポーツ・アウトドア,Active,16685,432,テニスラケット 69の詳細説明です。高品質でおすすめの商品です。,2023-10-28
5688,バスケットボール 69,スポーツ・アウトドア,Energy,24735,749,バスケットボール 69の詳細説明です。高品質でおすすめの商品です。,2023-06-26
5689,サッカーボール 69,スポーツ・アウトドア,Energy,43570,112,サッカーボール 69の詳細説明です。高品質でおすすめの商品です。,2023-12-27
5690,フィットネスバンド 69,スポーツ・アウトドア,Active,2713,285,フィットネスバンド 69の詳細説明です。高品質でおすすめの商品です。,2023-06-20
5691,ヨガマット 70,スポーツ・アウトドア,Energy,4831,367,ヨガマット 70の詳細説明です。高品質でおすすめの商品です。,2023-06-14
5692,ランニングシューズ 70,スポーツ・アウトドア,Active,18914,897,ランニングシューズ 70の詳細説明です。高品質でおすすめの商品です。,2023-06-10
5693,トレーニングウェア 70,スポーツ・アウトドア,Energy,48934,563,トレーニングウェア 70の詳細説明です。高品質でおすすめの商品です。,2023-03-27
5694,水筒 70,スポーツ・アウトドア,Energy,12630,188,水筒 70の詳細説明です。高品質でおすすめの商品です。,2023-01-19
5695,キャンプ用品セット 70,スポーツ・アウトドア,Active,8535,245,キャンプ用品セット 70の詳細説明です。高品質でおすすめの商品です。,2023-02-17
5696,自転車ヘルメット 70,スポーツ・アウトドア,Active,25342,310,自転車ヘルメット 70の詳細説明です。高品質でおすすめの商品です。,2023-05-11
5697,テニスラケット 70,スポーツ・アウトドア,Active,34858,971,テニスラケット 70の詳細説明です。高品質でおすすめの商品です。,2023-01-11
5698,バスケットボール 70,スポーツ・アウトドア,Active,12652,204,バスケットボール 70の詳細説明です。高品質でおすすめの商品です。,2023-07-28
5699,サッカーボール 70,スポーツ・アウトドア,Fit,32356,872,サッカーボール 70の詳細説明です。高品質でおすすめの商品です。,2023-01-19
5700,フィットネスバンド 70,スポーツ・アウトドア,SportMax,23939,290,フィットネスバンド 70の詳細説明です。高品質でおすすめの商品です。,2023-10-17
5701,ヨガマット 71,スポーツ・アウトドア,Outdoor,19192,255,ヨガマット 71の詳細説明です。高品質でおすすめの商品です。,2023-11-16
5702,ランニングシューズ 71,スポーツ・アウトドア,Active,12866,910,ランニングシューズ 71の詳細説明です。高品質でおすすめの商品です。,2023-10-07
5703,トレーニングウェア 71,スポーツ・アウトドア,Active,37643,389,トレーニングウェア 71の詳細説明です。高品質でおすすめの商品です。,2023-06-07
5704,水筒 71,スポーツ・アウトドア,SportMax,19001,939,水筒 71の詳細説明です。高品質でおすすめの商品です。,2023-12-15
5705,キャンプ用品セット 71,スポーツ・アウトドア,Outdoor,19951,152,キャンプ用品セット 71の詳細説明です。高品質でおすすめの商品です。,2023-05-23
5706,自転車ヘルメット 71,スポーツ・アウトドア,Outdoor,33542,915,自転車ヘルメット 71の詳細説明です。高品質でおすすめの商品です。,2023-05-27
5707,テニスラケット 71,スポーツ・アウトドア,Energy,43443,821,テニスラケット 71の詳細説明です。高品質でおすすめの商品です。,2023-11-28
5708,バスケットボール 71,スポーツ・アウトドア,SportMax,6784,656,バスケットボール 71の詳細説明です。高品質でおすすめの商品です。,2023-03-24
5709,サッカーボール 71,スポーツ・アウトドア,Outdoor,16679,599,サッカーボール 71の詳細説明です。高品質でおすすめの商品です。,2023-02-15
5710,フィットネスバンド 71,スポーツ・アウトドア,Fit,1096,526,フィットネスバンド 71の詳細説明です。高品質でおすすめの商品です。,2023-07-25
5711,ヨガマット 72,スポーツ・アウトドア,Outdoor,12848,260,ヨガマット 72の詳細説明です。高品質でおすすめの商品です。,2023-08-12
5712,ランニングシューズ 72,スポーツ・アウトドア,Active,17401,832,ランニングシューズ 72の詳細説明です。高品質でおすすめの商品です。,2023-06-03
5713,トレーニングウェア 72,スポーツ・アウトドア,Outdoor,15414,255,トレーニングウェア 72の詳細説明です。高品質でおすすめの商品です。,2023-09-19
5714,水筒 72,スポーツ・アウトドア,Active,24790,245,水筒 72の詳細説明です。高品質でおすすめの商品です。,2023-07-15
5715,キャンプ用品セット 72,スポーツ・アウトドア,Active,20410,625,キャンプ用品セット 72の詳細説明です。高品質でおすすめの商品です。,2023-05-17
5716,自転車ヘルメット 72,スポーツ・アウトドア,Active,24174,841,自転車ヘルメット 72の詳細説明です。高品質でおすすめの商品です。,2023-01-28
5717,テニスラケット 72,スポーツ・アウトドア,SportMax,18636,930,テニスラケット 72の詳細説明です。高品質でおすすめの商品です。,2023-08-05
5718,バスケットボール 72,スポーツ・アウトドア,Outdoor,41485,32,バスケットボール 72の詳細説明です。高品質でおすすめの商品です。,2023-06-20
5719,サッカーボール 72,スポーツ・アウトドア,Outdoor,41251,933,サッカーボール 72の詳細説明です。高品質でおすすめの商品です。,2023-08-12
5720,フィットネスバンド 72,スポーツ・アウトドア,Outdoor,33919,598,フィットネスバンド 72の詳細説明です。高品質でおすすめの商品です。,2023-03-21
5721,ヨガマット 73,スポーツ・アウトドア,Fit,27856,336,ヨガマット 73の詳細説明です。高品質でおすすめの商品です。,2023-02-08
5722,ランニングシューズ 73,スポーツ・アウトドア,Energy,35373,515,ランニングシューズ 73の詳細説明です。高品質でおすすめの商品です。,2023-10-19
5723,トレーニングウェア 73,スポーツ・アウトドア,Active,23549,326,トレーニングウェア 73の詳細説明です。高品質でおすすめの商品です。,2023-05-02
5724,水筒 73,スポーツ・アウトドア,Outdoor,1771,503,水筒 73の詳細説明です。高品質でおすすめの商品です。,2023-12-29
5725,キャンプ用品セット 73,スポーツ・アウトドア,Energy,44590,790,キャンプ用品セット 73の詳細説明です。高品質でおすすめの商品です。,2023-03-30
5726,自転車ヘルメット 73,スポーツ・アウトドア,Fit,4005,421,自転車ヘルメット 73の詳細説明です。高品質でおすすめの商品です。,2023-10-17
5727,テニスラケット 73,スポーツ・アウトドア,SportMax,27632,636,テニスラケット 73の詳細説明です。高品質でおすすめの商品です。,2023-12-29
5728,バスケットボール 73,スポーツ・アウトドア,Active,23752,366,バスケットボール 73の詳細説明です。高品質でおすすめの商品です。,2023-01-29
5729,サッカーボール 73,スポーツ・アウトドア,Fit,16815,25,サッカーボール 73の詳細説明です。高品質でおすすめの商品です。,2023-03-08
5730,フィットネスバンド 73,スポーツ・アウトドア,Active,45103,877,フィットネスバンド 73の詳細説明です。高品質でおすすめの商品です。,2023-04-04
5731,ヨガマット 74,スポーツ・アウトドア,Active,48010,109,ヨガマット 74の詳細説明です。高品質でおすすめの商品です。,2023-05-03
5732,ランニングシューズ 74,スポーツ・アウトドア,Energy,27596,831,ランニングシューズ 74の詳細説明です。高品質でおすすめの商品です。,2023-11-04
5733,トレーニングウェア 74,スポーツ・アウトドア,SportMax,13944,124,トレーニングウェア 74の詳細説明です。高品質でおすすめの商品です。,2023-12-01
5734,水筒 74,スポーツ・アウトドア,Active,40152,983,水筒 74の詳細説明です。高品質でおすすめの商品です。,2023-11-13
5735,キャンプ用品セット 74,スポーツ・アウトドア,Energy,19769,601,キャンプ用品セット 74の詳細説明です。高品質でおすすめの商品です。,2023-01-27
5736,自転車ヘルメット 74,スポーツ・アウトドア,Energy,40313,443,自転車ヘルメット 74の詳細説明です。高品質でおすすめの商品です。,2023-11-16
5737,テニスラケット 74,スポーツ・アウトドア,Outdoor,13523,430,テニスラケット 74の詳細説明です。高品質でおすすめの商品です。,2023-08-25
5738,バスケットボール 74,スポーツ・アウトドア,Fit,10565,712,バスケットボール 74の詳細説明です。高品質でおすすめの商品です。,2023-03-30
5739,サッカーボール 74,スポーツ・アウトドア,Fit,7236,714,サッカーボール 74の詳細説明です。高品質でおすすめの商品です。,2023-07-17
5740,フィットネスバンド 74,スポーツ・アウトドア,Active,21439,666,フィットネスバンド 74の詳細説明です。高品質でおすすめの商品です。,2023-11-28
5741,ヨガマット 75,スポーツ・アウトドア,Energy,25543,270,ヨガマット 75の詳細説明です。高品質でおすすめの商品です。,2023-05-17
5742,ランニングシューズ 75,スポーツ・アウトドア,Fit,15770,575,ランニングシューズ 75の詳細説明です。高品質でおすすめの商品です。,2023-01-02
5743,トレーニングウェア 75,スポーツ・アウトドア,Outdoor,39859,949,トレーニングウェア 75の詳細説明です。高品質でおすすめの商品です。,2023-01-26
5744,水筒 75,スポーツ・アウトドア,Energy,32074,136,水筒 75の詳細説明です。高品質でおすすめの商品です。,2023-01-24
5745,キャンプ用品セット 75,スポーツ・アウトドア,SportMax,9072,709,キャンプ用品セット 75の詳細説明です。高品質でおすすめの商品です。,2023-08-19
5746,自転車ヘルメット 75,スポーツ・アウトドア,Energy,1379,731,自転車ヘルメット 75の詳細説明です。高品質でおすすめの商品です。,2023-02-08
5747,テニスラケット 75,スポーツ・アウトドア,Active,44457,388,テニスラケット 75の詳細説明です。高品質でおすすめの商品です。,2023-06-09
5748,バスケットボール 75,スポーツ・アウトドア,Energy,22105,999,バスケットボール 75の詳細説明です。高品質でおすすめの商品です。,2023-11-15
5749,サッカーボール 75,スポーツ・アウトドア,Fit,33010,558,サッカーボール 75の詳細説明です。高品質でおすすめの商品です。,2023-11-25
5750,フィットネスバンド 75,スポーツ・アウトドア,SportMax,48458,859,フィットネスバンド 75の詳細説明です。高品質でおすすめの商品です。,2023-09-12
5751,ヨガマット 76,スポーツ・アウトドア,Energy,47445,428,ヨガマット 76の詳細説明です。高品質でおすすめの商品です。,2023-06-25
5752,ランニングシューズ 76,スポーツ・アウトドア,SportMax,10670,278,ランニングシューズ 76の詳細説明です。高品質でおすすめの商品です。,2023-08-15
5753,トレーニングウェア 76,スポーツ・アウトドア,Outdoor,14701,850,トレーニングウェア 76の詳細説明です。高品質でおすすめの商品です。,2023-02-24
5754,水筒 76,スポーツ・アウトドア,Active,4442,755,水筒 76の詳細説明です。高品質でおすすめの商品です。,2023-07-04
5755,キャンプ用品セット 76,スポーツ・アウトドア,SportMax,11542,323,キャンプ用品セット 76の詳細説明です。高品質でおすすめの商品です。,2023-04-09
5756,自転車ヘルメット 76,スポーツ・アウトドア,Fit,48720,670,自転車ヘルメット 76の詳細説明です。高品質でおすすめの商品です。,2023-05-12
5757,テニスラケット 76,スポーツ・アウトドア,Outdoor,38744,988,テニスラケット 76の詳細説明です。高品質でおすすめの商品です。,2023-12-20
5758,バスケットボール 76,スポーツ・アウトドア,Fit,6181,812,バスケットボール 76の詳細説明です。高品質でおすすめの商品です。,2023-08-16
5759,サッカーボール 76,スポーツ・アウトドア,SportMax,1214,422,サッカーボール 76の詳細説明です。高品質でおすすめの商品です。,2023-11-08
5760,フィットネスバンド 76,スポーツ・アウトドア,SportMax,12593,611,フィットネスバンド 76の詳細説明です。高品質でおすすめの商品です。,2023-10-19
5761,ヨガマット 77,スポーツ・アウトドア,Active,39520,304,ヨガマット 77の詳細説明です。高品質でおすすめの商品です。,2023-07-08
5762,ランニングシューズ 77,スポーツ・アウトドア,Outdoor,13744,441,ランニングシューズ 77の詳細説明です。高品質でおすすめの商品です。,2023-09-21
5763,トレーニングウェア 77,スポーツ・アウトドア,SportMax,1878,303,トレーニングウェア 77の詳細説明です。高品質でおすすめの商品です。,2023-04-19
5764,水筒 77,スポーツ・アウトドア,Energy,34532,213,水筒 77の詳細説明です。高品質でおすすめの商品です。,2023-09-03
5765,キャンプ用品セット 77,スポーツ・アウトドア,Energy,2023,812,キャンプ用品セット 77の詳細説明です。高品質でおすすめの商品です。,2023-12-18
5766,自転車ヘルメット 77,スポーツ・アウトドア,Energy,4499,737,自転車ヘルメット 77の詳細説明です。高品質でおすすめの商品です。,2023-07-30
5767,テニスラケット 77,スポーツ・アウトドア,Outdoor,27429,307,テニスラケット 77の詳細説明です。高品質でおすすめの商品です。,2023-03-18
5768,バスケットボール 77,スポーツ・アウトドア,Outdoor,31985,122,バスケットボール 77の詳細説明です。高品質でおすすめの商品です。,2023-03-14
5769,サッカーボール 77,スポーツ・アウトドア,Energy,13217,86,サッカーボール 77の詳細説明です。高品質でおすすめの商品です。,2023-12-08
5770,フィットネスバンド 77,スポーツ・アウトドア,Fit,8069,343,フィットネスバンド 77の詳細説明です。高品質でおすすめの商品です。,2023-08-25
5771,ヨガマット 78,スポーツ・アウトドア,Fit,34348,644,ヨガマット 78の詳細説明です。高品質でおすすめの商品です。,2023-02-03
5772,ランニングシューズ 78,スポーツ・アウトドア,Active,3536,917,ランニングシューズ 78の詳細説明です。高品質でおすすめの商品です。,2023-07-06
5773,トレーニングウェア 78,スポーツ・アウトドア,Outdoor,2674,957,トレーニングウェア 78の詳細説明です。高品質でおすすめの商品です。,2023-10-25
5774,水筒 78,スポーツ・アウトドア,Outdoor,17800,841,水筒 78の詳細説明です。高品質でおすすめの商品です。,2023-10-01
5775,キャンプ用品セット 78,スポーツ・アウトドア,Fit,19218,575,キャンプ用品セット 78の詳細説明です。高品質でおすすめの商品です。,2023-02-02
5776,自転車ヘルメット 78,スポーツ・アウトドア,Fit,28454,388,自転車ヘルメット 78の詳細説明です。高品質でおすすめの商品です。,2023-09-11
5777,テニスラケット 78,スポーツ・アウトドア,Active,3232,803,テニスラケット 78の詳細説明です。高品質でおすすめの商品です。,2023-09-15
5778,バスケットボール 78,スポーツ・アウトドア,Fit,33445,380,バスケットボール 78の詳細説明です。高品質でおすすめの商品です。,2023-10-12
5779,サッカーボール 78,スポーツ・アウトドア,Outdoor,14859,50,サッカーボール 78の詳細説明です。高品質でおすすめの商品です。,2023-05-02
5780,フィットネスバンド 78,スポーツ・アウトドア,Outdoor,29607,357,フィットネスバンド 78の詳細説明です。高品質でおすすめの商品です。,2023-10-18
5781,ヨガマット 79,スポーツ・アウトドア,SportMax,27918,880,ヨガマット 79の詳細説明です。高品質でおすすめの商品です。,2023-08-17
5782,ランニングシューズ 79,スポーツ・アウトドア,SportMax,46867,519,ランニングシューズ 79の詳細説明です。高品質でおすすめの商品です。,2023-03-22
5783,トレーニングウェア 79,スポーツ・アウトドア,Fit,22267,402,トレーニングウェア 79の詳細説明です。高品質でおすすめの商品です。,2023-12-26
5784,水筒 79,スポーツ・アウトドア,Outdoor,24031,959,水筒 79の詳細説明です。高品質でおすすめの商品です。,2023-01-17
5785,キャンプ用品セット 79,スポーツ・アウトドア,Outdoor,22894,6,キャンプ用品セット 79の詳細説明です。高品質でおすすめの商品です。,2023-02-05
5786,自転車ヘルメット 79,スポーツ・アウトドア,SportMax,22164,563,自転車ヘルメット 79の詳細説明です。高品質でおすすめの商品です。,2023-12-25
5787,テニスラケット 79,スポーツ・アウトドア,SportMax,44055,256,テニスラケット 79の詳細説明です。高品質でおすすめの商品です。,2023-09-02
5788,バスケットボール 79,スポーツ・アウトドア,Energy,32553,604,バスケットボール 79の詳細説明です。高品質でおすすめの商品です。,2023-03-06
5789,サッカーボール 79,スポーツ・アウトドア,Energy,23497,248,サッカーボール 79の詳細説明です。高品質でおすすめの商品です。,2023-01-06
5790,フィットネスバンド 79,スポーツ・アウトドア,Outdoor,15656,133,フィットネスバンド 79の詳細説明です。高品質でおすすめの商品です。,2023-02-19
5791,ヨガマット 80,スポーツ・アウトドア,SportMax,4980,893,ヨガマット 80の詳細説明です。高品質でおすすめの商品です。,2023-04-24
5792,ランニングシューズ 80,スポーツ・アウトドア,Energy,44675,585,ランニングシューズ 80の詳細説明です。高品質でおすすめの商品です。,2023-12-20
5793,トレーニングウェア 80,スポーツ・アウトドア,Active,14928,735,トレーニングウェア 80の詳細説明です。高品質でおすすめの商品です。,2023-01-17
5794,水筒 80,スポーツ・アウトドア,Outdoor,46090,541,水筒 80の詳細説明です。高品質でおすすめの商品です。,2023-06-27
5795,キャンプ用品セット 80,スポーツ・アウトドア,SportMax,46726,36,キャンプ用品セット 80の詳細説明です。高品質でおすすめの商品です。,2023-09-12
5796,自転車ヘルメット 80,スポーツ・アウトドア,Outdoor,38600,686,自転車ヘルメット 80の詳細説明です。高品質でおすすめの商品です。,2023-07-20
5797,テニスラケット 80,スポーツ・アウトドア,Energy,16445,131,テニスラケット 80の詳細説明です。高品質でおすすめの商品です。,2023-05-24
5798,バスケットボール 80,スポーツ・アウトドア,Energy,41068,368,バスケットボール 80の詳細説明です。高品質でおすすめの商品です。,2023-10-31
5799,サッカーボール 80,スポーツ・アウトドア,Outdoor,11119,380,サッカーボール 80の詳細説明です。高品質でおすすめの商品です。,2023-07-31
5800,フィットネスバンド 80,スポーツ・アウトドア,Outdoor,2950,144,フィットネスバンド 80の詳細説明です。高品質でおすすめの商品です。,2023-03-20
5801,ヨガマット 81,スポーツ・アウトドア,Active,33317,405,ヨガマット 81の詳細説明です。高品質でおすすめの商品です。,2023-03-13
5802,ランニングシューズ 81,スポーツ・アウトドア,Outdoor,8576,615,ランニングシューズ 81の詳細説明です。高品質でおすすめの商品です。,2023-08-17
5803,トレーニングウェア 81,スポーツ・アウトドア,Outdoor,9230,524,トレーニングウェア 81の詳細説明です。高品質でおすすめの商品です。,2023-03-25
5804,水筒 81,スポーツ・アウトドア,Active,40045,871,水筒 81の詳細説明です。高品質でおすすめの商品です。,2023-03-29
5805,キャンプ用品セット 81,スポーツ・アウトドア,Fit,28419,304,キャンプ用品セット 81の詳細説明です。高品質でおすすめの商品です。,2023-09-27
5806,自転車ヘルメット 81,スポーツ・アウトドア,Energy,15005,829,自転車ヘルメット 81の詳細説明です。高品質でおすすめの商品です。,2023-09-15
5807,テニスラケット 81,スポーツ・アウトドア,Outdoor,39263,124,テニスラケット 81の詳細説明です。高品質でおすすめの商品です。,2023-01-13
5808,バスケットボール 81,スポーツ・アウトドア,Active,32842,975,バスケットボール 81の詳細説明です。高品質でおすすめの商品です。,2023-02-06
5809,サッカーボール 81,スポーツ・アウトドア,Active,13656,24,サッカーボール 81の詳細説明です。高品質でおすすめの商品です。,2023-07-31
5810,フィットネスバンド 81,スポーツ・アウトドア,SportMax,9664,540,フィットネスバンド 81の詳細説明です。高品質でおすすめの商品です。,2023-01-29
5811,ヨガマット 82,スポーツ・アウトドア,Fit,14963,328,ヨガマット 82の詳細説明です。高品質でおすすめの商品です。,2023-08-22
5812,ランニングシューズ 82,スポーツ・アウトドア,Outdoor,23920,591,ランニングシューズ 82の詳細説明です。高品質でおすすめの商品です。,2023-07-08
5813,トレーニングウェア 82,スポーツ・アウトドア,Outdoor,41344,189,トレーニングウェア 82の詳細説明です。高品質でおすすめの商品です。,2023-07-31
5814,水筒 82,スポーツ・アウトドア,Active,30429,647,水筒 82の詳細説明です。高品質でおすすめの商品です。,2023-07-07
5815,キャンプ用品セット 82,スポーツ・アウトドア,Energy,19545,413,キャンプ用品セット 82の詳細説明です。高品質でおすすめの商品です。,2023-11-09
5816,自転車ヘルメット 82,スポーツ・アウトドア,Active,22882,530,自転車ヘルメット 82の詳細説明です。高品質でおすすめの商品です。,2023-08-04
5817,テニスラケット 82,スポーツ・アウトドア,Active,4201,173,テニスラケット 82の詳細説明です。高品質でおすすめの商品です。,2023-10-23
5818,バスケットボール 82,スポーツ・アウトドア,SportMax,38078,157,バスケットボール 82の詳細説明です。高品質でおすすめの商品です。,2023-07-04
5819,サッカーボール 82,スポーツ・アウトドア,Fit,39432,492,サッカーボール 82の詳細説明です。高品質でおすすめの商品です。,2023-11-11
5820,フィットネスバンド 82,スポーツ・アウトドア,Active,20315,763,フィットネスバンド 82の詳細説明です。高品質でおすすめの商品です。,2023-08-19
5821,ヨガマット 83,スポーツ・アウトドア,Outdoor,9240,357,ヨガマット 83の詳細説明です。高品質でおすすめの商品です。,2023-01-15
5822,ランニングシューズ 83,スポーツ・アウトドア,Energy,17769,890,ランニングシューズ 83の詳細説明です。高品質でおすすめの商品です。,2023-11-08
5823,トレーニングウェア 83,スポーツ・アウトドア,Fit,34766,383,トレーニングウェア 83の詳細説明です。高品質でおすすめの商品です。,2023-05-05
5824,水筒 83,スポーツ・アウトドア,Fit,41961,258,水筒 83の詳細説明です。高品質でおすすめの商品です。,2023-11-10
5825,キャンプ用品セット 83,スポーツ・アウトドア,Fit,7735,870,キャンプ用品セット 83の詳細説明です。高品質でおすすめの商品です。,2023-05-09
5826,自転車ヘルメット 83,スポーツ・アウトドア,Energy,23338,369,自転車ヘルメット 83の詳細説明です。高品質でおすすめの商品です。,2023-01-12
5827,テニスラケット 83,スポーツ・アウトドア,Fit,12280,550,テニスラケット 83の詳細説明です。高品質でおすすめの商品です。,2023-03-10
5828,バスケットボール 83,スポーツ・アウトドア,Active,16320,481,バスケットボール 83の詳細説明です。高品質でおすすめの商品です。,2023-10-15
5829,サッカーボール 83,スポーツ・アウトドア,Active,30246,356,サッカーボール 83の詳細説明です。高品質でおすすめの商品です。,2023-04-24
5830,フィットネスバンド 83,スポーツ・アウトドア,SportMax,21234,967,フィットネスバンド 83の詳細説明です。高品質でおすすめの商品です。,2023-08-30
5831,ヨガマット 84,スポーツ・アウトドア,Energy,48424,833,ヨガマット 84の詳細説明です。高品質でおすすめの商品です。,2023-02-06
5832,ランニングシューズ 84,スポーツ・アウトドア,Fit,5398,214,ランニングシューズ 84の詳細説明です。高品質でおすすめの商品です。,2023-05-15
5833,トレーニングウェア 84,スポーツ・アウトドア,Active,2841,262,トレーニングウェア 84の詳細説明です。高品質でおすすめの商品です。,2023-03-18
5834,水筒 84,スポーツ・アウトドア,Active,18512,202,水筒 84の詳細説明です。高品質でおすすめの商品です。,2023-11-07
5835,キャンプ用品セット 84,スポーツ・アウトドア,SportMax,17722,923,キャンプ用品セット 84の詳細説明です。高品質でおすすめの商品です。,2023-07-19
5836,自転車ヘルメット 84,スポーツ・アウトドア,SportMax,4588,410,自転車ヘルメット 84の詳細説明です。高品質でおすすめの商品です。,2023-04-04
5837,テニスラケット 84,スポーツ・アウトドア,Fit,33555,281,テニスラケット 84の詳細説明です。高品質でおすすめの商品です。,2023-09-07
5838,バスケットボール 84,スポーツ・アウトドア,SportMax,34241,613,バスケットボール 84の詳細説明です。高品質でおすすめの商品です。,2023-03-24
5839,サッカーボール 84,スポーツ・アウトドア,Outdoor,49022,669,サッカーボール 84の詳細説明です。高品質でおすすめの商品です。,2023-05-29
5840,フィットネスバンド 84,スポーツ・アウトドア,Active,32660,821,フィットネスバンド 84の詳細説明です。高品質でおすすめの商品です。,2023-04-02
5841,ヨガマット 85,スポーツ・アウトドア,SportMax,42375,135,ヨガマット 85の詳細説明です。高品質でおすすめの商品です。,2023-06-09
5842,ランニングシューズ 85,スポーツ・アウトドア,SportMax,25829,211,ランニングシューズ 85の詳細説明です。高品質でおすすめの商品です。,2023-07-04
5843,トレーニングウェア 85,スポーツ・アウトドア,SportMax,26043,663,トレーニングウェア 85の詳細説明です。高品質でおすすめの商品です。,2023-05-10
5844,水筒 85,スポーツ・アウトドア,Energy,48490,911,水筒 85の詳細説明です。高品質でおすすめの商品です。,2023-07-21
5845,キャンプ用品セット 85,スポーツ・アウトドア,Energy,6183,153,キャンプ用品セット 85の詳細説明です。高品質でおすすめの商品です。,2023-06-17
5846,自転車ヘルメット 85,スポーツ・アウトドア,Active,12494,401,自転車ヘルメット 85の詳細説明です。高品質でおすすめの商品です。,2023-12-06
5847,テニスラケット 85,スポーツ・アウトドア,SportMax,9246,861,テニスラケット 85の詳細説明です。高品質でおすすめの商品です。,2023-08-30
5848,バスケットボール 85,スポーツ・アウトドア,SportMax,18864,166,バスケットボール 85の詳細説明です。高品質でおすすめの商品です。,2023-01-28
5849,サッカーボール 85,スポーツ・アウトドア,Energy,33694,896,サッカーボール 85の詳細説明です。高品質でおすすめの商品です。,2023-01-27
5850,フィットネスバンド 85,スポーツ・アウトドア,Fit,24804,283,フィットネスバンド 85の詳細説明です。高品質でおすすめの商品です。,2023-06-09
5851,ヨガマット 86,スポーツ・アウトドア,Energy,9909,293,ヨガマット 86の詳細説明です。高品質でおすすめの商品です。,2023-09-08
5852,ランニングシューズ 86,スポーツ・アウトドア,Energy,20125,377,ランニングシューズ 86の詳細説明です。高品質でおすすめの商品です。,2023-06-29
5853,トレーニングウェア 86,スポーツ・アウトドア,Active,28442,312,トレーニングウェア 86の詳細説明です。高品質でおすすめの商品です。,2023-08-21
5854,水筒 86,スポーツ・アウトドア,Outdoor,39185,694,水筒 86の詳細説明です。高品質でおすすめの商品です。,2023-10-09
5855,キャンプ用品セット 86,スポーツ・アウトドア,Outdoor,1684,357,キャンプ用品セット 86の詳細説明です。高品質でおすすめの商品です。,2023-08-27
5856,自転車ヘルメット 86,スポーツ・アウトドア,Active,33968,558,自転車ヘルメット 86の詳細説明です。高品質でおすすめの商品です。,2023-01-16
5857,テニスラケット 86,スポーツ・アウトドア,SportMax,32637,600,テニスラケット 86の詳細説明です。高品質でおすすめの商品です。,2023-03-07
5858,バスケットボール 86,スポーツ・アウトドア,Fit,36760,375,バスケットボール 86の詳細説明です。高品質でおすすめの商品です。,2023-12-01
5859,サッカーボール 86,スポーツ・アウトドア,Active,10760,166,サッカーボール 86の詳細説明です。高品質でおすすめの商品です。,2023-07-03
5860,フィットネスバンド 86,スポーツ・アウトドア,Outdoor,33183,46,フィットネスバンド 86の詳細説明です。高品質でおすすめの商品です。,2023-10-19
5861,ヨガマット 87,スポーツ・アウトドア,SportMax,40108,262,ヨガマット 87の詳細説明です。高品質でおすすめの商品です。,2023-10-01
5862,ランニングシューズ 87,スポーツ・アウトドア,Fit,16902,362,ランニングシューズ 87の詳細説明です。高品質でおすすめの商品です。,2023-07-13
5863,トレーニングウェア 87,スポーツ・アウトドア,Fit,34979,182,トレーニングウェア 87の詳細説明です。高品質でおすすめの商品です。,2023-09-19
5864,水筒 87,スポーツ・アウトドア,Energy,25104,801,水筒 87の詳細説明です。高品質でおすすめの商品です。,2023-12-31
5865,キャンプ用品セット 87,スポーツ・アウトドア,Energy,19799,724,キャンプ用品セット 87の詳細説明です。高品質でおすすめの商品です。,2023-05-28
5866,自転車ヘルメット 87,スポーツ・アウトドア,Fit,46325,114,自転車ヘルメット 87の詳細説明です。高品質でおすすめの商品です。,2023-07-18
5867,テニスラケット 87,スポーツ・アウトドア,SportMax,22582,363,テニスラケット 87の詳細説明です。高品質でおすすめの商品です。,2023-08-15
5868,バスケットボール 87,スポーツ・アウトドア,Fit,5977,441,バスケットボール 87の詳細説明です。高品質でおすすめの商品です。,2023-06-22
5869,サッカーボール 87,スポーツ・アウトドア,Active,17619,473,サッカーボール 87の詳細説明です。高品質でおすすめの商品です。,2023-09-15
5870,フィットネスバンド 87,スポーツ・アウトドア,Outdoor,7854,516,フィットネスバンド 87の詳細説明です。高品質でおすすめの商品です。,2023-10-12
5871,ヨガマット 88,スポーツ・アウトドア,Energy,35047,854,ヨガマット 88の詳細説明です。高品質でおすすめの商品です。,2023-03-28
5872,ランニングシューズ 88,スポーツ・アウトドア,Fit,49368,839,ランニングシューズ 88の詳細説明です。高品質でおすすめの商品です。,2023-04-13
5873,トレーニングウェア 88,スポーツ・アウトドア,Outdoor,43541,880,トレーニングウェア 88の詳細説明です。高品質でおすすめの商品です。,2023-06-02
5874,水筒 88,スポーツ・アウトドア,Outdoor,46947,166,水筒 88の詳細説明です。高品質でおすすめの商品です。,2023-05-13
5875,キャンプ用品セット 88,スポーツ・アウトドア,Energy,31911,684,キャンプ用品セット 88の詳細説明です。高品質でおすすめの商品です。,2023-11-13
5876,自転車ヘルメット 88,スポーツ・アウトドア,Outdoor,4770,459,自転車ヘルメット 88の詳細説明です。高品質でおすすめの商品です。,2023-01-06
5877,テニスラケット 88,スポーツ・アウトドア,Active,44834,712,テニスラケット 88の詳細説明です。高品質でおすすめの商品です。,2023-03-14
5878,バスケットボール 88,スポーツ・アウトドア,Active,29193,180,バスケットボール 88の詳細説明です。高品質でおすすめの商品です。,2023-06-06
5879,サッカーボール 88,スポーツ・アウトドア,Fit,2940,350,サッカーボール 88の詳細説明です。高品質でおすすめの商品です。,2023-03-31
5880,フィットネスバンド 88,スポーツ・アウトドア,SportMax,41401,967,フィットネスバンド 88の詳細説明です。高品質でおすすめの商品です。,2023-07-11
5881,ヨガマット 89,スポーツ・アウトドア,Energy,17601,370,ヨガマット 89の詳細説明です。高品質でおすすめの商品です。,2023-10-06
5882,ランニングシューズ 89,スポーツ・アウトドア,Energy,1646,651,ランニングシューズ 89の詳細説明です。高品質でおすすめの商品です。,2023-11-02
5883,トレーニングウェア 89,スポーツ・アウトドア,Outdoor,11917,924,トレーニングウェア 89の詳細説明です。高品質でおすすめの商品です。,2023-06-06
5884,水筒 89,スポーツ・アウトドア,Active,31011,726,水筒 89の詳細説明です。高品質でおすすめの商品です。,2023-10-11
5885,キャンプ用品セット 89,スポーツ・アウトドア,Outdoor,6715,908,キャンプ用品セット 89の詳細説明です。高品質でおすすめの商品です。,2023-03-07
5886,自転車ヘルメット 89,スポーツ・アウトドア,Fit,29901,571,自転車ヘルメット 89の詳細説明です。高品質でおすすめの商品です。,2023-04-26
5887,テニスラケット 89,スポーツ・アウトドア,Energy,30930,136,テニスラケット 89の詳細説明です。高品質でおすすめの商品です。,2023-03-03
5888,バスケットボール 89,スポーツ・アウトドア,Energy,14360,475,バスケットボール 89の詳細説明です。高品質でおすすめの商品です。,2023-07-18
5889,サッカーボール 89,スポーツ・アウトドア,SportMax,22962,546,サッカーボール 89の詳細説明です。高品質でおすすめの商品です。,2023-11-12
5890,フィットネスバンド 89,スポーツ・アウトドア,Fit,7881,377,フィットネスバンド 89の詳細説明です。高品質でおすすめの商品です。,2023-08-09
5891,ヨガマット 90,スポーツ・アウトドア,Active,20355,112,ヨガマット 90の詳細説明です。高品質でおすすめの商品です。,2023-08-24
5892,ランニングシューズ 90,スポーツ・アウトドア,Outdoor,19405,865,ランニングシューズ 90の詳細説明です。高品質でおすすめの商品です。,2023-04-14
5893,トレーニングウェア 90,スポーツ・アウトドア,Fit,11081,189,トレーニングウェア 90の詳細説明です。高品質でおすすめの商品です。,2023-07-08
5894,水筒 90,スポーツ・アウトドア,Outdoor,28115,255,水筒 90の詳細説明です。高品質でおすすめの商品です。,2023-10-06
5895,キャンプ用品セット 90,スポーツ・アウトドア,Active,29012,936,キャンプ用品セット 90の詳細説明です。高品質でおすすめの商品です。,2023-03-18
5896,自転車ヘルメット 90,スポーツ・アウトドア,Energy,17987,479,自転車ヘルメット 90の詳細説明です。高品質でおすすめの商品です。,2023-10-23
5897,テニスラケット 90,スポーツ・アウトドア,SportMax,47987,990,テニスラケット 90の詳細説明です。高品質でおすすめの商品です。,2023-12-09
5898,バスケットボール 90,スポーツ・アウトドア,SportMax,15302,324,バスケットボール 90の詳細説明です。高品質でおすすめの商品です。,2023-09-08
5899,サッカーボール 90,スポーツ・アウトドア,Energy,24796,74,サッカーボール 90の詳細説明です。高品質でおすすめの商品です。,2023-01-17
5900,フィットネスバンド 90,スポーツ・アウトドア,Outdoor,12690,294,フィットネスバンド 90の詳細説明です。高品質でおすすめの商品です。,2023-01-13
5901,ヨガマット 91,スポーツ・アウトドア,Fit,5355,716,ヨガマット 91の詳細説明です。高品質でおすすめの商品です。,2023-08-11
5902,ランニングシューズ 91,スポーツ・アウトドア,Energy,6805,513,ランニングシューズ 91の詳細説明です。高品質でおすすめの商品です。,2023-01-20
5903,トレーニングウェア 91,スポーツ・アウトドア,Energy,24910,82,トレーニングウェア 91の詳細説明です。高品質でおすすめの商品です。,2023-08-01
5904,水筒 91,スポーツ・アウトドア,Fit,32728,387,水筒 91の詳細説明です。高品質でおすすめの商品です。,2023-09-11
5905,キャンプ用品セット 91,スポーツ・アウトドア,Energy,48908,496,キャンプ用品セット 91の詳細説明です。高品質でおすすめの商品です。,2023-01-06
5906,自転車ヘルメット 91,スポーツ・アウトドア,Active,30033,679,自転車ヘルメット 91の詳細説明です。高品質でおすすめの商品です。,2023-10-05
5907,テニスラケット 91,スポーツ・アウトドア,Energy,24818,124,テニスラケット 91の詳細説明です。高品質でおすすめの商品です。,2023-11-25
5908,バスケットボール 91,スポーツ・アウトドア,Active,38670,162,バスケットボール 91の詳細説明です。高品質でおすすめの商品です。,2023-02-10
5909,サッカーボール 91,スポーツ・アウトドア,SportMax,17721,174,サッカーボール 91の詳細説明です。高品質でおすすめの商品です。,2023-05-17
5910,フィットネスバンド 91,スポーツ・アウトドア,Energy,22717,13,フィットネスバンド 91の詳細説明です。高品質でおすすめの商品です。,2023-11-11
5911,ヨガマット 92,スポーツ・アウトドア,SportMax,31553,972,ヨガマット 92の詳細説明です。高品質でおすすめの商品です。,2023-11-02
5912,ランニングシューズ 92,スポーツ・アウトドア,Fit,15270,435,ランニングシューズ 92の詳細説明です。高品質でおすすめの商品です。,2023-04-13
5913,トレーニングウェア 92,スポーツ・アウトドア,Outdoor,19056,838,トレーニングウェア 92の詳細説明です。高品質でおすすめの商品です。,2023-05-12
5914,水筒 92,スポーツ・アウトドア,Fit,47793,231,水筒 92の詳細説明です。高品質でおすすめの商品です。,2023-01-31
5915,キャンプ用品セット 92,スポーツ・アウトドア,Fit,2012,489,キャンプ用品セット 92の詳細説明です。高品質でおすすめの商品です。,2023-11-22
5916,自転車ヘルメット 92,スポーツ・アウトドア,Energy,25328,744,自転車ヘルメット 92の詳細説明です。高品質でおすすめの商品です。,2023-09-30
5917,テニスラケット 92,スポーツ・アウトドア,Active,28895,589,テニスラケット 92の詳細説明です。高品質でおすすめの商品です。,2023-12-02
5918,バスケットボール 92,スポーツ・アウトドア,SportMax,48513,142,バスケットボール 92の詳細説明です。高品質でおすすめの商品です。,2023-10-26
5919,サッカーボール 92,スポーツ・アウトドア,SportMax,28942,657,サッカーボール 92の詳細説明です。高品質でおすすめの商品です。,2023-09-24
5920,フィットネスバンド 92,スポーツ・アウトドア,Outdoor,46373,266,フィットネスバンド 92の詳細説明です。高品質でおすすめの商品です。,2023-07-14
5921,ヨガマット 93,スポーツ・アウトドア,Active,40402,222,ヨガマット 93の詳細説明です。高品質でおすすめの商品です。,2023-11-14
5922,ランニングシューズ 93,スポーツ・アウトドア,SportMax,48932,36,ランニングシューズ 93の詳細説明です。高品質でおすすめの商品です。,2023-10-05
5923,トレーニングウェア 93,スポーツ・アウトドア,Active,17582,218,トレーニングウェア 93の詳細説明です。高品質でおすすめの商品です。,2023-02-06
5924,水筒 93,スポーツ・アウトドア,Outdoor,34575,184,水筒 93の詳細説明です。高品質でおすすめの商品です。,2023-07-09
5925,キャンプ用品セット 93,スポーツ・アウトドア,Outdoor,34311,609,キャンプ用品セット 93の詳細説明です。高品質でおすすめの商品です。,2023-08-31
5926,自転車ヘルメット 93,スポーツ・アウトドア,Outdoor,43807,765,自転車ヘルメット 93の詳細説明です。高品質でおすすめの商品です。,2023-05-12
5927,テニスラケット 93,スポーツ・アウトドア,Active,37199,225,テニスラケット 93の詳細説明です。高品質でおすすめの商品です。,2023-08-28
5928,バスケットボール 93,スポーツ・アウトドア,Energy,49658,913,バスケットボール 93の詳細説明です。高品質でおすすめの商品です。,2023-10-21
5929,サッカーボール 93,スポーツ・アウトドア,Outdoor,8961,921,サッカーボール 93の詳細説明です。高品質でおすすめの商品です。,2023-10-24
5930,フィットネスバンド 93,スポーツ・アウトドア,Fit,42923,568,フィットネスバンド 93の詳細説明です。高品質でおすすめの商品です。,2023-01-03
5931,ヨガマット 94,スポーツ・アウトドア,SportMax,25124,970,ヨガマット 94の詳細説明です。高品質でおすすめの商品です。,2023-07-15
5932,ランニングシューズ 94,スポーツ・アウトドア,Outdoor,37223,460,ランニングシューズ 94の詳細説明です。高品質でおすすめの商品です。,2023-10-09
5933,トレーニングウェア 94,スポーツ・アウトドア,Outdoor,8071,581,トレーニングウェア 94の詳細説明です。高品質でおすすめの商品です。,2023-07-20
5934,水筒 94,スポーツ・アウトドア,Fit,46942,735,水筒 94の詳細説明です。高品質でおすすめの商品です。,2023-04-03
5935,キャンプ用品セット 94,スポーツ・アウトドア,Fit,38229,439,キャンプ用品セット 94の詳細説明です。高品質でおすすめの商品です。,2023-08-28
5936,自転車ヘルメット 94,スポーツ・アウトドア,Fit,21329,998,自転車ヘルメット 94の詳細説明です。高品質でおすすめの商品です。,2023-08-28
5937,テニスラケット 94,スポーツ・アウトドア,SportMax,16844,372,テニスラケット 94の詳細説明です。高品質でおすすめの商品です。,2023-07-31
5938,バスケットボール 94,スポーツ・アウトドア,SportMax,5698,893,バスケットボール 94の詳細説明です。高品質でおすすめの商品です。,2023-08-11
5939,サッカーボール 94,スポーツ・アウトドア,Active,7959,479,サッカーボール 94の詳細説明です。高品質でおすすめの商品です。,2023-05-17
5940,フィットネスバンド 94,スポーツ・アウトドア,Energy,34542,731,フィットネスバンド 94の詳細説明です。高品質でおすすめの商品です。,2023-06-16
5941,ヨガマット 95,スポーツ・アウトドア,SportMax,22515,624,ヨガマット 95の詳細説明です。高品質でおすすめの商品です。,2023-08-30
5942,ランニングシューズ 95,スポーツ・アウトドア,SportMax,28058,689,ランニングシューズ 95の詳細説明です。高品質でおすすめの商品です。,2023-07-03
5943,トレーニングウェア 95,スポーツ・アウトドア,SportMax,13595,266,トレーニングウェア 95の詳細説明です。高品質でおすすめの商品です。,2023-12-28
5944,水筒 95,スポーツ・アウトドア,Fit,49494,469,水筒 95の詳細説明です。高品質でおすすめの商品です。,2023-03-03
5945,キャンプ用品セット 95,スポーツ・アウトドア,Outdoor,33686,676,キャンプ用品セット 95の詳細説明です。高品質でおすすめの商品です。,2023-04-25
5946,自転車ヘルメット 95,スポーツ・アウトドア,Outdoor,39823,483,自転車ヘルメット 95の詳細説明です。高品質でおすすめの商品です。,2023-08-15
5947,テニスラケット 95,スポーツ・アウトドア,SportMax,31896,487,テニスラケット 95の詳細説明です。高品質でおすすめの商品です。,2023-02-11
5948,バスケットボール 95,スポーツ・アウトドア,Active,12797,276,バスケットボール 95の詳細説明です。高品質でおすすめの商品です。,2023-03-31
5949,サッカーボール 95,スポーツ・アウトドア,SportMax,24897,774,サッカーボール 95の詳細説明です。高品質でおすすめの商品です。,2023-01-11
5950,フィットネスバンド 95,スポーツ・アウトドア,Energy,48988,314,フィットネスバンド 95の詳細説明です。高品質でおすすめの商品です。,2023-06-09
5951,ヨガマット 96,スポーツ・アウトドア,Outdoor,5351,576,ヨガマット 96の詳細説明です。高品質でおすすめの商品です。,2023-09-15
5952,ランニングシューズ 96,スポーツ・アウトドア,Active,1777,196,ランニングシューズ 96の詳細説明です。高品質でおすすめの商品です。,2023-07-15
5953,トレーニングウェア 96,スポーツ・アウトドア,Energy,18964,186,トレーニングウェア 96の詳細説明です。高品質でおすすめの商品です。,2023-03-12
5954,水筒 96,スポーツ・アウトドア,Fit,11386,522,水筒 96の詳細説明です。高品質でおすすめの商品です。,2023-09-09
5955,キャンプ用品セット 96,スポーツ・アウトドア,SportMax,26372,45,キャンプ用品セット 96の詳細説明です。高品質でおすすめの商品です。,2023-10-08
5956,自転車ヘルメット 96,スポーツ・アウトドア,Fit,29979,405,自転車ヘルメット 96の詳細説明です。高品質でおすすめの商品です。,2023-06-24
5957,テニスラケット 96,スポーツ・アウトドア,Energy,37149,283,テニスラケット 96の詳細説明です。高品質でおすすめの商品です。,2024-01-01
5958,バスケットボール 96,スポーツ・アウトドア,Active,29704,863,バスケットボール 96の詳細説明です。高品質でおすすめの商品です。,2023-01-12
5959,サッカーボール 96,スポーツ・アウトドア,Fit,11573,235,サッカーボール 96の詳細説明です。高品質でおすすめの商品です。,2023-01-08
5960,フィットネスバンド 96,スポーツ・アウトドア,SportMax,1625,332,フィットネスバンド 96の詳細説明です。高品質でおすすめの商品です。,2023-06-22
5961,ヨガマット 97,スポーツ・アウトドア,SportMax,24603,70,ヨガマット 97の詳細説明です。高品質でおすすめの商品です。,2023-10-26
5962,ランニングシューズ 97,スポーツ・アウトドア,Active,23759,503,ランニングシューズ 97の詳細説明です。高品質でおすすめの商品です。,2023-07-08
5963,トレーニングウェア 97,スポーツ・アウトドア,Outdoor,46490,494,トレーニングウェア 97の詳細説明です。高品質でおすすめの商品です。,2023-10-07
5964,水筒 97,スポーツ・アウトドア,Energy,38700,130,水筒 97の詳細説明です。高品質でおすすめの商品です。,2023-11-29
5965,キャンプ用品セット 97,スポーツ・アウトドア,Outdoor,17045,967,キャンプ用品セット 97の詳細説明です。高品質でおすすめの商品です。,2023-12-19
5966,自転車ヘルメット 97,スポーツ・アウトドア,Fit,36786,497,自転車ヘルメット 97の詳細説明です。高品質でおすすめの商品です。,2023-08-22
5967,テニスラケット 97,スポーツ・アウトドア,Fit,48651,240,テニスラケット 97の詳細説明です。高品質でおすすめの商品です。,2023-07-29
5968,バスケットボール 97,スポーツ・アウトドア,Active,35602,662,バスケットボール 97の詳細説明です。高品質でおすすめの商品です。,2023-11-10
5969,サッカーボール 97,スポーツ・アウトドア,Fit,11906,543,サッカーボール 97の詳細説明です。高品質でおすすめの商品です。,2023-10-04
5970,フィットネスバンド 97,スポーツ・アウトドア,Energy,31693,18,フィットネスバンド 97の詳細説明です。高品質でおすすめの商品です。,2023-08-01
5971,ヨガマット 98,スポーツ・アウトドア,Fit,35968,547,ヨガマット 98の詳細説明です。高品質でおすすめの商品です。,2023-04-19
5972,ランニングシューズ 98,スポーツ・アウトドア,SportMax,36670,873,ランニングシューズ 98の詳細説明です。高品質でおすすめの商品です。,2023-10-01
5973,トレーニングウェア 98,スポーツ・アウトドア,Energy,18916,29,トレーニングウェア 98の詳細説明です。高品質でおすすめの商品です。,2023-05-15
5974,水筒 98,スポーツ・アウトドア,Fit,9514,776,水筒 98の詳細説明です。高品質でおすすめの商品です。,2023-08-19
5975,キャンプ用品セット 98,スポーツ・アウトドア,SportMax,37463,128,キャンプ用品セット 98の詳細説明です。高品質でおすすめの商品です。,2023-01-06
5976,自転車ヘルメット 98,スポーツ・アウトドア,SportMax,34628,692,自転車ヘルメット 98の詳細説明です。高品質でおすすめの商品です。,2023-03-20
5977,テニスラケット 98,スポーツ・アウトドア,SportMax,12063,182,テニスラケット 98の詳細説明です。高品質でおすすめの商品です。,2023-03-30
5978,バスケットボール 98,スポーツ・アウトドア,SportMax,11176,296,バスケットボール 98の詳細説明です。高品質でおすすめの商品です。,2023-06-15
5979,サッカーボール 98,スポーツ・アウトドア,Outdoor,21189,826,サッカーボール 98の詳細説明です。高品質でおすすめの商品です。,2023-10-31
5980,フィットネスバンド 98,スポーツ・アウトドア,Energy,9301,453,フィットネスバンド 98の詳細説明です。高品質でおすすめの商品です。,2023-06-01
5981,ヨガマット 99,スポーツ・アウトドア,Active,24795,729,ヨガマット 99の詳細説明です。高品質でおすすめの商品です。,2023-09-27
5982,ランニングシューズ 99,スポーツ・アウトドア,Energy,21548,612,ランニングシューズ 99の詳細説明です。高品質でおすすめの商品です。,2023-03-15
5983,トレーニングウェア 99,スポーツ・アウトドア,SportMax,16330,819,トレーニングウェア 99の詳細説明です。高品質でおすすめの商品です。,2023-03-31
5984,水筒 99,スポーツ・アウトドア,SportMax,48625,774,水筒 99の詳細説明です。高品質でおすすめの商品です。,2023-10-04
5985,キャンプ用品セット 99,スポーツ・アウトドア,Active,39661,520,キャンプ用品セット 99の詳細説明です。高品質でおすすめの商品です。,2023-02-10
5986,自転車ヘルメット 99,スポーツ・アウトドア,Active,44972,919,自転車ヘルメット 99の詳細説明です。高品質でおすすめの商品です。,2023-02-07
5987,テニスラケット 99,スポーツ・アウトドア,SportMax,30071,431,テニスラケット 99の詳細説明です。高品質でおすすめの商品です。,2023-09-07
5988,バスケットボール 99,スポーツ・アウトドア,Outdoor,44388,131,バスケットボール 99の詳細説明です。高品質でおすすめの商品です。,2023-03-05
5989,サッカーボール 99,スポーツ・アウトドア,Outdoor,5855,968,サッカーボール 99の詳細説明です。高品質でおすすめの商品です。,2023-05-07
5990,フィットネスバンド 99,スポーツ・アウトドア,Energy,4206,142,フィットネスバンド 99の詳細説明です。高品質でおすすめの商品です。,2023-04-24
5991,ヨガマット 100,スポーツ・アウトドア,Active,782,350,ヨガマット 100の詳細説明です。高品質でおすすめの商品です。,2023-04-08
5992,ランニングシューズ 100,スポーツ・アウトドア,SportMax,47712,631,ランニングシューズ 100の詳細説明です。高品質でおすすめの商品です。,2023-07-14
5993,トレーニングウェア 100,スポーツ・アウトドア,Energy,12938,162,トレーニングウェア 100の詳細説明です。高品質でおすすめの商品です。,2023-01-04
5994,水筒 100,スポーツ・アウトドア,Fit,5802,59,水筒 100の詳細説明です。高品質でおすすめの商品です。,2023-12-07
5995,キャンプ用品セット 100,スポーツ・アウトドア,Outdoor,40295,521,キャンプ用品セット 100の詳細説明です。高品質でおすすめの商品です。,2023-04-29
5996,自転車ヘルメット 100,スポーツ・アウトドア,SportMax,49029,239,自転車ヘルメット 100の詳細説明です。高品質でおすすめの商品です。,2023-10-10
5997,テニスラケット 100,スポーツ・アウトドア,Outdoor,39271,265,テニスラケット 100の詳細説明です。高品質でおすすめの商品です。,2023-06-12
5998,バスケットボール 100,スポーツ・アウトドア,Outdoor,40728,653,バスケットボール 100の詳細説明です。高品質でおすすめの商品です。,2023-02-16
5999,サッカーボール 100,スポーツ・アウトドア,Outdoor,21774,788,サッカーボール 100の詳細説明です。高品質でおすすめの商品です。,2023-04-24
6000,フィットネスバンド 100,スポーツ・アウトドア,Outdoor,37195,888,フィットネスバンド 100の詳細説明です。高品質でおすすめの商品です。,2023-08-08
6001,ヨガマット 101,スポーツ・アウトドア,Active,34155,570,ヨガマット 101の詳細説明です。高品質でおすすめの商品です。,2023-08-02
6002,ランニングシューズ 101,スポーツ・アウトドア,Fit,41319,342,ランニングシューズ 101の詳細説明です。高品質でおすすめの商品です。,2023-02-18
6003,トレーニングウェア 101,スポーツ・アウトドア,Active,36162,650,トレーニングウェア 101の詳細説明です。高品質でおすすめの商品です。,2023-06-13
6004,水筒 101,スポーツ・アウトドア,Energy,37609,392,水筒 101の詳細説明です。高品質でおすすめの商品です。,2024-01-01
6005,キャンプ用品セット 101,スポーツ・アウトドア,Energy,7586,338,キャンプ用品セット 101の詳細説明です。高品質でおすすめの商品です。,2023-02-09
6006,自転車ヘルメット 101,スポーツ・アウトドア,Outdoor,26416,52,自転車ヘルメット 101の詳細説明です。高品質でおすすめの商品です。,2023-02-22
6007,テニスラケット 101,スポーツ・アウトドア,Fit,20456,704,テニスラケット 101の詳細説明です。高品質でおすすめの商品です。,2023-01-06
6008,バスケットボール 101,スポーツ・アウトドア,SportMax,37527,804,バスケットボール 101の詳細説明です。高品質でおすすめの商品です。,2023-04-08
6009,サッカーボール 101,スポーツ・アウトドア,SportMax,47449,783,サッカーボール 101の詳細説明です。高品質でおすすめの商品です。,2023-12-24
6010,フィットネスバンド 101,スポーツ・アウトドア,Fit,16460,115,フィットネスバンド 101の詳細説明です。高品質でおすすめの商品です。,2023-07-31
6011,ヨガマット 102,スポーツ・アウトドア,Fit,38956,421,ヨガマット 102の詳細説明です。高品質でおすすめの商品です。,2023-09-06
6012,ランニングシューズ 102,スポーツ・アウトドア,Energy,38454,43,ランニングシューズ 102の詳細説明です。高品質でおすすめの商品です。,2023-04-27
6013,トレーニングウェア 102,スポーツ・アウトドア,Energy,9791,792,トレーニングウェア 102の詳細説明です。高品質でおすすめの商品です。,2023-07-10
6014,水筒 102,スポーツ・アウトドア,SportMax,20410,404,水筒 102の詳細説明です。高品質でおすすめの商品です。,2023-10-07
6015,キャンプ用品セット 102,スポーツ・アウトドア,Energy,28627,594,キャンプ用品セット 102の詳細説明です。高品質でおすすめの商品です。,2023-01-05
6016,自転車ヘルメット 102,スポーツ・アウトドア,Energy,6306,219,自転車ヘルメット 102の詳細説明です。高品質でおすすめの商品です。,2023-09-24
6017,テニスラケット 102,スポーツ・アウトドア,Fit,20142,965,テニスラケット 102の詳細説明です。高品質でおすすめの商品です。,2023-02-24
6018,バスケットボール 102,スポーツ・アウトドア,Fit,11288,645,バスケットボール 102の詳細説明です。高品質でおすすめの商品です。,2023-08-05
6019,サッカーボール 102,スポーツ・アウトドア,Fit,27712,502,サッカーボール 102の詳細説明です。高品質でおすすめの商品です。,2023-10-25
6020,フィットネスバンド 102,スポーツ・アウトドア,Fit,29920,510,フィットネスバンド 102の詳細説明です。高品質でおすすめの商品です。,2023-12-27
6021,ヨガマット 103,スポーツ・アウトドア,SportMax,40465,636,ヨガマット 103の詳細説明です。高品質でおすすめの商品です。,2023-12-29
6022,ランニングシューズ 103,スポーツ・アウトドア,SportMax,12148,404,ランニングシューズ 103の詳細説明です。高品質でおすすめの商品です。,2023-08-09
6023,トレーニングウェア 103,スポーツ・アウトドア,Fit,32716,89,トレーニングウェア 103の詳細説明です。高品質でおすすめの商品です。,2023-12-25
6024,水筒 103,スポーツ・アウトドア,Fit,32395,899,水筒 103の詳細説明です。高品質でおすすめの商品です。,2023-04-23
6025,キャンプ用品セット 103,スポーツ・アウトドア,Energy,45197,618,キャンプ用品セット 103の詳細説明です。高品質でおすすめの商品です。,2023-06-22
6026,自転車ヘルメット 103,スポーツ・アウトドア,Energy,24472,724,自転車ヘルメット 103の詳細説明です。高品質でおすすめの商品です。,2023-05-04
6027,テニスラケット 103,スポーツ・アウトドア,SportMax,31235,237,テニスラケット 103の詳細説明です。高品質でおすすめの商品です。,2023-12-16
6028,バスケットボール 103,スポーツ・アウトドア,Fit,11663,118,バスケットボール 103の詳細説明です。高品質でおすすめの商品です。,2023-08-06
6029,サッカーボール 103,スポーツ・アウトドア,SportMax,34298,230,サッカーボール 103の詳細説明です。高品質でおすすめの商品です。,2023-07-28
6030,フィットネスバンド 103,スポーツ・アウトドア,Fit,27908,555,フィットネスバンド 103の詳細説明です。高品質でおすすめの商品です。,2023-01-01
6031,ヨガマット 104,スポーツ・アウトドア,SportMax,45284,950,ヨガマット 104の詳細説明です。高品質でおすすめの商品です。,2023-06-24
6032,ランニングシューズ 104,スポーツ・アウトドア,Fit,23335,161,ランニングシューズ 104の詳細説明です。高品質でおすすめの商品です。,2023-01-12
6033,トレーニングウェア 104,スポーツ・アウトドア,Active,23059,588,トレーニングウェア 104の詳細説明です。高品質でおすすめの商品です。,2023-07-06
6034,水筒 104,スポーツ・アウトドア,Fit,31698,772,水筒 104の詳細説明です。高品質でおすすめの商品です。,2023-12-12
6035,キャンプ用品セット 104,スポーツ・アウトドア,Outdoor,43726,733,キャンプ用品セット 104の詳細説明です。高品質でおすすめの商品です。,2023-09-09
6036,自転車ヘルメット 104,スポーツ・アウトドア,Active,13150,74,自転車ヘルメット 104の詳細説明です。高品質でおすすめの商品です。,2023-11-23
6037,テニスラケット 104,スポーツ・アウトドア,Active,4881,956,テニスラケット 104の詳細説明です。高品質でおすすめの商品です。,2023-10-03
6038,バスケットボール 104,スポーツ・アウトドア,Active,48409,109,バスケットボール 104の詳細説明です。高品質でおすすめの商品です。,2023-01-28
6039,サッカーボール 104,スポーツ・アウトドア,SportMax,17539,375,サッカーボール 104の詳細説明です。高品質でおすすめの商品です。,2024-01-01
6040,フィットネスバンド 104,スポーツ・アウトドア,Energy,13979,799,フィットネスバンド 104の詳細説明です。高品質でおすすめの商品です。,2023-09-22
6041,ヨガマット 105,スポーツ・アウトドア,Fit,33163,986,ヨガマット 105の詳細説明です。高品質でおすすめの商品です。,2023-03-13
6042,ランニングシューズ 105,スポーツ・アウトドア,Energy,12546,780,ランニングシューズ 105の詳細説明です。高品質でおすすめの商品です。,2023-04-16
6043,トレーニングウェア 105,スポーツ・アウトドア,Fit,41672,904,トレーニングウェア 105の詳細説明です。高品質でおすすめの商品です。,2023-08-19
6044,水筒 105,スポーツ・アウトドア,Outdoor,38028,282,水筒 105の詳細説明です。高品質でおすすめの商品です。,2023-08-07
6045,キャンプ用品セット 105,スポーツ・アウトドア,Fit,14416,397,キャンプ用品セット 105の詳細説明です。高品質でおすすめの商品です。,2023-05-24
6046,自転車ヘルメット 105,スポーツ・アウトドア,Active,40937,717,自転車ヘルメット 105の詳細説明です。高品質でおすすめの商品です。,2023-12-21
6047,テニスラケット 105,スポーツ・アウトドア,SportMax,47366,878,テニスラケット 105の詳細説明です。高品質でおすすめの商品です。,2023-01-08
6048,バスケットボール 105,スポーツ・アウトドア,Energy,8422,408,バスケットボール 105の詳細説明です。高品質でおすすめの商品です。,2023-12-23
6049,サッカーボール 105,スポーツ・アウトドア,SportMax,3716,16,サッカーボール 105の詳細説明です。高品質でおすすめの商品です。,2023-11-27
6050,フィットネスバンド 105,スポーツ・アウトドア,Active,7778,395,フィットネスバンド 105の詳細説明です。高品質でおすすめの商品です。,2023-02-28
6051,ヨガマット 106,スポーツ・アウトドア,Active,21679,919,ヨガマット 106の詳細説明です。高品質でおすすめの商品です。,2023-09-09
6052,ランニングシューズ 106,スポーツ・アウトドア,SportMax,33075,226,ランニングシューズ 106の詳細説明です。高品質でおすすめの商品です。,2023-09-15
6053,トレーニングウェア 106,スポーツ・アウトドア,Outdoor,41528,828,トレーニングウェア 106の詳細説明です。高品質でおすすめの商品です。,2023-12-12
6054,水筒 106,スポーツ・アウトドア,Fit,47792,131,水筒 106の詳細説明です。高品質でおすすめの商品です。,2023-12-15
6055,キャンプ用品セット 106,スポーツ・アウトドア,Energy,42853,179,キャンプ用品セット 106の詳細説明です。高品質でおすすめの商品です。,2023-02-17
6056,自転車ヘルメット 106,スポーツ・アウトドア,Energy,7390,995,自転車ヘルメット 106の詳細説明です。高品質でおすすめの商品です。,2023-09-07
6057,テニスラケット 106,スポーツ・アウトドア,Active,33442,856,テニスラケット 106の詳細説明です。高品質でおすすめの商品です。,2023-05-30
6058,バスケットボール 106,スポーツ・アウトドア,Fit,3003,116,バスケットボール 106の詳細説明です。高品質でおすすめの商品です。,2023-04-19
6059,サッカーボール 106,スポーツ・アウトドア,Energy,2130,674,サッカーボール 106の詳細説明です。高品質でおすすめの商品です。,2023-11-24
6060,フィットネスバンド 106,スポーツ・アウトドア,Fit,4050,128,フィットネスバンド 106の詳細説明です。高品質でおすすめの商品です。,2023-04-03
6061,ヨガマット 107,スポーツ・アウトドア,Energy,8451,158,ヨガマット 107の詳細説明です。高品質でおすすめの商品です。,2023-02-06
6062,ランニングシューズ 107,スポーツ・アウトドア,Fit,3657,489,ランニングシューズ 107の詳細説明です。高品質でおすすめの商品です。,2023-02-16
6063,トレーニングウェア 107,スポーツ・アウトドア,Active,19345,471,トレーニングウェア 107の詳細説明です。高品質でおすすめの商品です。,2023-04-27
6064,水筒 107,スポーツ・アウトドア,Outdoor,16558,367,水筒 107の詳細説明です。高品質でおすすめの商品です。,2023-02-13
6065,キャンプ用品セット 107,スポーツ・アウトドア,Outdoor,22338,924,キャンプ用品セット 107の詳細説明です。高品質でおすすめの商品です。,2023-10-01
6066,自転車ヘルメット 107,スポーツ・アウトドア,SportMax,27575,221,自転車ヘルメット 107の詳細説明です。高品質でおすすめの商品です。,2023-07-31
6067,テニスラケット 107,スポーツ・アウトドア,Fit,14094,656,テニスラケット 107の詳細説明です。高品質でおすすめの商品です。,2023-06-14
6068,バスケットボール 107,スポーツ・アウトドア,SportMax,38401,560,バスケットボール 107の詳細説明です。高品質でおすすめの商品です。,2023-02-02
6069,サッカーボール 107,スポーツ・アウトドア,Fit,26596,253,サッカーボール 107の詳細説明です。高品質でおすすめの商品です。,2023-06-09
6070,フィットネスバンド 107,スポーツ・アウトドア,SportMax,7732,259,フィットネスバンド 107の詳細説明です。高品質でおすすめの商品です。,2023-03-17
6071,ヨガマット 108,スポーツ・アウトドア,SportMax,8098,891,ヨガマット 108の詳細説明です。高品質でおすすめの商品です。,2023-02-18
6072,ランニングシューズ 108,スポーツ・アウトドア,SportMax,15852,905,ランニングシューズ 108の詳細説明です。高品質でおすすめの商品です。,2023-06-29
6073,トレーニングウェア 108,スポーツ・アウトドア,SportMax,21550,117,トレーニングウェア 108の詳細説明です。高品質でおすすめの商品です。,2023-05-18
6074,水筒 108,スポーツ・アウトドア,Outdoor,41221,411,水筒 108の詳細説明です。高品質でおすすめの商品です。,2023-12-12
6075,キャンプ用品セット 108,スポーツ・アウトドア,SportMax,16821,671,キャンプ用品セット 108の詳細説明です。高品質でおすすめの商品です。,2023-02-01
6076,自転車ヘルメット 108,スポーツ・アウトドア,Fit,23448,651,自転車ヘルメット 108の詳細説明です。高品質でおすすめの商品です。,2023-05-17
6077,テニスラケット 108,スポーツ・アウトドア,Active,5837,40,テニスラケット 108の詳細説明です。高品質でおすすめの商品です。,2023-01-09
6078,バスケットボール 108,スポーツ・アウトドア,Energy,41141,943,バスケットボール 108の詳細説明です。高品質でおすすめの商品です。,2023-11-24
6079,サッカーボール 108,スポーツ・アウトドア,Outdoor,41533,398,サッカーボール 108の詳細説明です。高品質でおすすめの商品です。,2023-12-16
6080,フィットネスバンド 108,スポーツ・アウトドア,Fit,48150,644,フィットネスバンド 108の詳細説明です。高品質でおすすめの商品です。,2023-01-19
6081,ヨガマット 109,スポーツ・アウトドア,SportMax,13630,935,ヨガマット 109の詳細説明です。高品質でおすすめの商品です。,2023-06-14
6082,ランニングシューズ 109,スポーツ・アウトドア,SportMax,45119,43,ランニングシューズ 109の詳細説明です。高品質でおすすめの商品です。,2023-03-14
6083,トレーニングウェア 109,スポーツ・アウトドア,Energy,38233,479,トレーニングウェア 109の詳細説明です。高品質でおすすめの商品です。,2023-05-23
6084,水筒 109,スポーツ・アウトドア,Fit,46729,933,水筒 109の詳細説明です。高品質でおすすめの商品です。,2023-10-14
6085,キャンプ用品セット 109,スポーツ・アウトドア,Outdoor,27936,891,キャンプ用品セット 109の詳細説明です。高品質でおすすめの商品です。,2023-07-26
6086,自転車ヘルメット 109,スポーツ・アウトドア,Fit,40979,87,自転車ヘルメット 109の詳細説明です。高品質でおすすめの商品です。,2023-02-07
6087,テニスラケット 109,スポーツ・アウトドア,Outdoor,3032,244,テニスラケット 109の詳細説明です。高品質でおすすめの商品です。,2023-01-27
6088,バスケットボール 109,スポーツ・アウトドア,Active,27695,625,バスケットボール 109の詳細説明です。高品質でおすすめの商品です。,2023-12-29
6089,サッカーボール 109,スポーツ・アウトドア,Active,23231,492,サッカーボール 109の詳細説明です。高品質でおすすめの商品です。,2023-04-24
6090,フィットネスバンド 109,スポーツ・アウトドア,Active,13454,44,フィットネスバンド 109の詳細説明です。高品質でおすすめの商品です。,2023-03-28
6091,ヨガマット 110,スポーツ・アウトドア,Active,16661,343,ヨガマット 110の詳細説明です。高品質でおすすめの商品です。,2023-03-14
6092,ランニングシューズ 110,スポーツ・アウトドア,Energy,6811,21,ランニングシューズ 110の詳細説明です。高品質でおすすめの商品です。,2023-01-10
6093,トレーニングウェア 110,スポーツ・アウトドア,SportMax,3615,637,トレーニングウェア 110の詳細説明です。高品質でおすすめの商品です。,2023-03-31
6094,水筒 110,スポーツ・アウトドア,Active,35849,796,水筒 110の詳細説明です。高品質でおすすめの商品です。,2023-01-10
6095,キャンプ用品セット 110,スポーツ・アウトドア,Active,4275,60,キャンプ用品セット 110の詳細説明です。高品質でおすすめの商品です。,2023-10-23
6096,自転車ヘルメット 110,スポーツ・アウトドア,Energy,24151,679,自転車ヘルメット 110の詳細説明です。高品質でおすすめの商品です。,2023-09-10
6097,テニスラケット 110,スポーツ・アウトドア,Outdoor,38906,602,テニスラケット 110の詳細説明です。高品質でおすすめの商品です。,2023-05-04
6098,バスケットボール 110,スポーツ・アウトドア,Fit,5671,816,バスケットボール 110の詳細説明です。高品質でおすすめの商品です。,2023-10-19
6099,サッカーボール 110,スポーツ・アウトドア,Fit,38270,837,サッカーボール 110の詳細説明です。高品質でおすすめの商品です。,2023-12-07
6100,フィットネスバンド 110,スポーツ・アウトドア,Energy,33129,361,フィットネスバンド 110の詳細説明です。高品質でおすすめの商品です。,2023-10-02
6101,ヨガマット 111,スポーツ・アウトドア,SportMax,25551,990,ヨガマット 111の詳細説明です。高品質でおすすめの商品です。,2023-08-07
6102,ランニングシューズ 111,スポーツ・アウトドア,Outdoor,49051,309,ランニングシューズ 111の詳細説明です。高品質でおすすめの商品です。,2023-05-21
6103,トレーニングウェア 111,スポーツ・アウトドア,Energy,22136,370,トレーニングウェア 111の詳細説明です。高品質でおすすめの商品です。,2023-10-14
6104,水筒 111,スポーツ・アウトドア,Energy,44888,277,水筒 111の詳細説明です。高品質でおすすめの商品です。,2023-05-22
6105,キャンプ用品セット 111,スポーツ・アウトドア,SportMax,49467,878,キャンプ用品セット 111の詳細説明です。高品質でおすすめの商品です。,2023-03-05
6106,自転車ヘルメット 111,スポーツ・アウトドア,SportMax,7158,104,自転車ヘルメット 111の詳細説明です。高品質でおすすめの商品です。,2023-04-13
6107,テニスラケット 111,スポーツ・アウトドア,Outdoor,49040,695,テニスラケット 111の詳細説明です。高品質でおすすめの商品です。,2023-11-09
6108,バスケットボール 111,スポーツ・アウトドア,Outdoor,42510,236,バスケットボール 111の詳細説明です。高品質でおすすめの商品です。,2023-06-07
6109,サッカーボール 111,スポーツ・アウトドア,Active,30607,740,サッカーボール 111の詳細説明です。高品質でおすすめの商品です。,2023-02-16
6110,フィットネスバンド 111,スポーツ・アウトドア,Outdoor,21029,146,フィットネスバンド 111の詳細説明です。高品質でおすすめの商品です。,2023-05-30
6111,ヨガマット 112,スポーツ・アウトドア,SportMax,20721,619,ヨガマット 112の詳細説明です。高品質でおすすめの商品です。,2023-06-17
6112,ランニングシューズ 112,スポーツ・アウトドア,Active,46989,523,ランニングシューズ 112の詳細説明です。高品質でおすすめの商品です。,2023-11-13
6113,トレーニングウェア 112,スポーツ・アウトドア,SportMax,14007,566,トレーニングウェア 112の詳細説明です。高品質でおすすめの商品です。,2023-08-13
6114,水筒 112,スポーツ・アウトドア,Fit,2031,617,水筒 112の詳細説明です。高品質でおすすめの商品です。,2023-08-09
6115,キャンプ用品セット 112,スポーツ・アウトドア,Active,35551,666,キャンプ用品セット 112の詳細説明です。高品質でおすすめの商品です。,2023-03-02
6116,自転車ヘルメット 112,スポーツ・アウトドア,SportMax,44196,19,自転車ヘルメット 112の詳細説明です。高品質でおすすめの商品です。,2023-03-22
6117,テニスラケット 112,スポーツ・アウトドア,Energy,46616,16,テニスラケット 112の詳細説明です。高品質でおすすめの商品です。,2023-04-30
6118,バスケットボール 112,スポーツ・アウトドア,SportMax,13385,957,バスケットボール 112の詳細説明です。高品質でおすすめの商品です。,2023-08-10
6119,サッカーボール 112,スポーツ・アウトドア,Outdoor,5246,820,サッカーボール 112の詳細説明です。高品質でおすすめの商品です。,2023-09-14
6120,フィットネスバンド 112,スポーツ・アウトドア,Fit,28988,295,フィットネスバンド 112の詳細説明です。高品質でおすすめの商品です。,2023-06-26
6121,ヨガマット 113,スポーツ・アウトドア,Fit,36986,266,ヨガマット 113の詳細説明です。高品質でおすすめの商品です。,2023-11-01
6122,ランニングシューズ 113,スポーツ・アウトドア,Outdoor,14269,586,ランニングシューズ 113の詳細説明です。高品質でおすすめの商品です。,2023-11-27
6123,トレーニングウェア 113,スポーツ・アウトドア,Energy,4571,114,トレーニングウェア 113の詳細説明です。高品質でおすすめの商品です。,2023-04-08
6124,水筒 113,スポーツ・アウトドア,SportMax,48162,557,水筒 113の詳細説明です。高品質でおすすめの商品です。,2023-06-29
6125,キャンプ用品セット 113,スポーツ・アウトドア,Fit,41289,866,キャンプ用品セット 113の詳細説明です。高品質でおすすめの商品です。,2023-04-08
6126,自転車ヘルメット 113,スポーツ・アウトドア,Fit,32495,979,自転車ヘルメット 113の詳細説明です。高品質でおすすめの商品です。,2023-08-29
6127,テニスラケット 113,スポーツ・アウトドア,Outdoor,27638,296,テニスラケット 113の詳細説明です。高品質でおすすめの商品です。,2023-10-07
6128,バスケットボール 113,スポーツ・アウトドア,Active,21906,891,バスケットボール 113の詳細説明です。高品質でおすすめの商品です。,2023-05-17
6129,サッカーボール 113,スポーツ・アウトドア,SportMax,37825,181,サッカーボール 113の詳細説明です。高品質でおすすめの商品です。,2023-01-09
6130,フィットネスバンド 113,スポーツ・アウトドア,Energy,14088,299,フィットネスバンド 113の詳細説明です。高品質でおすすめの商品です。,2023-12-05
6131,ヨガマット 114,スポーツ・アウトドア,Energy,18900,72,ヨガマット 114の詳細説明です。高品質でおすすめの商品です。,2023-10-28
6132,ランニングシューズ 114,スポーツ・アウトドア,Outdoor,14002,423,ランニングシューズ 114の詳細説明です。高品質でおすすめの商品です。,2023-02-10
6133,トレーニングウェア 114,スポーツ・アウトドア,Outdoor,38379,355,トレーニングウェア 114の詳細説明です。高品質でおすすめの商品です。,2023-05-27
6134,水筒 114,スポーツ・アウトドア,SportMax,23505,395,水筒 114の詳細説明です。高品質でおすすめの商品です。,2023-08-22
6135,キャンプ用品セット 114,スポーツ・アウトドア,Active,39948,135,キャンプ用品セット 114の詳細説明です。高品質でおすすめの商品です。,2023-12-27
6136,自転車ヘルメット 114,スポーツ・アウトドア,Energy,21542,135,自転車ヘルメット 114の詳細説明です。高品質でおすすめの商品です。,2023-01-29
6137,テニスラケット 114,スポーツ・アウトドア,SportMax,3377,267,テニスラケット 114の詳細説明です。高品質でおすすめの商品です。,2023-02-19
6138,バスケットボール 114,スポーツ・アウトドア,Fit,46499,967,バスケットボール 114の詳細説明です。高品質でおすすめの商品です。,2023-08-07
6139,サッカーボール 114,スポーツ・アウトドア,Fit,4363,221,サッカーボール 114の詳細説明です。高品質でおすすめの商品です。,2023-03-18
6140,フィットネスバンド 114,スポーツ・アウトドア,Active,27101,850,フィットネスバンド 114の詳細説明です。高品質でおすすめの商品です。,2023-11-27
6141,ヨガマット 115,スポーツ・アウトドア,Fit,28952,214,ヨガマット 115の詳細説明です。高品質でおすすめの商品です。,2023-09-27
6142,ランニングシューズ 115,スポーツ・アウトドア,Active,16816,621,ランニングシューズ 115の詳細説明です。高品質でおすすめの商品です。,2023-11-27
6143,トレーニングウェア 115,スポーツ・アウトドア,SportMax,29323,291,トレーニングウェア 115の詳細説明です。高品質でおすすめの商品です。,2023-03-13
6144,水筒 115,スポーツ・アウトドア,Active,4149,905,水筒 115の詳細説明です。高品質でおすすめの商品です。,2023-11-06
6145,キャンプ用品セット 115,スポーツ・アウトドア,SportMax,4082,940,キャンプ用品セット 115の詳細説明です。高品質でおすすめの商品です。,2023-04-24
6146,自転車ヘルメット 115,スポーツ・アウトドア,SportMax,19122,845,自転車ヘルメット 115の詳細説明です。高品質でおすすめの商品です。,2023-09-18
6147,テニスラケット 115,スポーツ・アウトドア,Active,10928,20,テニスラケット 115の詳細説明です。高品質でおすすめの商品です。,2023-02-01
6148,バスケットボール 115,スポーツ・アウトドア,Outdoor,26857,405,バスケットボール 115の詳細説明です。高品質でおすすめの商品です。,2023-10-02
6149,サッカーボール 115,スポーツ・アウトドア,Outdoor,45255,891,サッカーボール 115の詳細説明です。高品質でおすすめの商品です。,2023-01-20
6150,フィットネスバンド 115,スポーツ・アウトドア,Energy,33773,724,フィットネスバンド 115の詳細説明です。高品質でおすすめの商品です。,2023-01-27
6151,ヨガマット 116,スポーツ・アウトドア,Outdoor,40147,109,ヨガマット 116の詳細説明です。高品質でおすすめの商品です。,2023-02-19
6152,ランニングシューズ 116,スポーツ・アウトドア,SportMax,48721,436,ランニングシューズ 116の詳細説明です。高品質でおすすめの商品です。,2023-10-14
6153,トレーニングウェア 116,スポーツ・アウトドア,Active,2771,199,トレーニングウェア 116の詳細説明です。高品質でおすすめの商品です。,2023-10-29
6154,水筒 116,スポーツ・アウトドア,Outdoor,28598,794,水筒 116の詳細説明です。高品質でおすすめの商品です。,2023-02-12
6155,キャンプ用品セット 116,スポーツ・アウトドア,Active,20509,277,キャンプ用品セット 116の詳細説明です。高品質でおすすめの商品です。,2023-11-02
6156,自転車ヘルメット 116,スポーツ・アウトドア,Outdoor,3751,342,自転車ヘルメット 116の詳細説明です。高品質でおすすめの商品です。,2023-07-30
6157,テニスラケット 116,スポーツ・アウトドア,Active,29059,348,テニスラケット 116の詳細説明です。高品質でおすすめの商品です。,2023-01-12
6158,バスケットボール 116,スポーツ・アウトドア,SportMax,29677,467,バスケットボール 116の詳細説明です。高品質でおすすめの商品です。,2023-05-05
6159,サッカーボール 116,スポーツ・アウトドア,Active,32049,124,サッカーボール 116の詳細説明です。高品質でおすすめの商品です。,2023-04-05
6160,フィットネスバンド 116,スポーツ・アウトドア,Energy,16594,810,フィットネスバンド 116の詳細説明です。高品質でおすすめの商品です。,2023-09-28
6161,ヨガマット 117,スポーツ・アウトドア,Active,20524,978,ヨガマット 117の詳細説明です。高品質でおすすめの商品です。,2023-12-02
6162,ランニングシューズ 117,スポーツ・アウトドア,Active,22654,147,ランニングシューズ 117の詳細説明です。高品質でおすすめの商品です。,2023-05-11
6163,トレーニングウェア 117,スポーツ・アウトドア,Active,27529,703,トレーニングウェア 117の詳細説明です。高品質でおすすめの商品です。,2023-04-09
6164,水筒 117,スポーツ・アウトドア,Active,29449,323,水筒 117の詳細説明です。高品質でおすすめの商品です。,2023-04-06
6165,キャンプ用品セット 117,スポーツ・アウトドア,SportMax,34264,255,キャンプ用品セット 117の詳細説明です。高品質でおすすめの商品です。,2023-02-12
6166,自転車ヘルメット 117,スポーツ・アウトドア,Active,39931,706,自転車ヘルメット 117の詳細説明です。高品質でおすすめの商品です。,2023-06-19
6167,テニスラケット 117,スポーツ・アウトドア,Outdoor,10018,323,テニスラケット 117の詳細説明です。高品質でおすすめの商品です。,2023-09-06
6168,バスケットボール 117,スポーツ・アウトドア,SportMax,20121,494,バスケットボール 117の詳細説明です。高品質でおすすめの商品です。,2023-05-15
6169,サッカーボール 117,スポーツ・アウトドア,Fit,45437,980,サッカーボール 117の詳細説明です。高品質でおすすめの商品です。,2023-02-12
6170,フィットネスバンド 117,スポーツ・アウトドア,SportMax,24206,572,フィットネスバンド 117の詳細説明です。高品質でおすすめの商品です。,2023-11-19
6171,ヨガマット 118,スポーツ・アウトドア,Outdoor,26839,198,ヨガマット 118の詳細説明です。高品質でおすすめの商品です。,2023-02-27
6172,ランニングシューズ 118,スポーツ・アウトドア,Outdoor,15173,615,ランニングシューズ 118の詳細説明です。高品質でおすすめの商品です。,2023-10-26
6173,トレーニングウェア 118,スポーツ・アウトドア,SportMax,5461,179,トレーニングウェア 118の詳細説明です。高品質でおすすめの商品です。,2023-10-19
6174,水筒 118,スポーツ・アウトドア,SportMax,48671,386,水筒 118の詳細説明です。高品質でおすすめの商品です。,2023-05-01
6175,キャンプ用品セット 118,スポーツ・アウトドア,Fit,15713,313,キャンプ用品セット 118の詳細説明です。高品質でおすすめの商品です。,2023-02-26
6176,自転車ヘルメット 118,スポーツ・アウトドア,Energy,11674,674,自転車ヘルメット 118の詳細説明です。高品質でおすすめの商品です。,2023-04-09
6177,テニスラケット 118,スポーツ・アウトドア,SportMax,5285,453,テニスラケット 118の詳細説明です。高品質でおすすめの商品です。,2023-11-30
6178,バスケットボール 118,スポーツ・アウトドア,Energy,39790,142,バスケットボール 118の詳細説明です。高品質でおすすめの商品です。,2023-08-05
6179,サッカーボール 118,スポーツ・アウトドア,Outdoor,13057,479,サッカーボール 118の詳細説明です。高品質でおすすめの商品です。,2023-12-25
6180,フィットネスバンド 118,スポーツ・アウトドア,Energy,1576,147,フィットネスバンド 118の詳細説明です。高品質でおすすめの商品です。,2023-04-27
6181,ヨガマット 119,スポーツ・アウトドア,Active,48910,10,ヨガマット 119の詳細説明です。高品質でおすすめの商品です。,2023-10-14
6182,ランニングシューズ 119,スポーツ・アウトドア,Outdoor,28048,378,ランニングシューズ 119の詳細説明です。高品質でおすすめの商品です。,2023-07-17
6183,トレーニングウェア 119,スポーツ・アウトドア,Active,46121,391,トレーニングウェア 119の詳細説明です。高品質でおすすめの商品です。,2023-05-23
6184,水筒 119,スポーツ・アウトドア,Active,9806,85,水筒 119の詳細説明です。高品質でおすすめの商品です。,2023-07-02
6185,キャンプ用品セット 119,スポーツ・アウトドア,Active,34385,410,キャンプ用品セット 119の詳細説明です。高品質でおすすめの商品です。,2023-02-04
6186,自転車ヘルメット 119,スポーツ・アウトドア,SportMax,18469,527,自転車ヘルメット 119の詳細説明です。高品質でおすすめの商品です。,2023-09-07
6187,テニスラケット 119,スポーツ・アウトドア,Energy,40212,663,テニスラケット 119の詳細説明です。高品質でおすすめの商品です。,2023-03-09
6188,バスケットボール 119,スポーツ・アウトドア,Energy,46025,479,バスケットボール 119の詳細説明です。高品質でおすすめの商品です。,2023-02-02
6189,サッカーボール 119,スポーツ・アウトドア,Outdoor,45541,1,サッカーボール 119の詳細説明です。高品質でおすすめの商品です。,2023-12-13
6190,フィットネスバンド 119,スポーツ・アウトドア,Outdoor,40739,869,フィットネスバンド 119の詳細説明です。高品質でおすすめの商品です。,2023-11-19
6191,ヨガマット 120,スポーツ・アウトドア,Fit,30780,892,ヨガマット 120の詳細説明です。高品質でおすすめの商品です。,2023-11-12
6192,ランニングシューズ 120,スポーツ・アウトドア,Energy,38769,456,ランニングシューズ 120の詳細説明です。高品質でおすすめの商品です。,2023-05-28
6193,トレーニングウェア 120,スポーツ・アウトドア,SportMax,47051,932,トレーニングウェア 120の詳細説明です。高品質でおすすめの商品です。,2023-01-02
6194,水筒 120,スポーツ・アウトドア,Energy,1438,584,水筒 120の詳細説明です。高品質でおすすめの商品です。,2023-01-08
6195,キャンプ用品セット 120,スポーツ・アウトドア,SportMax,30654,683,キャンプ用品セット 120の詳細説明です。高品質でおすすめの商品です。,2023-10-14
6196,自転車ヘルメット 120,スポーツ・アウトドア,Outdoor,17086,201,自転車ヘルメット 120の詳細説明です。高品質でおすすめの商品です。,2023-02-21
6197,テニスラケット 120,スポーツ・アウトドア,Energy,29032,843,テニスラケット 120の詳細説明です。高品質でおすすめの商品です。,2023-06-09
6198,バスケットボール 120,スポーツ・アウトドア,Energy,31876,412,バスケットボール 120の詳細説明です。高品質でおすすめの商品です。,2023-12-28
6199,サッカーボール 120,スポーツ・アウトドア,Outdoor,16868,39,サッカーボール 120の詳細説明です。高品質でおすすめの商品です。,2023-09-17
6200,フィットネスバンド 120,スポーツ・アウトドア,Outdoor,12611,722,フィットネスバンド 120の詳細説明です。高品質でおすすめの商品です。,2023-10-21
6201,ヨガマット 121,スポーツ・アウトドア,Outdoor,43828,603,ヨガマット 121の詳細説明です。高品質でおすすめの商品です。,2023-07-17
6202,ランニングシューズ 121,スポーツ・アウトドア,Outdoor,40319,573,ランニングシューズ 121の詳細説明です。高品質でおすすめの商品です。,2023-07-12
6203,トレーニングウェア 121,スポーツ・アウトドア,Energy,40540,973,トレーニングウェア 121の詳細説明です。高品質でおすすめの商品です。,2023-12-08
6204,水筒 121,スポーツ・アウトドア,Energy,5207,111,水筒 121の詳細説明です。高品質でおすすめの商品です。,2023-12-27
6205,キャンプ用品セット 121,スポーツ・アウトドア,Outdoor,11089,116,キャンプ用品セット 121の詳細説明です。高品質でおすすめの商品です。,2023-02-18
6206,自転車ヘルメット 121,スポーツ・アウトドア,SportMax,10873,549,自転車ヘルメット 121の詳細説明です。高品質でおすすめの商品です。,2023-11-23
6207,テニスラケット 121,スポーツ・アウトドア,Fit,38885,185,テニスラケット 121の詳細説明です。高品質でおすすめの商品です。,2023-06-14
6208,バスケットボール 121,スポーツ・アウトドア,Fit,22942,156,バスケットボール 121の詳細説明です。高品質でおすすめの商品です。,2023-08-26
6209,サッカーボール 121,スポーツ・アウトドア,Energy,17994,799,サッカーボール 121の詳細説明です。高品質でおすすめの商品です。,2023-05-10
6210,フィットネスバンド 121,スポーツ・アウトドア,Outdoor,6954,100,フィットネスバンド 121の詳細説明です。高品質でおすすめの商品です。,2023-07-25
6211,ヨガマット 122,スポーツ・アウトドア,SportMax,3226,516,ヨガマット 122の詳細説明です。高品質でおすすめの商品です。,2023-01-12
6212,ランニングシューズ 122,スポーツ・アウトドア,Outdoor,49239,284,ランニングシューズ 122の詳細説明です。高品質でおすすめの商品です。,2023-09-19
6213,トレーニングウェア 122,スポーツ・アウトドア,Energy,25160,556,トレーニングウェア 122の詳細説明です。高品質でおすすめの商品です。,2023-01-01
6214,水筒 122,スポーツ・アウトドア,Active,48920,421,水筒 122の詳細説明です。高品質でおすすめの商品です。,2023-04-30
6215,キャンプ用品セット 122,スポーツ・アウトドア,SportMax,28947,879,キャンプ用品セット 122の詳細説明です。高品質でおすすめの商品です。,2023-02-15
6216,自転車ヘルメット 122,スポーツ・アウトドア,Active,21427,425,自転車ヘルメット 122の詳細説明です。高品質でおすすめの商品です。,2023-04-28
6217,テニスラケット 122,スポーツ・アウトドア,Energy,1634,842,テニスラケット 122の詳細説明です。高品質でおすすめの商品です。,2023-12-24
6218,バスケットボール 122,スポーツ・アウトドア,Fit,32745,797,バスケットボール 122の詳細説明です。高品質でおすすめの商品です。,2023-02-20
6219,サッカーボール 122,スポーツ・アウトドア,Outdoor,22421,906,サッカーボール 122の詳細説明です。高品質でおすすめの商品です。,2023-06-14
6220,フィットネスバンド 122,スポーツ・アウトドア,Active,2143,454,フィットネスバンド 122の詳細説明です。高品質でおすすめの商品です。,2023-09-17
6221,ヨガマット 123,スポーツ・アウトドア,Outdoor,36612,424,ヨガマット 123の詳細説明です。高品質でおすすめの商品です。,2023-03-30
6222,ランニングシューズ 123,スポーツ・アウトドア,Outdoor,25194,538,ランニングシューズ 123の詳細説明です。高品質でおすすめの商品です。,2023-12-05
6223,トレーニングウェア 123,スポーツ・アウトドア,Fit,19652,407,トレーニングウェア 123の詳細説明です。高品質でおすすめの商品です。,2023-08-07
6224,水筒 123,スポーツ・アウトドア,SportMax,48123,767,水筒 123の詳細説明です。高品質でおすすめの商品です。,2023-09-29
6225,キャンプ用品セット 123,スポーツ・アウトドア,Energy,37812,524,キャンプ用品セット 123の詳細説明です。高品質でおすすめの商品です。,2023-09-13
6226,自転車ヘルメット 123,スポーツ・アウトドア,Fit,1028,501,自転車ヘルメット 123の詳細説明です。高品質でおすすめの商品です。,2023-04-11
6227,テニスラケット 123,スポーツ・アウトドア,Energy,3450,562,テニスラケット 123の詳細説明です。高品質でおすすめの商品です。,2023-04-19
6228,バスケットボール 123,スポーツ・アウトドア,Fit,42399,634,バスケットボール 123の詳細説明です。高品質でおすすめの商品です。,2023-08-29
6229,サッカーボール 123,スポーツ・アウトドア,Active,25776,230,サッカーボール 123の詳細説明です。高品質でおすすめの商品です。,2023-12-15
6230,フィットネスバンド 123,スポーツ・アウトドア,Active,13123,833,フィットネスバンド 123の詳細説明です。高品質でおすすめの商品です。,2023-12-30
6231,ヨガマット 124,スポーツ・アウトドア,Active,5420,448,ヨガマット 124の詳細説明です。高品質でおすすめの商品です。,2023-09-03
6232,ランニングシューズ 124,スポーツ・アウトドア,Energy,46156,389,ランニングシューズ 124の詳細説明です。高品質でおすすめの商品です。,2023-06-24
6233,トレーニングウェア 124,スポーツ・アウトドア,Fit,21740,500,トレーニングウェア 124の詳細説明です。高品質でおすすめの商品です。,2023-05-26
6234,水筒 124,スポーツ・アウトドア,Fit,10782,582,水筒 124の詳細説明です。高品質でおすすめの商品です。,2023-01-31
6235,キャンプ用品セット 124,スポーツ・アウトドア,Active,37816,886,キャンプ用品セット 124の詳細説明です。高品質でおすすめの商品です。,2023-11-07
6236,自転車ヘルメット 124,スポーツ・アウトドア,Outdoor,7675,447,自転車ヘルメット 124の詳細説明です。高品質でおすすめの商品です。,2023-03-25
6237,テニスラケット 124,スポーツ・アウトドア,Fit,49439,981,テニスラケット 124の詳細説明です。高品質でおすすめの商品です。,2023-03-01
6238,バスケットボール 124,スポーツ・アウトドア,Fit,27439,702,バスケットボール 124の詳細説明です。高品質でおすすめの商品です。,2023-10-16
6239,サッカーボール 124,スポーツ・アウトドア,SportMax,19333,137,サッカーボール 124の詳細説明です。高品質でおすすめの商品です。,2023-09-05
6240,フィットネスバンド 124,スポーツ・アウトドア,Energy,24937,399,フィットネスバンド 124の詳細説明です。高品質でおすすめの商品です。,2023-10-16
6241,ヨガマット 125,スポーツ・アウトドア,Outdoor,23236,527,ヨガマット 125の詳細説明です。高品質でおすすめの商品です。,2023-11-27
6242,ランニングシューズ 125,スポーツ・アウトドア,Outdoor,19651,209,ランニングシューズ 125の詳細説明です。高品質でおすすめの商品です。,2023-05-26
6243,トレーニングウェア 125,スポーツ・アウトドア,Outdoor,28232,506,トレーニングウェア 125の詳細説明です。高品質でおすすめの商品です。,2023-01-12
6244,水筒 125,スポーツ・アウトドア,Fit,11504,759,水筒 125の詳細説明です。高品質でおすすめの商品です。,2024-01-01
6245,キャンプ用品セット 125,スポーツ・アウトドア,Fit,19054,547,キャンプ用品セット 125の詳細説明です。高品質でおすすめの商品です。,2023-08-19
6246,自転車ヘルメット 125,スポーツ・アウトドア,Fit,22739,614,自転車ヘルメット 125の詳細説明です。高品質でおすすめの商品です。,2023-01-29
6247,テニスラケット 125,スポーツ・アウトドア,Energy,13661,392,テニスラケット 125の詳細説明です。高品質でおすすめの商品です。,2023-12-11
6248,バスケットボール 125,スポーツ・アウトドア,Outdoor,31943,626,バスケットボール 125の詳細説明です。高品質でおすすめの商品です。,2023-02-13
6249,サッカーボール 125,スポーツ・アウトドア,Outdoor,42310,70,サッカーボール 125の詳細説明です。高品質でおすすめの商品です。,2023-06-22
6250,フィットネスバンド 125,スポーツ・アウトドア,Outdoor,29321,585,フィットネスバンド 125の詳細説明です。高品質でおすすめの商品です。,2023-07-09
6251,ビジネス書,本・雑誌,出版社D,29240,553,ビジネス書の詳細説明です。高品質でおすすめの商品です。,2023-11-09
6252,小説,本・雑誌,出版社D,27484,694,小説の詳細説明です。高品質でおすすめの商品です。,2023-06-26
6253,技術書,本・雑誌,出版社D,43090,18,技術書の詳細説明です。高品質でおすすめの商品です。,2023-06-25
6254,料理本,本・雑誌,出版社B,17031,896,料理本の詳細説明です。高品質でおすすめの商品です。,2023-06-15
6255,旅行ガイド,本・雑誌,出版社D,49074,571,旅行ガイドの詳細説明です。高品質でおすすめの商品です。,2023-07-01
6256,写真集,本・雑誌,出版社D,32228,107,写真集の詳細説明です。高品質でおすすめの商品です。,2023-10-20
6257,絵本,本・雑誌,出版社B,19919,895,絵本の詳細説明です。高品質でおすすめの商品です。,2023-10-01
6258,雑誌バックナンバー,本・雑誌,出版社B,47526,509,雑誌バックナンバーの詳細説明です。高品質でおすすめの商品です。,2023-03-07
6259,辞書,本・雑誌,出版社A,30187,78,辞書の詳細説明です。高品質でおすすめの商品です。,2023-09-25
6260,参考書,本・雑誌,出版社C,21429,358,参考書の詳細説明です。高品質でおすすめの商品です。,2023-07-12
6261,ビジネス書 2,本・雑誌,出版社B,45942,831,ビジネス書 2の詳細説明です。高品質でおすすめの商品です。,2023-12-22
6262,小説 2,本・雑誌,出版社C,10424,580,小説 2の詳細説明です。高品質でおすすめの商品です。,2023-04-19
6263,技術書 2,本・雑誌,出版社B,19860,693,技術書 2の詳細説明です。高品質でおすすめの商品です。,2023-01-18
6264,料理本 2,本・雑誌,出版社C,25269,712,料理本 2の詳細説明です。高品質でおすすめの商品です。,2023-05-10
6265,旅行ガイド 2,本・雑誌,出版社D,37351,776,旅行ガイド 2の詳細説明です。高品質でおすすめの商品です。,2023-10-05
6266,写真集 2,本・雑誌,出版社E,34000,416,写真集 2の詳細説明です。高品質でおすすめの商品です。,2023-01-01
6267,絵本 2,本・雑誌,出版社B,37603,143,絵本 2の詳細説明です。高品質でおすすめの商品です。,2023-05-07
6268,雑誌バックナンバー 2,本・雑誌,出版社D,41300,796,雑誌バックナンバー 2の詳細説明です。高品質でおすすめの商品です。,2023-08-08
6269,辞書 2,本・雑誌,出版社B,42837,73,辞書 2の詳細説明です。高品質でおすすめの商品です。,2023-03-23
6270,参考書 2,本・雑誌,出版社D,39546,858,参考書 2の詳細説明です。高品質でおすすめの商品です。,2023-09-05
6271,ビジネス書 3,本・雑誌,出版社D,9781,236,ビジネス書 3の詳細説明です。高品質でおすすめの商品です。,2023-11-28
6272,小説 3,本・雑誌,出版社A,31787,131,小説 3の詳細説明です。高品質でおすすめの商品です。,2023-02-04
6273,技術書 3,本・雑誌,出版社E,14054,288,技術書 3の詳細説明です。高品質でおすすめの商品です。,2023-06-01
6274,料理本 3,本・雑誌,出版社B,20181,940,料理本 3の詳細説明です。高品質でおすすめの商品です。,2023-09-16
6275,旅行ガイド 3,本・雑誌,出版社D,45835,140,旅行ガイド 3の詳細説明です。高品質でおすすめの商品です。,2023-12-23
6276,写真集 3,本・雑誌,出版社E,30815,885,写真集 3の詳細説明です。高品質でおすすめの商品です。,2023-05-17
6277,絵本 3,本・雑誌,出版社C,44553,339,絵本 3の詳細説明です。高品質でおすすめの商品です。,2023-07-07
6278,雑誌バックナンバー 3,本・雑誌,出版社C,2112,223,雑誌バックナンバー 3の詳細説明です。高品質でおすすめの商品です。,2023-05-08
6279,辞書 3,本・雑誌,出版社E,28637,281,辞書 3の詳細説明です。高品質でおすすめの商品です。,2023-01-07
6280,参考書 3,本・雑誌,出版社D,42304,206,参考書 3の詳細説明です。高品質でおすすめの商品です。,2023-04-17
6281,ビジネス書 4,本・雑誌,出版社E,13424,784,ビジネス書 4の詳細説明です。高品質でおすすめの商品です。,2023-05-08
6282,小説 4,本・雑誌,出版社D,30878,46,小説 4の詳細説明です。高品質でおすすめの商品です。,2023-10-03
6283,技術書 4,本・雑誌,出版社A,23917,478,技術書 4の詳細説明です。高品質でおすすめの商品です。,2023-03-02
6284,料理本 4,本・雑誌,出版社B,37896,897,料理本 4の詳細説明です。高品質でおすすめの商品です。,2023-09-25
6285,旅行ガイド 4,本・雑誌,出版社D,17988,516,旅行ガイド 4の詳細説明です。高品質でおすすめの商品です。,2023-07-10
6286,写真集 4,本・雑誌,出版社C,22091,711,写真集 4の詳細説明です。高品質でおすすめの商品です。,2023-10-26
6287,絵本 4,本・雑誌,出版社C,2465,889,絵本 4の詳細説明です。高品質でおすすめの商品です。,2023-09-18
6288,雑誌バックナンバー 4,本・雑誌,出版社B,20540,736,雑誌バックナンバー 4の詳細説明です。高品質でおすすめの商品です。,2023-11-28
6289,辞書 4,本・雑誌,出版社C,15212,766,辞書 4の詳細説明です。高品質でおすすめの商品です。,2023-04-05
6290,参考書 4,本・雑誌,出版社A,12702,571,参考書 4の詳細説明です。高品質でおすすめの商品です。,2023-01-21
6291,ビジネス書 5,本・雑誌,出版社E,27193,414,ビジネス書 5の詳細説明です。高品質でおすすめの商品です。,2023-05-09
6292,小説 5,本・雑誌,出版社D,17001,561,小説 5の詳細説明です。高品質でおすすめの商品です。,2023-04-11
6293,技術書 5,本・雑誌,出版社D,48842,415,技術書 5の詳細説明です。高品質でおすすめの商品です。,2023-04-16
6294,料理本 5,本・雑誌,出版社D,27837,686,料理本 5の詳細説明です。高品質でおすすめの商品です。,2023-01-19
6295,旅行ガイド 5,本・雑誌,出版社B,19420,244,旅行ガイド 5の詳細説明です。高品質でおすすめの商品です。,2023-10-22
6296,写真集 5,本・雑誌,出版社D,26529,958,写真集 5の詳細説明です。高品質でおすすめの商品です。,2023-06-02
6297,絵本 5,本・雑誌,出版社B,43620,866,絵本 5の詳細説明です。高品質でおすすめの商品です。,2023-11-11
6298,雑誌バックナンバー 5,本・雑誌,出版社C,17717,663,雑誌バックナンバー 5の詳細説明です。高品質でおすすめの商品です。,2023-12-15
6299,辞書 5,本・雑誌,出版社A,28889,847,辞書 5の詳細説明です。高品質でおすすめの商品です。,2023-12-20
6300,参考書 5,本・雑誌,出版社E,12735,651,参考書 5の詳細説明です。高品質でおすすめの商品です。,2023-04-30
6301,ビジネス書 6,本・雑誌,出版社C,37075,640,ビジネス書 6の詳細説明です。高品質でおすすめの商品です。,2023-11-01
6302,小説 6,本・雑誌,出版社E,22789,995,小説 6の詳細説明です。高品質でおすすめの商品です。,2023-11-11
6303,技術書 6,本・雑誌,出版社C,15027,570,技術書 6の詳細説明です。高品質でおすすめの商品です。,2023-10-31
6304,料理本 6,本・雑誌,出版社C,1284,147,料理本 6の詳細説明です。高品質でおすすめの商品です。,2023-08-25
6305,旅行ガイド 6,本・雑誌,出版社B,29306,239,旅行ガイド 6の詳細説明です。高品質でおすすめの商品です。,2023-12-19
6306,写真集 6,本・雑誌,出版社B,7006,992,写真集 6の詳細説明です。高品質でおすすめの商品です。,2023-01-22
6307,絵本 6,本・雑誌,出版社D,35245,99,絵本 6の詳細説明です。高品質でおすすめの商品です。,2023-01-16
6308,雑誌バックナンバー 6,本・雑誌,出版社C,25680,305,雑誌バックナンバー 6の詳細説明です。高品質でおすすめの商品です。,2023-10-10
6309,辞書 6,本・雑誌,出版社C,47881,386,辞書 6の詳細説明です。高品質でおすすめの商品です。,2023-12-23
6310,参考書 6,本・雑誌,出版社A,23290,664,参考書 6の詳細説明です。高品質でおすすめの商品です。,2023-03-02
6311,ビジネス書 7,本・雑誌,出版社D,41013,653,ビジネス書 7の詳細説明です。高品質でおすすめの商品です。,2023-06-07
6312,小説 7,本・雑誌,出版社A,44560,574,小説 7の詳細説明です。高品質でおすすめの商品です。,2023-12-02
6313,技術書 7,本・雑誌,出版社D,32664,809,技術書 7の詳細説明です。高品質でおすすめの商品です。,2023-06-05
6314,料理本 7,本・雑誌,出版社B,32238,721,料理本 7の詳細説明です。高品質でおすすめの商品です。,2023-08-11
6315,旅行ガイド 7,本・雑誌,出版社A,1949,198,旅行ガイド 7の詳細説明です。高品質でおすすめの商品です。,2023-11-09
6316,写真集 7,本・雑誌,出版社C,16387,203,写真集 7の詳細説明です。高品質でおすすめの商品です。,2023-01-22
6317,絵本 7,本・雑誌,出版社C,36275,889,絵本 7の詳細説明です。高品質でおすすめの商品です。,2023-03-11
6318,雑誌バックナンバー 7,本・雑誌,出版社E,7315,687,雑誌バックナンバー 7の詳細説明です。高品質でおすすめの商品です。,2023-04-28
6319,辞書 7,本・雑誌,出版社E,43506,1,辞書 7の詳細説明です。高品質でおすすめの商品です。,2023-04-09
6320,参考書 7,本・雑誌,出版社E,39668,739,参考書 7の詳細説明です。高品質でおすすめの商品です。,2023-04-11
6321,ビジネス書 8,本・雑誌,出版社C,35415,778,ビジネス書 8の詳細説明です。高品質でおすすめの商品です。,2023-10-17
6322,小説 8,本・雑誌,出版社E,27245,962,小説 8の詳細説明です。高品質でおすすめの商品です。,2023-03-20
6323,技術書 8,本・雑誌,出版社B,45650,66,技術書 8の詳細説明です。高品質でおすすめの商品です。,2023-01-10
6324,料理本 8,本・雑誌,出版社E,28458,33,料理本 8の詳細説明です。高品質でおすすめの商品です。,2023-11-14
6325,旅行ガイド 8,本・雑誌,出版社E,40919,11,旅行ガイド 8の詳細説明です。高品質でおすすめの商品です。,2023-08-15
6326,写真集 8,本・雑誌,出版社A,14324,513,写真集 8の詳細説明です。高品質でおすすめの商品です。,2023-08-28
6327,絵本 8,本・雑誌,出版社E,4087,670,絵本 8の詳細説明です。高品質でおすすめの商品です。,2023-02-09
6328,雑誌バックナンバー 8,本・雑誌,出版社D,8084,866,雑誌バックナンバー 8の詳細説明です。高品質でおすすめの商品です。,2023-04-05
6329,辞書 8,本・雑誌,出版社D,23241,301,辞書 8の詳細説明です。高品質でおすすめの商品です。,2023-03-03
6330,参考書 8,本・雑誌,出版社B,31391,459,参考書 8の詳細説明です。高品質でおすすめの商品です。,2023-07-19
6331,ビジネス書 9,本・雑誌,出版社C,16539,33,ビジネス書 9の詳細説明です。高品質でおすすめの商品です。,2023-07-18
6332,小説 9,本・雑誌,出版社C,19274,357,小説 9の詳細説明です。高品質でおすすめの商品です。,2023-09-05
6333,技術書 9,本・雑誌,出版社B,30423,298,技術書 9の詳細説明です。高品質でおすすめの商品です。,2023-10-23
6334,料理本 9,本・雑誌,出版社E,49990,334,料理本 9の詳細説明です。高品質でおすすめの商品です。,2023-01-02
6335,旅行ガイド 9,本・雑誌,出版社E,43023,651,旅行ガイド 9の詳細説明です。高品質でおすすめの商品です。,2023-02-10
6336,写真集 9,本・雑誌,出版社D,25409,968,写真集 9の詳細説明です。高品質でおすすめの商品です。,2023-12-14
6337,絵本 9,本・雑誌,出版社C,11397,685,絵本 9の詳細説明です。高品質でおすすめの商品です。,2023-09-05
6338,雑誌バックナンバー 9,本・雑誌,出版社A,49256,155,雑誌バックナンバー 9の詳細説明です。高品質でおすすめの商品です。,2023-06-12
6339,辞書 9,本・雑誌,出版社A,25561,54,辞書 9の詳細説明です。高品質でおすすめの商品です。,2023-06-27
6340,参考書 9,本・雑誌,出版社C,35415,882,参考書 9の詳細説明です。高品質でおすすめの商品です。,2023-09-05
6341,ビジネス書 10,本・雑誌,出版社E,3334,607,ビジネス書 10の詳細説明です。高品質でおすすめの商品です。,2023-01-12
6342,小説 10,本・雑誌,出版社D,39111,499,小説 10の詳細説明です。高品質でおすすめの商品です。,2023-11-27
6343,技術書 10,本・雑誌,出版社A,6328,815,技術書 10の詳細説明です。高品質でおすすめの商品です。,2023-03-27
6344,料理本 10,本・雑誌,出版社B,45147,973,料理本 10の詳細説明です。高品質でおすすめの商品です。,2023-01-03
6345,旅行ガイド 10,本・雑誌,出版社E,23098,240,旅行ガイド 10の詳細説明です。高品質でおすすめの商品です。,2023-02-12
6346,写真集 10,本・雑誌,出版社B,18219,585,写真集 10の詳細説明です。高品質でおすすめの商品です。,2023-12-17
6347,絵本 10,本・雑誌,出版社B,36151,654,絵本 10の詳細説明です。高品質でおすすめの商品です。,2023-09-26
6348,雑誌バックナンバー 10,本・雑誌,出版社D,14955,998,雑誌バックナンバー 10の詳細説明です。高品質でおすすめの商品です。,2023-05-31
6349,辞書 10,本・雑誌,出版社C,38421,901,辞書 10の詳細説明です。高品質でおすすめの商品です。,2023-02-22
6350,参考書 10,本・雑誌,出版社B,36835,211,参考書 10の詳細説明です。高品質でおすすめの商品です。,2023-08-19
6351,ビジネス書 11,本・雑誌,出版社E,5364,191,ビジネス書 11の詳細説明です。高品質でおすすめの商品です。,2023-06-20
6352,小説 11,本・雑誌,出版社D,43325,228,小説 11の詳細説明です。高品質でおすすめの商品です。,2023-07-31
6353,技術書 11,本・雑誌,出版社A,7630,935,技術書 11の詳細説明です。高品質でおすすめの商品です。,2023-10-01
6354,料理本 11,本・雑誌,出版社B,2413,328,料理本 11の詳細説明です。高品質でおすすめの商品です。,2023-12-27
6355,旅行ガイド 11,本・雑誌,出版社E,27074,601,旅行ガイド 11の詳細説明です。高品質でおすすめの商品です。,2023-04-26
6356,写真集 11,本・雑誌,出版社C,32631,663,写真集 11の詳細説明です。高品質でおすすめの商品です。,2023-04-11
6357,絵本 11,本・雑誌,出版社D,17837,665,絵本 11の詳細説明です。高品質でおすすめの商品です。,2023-08-30
6358,雑誌バックナンバー 11,本・雑誌,出版社E,8776,431,雑誌バックナンバー 11の詳細説明です。高品質でおすすめの商品です。,2023-07-04
6359,辞書 11,本・雑誌,出版社A,36334,722,辞書 11の詳細説明です。高品質でおすすめの商品です。,2023-05-24
6360,参考書 11,本・雑誌,出版社D,29067,649,参考書 11の詳細説明です。高品質でおすすめの商品です。,2023-03-09
6361,ビジネス書 12,本・雑誌,出版社A,28599,368,ビジネス書 12の詳細説明です。高品質でおすすめの商品です。,2023-03-18
6362,小説 12,本・雑誌,出版社A,43133,233,小説 12の詳細説明です。高品質でおすすめの商品です。,2023-10-09
6363,技術書 12,本・雑誌,出版社E,37595,788,技術書 12の詳細説明です。高品質でおすすめの商品です。,2023-04-13
6364,料理本 12,本・雑誌,出版社A,26414,711,料理本 12の詳細説明です。高品質でおすすめの商品です。,2023-06-01
6365,旅行ガイド 12,本・雑誌,出版社D,34032,169,旅行ガイド 12の詳細説明です。高品質でおすすめの商品です。,2023-08-31
6366,写真集 12,本・雑誌,出版社C,40181,188,写真集 12の詳細説明です。高品質でおすすめの商品です。,2023-07-15
6367,絵本 12,本・雑誌,出版社E,10159,354,絵本 12の詳細説明です。高品質でおすすめの商品です。,2023-02-04
6368,雑誌バックナンバー 12,本・雑誌,出版社C,35250,867,雑誌バックナンバー 12の詳細説明です。高品質でおすすめの商品です。,2023-12-19
6369,辞書 12,本・雑誌,出版社C,15272,716,辞書 12の詳細説明です。高品質でおすすめの商品です。,2023-06-01
6370,参考書 12,本・雑誌,出版社A,27993,4,参考書 12の詳細説明です。高品質でおすすめの商品です。,2023-07-27
6371,ビジネス書 13,本・雑誌,出版社E,8951,646,ビジネス書 13の詳細説明です。高品質でおすすめの商品です。,2023-06-02
6372,小説 13,本・雑誌,出版社D,8707,231,小説 13の詳細説明です。高品質でおすすめの商品です。,2023-01-12
6373,技術書 13,本・雑誌,出版社A,27850,413,技術書 13の詳細説明です。高品質でおすすめの商品です。,2023-08-20
6374,料理本 13,本・雑誌,出版社B,32329,779,料理本 13の詳細説明です。高品質でおすすめの商品です。,2023-04-03
6375,旅行ガイド 13,本・雑誌,出版社E,7051,788,旅行ガイド 13の詳細説明です。高品質でおすすめの商品です。,2023-10-23
6376,写真集 13,本・雑誌,出版社E,25620,45,写真集 13の詳細説明です。高品質でおすすめの商品です。,2023-09-21
6377,絵本 13,本・雑誌,出版社B,1527,239,絵本 13の詳細説明です。高品質でおすすめの商品です。,2023-12-26
6378,雑誌バックナンバー 13,本・雑誌,出版社B,2351,959,雑誌バックナンバー 13の詳細説明です。高品質でおすすめの商品です。,2023-05-08
6379,辞書 13,本・雑誌,出版社B,21293,760,辞書 13の詳細説明です。高品質でおすすめの商品です。,2023-12-21
6380,参考書 13,本・雑誌,出版社E,24491,556,参考書 13の詳細説明です。高品質でおすすめの商品です。,2023-12-21
6381,ビジネス書 14,本・雑誌,出版社D,23055,838,ビジネス書 14の詳細説明です。高品質でおすすめの商品です。,2023-02-11
6382,小説 14,本・雑誌,出版社B,12319,483,小説 14の詳細説明です。高品質でおすすめの商品です。,2023-02-12
6383,技術書 14,本・雑誌,出版社D,43474,617,技術書 14の詳細説明です。高品質でおすすめの商品です。,2023-05-30
6384,料理本 14,本・雑誌,出版社B,35167,221,料理本 14の詳細説明です。高品質でおすすめの商品です。,2023-07-03
6385,旅行ガイド 14,本・雑誌,出版社B,35715,983,旅行ガイド 14の詳細説明です。高品質でおすすめの商品です。,2023-09-26
6386,写真集 14,本・雑誌,出版社E,30194,359,写真集 14の詳細説明です。高品質でおすすめの商品です。,2023-07-20
6387,絵本 14,本・雑誌,出版社A,956,217,絵本 14の詳細説明です。高品質でおすすめの商品です。,2023-02-22
6388,雑誌バックナンバー 14,本・雑誌,出版社E,22805,556,雑誌バックナンバー 14の詳細説明です。高品質でおすすめの商品です。,2023-12-09
6389,辞書 14,本・雑誌,出版社D,35957,841,辞書 14の詳細説明です。高品質でおすすめの商品です。,2023-11-01
6390,参考書 14,本・雑誌,出版社D,7129,383,参考書 14の詳細説明です。高品質でおすすめの商品です。,2023-04-04
6391,ビジネス書 15,本・雑誌,出版社E,28005,463,ビジネス書 15の詳細説明です。高品質でおすすめの商品です。,2023-08-24
6392,小説 15,本・雑誌,出版社D,49361,95,小説 15の詳細説明です。高品質でおすすめの商品です。,2023-11-03
6393,技術書 15,本・雑誌,出版社B,4084,169,技術書 15の詳細説明です。高品質でおすすめの商品です。,2023-08-02
6394,料理本 15,本・雑誌,出版社D,34729,499,料理本 15の詳細説明です。高品質でおすすめの商品です。,2023-10-16
6395,旅行ガイド 15,本・雑誌,出版社A,31508,59,旅行ガイド 15の詳細説明です。高品質でおすすめの商品です。,2023-03-06
6396,写真集 15,本・雑誌,出版社E,21836,897,写真集 15の詳細説明です。高品質でおすすめの商品です。,2023-11-10
6397,絵本 15,本・雑誌,出版社D,22638,472,絵本 15の詳細説明です。高品質でおすすめの商品です。,2023-02-24
6398,雑誌バックナンバー 15,本・雑誌,出版社B,26976,54,雑誌バックナンバー 15の詳細説明です。高品質でおすすめの商品です。,2023-12-20
6399,辞書 15,本・雑誌,出版社C,11648,340,辞書 15の詳細説明です。高品質でおすすめの商品です。,2023-12-04
6400,参考書 15,本・雑誌,出版社B,31088,814,参考書 15の詳細説明です。高品質でおすすめの商品です。,2023-06-28
6401,ビジネス書 16,本・雑誌,出版社C,38447,421,ビジネス書 16の詳細説明です。高品質でおすすめの商品です。,2023-05-13
6402,小説 16,本・雑誌,出版社C,9602,346,小説 16の詳細説明です。高品質でおすすめの商品です。,2023-12-25
6403,技術書 16,本・雑誌,出版社C,15934,486,技術書 16の詳細説明です。高品質でおすすめの商品です。,2023-02-26
6404,料理本 16,本・雑誌,出版社A,38350,686,料理本 16の詳細説明です。高品質でおすすめの商品です。,2023-04-18
6405,旅行ガイド 16,本・雑誌,出版社E,19895,238,旅行ガイド 16の詳細説明です。高品質でおすすめの商品です。,2023-03-01
6406,写真集 16,本・雑誌,出版社E,23186,892,写真集 16の詳細説明です。高品質でおすすめの商品です。,2023-06-06
6407,絵本 16,本・雑誌,出版社C,29679,769,絵本 16の詳細説明です。高品質でおすすめの商品です。,2023-04-26
6408,雑誌バックナンバー 16,本・雑誌,出版社C,929,446,雑誌バックナンバー 16の詳細説明です。高品質でおすすめの商品です。,2023-04-12
6409,辞書 16,本・雑誌,出版社B,2092,500,辞書 16の詳細説明です。高品質でおすすめの商品です。,2023-09-09
6410,参考書 16,本・雑誌,出版社E,44980,91,参考書 16の詳細説明です。高品質でおすすめの商品です。,2023-11-21
6411,ビジネス書 17,本・雑誌,出版社A,37935,445,ビジネス書 17の詳細説明です。高品質でおすすめの商品です。,2023-01-06
6412,小説 17,本・雑誌,出版社A,38395,375,小説 17の詳細説明です。高品質でおすすめの商品です。,2023-11-30
6413,技術書 17,本・雑誌,出版社E,13141,58,技術書 17の詳細説明です。高品質でおすすめの商品です。,2023-07-11
6414,料理本 17,本・雑誌,出版社E,12548,50,料理本 17の詳細説明です。高品質でおすすめの商品です。,2023-11-03
6415,旅行ガイド 17,本・雑誌,出版社C,24969,288,旅行ガイド 17の詳細説明です。高品質でおすすめの商品です。,2023-04-01
6416,写真集 17,本・雑誌,出版社D,16807,962,写真集 17の詳細説明です。高品質でおすすめの商品です。,2023-01-25
6417,絵本 17,本・雑誌,出版社A,40113,259,絵本 17の詳細説明です。高品質でおすすめの商品です。,2023-12-13
6418,雑誌バックナンバー 17,本・雑誌,出版社A,16346,136,雑誌バックナンバー 17の詳細説明です。高品質でおすすめの商品です。,2023-08-26
6419,辞書 17,本・雑誌,出版社B,34546,134,辞書 17の詳細説明です。高品質でおすすめの商品です。,2023-04-11
6420,参考書 17,本・雑誌,出版社E,20525,621,参考書 17の詳細説明です。高品質でおすすめの商品です。,2023-08-30
6421,ビジネス書 18,本・雑誌,出版社E,2239,290,ビジネス書 18の詳細説明です。高品質でおすすめの商品です。,2023-07-31
6422,小説 18,本・雑誌,出版社E,11634,601,小説 18の詳細説明です。高品質でおすすめの商品です。,2023-11-14
6423,技術書 18,本・雑誌,出版社A,3923,180,技術書 18の詳細説明です。高品質でおすすめの商品です。,2023-01-15
6424,料理本 18,本・雑誌,出版社C,24267,37,料理本 18の詳細説明です。高品質でおすすめの商品です。,2023-03-21
6425,旅行ガイド 18,本・雑誌,出版社E,46854,999,旅行ガイド 18の詳細説明です。高品質でおすすめの商品です。,2023-12-17
6426,写真集 18,本・雑誌,出版社B,20073,226,写真集 18の詳細説明です。高品質でおすすめの商品です。,2023-06-02
6427,絵本 18,本・雑誌,出版社E,1430,998,絵本 18の詳細説明です。高品質でおすすめの商品です。,2023-01-12
6428,雑誌バックナンバー 18,本・雑誌,出版社D,15255,770,雑誌バックナンバー 18の詳細説明です。高品質でおすすめの商品です。,2023-06-25
6429,辞書 18,本・雑誌,出版社A,18250,4,辞書 18の詳細説明です。高品質でおすすめの商品です。,2023-09-03
6430,参考書 18,本・雑誌,出版社D,47598,731,参考書 18の詳細説明です。高品質でおすすめの商品です。,2023-03-09
6431,ビジネス書 19,本・雑誌,出版社E,24628,817,ビジネス書 19の詳細説明です。高品質でおすすめの商品です。,2023-08-29
6432,小説 19,本・雑誌,出版社E,29735,909,小説 19の詳細説明です。高品質でおすすめの商品です。,2023-09-30
6433,技術書 19,本・雑誌,出版社B,12682,939,技術書 19の詳細説明です。高品質でおすすめの商品です。,2023-03-30
6434,料理本 19,本・雑誌,出版社D,25678,509,料理本 19の詳細説明です。高品質でおすすめの商品です。,2023-02-14
6435,旅行ガイド 19,本・雑誌,出版社E,12289,354,旅行ガイド 19の詳細説明です。高品質でおすすめの商品です。,2023-04-27
6436,写真集 19,本・雑誌,出版社C,28638,97,写真集 19の詳細説明です。高品質でおすすめの商品です。,2023-04-09
6437,絵本 19,本・雑誌,出版社D,9505,28,絵本 19の詳細説明です。高品質でおすすめの商品です。,2023-03-12
6438,雑誌バックナンバー 19,本・雑誌,出版社A,11153,106,雑誌バックナンバー 19の詳細説明です。高品質でおすすめの商品です。,2023-05-26
6439,辞書 19,本・雑誌,出版社D,24621,545,辞書 19の詳細説明です。高品質でおすすめの商品です。,2023-07-29
6440,参考書 19,本・雑誌,出版社B,38822,312,参考書 19の詳細説明です。高品質でおすすめの商品です。,2023-04-24
6441,ビジネス書 20,本・雑誌,出版社E,28138,570,ビジネス書 20の詳細説明です。高品質でおすすめの商品です。,2023-06-27
6442,小説 20,本・雑誌,出版社C,31430,504,小説 20の詳細説明です。高品質でおすすめの商品です。,2023-04-26
6443,技術書 20,本・雑誌,出版社D,34366,890,技術書 20の詳細説明です。高品質でおすすめの商品です。,2023-11-27
6444,料理本 20,本・雑誌,出版社A,37169,116,料理本 20の詳細説明です。高品質でおすすめの商品です。,2023-01-04
6445,旅行ガイド 20,本・雑誌,出版社C,30597,527,旅行ガイド 20の詳細説明です。高品質でおすすめの商品です。,2023-09-26
6446,写真集 20,本・雑誌,出版社B,22916,590,写真集 20の詳細説明です。高品質でおすすめの商品です。,2023-10-31
6447,絵本 20,本・雑誌,出版社E,41182,423,絵本 20の詳細説明です。高品質でおすすめの商品です。,2023-06-15
6448,雑誌バックナンバー 20,本・雑誌,出版社E,31239,318,雑誌バックナンバー 20の詳細説明です。高品質でおすすめの商品です。,2023-09-21
6449,辞書 20,本・雑誌,出版社E,17992,526,辞書 20の詳細説明です。高品質でおすすめの商品です。,2023-11-23
6450,参考書 20,本・雑誌,出版社E,42970,304,参考書 20の詳細説明です。高品質でおすすめの商品です。,2023-08-23
6451,ビジネス書 21,本・雑誌,出版社A,39200,819,ビジネス書 21の詳細説明です。高品質でおすすめの商品です。,2023-01-25
6452,小説 21,本・雑誌,出版社C,34025,44,小説 21の詳細説明です。高品質でおすすめの商品です。,2023-01-27
6453,技術書 21,本・雑誌,出版社D,42226,726,技術書 21の詳細説明です。高品質でおすすめの商品です。,2023-09-24
6454,料理本 21,本・雑誌,出版社D,1232,533,料理本 21の詳細説明です。高品質でおすすめの商品です。,2023-05-14
6455,旅行ガイド 21,本・雑誌,出版社E,35527,290,旅行ガイド 21の詳細説明です。高品質でおすすめの商品です。,2023-07-09
6456,写真集 21,本・雑誌,出版社D,19700,384,写真集 21の詳細説明です。高品質でおすすめの商品です。,2023-06-16
6457,絵本 21,本・雑誌,出版社C,20175,860,絵本 21の詳細説明です。高品質でおすすめの商品です。,2023-10-31
6458,雑誌バックナンバー 21,本・雑誌,出版社C,20561,889,雑誌バックナンバー 21の詳細説明です。高品質でおすすめの商品です。,2023-05-31
6459,辞書 21,本・雑誌,出版社B,29897,389,辞書 21の詳細説明です。高品質でおすすめの商品です。,2023-07-20
6460,参考書 21,本・雑誌,出版社D,3079,794,参考書 21の詳細説明です。高品質でおすすめの商品です。,2023-04-23
6461,ビジネス書 22,本・雑誌,出版社D,20069,672,ビジネス書 22の詳細説明です。高品質でおすすめの商品です。,2023-11-12
6462,小説 22,本・雑誌,出版社E,20308,229,小説 22の詳細説明です。高品質でおすすめの商品です。,2023-10-11
6463,技術書 22,本・雑誌,出版社C,26590,72,技術書 22の詳細説明です。高品質でおすすめの商品です。,2023-03-02
6464,料理本 22,本・雑誌,出版社A,45402,967,料理本 22の詳細説明です。高品質でおすすめの商品です。,2023-01-27
6465,旅行ガイド 22,本・雑誌,出版社D,32751,188,旅行ガイド 22の詳細説明です。高品質でおすすめの商品です。,2023-07-14
6466,写真集 22,本・雑誌,出版社A,25747,415,写真集 22の詳細説明です。高品質でおすすめの商品です。,2023-05-12
6467,絵本 22,本・雑誌,出版社D,16731,660,絵本 22の詳細説明です。高品質でおすすめの商品です。,2023-06-14
6468,雑誌バックナンバー 22,本・雑誌,出版社D,40691,988,雑誌バックナンバー 22の詳細説明です。高品質でおすすめの商品です。,2023-03-30
6469,辞書 22,本・雑誌,出版社B,13740,179,辞書 22の詳細説明です。高品質でおすすめの商品です。,2023-06-20
6470,参考書 22,本・雑誌,出版社A,23222,572,参考書 22の詳細説明です。高品質でおすすめの商品です。,2023-11-30
6471,ビジネス書 23,本・雑誌,出版社E,6454,325,ビジネス書 23の詳細説明です。高品質でおすすめの商品です。,2023-04-23
6472,小説 23,本・雑誌,出版社D,27489,206,小説 23の詳細説明です。高品質でおすすめの商品です。,2023-03-27
6473,技術書 23,本・雑誌,出版社D,33093,155,技術書 23の詳細説明です。高品質でおすすめの商品です。,2023-01-08
6474,料理本 23,本・雑誌,出版社C,2808,380,料理本 23の詳細説明です。高品質でおすすめの商品です。,2023-03-01
6475,旅行ガイド 23,本・雑誌,出版社B,27727,970,旅行ガイド 23の詳細説明です。高品質でおすすめの商品です。,2023-01-07
6476,写真集 23,本・雑誌,出版社B,36887,723,写真集 23の詳細説明です。高品質でおすすめの商品です。,2023-09-24
6477,絵本 23,本・雑誌,出版社D,27888,155,絵本 23の詳細説明です。高品質でおすすめの商品です。,2023-10-23
6478,雑誌バックナンバー 23,本・雑誌,出版社B,19816,474,雑誌バックナンバー 23の詳細説明です。高品質でおすすめの商品です。,2023-01-29
6479,辞書 23,本・雑誌,出版社E,11750,740,辞書 23の詳細説明です。高品質でおすすめの商品です。,2023-03-24
6480,参考書 23,本・雑誌,出版社A,19646,81,参考書 23の詳細説明です。高品質でおすすめの商品です。,2023-09-03
6481,ビジネス書 24,本・雑誌,出版社B,38800,148,ビジネス書 24の詳細説明です。高品質でおすすめの商品です。,2023-10-30
6482,小説 24,本・雑誌,出版社B,4638,531,小説 24の詳細説明です。高品質でおすすめの商品です。,2023-11-07
6483,技術書 24,本・雑誌,出版社D,46193,413,技術書 24の詳細説明です。高品質でおすすめの商品です。,2023-12-16
6484,料理本 24,本・雑誌,出版社B,48750,322,料理本 24の詳細説明です。高品質でおすすめの商品です。,2023-08-31
6485,旅行ガイド 24,本・雑誌,出版社A,5863,376,旅行ガイド 24の詳細説明です。高品質でおすすめの商品です。,2023-12-26
6486,写真集 24,本・雑誌,出版社B,39563,491,写真集 24の詳細説明です。高品質でおすすめの商品です。,2023-04-09
6487,絵本 24,本・雑誌,出版社E,39510,436,絵本 24の詳細説明です。高品質でおすすめの商品です。,2023-05-21
6488,雑誌バックナンバー 24,本・雑誌,出版社C,23582,221,雑誌バックナンバー 24の詳細説明です。高品質でおすすめの商品です。,2023-07-09
6489,辞書 24,本・雑誌,出版社E,15631,400,辞書 24の詳細説明です。高品質でおすすめの商品です。,2023-07-12
6490,参考書 24,本・雑誌,出版社C,7622,250,参考書 24の詳細説明です。高品質でおすすめの商品です。,2023-04-25
6491,ビジネス書 25,本・雑誌,出版社D,15311,549,ビジネス書 25の詳細説明です。高品質でおすすめの商品です。,2023-03-11
6492,小説 25,本・雑誌,出版社C,5216,810,小説 25の詳細説明です。高品質でおすすめの商品です。,2023-08-24
6493,技術書 25,本・雑誌,出版社D,48474,145,技術書 25の詳細説明です。高品質でおすすめの商品です。,2023-06-01
6494,料理本 25,本・雑誌,出版社A,4572,288,料理本 25の詳細説明です。高品質でおすすめの商品です。,2023-06-09
6495,旅行ガイド 25,本・雑誌,出版社B,11600,941,旅行ガイド 25の詳細説明です。高品質でおすすめの商品です。,2023-06-19
6496,写真集 25,本・雑誌,出版社A,20006,984,写真集 25の詳細説明です。高品質でおすすめの商品です。,2023-11-28
6497,絵本 25,本・雑誌,出版社D,48008,268,絵本 25の詳細説明です。高品質でおすすめの商品です。,2023-07-07
6498,雑誌バックナンバー 25,本・雑誌,出版社A,9236,589,雑誌バックナンバー 25の詳細説明です。高品質でおすすめの商品です。,2023-06-08
6499,辞書 25,本・雑誌,出版社D,6396,379,辞書 25の詳細説明です。高品質でおすすめの商品です。,2023-09-13
6500,参考書 25,本・雑誌,出版社C,28917,912,参考書 25の詳細説明です。高品質でおすすめの商品です。,2023-02-14
6501,ビジネス書 26,本・雑誌,出版社B,48558,933,ビジネス書 26の詳細説明です。高品質でおすすめの商品です。,2023-12-26
6502,小説 26,本・雑誌,出版社C,14631,457,小説 26の詳細説明です。高品質でおすすめの商品です。,2023-04-29
6503,技術書 26,本・雑誌,出版社E,25975,54,技術書 26の詳細説明です。高品質でおすすめの商品です。,2023-10-31
6504,料理本 26,本・雑誌,出版社C,37708,43,料理本 26の詳細説明です。高品質でおすすめの商品です。,2023-05-19
6505,旅行ガイド 26,本・雑誌,出版社E,38537,452,旅行ガイド 26の詳細説明です。高品質でおすすめの商品です。,2023-09-19
6506,写真集 26,本・雑誌,出版社A,15743,844,写真集 26の詳細説明です。高品質でおすすめの商品です。,2023-02-03
6507,絵本 26,本・雑誌,出版社D,49741,438,絵本 26の詳細説明です。高品質でおすすめの商品です。,2023-06-03
6508,雑誌バックナンバー 26,本・雑誌,出版社B,29165,154,雑誌バックナンバー 26の詳細説明です。高品質でおすすめの商品です。,2023-04-11
6509,辞書 26,本・雑誌,出版社A,13219,429,辞書 26の詳細説明です。高品質でおすすめの商品です。,2023-08-06
6510,参考書 26,本・雑誌,出版社A,36385,919,参考書 26の詳細説明です。高品質でおすすめの商品です。,2023-12-13
6511,ビジネス書 27,本・雑誌,出版社D,26549,967,ビジネス書 27の詳細説明です。高品質でおすすめの商品です。,2023-01-16
6512,小説 27,本・雑誌,出版社B,23748,934,小説 27の詳細説明です。高品質でおすすめの商品です。,2023-01-10
6513,技術書 27,本・雑誌,出版社C,19825,521,技術書 27の詳細説明です。高品質でおすすめの商品です。,2023-07-21
6514,料理本 27,本・雑誌,出版社E,742,401,料理本 27の詳細説明です。高品質でおすすめの商品です。,2023-02-03
6515,旅行ガイド 27,本・雑誌,出版社D,12194,23,旅行ガイド 27の詳細説明です。高品質でおすすめの商品です。,2023-10-08
6516,写真集 27,本・雑誌,出版社C,35822,779,写真集 27の詳細説明です。高品質でおすすめの商品です。,2023-05-05
6517,絵本 27,本・雑誌,出版社D,17311,447,絵本 27の詳細説明です。高品質でおすすめの商品です。,2023-10-26
6518,雑誌バックナンバー 27,本・雑誌,出版社D,8574,468,雑誌バックナンバー 27の詳細説明です。高品質でおすすめの商品です。,2023-04-24
6519,辞書 27,本・雑誌,出版社A,43732,347,辞書 27の詳細説明です。高品質でおすすめの商品です。,2023-08-13
6520,参考書 27,本・雑誌,出版社B,19157,869,参考書 27の詳細説明です。高品質でおすすめの商品です。,2023-03-20
6521,ビジネス書 28,本・雑誌,出版社D,691,509,ビジネス書 28の詳細説明です。高品質でおすすめの商品です。,2023-10-12
6522,小説 28,本・雑誌,出版社E,21839,248,小説 28の詳細説明です。高品質でおすすめの商品です。,2023-12-22
6523,技術書 28,本・雑誌,出版社D,18726,383,技術書 28の詳細説明です。高品質でおすすめの商品です。,2023-01-22
6524,料理本 28,本・雑誌,出版社E,48350,146,料理本 28の詳細説明です。高品質でおすすめの商品です。,2023-10-16
6525,旅行ガイド 28,本・雑誌,出版社B,29662,366,旅行ガイド 28の詳細説明です。高品質でおすすめの商品です。,2023-07-11
6526,写真集 28,本・雑誌,出版社E,49625,80,写真集 28の詳細説明です。高品質でおすすめの商品です。,2023-05-12
6527,絵本 28,本・雑誌,出版社C,16463,268,絵本 28の詳細説明です。高品質でおすすめの商品です。,2023-02-12
6528,雑誌バックナンバー 28,本・雑誌,出版社B,4944,307,雑誌バックナンバー 28の詳細説明です。高品質でおすすめの商品です。,2023-09-26
6529,辞書 28,本・雑誌,出版社B,46852,112,辞書 28の詳細説明です。高品質でおすすめの商品です。,2023-10-29
6530,参考書 28,本・雑誌,出版社E,15737,42,参考書 28の詳細説明です。高品質でおすすめの商品です。,2023-04-30
6531,ビジネス書 29,本・雑誌,出版社A,39450,790,ビジネス書 29の詳細説明です。高品質でおすすめの商品です。,2023-04-13
6532,小説 29,本・雑誌,出版社C,13981,602,小説 29の詳細説明です。高品質でおすすめの商品です。,2023-09-02
6533,技術書 29,本・雑誌,出版社D,21356,686,技術書 29の詳細説明です。高品質でおすすめの商品です。,2023-06-07
6534,料理本 29,本・雑誌,出版社E,31365,274,料理本 29の詳細説明です。高品質でおすすめの商品です。,2023-08-10
6535,旅行ガイド 29,本・雑誌,出版社C,40271,376,旅行ガイド 29の詳細説明です。高品質でおすすめの商品です。,2023-05-22
6536,写真集 29,本・雑誌,出版社D,7576,311,写真集 29の詳細説明です。高品質でおすすめの商品です。,2023-07-12
6537,絵本 29,本・雑誌,出版社E,25447,791,絵本 29の詳細説明です。高品質でおすすめの商品です。,2023-10-12
6538,雑誌バックナンバー 29,本・雑誌,出版社C,39088,651,雑誌バックナンバー 29の詳細説明です。高品質でおすすめの商品です。,2023-06-13
6539,辞書 29,本・雑誌,出版社D,22532,53,辞書 29の詳細説明です。高品質でおすすめの商品です。,2023-08-04
6540,参考書 29,本・雑誌,出版社D,48788,740,参考書 29の詳細説明です。高品質でおすすめの商品です。,2023-10-03
6541,ビジネス書 30,本・雑誌,出版社D,2291,672,ビジネス書 30の詳細説明です。高品質でおすすめの商品です。,2023-08-04
6542,小説 30,本・雑誌,出版社A,16716,26,小説 30の詳細説明です。高品質でおすすめの商品です。,2023-10-20
6543,技術書 30,本・雑誌,出版社A,25049,861,技術書 30の詳細説明です。高品質でおすすめの商品です。,2023-08-12
6544,料理本 30,本・雑誌,出版社D,30907,969,料理本 30の詳細説明です。高品質でおすすめの商品です。,2023-02-04
6545,旅行ガイド 30,本・雑誌,出版社D,46267,394,旅行ガイド 30の詳細説明です。高品質でおすすめの商品です。,2023-07-04
6546,写真集 30,本・雑誌,出版社D,1796,457,写真集 30の詳細説明です。高品質でおすすめの商品です。,2023-02-06
6547,絵本 30,本・雑誌,出版社D,44159,30,絵本 30の詳細説明です。高品質でおすすめの商品です。,2023-01-16
6548,雑誌バックナンバー 30,本・雑誌,出版社C,21754,987,雑誌バックナンバー 30の詳細説明です。高品質でおすすめの商品です。,2023-03-12
6549,辞書 30,本・雑誌,出版社B,29726,615,辞書 30の詳細説明です。高品質でおすすめの商品です。,2023-10-05
6550,参考書 30,本・雑誌,出版社B,18640,716,参考書 30の詳細説明です。高品質でおすすめの商品です。,2023-05-05
6551,ビジネス書 31,本・雑誌,出版社D,47743,123,ビジネス書 31の詳細説明です。高品質でおすすめの商品です。,2023-03-23
6552,小説 31,本・雑誌,出版社E,19231,202,小説 31の詳細説明です。高品質でおすすめの商品です。,2023-02-23
6553,技術書 31,本・雑誌,出版社A,6603,763,技術書 31の詳細説明です。高品質でおすすめの商品です。,2023-06-30
6554,料理本 31,本・雑誌,出版社A,3068,256,料理本 31の詳細説明です。高品質でおすすめの商品です。,2023-02-09
6555,旅行ガイド 31,本・雑誌,出版社D,14907,857,旅行ガイド 31の詳細説明です。高品質でおすすめの商品です。,2023-09-03
6556,写真集 31,本・雑誌,出版社B,13766,964,写真集 31の詳細説明です。高品質でおすすめの商品です。,2023-04-15
6557,絵本 31,本・雑誌,出版社C,21693,520,絵本 31の詳細説明です。高品質でおすすめの商品です。,2023-09-09
6558,雑誌バックナンバー 31,本・雑誌,出版社E,20305,490,雑誌バックナンバー 31の詳細説明です。高品質でおすすめの商品です。,2023-04-13
6559,辞書 31,本・雑誌,出版社A,8189,861,辞書 31の詳細説明です。高品質でおすすめの商品です。,2023-10-17
6560,参考書 31,本・雑誌,出版社A,38031,479,参考書 31の詳細説明です。高品質でおすすめの商品です。,2023-02-24
6561,ビジネス書 32,本・雑誌,出版社E,46958,510,ビジネス書 32の詳細説明です。高品質でおすすめの商品です。,2023-06-08
6562,小説 32,本・雑誌,出版社A,16561,611,小説 32の詳細説明です。高品質でおすすめの商品です。,2023-03-25
6563,技術書 32,本・雑誌,出版社C,5408,570,技術書 32の詳細説明です。高品質でおすすめの商品です。,2023-11-29
6564,料理本 32,本・雑誌,出版社B,29724,543,料理本 32の詳細説明です。高品質でおすすめの商品です。,2023-10-18
6565,旅行ガイド 32,本・雑誌,出版社E,14902,977,旅行ガイド 32の詳細説明です。高品質でおすすめの商品です。,2023-04-02
6566,写真集 32,本・雑誌,出版社C,18862,585,写真集 32の詳細説明です。高品質でおすすめの商品です。,2023-08-26
6567,絵本 32,本・雑誌,出版社C,45515,853,絵本 32の詳細説明です。高品質でおすすめの商品です。,2023-12-11
6568,雑誌バックナンバー 32,本・雑誌,出版社C,37587,396,雑誌バックナンバー 32の詳細説明です。高品質でおすすめの商品です。,2023-07-03
6569,辞書 32,本・雑誌,出版社D,21661,573,辞書 32の詳細説明です。高品質でおすすめの商品です。,2023-12-14
6570,参考書 32,本・雑誌,出版社C,4608,951,参考書 32の詳細説明です。高品質でおすすめの商品です。,2023-07-22
6571,ビジネス書 33,本・雑誌,出版社E,938,20,ビジネス書 33の詳細説明です。高品質でおすすめの商品です。,2023-09-20
6572,小説 33,本・雑誌,出版社A,30541,247,小説 33の詳細説明です。高品質でおすすめの商品です。,2023-07-31
6573,技術書 33,本・雑誌,出版社A,16773,199,技術書 33の詳細説明です。高品質でおすすめの商品です。,2023-05-31
6574,料理本 33,本・雑誌,出版社A,30391,648,料理本 33の詳細説明です。高品質でおすすめの商品です。,2023-10-17
6575,旅行ガイド 33,本・雑誌,出版社C,9022,397,旅行ガイド 33の詳細説明です。高品質でおすすめの商品です。,2023-11-01
6576,写真集 33,本・雑誌,出版社B,16441,568,写真集 33の詳細説明です。高品質でおすすめの商品です。,2023-05-14
6577,絵本 33,本・雑誌,出版社D,6697,796,絵本 33の詳細説明です。高品質でおすすめの商品です。,2023-10-25
6578,雑誌バックナンバー 33,本・雑誌,出版社E,27069,16,雑誌バックナンバー 33の詳細説明です。高品質でおすすめの商品です。,2023-02-03
6579,辞書 33,本・雑誌,出版社D,7962,744,辞書 33の詳細説明です。高品質でおすすめの商品です。,2023-03-19
6580,参考書 33,本・雑誌,出版社A,7626,238,参考書 33の詳細説明です。高品質でおすすめの商品です。,2023-08-11
6581,ビジネス書 34,本・雑誌,出版社C,47909,122,ビジネス書 34の詳細説明です。高品質でおすすめの商品です。,2023-11-18
6582,小説 34,本・雑誌,出版社A,8678,414,小説 34の詳細説明です。高品質でおすすめの商品です。,2023-03-30
6583,技術書 34,本・雑誌,出版社B,35184,455,技術書 34の詳細説明です。高品質でおすすめの商品です。,2023-08-08
6584,料理本 34,本・雑誌,出版社C,40361,557,料理本 34の詳細説明です。高品質でおすすめの商品です。,2023-02-23
6585,旅行ガイド 34,本・雑誌,出版社D,38275,797,旅行ガイド 34の詳細説明です。高品質でおすすめの商品です。,2023-02-01
6586,写真集 34,本・雑誌,出版社D,23659,341,写真集 34の詳細説明です。高品質でおすすめの商品です。,2023-03-20
6587,絵本 34,本・雑誌,出版社E,38575,100,絵本 34の詳細説明です。高品質でおすすめの商品です。,2023-10-13
6588,雑誌バックナンバー 34,本・雑誌,出版社B,25545,916,雑誌バックナンバー 34の詳細説明です。高品質でおすすめの商品です。,2023-09-14
6589,辞書 34,本・雑誌,出版社E,31656,521,辞書 34の詳細説明です。高品質でおすすめの商品です。,2023-08-22
6590,参考書 34,本・雑誌,出版社B,19094,186,参考書 34の詳細説明です。高品質でおすすめの商品です。,2023-11-12
6591,ビジネス書 35,本・雑誌,出版社A,18282,507,ビジネス書 35の詳細説明です。高品質でおすすめの商品です。,2023-01-29
6592,小説 35,本・雑誌,出版社E,43929,76,小説 35の詳細説明です。高品質でおすすめの商品です。,2023-02-25
6593,技術書 35,本・雑誌,出版社B,30927,112,技術書 35の詳細説明です。高品質でおすすめの商品です。,2023-01-21
6594,料理本 35,本・雑誌,出版社B,30811,61,料理本 35の詳細説明です。高品質でおすすめの商品です。,2023-09-29
6595,旅行ガイド 35,本・雑誌,出版社B,21588,410,旅行ガイド 35の詳細説明です。高品質でおすすめの商品です。,2023-02-02
6596,写真集 35,本・雑誌,出版社E,21799,540,写真集 35の詳細説明です。高品質でおすすめの商品です。,2023-09-30
6597,絵本 35,本・雑誌,出版社A,26686,756,絵本 35の詳細説明です。高品質でおすすめの商品です。,2023-10-01
6598,雑誌バックナンバー 35,本・雑誌,出版社A,27221,312,雑誌バックナンバー 35の詳細説明です。高品質でおすすめの商品です。,2023-01-02
6599,辞書 35,本・雑誌,出版社C,32815,447,辞書 35の詳細説明です。高品質でおすすめの商品です。,2023-02-28
6600,参考書 35,本・雑誌,出版社B,44672,775,参考書 35の詳細説明です。高品質でおすすめの商品です。,2023-04-25
6601,ビジネス書 36,本・雑誌,出版社E,25444,665,ビジネス書 36の詳細説明です。高品質でおすすめの商品です。,2023-02-10
6602,小説 36,本・雑誌,出版社A,23790,979,小説 36の詳細説明です。高品質でおすすめの商品です。,2023-04-17
6603,技術書 36,本・雑誌,出版社D,15735,180,技術書 36の詳細説明です。高品質でおすすめの商品です。,2023-07-15
6604,料理本 36,本・雑誌,出版社A,29444,247,料理本 36の詳細説明です。高品質でおすすめの商品です。,2023-06-19
6605,旅行ガイド 36,本・雑誌,出版社C,28278,996,旅行ガイド 36の詳細説明です。高品質でおすすめの商品です。,2023-03-09
6606,写真集 36,本・雑誌,出版社B,27394,82,写真集 36の詳細説明です。高品質でおすすめの商品です。,2023-07-23
6607,絵本 36,本・雑誌,出版社D,5564,914,絵本 36の詳細説明です。高品質でおすすめの商品です。,2023-06-15
6608,雑誌バックナンバー 36,本・雑誌,出版社C,49636,375,雑誌バックナンバー 36の詳細説明です。高品質でおすすめの商品です。,2023-10-03
6609,辞書 36,本・雑誌,出版社C,26280,899,辞書 36の詳細説明です。高品質でおすすめの商品です。,2023-09-26
6610,参考書 36,本・雑誌,出版社E,43536,386,参考書 36の詳細説明です。高品質でおすすめの商品です。,2023-09-16
6611,ビジネス書 37,本・雑誌,出版社B,44555,235,ビジネス書 37の詳細説明です。高品質でおすすめの商品です。,2023-11-30
6612,小説 37,本・雑誌,出版社A,38699,227,小説 37の詳細説明です。高品質でおすすめの商品です。,2023-04-30
6613,技術書 37,本・雑誌,出版社E,7066,73,技術書 37の詳細説明です。高品質でおすすめの商品です。,2023-12-31
6614,料理本 37,本・雑誌,出版社B,20377,247,料理本 37の詳細説明です。高品質でおすすめの商品です。,2023-11-04
6615,旅行ガイド 37,本・雑誌,出版社B,14492,792,旅行ガイド 37の詳細説明です。高品質でおすすめの商品です。,2023-12-18
6616,写真集 37,本・雑誌,出版社D,8760,257,写真集 37の詳細説明です。高品質でおすすめの商品です。,2023-12-28
6617,絵本 37,本・雑誌,出版社B,36124,604,絵本 37の詳細説明です。高品質でおすすめの商品です。,2023-03-14
6618,雑誌バックナンバー 37,本・雑誌,出版社D,16586,294,雑誌バックナンバー 37の詳細説明です。高品質でおすすめの商品です。,2023-09-02
6619,辞書 37,本・雑誌,出版社A,29660,583,辞書 37の詳細説明です。高品質でおすすめの商品です。,2023-12-12
6620,参考書 37,本・雑誌,出版社A,35649,284,参考書 37の詳細説明です。高品質でおすすめの商品です。,2023-10-01
6621,ビジネス書 38,本・雑誌,出版社B,2274,700,ビジネス書 38の詳細説明です。高品質でおすすめの商品です。,2023-04-05
6622,小説 38,本・雑誌,出版社D,22857,608,小説 38の詳細説明です。高品質でおすすめの商品です。,2023-07-08
6623,技術書 38,本・雑誌,出版社B,9254,308,技術書 38の詳細説明です。高品質でおすすめの商品です。,2023-07-27
6624,料理本 38,本・雑誌,出版社E,44333,282,料理本 38の詳細説明です。高品質でおすすめの商品です。,2023-06-20
6625,旅行ガイド 38,本・雑誌,出版社E,17225,854,旅行ガイド 38の詳細説明です。高品質でおすすめの商品です。,2023-12-02
6626,写真集 38,本・雑誌,出版社E,11696,990,写真集 38の詳細説明です。高品質でおすすめの商品です。,2023-09-24
6627,絵本 38,本・雑誌,出版社A,36617,997,絵本 38の詳細説明です。高品質でおすすめの商品です。,2023-10-19
6628,雑誌バックナンバー 38,本・雑誌,出版社B,8042,657,雑誌バックナンバー 38の詳細説明です。高品質でおすすめの商品です。,2023-11-19
6629,辞書 38,本・雑誌,出版社A,44866,798,辞書 38の詳細説明です。高品質でおすすめの商品です。,2023-04-24
6630,参考書 38,本・雑誌,出版社D,36669,950,参考書 38の詳細説明です。高品質でおすすめの商品です。,2023-03-23
6631,ビジネス書 39,本・雑誌,出版社B,4502,634,ビジネス書 39の詳細説明です。高品質でおすすめの商品です。,2023-08-30
6632,小説 39,本・雑誌,出版社D,26824,603,小説 39の詳細説明です。高品質でおすすめの商品です。,2023-10-09
6633,技術書 39,本・雑誌,出版社B,4876,858,技術書 39の詳細説明です。高品質でおすすめの商品です。,2023-03-07
6634,料理本 39,本・雑誌,出版社C,43568,404,料理本 39の詳細説明です。高品質でおすすめの商品です。,2023-07-28
6635,旅行ガイド 39,本・雑誌,出版社A,40380,515,旅行ガイド 39の詳細説明です。高品質でおすすめの商品です。,2023-12-01
6636,写真集 39,本・雑誌,出版社D,899,536,写真集 39の詳細説明です。高品質でおすすめの商品です。,2023-10-15
6637,絵本 39,本・雑誌,出版社C,43102,237,絵本 39の詳細説明です。高品質でおすすめの商品です。,2023-10-13
6638,雑誌バックナンバー 39,本・雑誌,出版社A,18350,78,雑誌バックナンバー 39の詳細説明です。高品質でおすすめの商品です。,2023-10-05
6639,辞書 39,本・雑誌,出版社B,39566,206,辞書 39の詳細説明です。高品質でおすすめの商品です。,2023-05-07
6640,参考書 39,本・雑誌,出版社D,1399,40,参考書 39の詳細説明です。高品質でおすすめの商品です。,2023-02-21
6641,ビジネス書 40,本・雑誌,出版社A,38416,715,ビジネス書 40の詳細説明です。高品質でおすすめの商品です。,2023-05-17
6642,小説 40,本・雑誌,出版社D,36957,141,小説 40の詳細説明です。高品質でおすすめの商品です。,2023-03-05
6643,技術書 40,本・雑誌,出版社C,2873,714,技術書 40の詳細説明です。高品質でおすすめの商品です。,2023-03-28
6644,料理本 40,本・雑誌,出版社E,26110,305,料理本 40の詳細説明です。高品質でおすすめの商品です。,2023-04-14
6645,旅行ガイド 40,本・雑誌,出版社E,15934,440,旅行ガイド 40の詳細説明です。高品質でおすすめの商品です。,2023-04-06
6646,写真集 40,本・雑誌,出版社C,38455,473,写真集 40の詳細説明です。高品質でおすすめの商品です。,2023-02-05
6647,絵本 40,本・雑誌,出版社D,41761,565,絵本 40の詳細説明です。高品質でおすすめの商品です。,2023-10-23
6648,雑誌バックナンバー 40,本・雑誌,出版社A,29784,140,雑誌バックナンバー 40の詳細説明です。高品質でおすすめの商品です。,2023-05-12
6649,辞書 40,本・雑誌,出版社B,19411,256,辞書 40の詳細説明です。高品質でおすすめの商品です。,2023-01-09
6650,参考書 40,本・雑誌,出版社A,12023,503,参考書 40の詳細説明です。高品質でおすすめの商品です。,2023-10-29
6651,ビジネス書 41,本・雑誌,出版社B,15059,427,ビジネス書 41の詳細説明です。高品質でおすすめの商品です。,2023-03-04
6652,小説 41,本・雑誌,出版社E,45098,610,小説 41の詳細説明です。高品質でおすすめの商品です。,2023-04-14
6653,技術書 41,本・雑誌,出版社A,1118,845,技術書 41の詳細説明です。高品質でおすすめの商品です。,2023-07-11
6654,料理本 41,本・雑誌,出版社D,19956,496,料理本 41の詳細説明です。高品質でおすすめの商品です。,2023-10-02
6655,旅行ガイド 41,本・雑誌,出版社E,22498,597,旅行ガイド 41の詳細説明です。高品質でおすすめの商品です。,2023-12-27
6656,写真集 41,本・雑誌,出版社C,5857,389,写真集 41の詳細説明です。高品質でおすすめの商品です。,2023-06-03
6657,絵本 41,本・雑誌,出版社D,14776,73,絵本 41の詳細説明です。高品質でおすすめの商品です。,2023-11-10
6658,雑誌バックナンバー 41,本・雑誌,出版社D,13384,256,雑誌バックナンバー 41の詳細説明です。高品質でおすすめの商品です。,2023-05-23
6659,辞書 41,本・雑誌,出版社B,6208,696,辞書 41の詳細説明です。高品質でおすすめの商品です。,2023-03-02
6660,参考書 41,本・雑誌,出版社E,11400,643,参考書 41の詳細説明です。高品質でおすすめの商品です。,2023-04-30
6661,ビジネス書 42,本・雑誌,出版社B,35549,400,ビジネス書 42の詳細説明です。高品質でおすすめの商品です。,2023-07-24
6662,小説 42,本・雑誌,出版社C,27612,249,小説 42の詳細説明です。高品質でおすすめの商品です。,2023-09-06
6663,技術書 42,本・雑誌,出版社B,38547,967,技術書 42の詳細説明です。高品質でおすすめの商品です。,2023-07-28
6664,料理本 42,本・雑誌,出版社A,25823,467,料理本 42の詳細説明です。高品質でおすすめの商品です。,2023-02-23
6665,旅行ガイド 42,本・雑誌,出版社A,23131,576,旅行ガイド 42の詳細説明です。高品質でおすすめの商品です。,2023-06-02
6666,写真集 42,本・雑誌,出版社A,29446,162,写真集 42の詳細説明です。高品質でおすすめの商品です。,2023-03-01
6667,絵本 42,本・雑誌,出版社A,29582,615,絵本 42の詳細説明です。高品質でおすすめの商品です。,2023-06-08
6668,雑誌バックナンバー 42,本・雑誌,出版社C,47075,254,雑誌バックナンバー 42の詳細説明です。高品質でおすすめの商品です。,2023-08-31
6669,辞書 42,本・雑誌,出版社C,3478,828,辞書 42の詳細説明です。高品質でおすすめの商品です。,2023-10-18
6670,参考書 42,本・雑誌,出版社E,43760,458,参考書 42の詳細説明です。高品質でおすすめの商品です。,2023-11-08
6671,ビジネス書 43,本・雑誌,出版社C,16386,774,ビジネス書 43の詳細説明です。高品質でおすすめの商品です。,2023-11-21
6672,小説 43,本・雑誌,出版社B,27398,958,小説 43の詳細説明です。高品質でおすすめの商品です。,2023-09-19
6673,技術書 43,本・雑誌,出版社C,8883,663,技術書 43の詳細説明です。高品質でおすすめの商品です。,2023-08-06
6674,料理本 43,本・雑誌,出版社E,29275,514,料理本 43の詳細説明です。高品質でおすすめの商品です。,2023-03-23
6675,旅行ガイド 43,本・雑誌,出版社C,3765,200,旅行ガイド 43の詳細説明です。高品質でおすすめの商品です。,2023-10-05
6676,写真集 43,本・雑誌,出版社E,776,99,写真集 43の詳細説明です。高品質でおすすめの商品です。,2023-01-22
6677,絵本 43,本・雑誌,出版社A,30045,392,絵本 43の詳細説明です。高品質でおすすめの商品です。,2023-09-30
6678,雑誌バックナンバー 43,本・雑誌,出版社E,21184,84,雑誌バックナンバー 43の詳細説明です。高品質でおすすめの商品です。,2023-05-30
6679,辞書 43,本・雑誌,出版社C,44270,200,辞書 43の詳細説明です。高品質でおすすめの商品です。,2023-07-15
6680,参考書 43,本・雑誌,出版社B,24720,1,参考書 43の詳細説明です。高品質でおすすめの商品です。,2023-05-20
6681,ビジネス書 44,本・雑誌,出版社E,28973,3,ビジネス書 44の詳細説明です。高品質でおすすめの商品です。,2023-10-03
6682,小説 44,本・雑誌,出版社D,32254,103,小説 44の詳細説明です。高品質でおすすめの商品です。,2023-06-07
6683,技術書 44,本・雑誌,出版社D,22279,168,技術書 44の詳細説明です。高品質でおすすめの商品です。,2023-05-01
6684,料理本 44,本・雑誌,出版社E,18140,462,料理本 44の詳細説明です。高品質でおすすめの商品です。,2023-08-28
6685,旅行ガイド 44,本・雑誌,出版社D,46199,777,旅行ガイド 44の詳細説明です。高品質でおすすめの商品です。,2023-05-28
6686,写真集 44,本・雑誌,出版社B,43397,375,写真集 44の詳細説明です。高品質でおすすめの商品です。,2023-03-21
6687,絵本 44,本・雑誌,出版社A,28248,451,絵本 44の詳細説明です。高品質でおすすめの商品です。,2023-08-16
6688,雑誌バックナンバー 44,本・雑誌,出版社B,38536,753,雑誌バックナンバー 44の詳細説明です。高品質でおすすめの商品です。,2023-03-07
6689,辞書 44,本・雑誌,出版社D,21161,137,辞書 44の詳細説明です。高品質でおすすめの商品です。,2023-11-30
6690,参考書 44,本・雑誌,出版社D,22872,973,参考書 44の詳細説明です。高品質でおすすめの商品です。,2023-10-14
6691,ビジネス書 45,本・雑誌,出版社D,9583,87,ビジネス書 45の詳細説明です。高品質でおすすめの商品です。,2023-02-03
6692,小説 45,本・雑誌,出版社B,44938,925,小説 45の詳細説明です。高品質でおすすめの商品です。,2023-08-15
6693,技術書 45,本・雑誌,出版社C,41313,265,技術書 45の詳細説明です。高品質でおすすめの商品です。,2023-07-10
6694,料理本 45,本・雑誌,出版社D,11001,937,料理本 45の詳細説明です。高品質でおすすめの商品です。,2023-02-11
6695,旅行ガイド 45,本・雑誌,出版社A,7357,706,旅行ガイド 45の詳細説明です。高品質でおすすめの商品です。,2023-03-08
6696,写真集 45,本・雑誌,出版社D,35941,592,写真集 45の詳細説明です。高品質でおすすめの商品です。,2023-03-02
6697,絵本 45,本・雑誌,出版社C,26198,653,絵本 45の詳細説明です。高品質でおすすめの商品です。,2023-08-22
6698,雑誌バックナンバー 45,本・雑誌,出版社A,21998,361,雑誌バックナンバー 45の詳細説明です。高品質でおすすめの商品です。,2023-11-05
6699,辞書 45,本・雑誌,出版社C,43801,527,辞書 45の詳細説明です。高品質でおすすめの商品です。,2023-10-14
6700,参考書 45,本・雑誌,出版社A,5764,63,参考書 45の詳細説明です。高品質でおすすめの商品です。,2023-07-05
6701,ビジネス書 46,本・雑誌,出版社D,22658,867,ビジネス書 46の詳細説明です。高品質でおすすめの商品です。,2023-09-20
6702,小説 46,本・雑誌,出版社B,4177,331,小説 46の詳細説明です。高品質でおすすめの商品です。,2023-10-28
6703,技術書 46,本・雑誌,出版社A,43708,234,技術書 46の詳細説明です。高品質でおすすめの商品です。,2023-05-02
6704,料理本 46,本・雑誌,出版社B,4892,638,料理本 46の詳細説明です。高品質でおすすめの商品です。,2023-10-14
6705,旅行ガイド 46,本・雑誌,出版社A,13673,980,旅行ガイド 46の詳細説明です。高品質でおすすめの商品です。,2023-03-25
6706,写真集 46,本・雑誌,出版社B,37731,861,写真集 46の詳細説明です。高品質でおすすめの商品です。,2023-11-22
6707,絵本 46,本・雑誌,出版社D,49198,550,絵本 46の詳細説明です。高品質でおすすめの商品です。,2023-08-17
6708,雑誌バックナンバー 46,本・雑誌,出版社D,13144,141,雑誌バックナンバー 46の詳細説明です。高品質でおすすめの商品です。,2023-04-26
6709,辞書 46,本・雑誌,出版社B,19201,216,辞書 46の詳細説明です。高品質でおすすめの商品です。,2023-05-30
6710,参考書 46,本・雑誌,出版社E,38045,908,参考書 46の詳細説明です。高品質でおすすめの商品です。,2023-02-17
6711,ビジネス書 47,本・雑誌,出版社D,6633,295,ビジネス書 47の詳細説明です。高品質でおすすめの商品です。,2023-08-02
6712,小説 47,本・雑誌,出版社E,11528,315,小説 47の詳細説明です。高品質でおすすめの商品です。,2023-06-09
6713,技術書 47,本・雑誌,出版社D,27931,642,技術書 47の詳細説明です。高品質でおすすめの商品です。,2023-02-11
6714,料理本 47,本・雑誌,出版社B,36551,943,料理本 47の詳細説明です。高品質でおすすめの商品です。,2023-01-23
6715,旅行ガイド 47,本・雑誌,出版社A,7214,388,旅行ガイド 47の詳細説明です。高品質でおすすめの商品です。,2023-11-14
6716,写真集 47,本・雑誌,出版社E,26509,837,写真集 47の詳細説明です。高品質でおすすめの商品です。,2023-06-13
6717,絵本 47,本・雑誌,出版社B,20767,989,絵本 47の詳細説明です。高品質でおすすめの商品です。,2023-04-05
6718,雑誌バックナンバー 47,本・雑誌,出版社A,26552,352,雑誌バックナンバー 47の詳細説明です。高品質でおすすめの商品です。,2023-10-17
6719,辞書 47,本・雑誌,出版社C,24266,997,辞書 47の詳細説明です。高品質でおすすめの商品です。,2023-09-15
6720,参考書 47,本・雑誌,出版社C,34667,135,参考書 47の詳細説明です。高品質でおすすめの商品です。,2023-10-11
6721,ビジネス書 48,本・雑誌,出版社A,27909,112,ビジネス書 48の詳細説明です。高品質でおすすめの商品です。,2023-01-06
6722,小説 48,本・雑誌,出版社B,33672,805,小説 48の詳細説明です。高品質でおすすめの商品です。,2023-07-26
6723,技術書 48,本・雑誌,出版社C,35301,839,技術書 48の詳細説明です。高品質でおすすめの商品です。,2023-04-25
6724,料理本 48,本・雑誌,出版社D,27605,293,料理本 48の詳細説明です。高品質でおすすめの商品です。,2023-07-16
6725,旅行ガイド 48,本・雑誌,出版社D,21386,960,旅行ガイド 48の詳細説明です。高品質でおすすめの商品です。,2023-05-12
6726,写真集 48,本・雑誌,出版社D,11740,832,写真集 48の詳細説明です。高品質でおすすめの商品です。,2023-05-19
6727,絵本 48,本・雑誌,出版社E,5867,2,絵本 48の詳細説明です。高品質でおすすめの商品です。,2023-05-11
6728,雑誌バックナンバー 48,本・雑誌,出版社D,39966,446,雑誌バックナンバー 48の詳細説明です。高品質でおすすめの商品です。,2023-01-31
6729,辞書 48,本・雑誌,出版社E,39659,377,辞書 48の詳細説明です。高品質でおすすめの商品です。,2023-05-05
6730,参考書 48,本・雑誌,出版社E,22038,806,参考書 48の詳細説明です。高品質でおすすめの商品です。,2023-05-08
6731,ビジネス書 49,本・雑誌,出版社C,35479,14,ビジネス書 49の詳細説明です。高品質でおすすめの商品です。,2023-08-15
6732,小説 49,本・雑誌,出版社B,34067,489,小説 49の詳細説明です。高品質でおすすめの商品です。,2023-04-26
6733,技術書 49,本・雑誌,出版社B,33782,980,技術書 49の詳細説明です。高品質でおすすめの商品です。,2023-05-27
6734,料理本 49,本・雑誌,出版社D,43897,119,料理本 49の詳細説明です。高品質でおすすめの商品です。,2023-12-09
6735,旅行ガイド 49,本・雑誌,出版社E,32903,446,旅行ガイド 49の詳細説明です。高品質でおすすめの商品です。,2023-08-08
6736,写真集 49,本・雑誌,出版社C,16527,560,写真集 49の詳細説明です。高品質でおすすめの商品です。,2023-12-30
6737,絵本 49,本・雑誌,出版社D,40093,190,絵本 49の詳細説明です。高品質でおすすめの商品です。,2023-10-14
6738,雑誌バックナンバー 49,本・雑誌,出版社C,16023,877,雑誌バックナンバー 49の詳細説明です。高品質でおすすめの商品です。,2023-01-16
6739,辞書 49,本・雑誌,出版社C,41662,541,辞書 49の詳細説明です。高品質でおすすめの商品です。,2023-05-18
6740,参考書 49,本・雑誌,出版社D,39110,940,参考書 49の詳細説明です。高品質でおすすめの商品です。,2023-04-06
6741,ビジネス書 50,本・雑誌,出版社C,21745,273,ビジネス書 50の詳細説明です。高品質でおすすめの商品です。,2023-07-23
6742,小説 50,本・雑誌,出版社E,25643,431,小説 50の詳細説明です。高品質でおすすめの商品です。,2023-02-21
6743,技術書 50,本・雑誌,出版社E,41691,307,技術書 50の詳細説明です。高品質でおすすめの商品です。,2023-06-22
6744,料理本 50,本・雑誌,出版社A,28513,240,料理本 50の詳細説明です。高品質でおすすめの商品です。,2023-04-22
6745,旅行ガイド 50,本・雑誌,出版社E,35745,52,旅行ガイド 50の詳細説明です。高品質でおすすめの商品です。,2023-06-28
6746,写真集 50,本・雑誌,出版社B,41536,643,写真集 50の詳細説明です。高品質でおすすめの商品です。,2023-04-01
6747,絵本 50,本・雑誌,出版社D,12843,432,絵本 50の詳細説明です。高品質でおすすめの商品です。,2023-07-18
6748,雑誌バックナンバー 50,本・雑誌,出版社C,6688,406,雑誌バックナンバー 50の詳細説明です。高品質でおすすめの商品です。,2023-07-14
6749,辞書 50,本・雑誌,出版社E,40568,643,辞書 50の詳細説明です。高品質でおすすめの商品です。,2023-11-27
6750,参考書 50,本・雑誌,出版社A,30439,53,参考書 50の詳細説明です。高品質でおすすめの商品です。,2023-06-17
6751,ビジネス書 51,本・雑誌,出版社D,33613,666,ビジネス書 51の詳細説明です。高品質でおすすめの商品です。,2023-07-18
6752,小説 51,本・雑誌,出版社A,19906,679,小説 51の詳細説明です。高品質でおすすめの商品です。,2023-10-12
6753,技術書 51,本・雑誌,出版社B,33309,752,技術書 51の詳細説明です。高品質でおすすめの商品です。,2023-02-21
6754,料理本 51,本・雑誌,出版社B,48177,550,料理本 51の詳細説明です。高品質でおすすめの商品です。,2023-06-17
6755,旅行ガイド 51,本・雑誌,出版社E,46970,510,旅行ガイド 51の詳細説明です。高品質でおすすめの商品です。,2023-01-15
6756,写真集 51,本・雑誌,出版社E,8854,694,写真集 51の詳細説明です。高品質でおすすめの商品です。,2023-01-23
6757,絵本 51,本・雑誌,出版社B,11267,798,絵本 51の詳細説明です。高品質でおすすめの商品です。,2023-07-20
6758,雑誌バックナンバー 51,本・雑誌,出版社E,7497,944,雑誌バックナンバー 51の詳細説明です。高品質でおすすめの商品です。,2023-07-31
6759,辞書 51,本・雑誌,出版社D,5733,248,辞書 51の詳細説明です。高品質でおすすめの商品です。,2023-07-04
6760,参考書 51,本・雑誌,出版社E,14063,644,参考書 51の詳細説明です。高品質でおすすめの商品です。,2023-12-12
6761,ビジネス書 52,本・雑誌,出版社D,11950,938,ビジネス書 52の詳細説明です。高品質でおすすめの商品です。,2023-03-27
6762,小説 52,本・雑誌,出版社D,46849,619,小説 52の詳細説明です。高品質でおすすめの商品です。,2023-06-15
6763,技術書 52,本・雑誌,出版社E,14098,404,技術書 52の詳細説明です。高品質でおすすめの商品です。,2023-10-06
6764,料理本 52,本・雑誌,出版社D,31670,458,料理本 52の詳細説明です。高品質でおすすめの商品です。,2023-08-04
6765,旅行ガイド 52,本・雑誌,出版社A,30738,80,旅行ガイド 52の詳細説明です。高品質でおすすめの商品です。,2023-05-23
6766,写真集 52,本・雑誌,出版社B,33733,225,写真集 52の詳細説明です。高品質でおすすめの商品です。,2023-12-16
6767,絵本 52,本・雑誌,出版社C,42908,589,絵本 52の詳細説明です。高品質でおすすめの商品です。,2023-08-05
6768,雑誌バックナンバー 52,本・雑誌,出版社A,49995,514,雑誌バックナンバー 52の詳細説明です。高品質でおすすめの商品です。,2023-08-15
6769,辞書 52,本・雑誌,出版社E,37800,12,辞書 52の詳細説明です。高品質でおすすめの商品です。,2023-12-09
6770,参考書 52,本・雑誌,出版社A,22149,544,参考書 52の詳細説明です。高品質でおすすめの商品です。,2023-10-22
6771,ビジネス書 53,本・雑誌,出版社E,15109,364,ビジネス書 53の詳細説明です。高品質でおすすめの商品です。,2023-04-02
6772,小説 53,本・雑誌,出版社C,18401,960,小説 53の詳細説明です。高品質でおすすめの商品です。,2023-05-15
6773,技術書 53,本・雑誌,出版社D,43588,187,技術書 53の詳細説明です。高品質でおすすめの商品です。,2023-04-02
6774,料理本 53,本・雑誌,出版社C,12084,704,料理本 53の詳細説明です。高品質でおすすめの商品です。,2023-07-12
6775,旅行ガイド 53,本・雑誌,出版社B,15923,553,旅行ガイド 53の詳細説明です。高品質でおすすめの商品です。,2023-03-05
6776,写真集 53,本・雑誌,出版社E,9978,14,写真集 53の詳細説明です。高品質でおすすめの商品です。,2023-02-04
6777,絵本 53,本・雑誌,出版社D,31179,280,絵本 53の詳細説明です。高品質でおすすめの商品です。,2023-01-11
6778,雑誌バックナンバー 53,本・雑誌,出版社A,11301,452,雑誌バックナンバー 53の詳細説明です。高品質でおすすめの商品です。,2023-10-23
6779,辞書 53,本・雑誌,出版社C,45470,775,辞書 53の詳細説明です。高品質でおすすめの商品です。,2023-01-23
6780,参考書 53,本・雑誌,出版社D,12148,520,参考書 53の詳細説明です。高品質でおすすめの商品です。,2023-09-28
6781,ビジネス書 54,本・雑誌,出版社E,17191,637,ビジネス書 54の詳細説明です。高品質でおすすめの商品です。,2023-10-22
6782,小説 54,本・雑誌,出版社B,37176,765,小説 54の詳細説明です。高品質でおすすめの商品です。,2023-08-31
6783,技術書 54,本・雑誌,出版社D,20644,668,技術書 54の詳細説明です。高品質でおすすめの商品です。,2023-11-30
6784,料理本 54,本・雑誌,出版社D,39909,686,料理本 54の詳細説明です。高品質でおすすめの商品です。,2023-10-14
6785,旅行ガイド 54,本・雑誌,出版社A,20582,280,旅行ガイド 54の詳細説明です。高品質でおすすめの商品です。,2023-12-18
6786,写真集 54,本・雑誌,出版社C,46572,359,写真集 54の詳細説明です。高品質でおすすめの商品です。,2023-05-15
6787,絵本 54,本・雑誌,出版社E,30261,494,絵本 54の詳細説明です。高品質でおすすめの商品です。,2023-12-10
6788,雑誌バックナンバー 54,本・雑誌,出版社B,39987,564,雑誌バックナンバー 54の詳細説明です。高品質でおすすめの商品です。,2023-08-25
6789,辞書 54,本・雑誌,出版社E,49914,175,辞書 54の詳細説明です。高品質でおすすめの商品です。,2023-05-07
6790,参考書 54,本・雑誌,出版社B,15583,113,参考書 54の詳細説明です。高品質でおすすめの商品です。,2023-03-12
6791,ビジネス書 55,本・雑誌,出版社D,46192,819,ビジネス書 55の詳細説明です。高品質でおすすめの商品です。,2023-07-28
6792,小説 55,本・雑誌,出版社E,37317,463,小説 55の詳細説明です。高品質でおすすめの商品です。,2023-10-27
6793,技術書 55,本・雑誌,出版社D,32273,723,技術書 55の詳細説明です。高品質でおすすめの商品です。,2023-10-14
6794,料理本 55,本・雑誌,出版社B,6155,74,料理本 55の詳細説明です。高品質でおすすめの商品です。,2023-06-20
6795,旅行ガイド 55,本・雑誌,出版社C,23624,899,旅行ガイド 55の詳細説明です。高品質でおすすめの商品です。,2023-12-09
6796,写真集 55,本・雑誌,出版社A,43506,314,写真集 55の詳細説明です。高品質でおすすめの商品です。,2023-11-11
6797,絵本 55,本・雑誌,出版社C,48437,735,絵本 55の詳細説明です。高品質でおすすめの商品です。,2023-06-15
6798,雑誌バックナンバー 55,本・雑誌,出版社A,41369,777,雑誌バックナンバー 55の詳細説明です。高品質でおすすめの商品です。,2023-07-29
6799,辞書 55,本・雑誌,出版社B,16435,149,辞書 55の詳細説明です。高品質でおすすめの商品です。,2023-09-15
6800,参考書 55,本・雑誌,出版社B,7475,275,参考書 55の詳細説明です。高品質でおすすめの商品です。,2023-06-18
6801,ビジネス書 56,本・雑誌,出版社B,12466,438,ビジネス書 56の詳細説明です。高品質でおすすめの商品です。,2023-09-22
6802,小説 56,本・雑誌,出版社B,47497,162,小説 56の詳細説明です。高品質でおすすめの商品です。,2023-05-22
6803,技術書 56,本・雑誌,出版社C,28081,201,技術書 56の詳細説明です。高品質でおすすめの商品です。,2023-07-24
6804,料理本 56,本・雑誌,出版社E,3649,948,料理本 56の詳細説明です。高品質でおすすめの商品です。,2023-05-25
6805,旅行ガイド 56,本・雑誌,出版社B,1451,988,旅行ガイド 56の詳細説明です。高品質でおすすめの商品です。,2023-05-28
6806,写真集 56,本・雑誌,出版社E,20069,962,写真集 56の詳細説明です。高品質でおすすめの商品です。,2023-05-24
6807,絵本 56,本・雑誌,出版社D,41828,817,絵本 56の詳細説明です。高品質でおすすめの商品です。,2023-10-07
6808,雑誌バックナンバー 56,本・雑誌,出版社C,14702,900,雑誌バックナンバー 56の詳細説明です。高品質でおすすめの商品です。,2023-02-09
6809,辞書 56,本・雑誌,出版社A,33314,84,辞書 56の詳細説明です。高品質でおすすめの商品です。,2023-10-11
6810,参考書 56,本・雑誌,出版社D,49591,233,参考書 56の詳細説明です。高品質でおすすめの商品です。,2023-04-26
6811,ビジネス書 57,本・雑誌,出版社E,20671,961,ビジネス書 57の詳細説明です。高品質でおすすめの商品です。,2023-01-31
6812,小説 57,本・雑誌,出版社E,21381,403,小説 57の詳細説明です。高品質でおすすめの商品です。,2023-03-10
6813,技術書 57,本・雑誌,出版社A,26451,14,技術書 57の詳細説明です。高品質でおすすめの商品です。,2023-07-10
6814,料理本 57,本・雑誌,出版社D,35836,213,料理本 57の詳細説明です。高品質でおすすめの商品です。,2023-03-29
6815,旅行ガイド 57,本・雑誌,出版社C,47487,584,旅行ガイド 57の詳細説明です。高品質でおすすめの商品です。,2023-11-20
6816,写真集 57,本・雑誌,出版社C,34903,511,写真集 57の詳細説明です。高品質でおすすめの商品です。,2023-03-28
6817,絵本 57,本・雑誌,出版社B,1450,72,絵本 57の詳細説明です。高品質でおすすめの商品です。,2023-12-18
6818,雑誌バックナンバー 57,本・雑誌,出版社C,49299,398,雑誌バックナンバー 57の詳細説明です。高品質でおすすめの商品です。,2023-06-20
6819,辞書 57,本・雑誌,出版社D,36452,31,辞書 57の詳細説明です。高品質でおすすめの商品です。,2023-11-02
6820,参考書 57,本・雑誌,出版社B,39145,397,参考書 57の詳細説明です。高品質でおすすめの商品です。,2023-08-24
6821,ビジネス書 58,本・雑誌,出版社C,3622,955,ビジネス書 58の詳細説明です。高品質でおすすめの商品です。,2023-06-19
6822,小説 58,本・雑誌,出版社C,22013,782,小説 58の詳細説明です。高品質でおすすめの商品です。,2023-10-23
6823,技術書 58,本・雑誌,出版社A,12569,384,技術書 58の詳細説明です。高品質でおすすめの商品です。,2023-09-02
6824,料理本 58,本・雑誌,出版社C,9993,73,料理本 58の詳細説明です。高品質でおすすめの商品です。,2023-01-13
6825,旅行ガイド 58,本・雑誌,出版社B,34761,463,旅行ガイド 58の詳細説明です。高品質でおすすめの商品です。,2023-11-16
6826,写真集 58,本・雑誌,出版社A,32268,719,写真集 58の詳細説明です。高品質でおすすめの商品です。,2023-04-13
6827,絵本 58,本・雑誌,出版社A,6431,421,絵本 58の詳細説明です。高品質でおすすめの商品です。,2023-12-05
6828,雑誌バックナンバー 58,本・雑誌,出版社C,4619,138,雑誌バックナンバー 58の詳細説明です。高品質でおすすめの商品です。,2023-10-15
6829,辞書 58,本・雑誌,出版社E,36248,103,辞書 58の詳細説明です。高品質でおすすめの商品です。,2023-02-11
6830,参考書 58,本・雑誌,出版社A,8848,585,参考書 58の詳細説明です。高品質でおすすめの商品です。,2023-09-15
6831,ビジネス書 59,本・雑誌,出版社C,7722,584,ビジネス書 59の詳細説明です。高品質でおすすめの商品です。,2023-10-01
6832,小説 59,本・雑誌,出版社D,39054,928,小説 59の詳細説明です。高品質でおすすめの商品です。,2023-08-23
6833,技術書 59,本・雑誌,出版社B,36938,618,技術書 59の詳細説明です。高品質でおすすめの商品です。,2023-05-02
6834,料理本 59,本・雑誌,出版社B,48880,863,料理本 59の詳細説明です。高品質でおすすめの商品です。,2023-12-07
6835,旅行ガイド 59,本・雑誌,出版社D,36343,909,旅行ガイド 59の詳細説明です。高品質でおすすめの商品です。,2023-03-11
6836,写真集 59,本・雑誌,出版社C,31003,455,写真集 59の詳細説明です。高品質でおすすめの商品です。,2023-04-08
6837,絵本 59,本・雑誌,出版社E,39223,120,絵本 59の詳細説明です。高品質でおすすめの商品です。,2023-12-03
6838,雑誌バックナンバー 59,本・雑誌,出版社A,11512,307,雑誌バックナンバー 59の詳細説明です。高品質でおすすめの商品です。,2023-01-08
6839,辞書 59,本・雑誌,出版社A,39856,593,辞書 59の詳細説明です。高品質でおすすめの商品です。,2023-07-10
6840,参考書 59,本・雑誌,出版社A,32095,492,参考書 59の詳細説明です。高品質でおすすめの商品です。,2023-07-20
6841,ビジネス書 60,本・雑誌,出版社B,43265,472,ビジネス書 60の詳細説明です。高品質でおすすめの商品です。,2023-10-21
6842,小説 60,本・雑誌,出版社B,37860,146,小説 60の詳細説明です。高品質でおすすめの商品です。,2023-06-21
6843,技術書 60,本・雑誌,出版社E,49463,517,技術書 60の詳細説明です。高品質でおすすめの商品です。,2023-03-20
6844,料理本 60,本・雑誌,出版社B,6408,558,料理本 60の詳細説明です。高品質でおすすめの商品です。,2023-06-02
6845,旅行ガイド 60,本・雑誌,出版社B,11385,655,旅行ガイド 60の詳細説明です。高品質でおすすめの商品です。,2023-08-23
6846,写真集 60,本・雑誌,出版社A,37503,876,写真集 60の詳細説明です。高品質でおすすめの商品です。,2023-11-27
6847,絵本 60,本・雑誌,出版社B,42397,326,絵本 60の詳細説明です。高品質でおすすめの商品です。,2023-05-22
6848,雑誌バックナンバー 60,本・雑誌,出版社B,36608,959,雑誌バックナンバー 60の詳細説明です。高品質でおすすめの商品です。,2023-09-03
6849,辞書 60,本・雑誌,出版社B,9239,295,辞書 60の詳細説明です。高品質でおすすめの商品です。,2023-03-20
6850,参考書 60,本・雑誌,出版社C,5409,784,参考書 60の詳細説明です。高品質でおすすめの商品です。,2023-09-04
6851,ビジネス書 61,本・雑誌,出版社C,8243,78,ビジネス書 61の詳細説明です。高品質でおすすめの商品です。,2023-05-12
6852,小説 61,本・雑誌,出版社B,42123,253,小説 61の詳細説明です。高品質でおすすめの商品です。,2023-04-02
6853,技術書 61,本・雑誌,出版社C,20398,673,技術書 61の詳細説明です。高品質でおすすめの商品です。,2023-03-18
6854,料理本 61,本・雑誌,出版社C,38613,510,料理本 61の詳細説明です。高品質でおすすめの商品です。,2023-05-06
6855,旅行ガイド 61,本・雑誌,出版社E,48714,605,旅行ガイド 61の詳細説明です。高品質でおすすめの商品です。,2023-03-18
6856,写真集 61,本・雑誌,出版社D,18222,502,写真集 61の詳細説明です。高品質でおすすめの商品です。,2023-11-15
6857,絵本 61,本・雑誌,出版社C,46196,675,絵本 61の詳細説明です。高品質でおすすめの商品です。,2023-06-03
6858,雑誌バックナンバー 61,本・雑誌,出版社A,46996,460,雑誌バックナンバー 61の詳細説明です。高品質でおすすめの商品です。,2023-03-28
6859,辞書 61,本・雑誌,出版社A,19284,289,辞書 61の詳細説明です。高品質でおすすめの商品です。,2023-01-31
6860,参考書 61,本・雑誌,出版社B,29077,721,参考書 61の詳細説明です。高品質でおすすめの商品です。,2023-01-03
6861,ビジネス書 62,本・雑誌,出版社D,24028,696,ビジネス書 62の詳細説明です。高品質でおすすめの商品です。,2023-04-30
6862,小説 62,本・雑誌,出版社A,29580,607,小説 62の詳細説明です。高品質でおすすめの商品です。,2023-07-06
6863,技術書 62,本・雑誌,出版社A,676,175,技術書 62の詳細説明です。高品質でおすすめの商品です。,2023-08-27
6864,料理本 62,本・雑誌,出版社E,47690,544,料理本 62の詳細説明です。高品質でおすすめの商品です。,2023-07-03
6865,旅行ガイド 62,本・雑誌,出版社E,22936,297,旅行ガイド 62の詳細説明です。高品質でおすすめの商品です。,2023-06-29
6866,写真集 62,本・雑誌,出版社E,23595,526,写真集 62の詳細説明です。高品質でおすすめの商品です。,2023-09-30
6867,絵本 62,本・雑誌,出版社A,41400,499,絵本 62の詳細説明です。高品質でおすすめの商品です。,2023-12-14
6868,雑誌バックナンバー 62,本・雑誌,出版社C,10863,497,雑誌バックナンバー 62の詳細説明です。高品質でおすすめの商品です。,2023-04-28
6869,辞書 62,本・雑誌,出版社C,46884,488,辞書 62の詳細説明です。高品質でおすすめの商品です。,2023-04-24
6870,参考書 62,本・雑誌,出版社C,18338,724,参考書 62の詳細説明です。高品質でおすすめの商品です。,2023-02-14
6871,ビジネス書 63,本・雑誌,出版社B,11172,798,ビジネス書 63の詳細説明です。高品質でおすすめの商品です。,2023-11-08
6872,小説 63,本・雑誌,出版社C,25704,458,小説 63の詳細説明です。高品質でおすすめの商品です。,2023-11-17
6873,技術書 63,本・雑誌,出版社D,3335,20,技術書 63の詳細説明です。高品質でおすすめの商品です。,2023-10-06
6874,料理本 63,本・雑誌,出版社B,29933,859,料理本 63の詳細説明です。高品質でおすすめの商品です。,2023-02-22
6875,旅行ガイド 63,本・雑誌,出版社A,9375,93,旅行ガイド 63の詳細説明です。高品質でおすすめの商品です。,2023-09-02
6876,写真集 63,本・雑誌,出版社A,14733,933,写真集 63の詳細説明です。高品質でおすすめの商品です。,2023-01-28
6877,絵本 63,本・雑誌,出版社A,41090,747,絵本 63の詳細説明です。高品質でおすすめの商品です。,2023-01-15
6878,雑誌バックナンバー 63,本・雑誌,出版社E,21192,230,雑誌バックナンバー 63の詳細説明です。高品質でおすすめの商品です。,2023-03-03
6879,辞書 63,本・雑誌,出版社B,19327,792,辞書 63の詳細説明です。高品質でおすすめの商品です。,2023-12-20
6880,参考書 63,本・雑誌,出版社E,20165,837,参考書 63の詳細説明です。高品質でおすすめの商品です。,2023-11-11
6881,ビジネス書 64,本・雑誌,出版社D,25022,732,ビジネス書 64の詳細説明です。高品質でおすすめの商品です。,2023-05-21
6882,小説 64,本・雑誌,出版社A,49745,618,小説 64の詳細説明です。高品質でおすすめの商品です。,2023-01-13
6883,技術書 64,本・雑誌,出版社E,16840,981,技術書 64の詳細説明です。高品質でおすすめの商品です。,2023-04-23
6884,料理本 64,本・雑誌,出版社A,39581,133,料理本 64の詳細説明です。高品質でおすすめの商品です。,2023-06-30
6885,旅行ガイド 64,本・雑誌,出版社B,30543,738,旅行ガイド 64の詳細説明です。高品質でおすすめの商品です。,2023-02-25
6886,写真集 64,本・雑誌,出版社B,13918,872,写真集 64の詳細説明です。高品質でおすすめの商品です。,2023-07-23
6887,絵本 64,本・雑誌,出版社A,5945,520,絵本 64の詳細説明です。高品質でおすすめの商品です。,2023-11-25
6888,雑誌バックナンバー 64,本・雑誌,出版社B,46913,188,雑誌バックナンバー 64の詳細説明です。高品質でおすすめの商品です。,2023-06-13
6889,辞書 64,本・雑誌,出版社C,23154,641,辞書 64の詳細説明です。高品質でおすすめの商品です。,2023-01-15
6890,参考書 64,本・雑誌,出版社E,41564,166,参考書 64の詳細説明です。高品質でおすすめの商品です。,2023-05-13
6891,ビジネス書 65,本・雑誌,出版社D,46501,249,ビジネス書 65の詳細説明です。高品質でおすすめの商品です。,2023-01-02
6892,小説 65,本・雑誌,出版社C,25756,249,小説 65の詳細説明です。高品質でおすすめの商品です。,2023-11-11
6893,技術書 65,本・雑誌,出版社C,17949,149,技術書 65の詳細説明です。高品質でおすすめの商品です。,2023-07-11
6894,料理本 65,本・雑誌,出版社A,12804,365,料理本 65の詳細説明です。高品質でおすすめの商品です。,2023-04-09
6895,旅行ガイド 65,本・雑誌,出版社A,21740,362,旅行ガイド 65の詳細説明です。高品質でおすすめの商品です。,2023-10-01
6896,写真集 65,本・雑誌,出版社E,33683,195,写真集 65の詳細説明です。高品質でおすすめの商品です。,2023-12-24
6897,絵本 65,本・雑誌,出版社D,14751,764,絵本 65の詳細説明です。高品質でおすすめの商品です。,2023-05-02
6898,雑誌バックナンバー 65,本・雑誌,出版社B,33661,417,雑誌バックナンバー 65の詳細説明です。高品質でおすすめの商品です。,2023-12-27
6899,辞書 65,本・雑誌,出版社E,29491,319,辞書 65の詳細説明です。高品質でおすすめの商品です。,2023-02-26
6900,参考書 65,本・雑誌,出版社B,36092,869,参考書 65の詳細説明です。高品質でおすすめの商品です。,2023-05-09
6901,ビジネス書 66,本・雑誌,出版社B,24859,330,ビジネス書 66の詳細説明です。高品質でおすすめの商品です。,2023-01-03
6902,小説 66,本・雑誌,出版社B,42967,570,小説 66の詳細説明です。高品質でおすすめの商品です。,2023-04-03
6903,技術書 66,本・雑誌,出版社D,41301,383,技術書 66の詳細説明です。高品質でおすすめの商品です。,2023-11-10
6904,料理本 66,本・雑誌,出版社D,19627,879,料理本 66の詳細説明です。高品質でおすすめの商品です。,2023-10-10
6905,旅行ガイド 66,本・雑誌,出版社C,43468,365,旅行ガイド 66の詳細説明です。高品質でおすすめの商品です。,2023-08-04
6906,写真集 66,本・雑誌,出版社A,18084,567,写真集 66の詳細説明です。高品質でおすすめの商品です。,2023-08-07
6907,絵本 66,本・雑誌,出版社B,47740,633,絵本 66の詳細説明です。高品質でおすすめの商品です。,2023-12-07
6908,雑誌バックナンバー 66,本・雑誌,出版社B,36355,890,雑誌バックナンバー 66の詳細説明です。高品質でおすすめの商品です。,2023-12-14
6909,辞書 66,本・雑誌,出版社E,17763,277,辞書 66の詳細説明です。高品質でおすすめの商品です。,2023-01-26
6910,参考書 66,本・雑誌,出版社E,25168,576,参考書 66の詳細説明です。高品質でおすすめの商品です。,2023-07-03
6911,ビジネス書 67,本・雑誌,出版社E,45137,964,ビジネス書 67の詳細説明です。高品質でおすすめの商品です。,2023-02-22
6912,小説 67,本・雑誌,出版社E,47499,870,小説 67の詳細説明です。高品質でおすすめの商品です。,2023-12-28
6913,技術書 67,本・雑誌,出版社B,43668,515,技術書 67の詳細説明です。高品質でおすすめの商品です。,2023-03-30
6914,料理本 67,本・雑誌,出版社D,18891,883,料理本 67の詳細説明です。高品質でおすすめの商品です。,2023-09-28
6915,旅行ガイド 67,本・雑誌,出版社A,49316,384,旅行ガイド 67の詳細説明です。高品質でおすすめの商品です。,2023-05-26
6916,写真集 67,本・雑誌,出版社D,4735,237,写真集 67の詳細説明です。高品質でおすすめの商品です。,2023-08-21
6917,絵本 67,本・雑誌,出版社D,42518,215,絵本 67の詳細説明です。高品質でおすすめの商品です。,2023-10-24
6918,雑誌バックナンバー 67,本・雑誌,出版社B,28631,581,雑誌バックナンバー 67の詳細説明です。高品質でおすすめの商品です。,2023-07-10
6919,辞書 67,本・雑誌,出版社A,47115,245,辞書 67の詳細説明です。高品質でおすすめの商品です。,2023-12-12
6920,参考書 67,本・雑誌,出版社D,8801,610,参考書 67の詳細説明です。高品質でおすすめの商品です。,2023-05-19
6921,ビジネス書 68,本・雑誌,出版社A,21399,656,ビジネス書 68の詳細説明です。高品質でおすすめの商品です。,2023-12-12
6922,小説 68,本・雑誌,出版社C,16728,584,小説 68の詳細説明です。高品質でおすすめの商品です。,2023-08-05
6923,技術書 68,本・雑誌,出版社C,31224,87,技術書 68の詳細説明です。高品質でおすすめの商品です。,2023-08-11
6924,料理本 68,本・雑誌,出版社D,27038,5,料理本 68の詳細説明です。高品質でおすすめの商品です。,2023-10-15
6925,旅行ガイド 68,本・雑誌,出版社D,13332,884,旅行ガイド 68の詳細説明です。高品質でおすすめの商品です。,2023-07-10
6926,写真集 68,本・雑誌,出版社E,1144,641,写真集 68の詳細説明です。高品質でおすすめの商品です。,2023-07-13
6927,絵本 68,本・雑誌,出版社D,8189,74,絵本 68の詳細説明です。高品質でおすすめの商品です。,2023-02-25
6928,雑誌バックナンバー 68,本・雑誌,出版社D,4687,923,雑誌バックナンバー 68の詳細説明です。高品質でおすすめの商品です。,2023-05-25
6929,辞書 68,本・雑誌,出版社A,36418,74,辞書 68の詳細説明です。高品質でおすすめの商品です。,2023-02-09
6930,参考書 68,本・雑誌,出版社E,44835,911,参考書 68の詳細説明です。高品質でおすすめの商品です。,2023-11-26
6931,ビジネス書 69,本・雑誌,出版社A,48045,722,ビジネス書 69の詳細説明です。高品質でおすすめの商品です。,2023-12-03
6932,小説 69,本・雑誌,出版社E,43733,675,小説 69の詳細説明です。高品質でおすすめの商品です。,2023-04-10
6933,技術書 69,本・雑誌,出版社D,6563,590,技術書 69の詳細説明です。高品質でおすすめの商品です。,2023-12-26
6934,料理本 69,本・雑誌,出版社A,1628,424,料理本 69の詳細説明です。高品質でおすすめの商品です。,2023-02-13
6935,旅行ガイド 69,本・雑誌,出版社A,30870,218,旅行ガイド 69の詳細説明です。高品質でおすすめの商品です。,2023-01-17
6936,写真集 69,本・雑誌,出版社B,41637,477,写真集 69の詳細説明です。高品質でおすすめの商品です。,2023-05-11
6937,絵本 69,本・雑誌,出版社A,43436,37,絵本 69の詳細説明です。高品質でおすすめの商品です。,2023-11-21
6938,雑誌バックナンバー 69,本・雑誌,出版社E,5642,206,雑誌バックナンバー 69の詳細説明です。高品質でおすすめの商品です。,2023-05-12
6939,辞書 69,本・雑誌,出版社C,17180,189,辞書 69の詳細説明です。高品質でおすすめの商品です。,2023-01-05
6940,参考書 69,本・雑誌,出版社B,41931,665,参考書 69の詳細説明です。高品質でおすすめの商品です。,2023-09-22
6941,ビジネス書 70,本・雑誌,出版社C,17545,879,ビジネス書 70の詳細説明です。高品質でおすすめの商品です。,2023-08-07
6942,小説 70,本・雑誌,出版社A,15656,576,小説 70の詳細説明です。高品質でおすすめの商品です。,2023-08-13
6943,技術書 70,本・雑誌,出版社C,8511,824,技術書 70の詳細説明です。高品質でおすすめの商品です。,2023-05-01
6944,料理本 70,本・雑誌,出版社D,39938,99,料理本 70の詳細説明です。高品質でおすすめの商品です。,2023-04-17
6945,旅行ガイド 70,本・雑誌,出版社B,27509,293,旅行ガイド 70の詳細説明です。高品質でおすすめの商品です。,2023-12-08
6946,写真集 70,本・雑誌,出版社B,18256,572,写真集 70の詳細説明です。高品質でおすすめの商品です。,2023-03-20
6947,絵本 70,本・雑誌,出版社A,8285,572,絵本 70の詳細説明です。高品質でおすすめの商品です。,2023-01-11
6948,雑誌バックナンバー 70,本・雑誌,出版社A,19937,306,雑誌バックナンバー 70の詳細説明です。高品質でおすすめの商品です。,2023-03-27
6949,辞書 70,本・雑誌,出版社A,19805,884,辞書 70の詳細説明です。高品質でおすすめの商品です。,2023-11-19
6950,参考書 70,本・雑誌,出版社E,16750,248,参考書 70の詳細説明です。高品質でおすすめの商品です。,2023-03-16
6951,ビジネス書 71,本・雑誌,出版社D,49993,789,ビジネス書 71の詳細説明です。高品質でおすすめの商品です。,2023-12-15
6952,小説 71,本・雑誌,出版社A,46684,332,小説 71の詳細説明です。高品質でおすすめの商品です。,2023-06-23
6953,技術書 71,本・雑誌,出版社A,30308,412,技術書 71の詳細説明です。高品質でおすすめの商品です。,2023-07-30
6954,料理本 71,本・雑誌,出版社A,13670,756,料理本 71の詳細説明です。高品質でおすすめの商品です。,2023-06-01
6955,旅行ガイド 71,本・雑誌,出版社E,40441,186,旅行ガイド 71の詳細説明です。高品質でおすすめの商品です。,2023-06-20
6956,写真集 71,本・雑誌,出版社E,3044,924,写真集 71の詳細説明です。高品質でおすすめの商品です。,2023-10-16
6957,絵本 71,本・雑誌,出版社C,36889,361,絵本 71の詳細説明です。高品質でおすすめの商品です。,2023-01-05
6958,雑誌バックナンバー 71,本・雑誌,出版社E,17950,696,雑誌バックナンバー 71の詳細説明です。高品質でおすすめの商品です。,2023-03-18
6959,辞書 71,本・雑誌,出版社A,2161,198,辞書 71の詳細説明です。高品質でおすすめの商品です。,2023-02-23
6960,参考書 71,本・雑誌,出版社C,26461,565,参考書 71の詳細説明です。高品質でおすすめの商品です。,2023-02-19
6961,ビジネス書 72,本・雑誌,出版社D,12090,29,ビジネス書 72の詳細説明です。高品質でおすすめの商品です。,2023-03-30
6962,小説 72,本・雑誌,出版社B,30819,842,小説 72の詳細説明です。高品質でおすすめの商品です。,2023-03-18
6963,技術書 72,本・雑誌,出版社D,5765,237,技術書 72の詳細説明です。高品質でおすすめの商品です。,2023-10-23
6964,料理本 72,本・雑誌,出版社D,48355,529,料理本 72の詳細説明です。高品質でおすすめの商品です。,2023-02-27
6965,旅行ガイド 72,本・雑誌,出版社A,29353,308,旅行ガイド 72の詳細説明です。高品質でおすすめの商品です。,2023-07-13
6966,写真集 72,本・雑誌,出版社A,39379,475,写真集 72の詳細説明です。高品質でおすすめの商品です。,2023-03-04
6967,絵本 72,本・雑誌,出版社A,25036,77,絵本 72の詳細説明です。高品質でおすすめの商品です。,2023-09-29
6968,雑誌バックナンバー 72,本・雑誌,出版社C,27293,31,雑誌バックナンバー 72の詳細説明です。高品質でおすすめの商品です。,2023-02-01
6969,辞書 72,本・雑誌,出版社C,46636,257,辞書 72の詳細説明です。高品質でおすすめの商品です。,2023-04-22
6970,参考書 72,本・雑誌,出版社D,24194,483,参考書 72の詳細説明です。高品質でおすすめの商品です。,2023-12-19
6971,ビジネス書 73,本・雑誌,出版社B,18864,682,ビジネス書 73の詳細説明です。高品質でおすすめの商品です。,2023-07-18
6972,小説 73,本・雑誌,出版社E,16232,754,小説 73の詳細説明です。高品質でおすすめの商品です。,2023-10-29
6973,技術書 73,本・雑誌,出版社E,2394,166,技術書 73の詳細説明です。高品質でおすすめの商品です。,2023-05-05
6974,料理本 73,本・雑誌,出版社C,37148,376,料理本 73の詳細説明です。高品質でおすすめの商品です。,2023-01-12
6975,旅行ガイド 73,本・雑誌,出版社A,9909,266,旅行ガイド 73の詳細説明です。高品質でおすすめの商品です。,2023-03-02
6976,写真集 73,本・雑誌,出版社C,28698,603,写真集 73の詳細説明です。高品質でおすすめの商品です。,2023-11-06
6977,絵本 73,本・雑誌,出版社C,22549,594,絵本 73の詳細説明です。高品質でおすすめの商品です。,2023-10-09
6978,雑誌バックナンバー 73,本・雑誌,出版社A,2630,696,雑誌バックナンバー 73の詳細説明です。高品質でおすすめの商品です。,2023-07-08
6979,辞書 73,本・雑誌,出版社A,36590,702,辞書 73の詳細説明です。高品質でおすすめの商品です。,2023-09-12
6980,参考書 73,本・雑誌,出版社E,49760,140,参考書 73の詳細説明です。高品質でおすすめの商品です。,2023-12-25
6981,ビジネス書 74,本・雑誌,出版社E,16206,510,ビジネス書 74の詳細説明です。高品質でおすすめの商品です。,2023-05-09
6982,小説 74,本・雑誌,出版社D,10093,73,小説 74の詳細説明です。高品質でおすすめの商品です。,2023-06-01
6983,技術書 74,本・雑誌,出版社B,49779,883,技術書 74の詳細説明です。高品質でおすすめの商品です。,2023-05-27
6984,料理本 74,本・雑誌,出版社A,45619,430,料理本 74の詳細説明です。高品質でおすすめの商品です。,2023-12-14
6985,旅行ガイド 74,本・雑誌,出版社B,7864,850,旅行ガイド 74の詳細説明です。高品質でおすすめの商品です。,2023-06-06
6986,写真集 74,本・雑誌,出版社A,27582,287,写真集 74の詳細説明です。高品質でおすすめの商品です。,2023-12-09
6987,絵本 74,本・雑誌,出版社B,45626,62,絵本 74の詳細説明です。高品質でおすすめの商品です。,2023-01-23
6988,雑誌バックナンバー 74,本・雑誌,出版社E,11511,690,雑誌バックナンバー 74の詳細説明です。高品質でおすすめの商品です。,2023-10-12
6989,辞書 74,本・雑誌,出版社C,41312,149,辞書 74の詳細説明です。高品質でおすすめの商品です。,2023-05-18
6990,参考書 74,本・雑誌,出版社A,18765,958,参考書 74の詳細説明です。高品質でおすすめの商品です。,2023-04-10
6991,ビジネス書 75,本・雑誌,出版社E,11733,125,ビジネス書 75の詳細説明です。高品質でおすすめの商品です。,2023-06-08
6992,小説 75,本・雑誌,出版社E,34679,555,小説 75の詳細説明です。高品質でおすすめの商品です。,2023-09-27
6993,技術書 75,本・雑誌,出版社D,21125,394,技術書 75の詳細説明です。高品質でおすすめの商品です。,2023-07-18
6994,料理本 75,本・雑誌,出版社E,3730,955,料理本 75の詳細説明です。高品質でおすすめの商品です。,2023-10-11
6995,旅行ガイド 75,本・雑誌,出版社A,14326,506,旅行ガイド 75の詳細説明です。高品質でおすすめの商品です。,2023-08-20
6996,写真集 75,本・雑誌,出版社C,38206,277,写真集 75の詳細説明です。高品質でおすすめの商品です。,2023-04-26
6997,絵本 75,本・雑誌,出版社B,48557,70,絵本 75の詳細説明です。高品質でおすすめの商品です。,2023-12-24
6998,雑誌バックナンバー 75,本・雑誌,出版社E,19467,127,雑誌バックナンバー 75の詳細説明です。高品質でおすすめの商品です。,2023-10-14
6999,辞書 75,本・雑誌,出版社C,9150,282,辞書 75の詳細説明です。高品質でおすすめの商品です。,2023-05-20
7000,参考書 75,本・雑誌,出版社A,8382,969,参考書 75の詳細説明です。高品質でおすすめの商品です。,2023-06-03
7001,ビジネス書 76,本・雑誌,出版社C,42195,485,ビジネス書 76の詳細説明です。高品質でおすすめの商品です。,2023-07-07
7002,小説 76,本・雑誌,出版社C,5528,994,小説 76の詳細説明です。高品質でおすすめの商品です。,2023-05-30
7003,技術書 76,本・雑誌,出版社E,44172,687,技術書 76の詳細説明です。高品質でおすすめの商品です。,2023-07-19
7004,料理本 76,本・雑誌,出版社D,46880,933,料理本 76の詳細説明です。高品質でおすすめの商品です。,2023-02-06
7005,旅行ガイド 76,本・雑誌,出版社C,10748,389,旅行ガイド 76の詳細説明です。高品質でおすすめの商品です。,2023-06-05
7006,写真集 76,本・雑誌,出版社A,44113,770,写真集 76の詳細説明です。高品質でおすすめの商品です。,2023-11-30
7007,絵本 76,本・雑誌,出版社C,21712,690,絵本 76の詳細説明です。高品質でおすすめの商品です。,2023-02-01
7008,雑誌バックナンバー 76,本・雑誌,出版社E,28393,883,雑誌バックナンバー 76の詳細説明です。高品質でおすすめの商品です。,2023-08-25
7009,辞書 76,本・雑誌,出版社B,42035,69,辞書 76の詳細説明です。高品質でおすすめの商品です。,2023-04-18
7010,参考書 76,本・雑誌,出版社D,11880,275,参考書 76の詳細説明です。高品質でおすすめの商品です。,2023-05-27
7011,ビジネス書 77,本・雑誌,出版社A,35430,280,ビジネス書 77の詳細説明です。高品質でおすすめの商品です。,2023-01-30
7012,小説 77,本・雑誌,出版社A,31199,306,小説 77の詳細説明です。高品質でおすすめの商品です。,2023-11-22
7013,技術書 77,本・雑誌,出版社C,17693,331,技術書 77の詳細説明です。高品質でおすすめの商品です。,2023-03-04
7014,料理本 77,本・雑誌,出版社A,40025,317,料理本 77の詳細説明です。高品質でおすすめの商品です。,2023-07-21
7015,旅行ガイド 77,本・雑誌,出版社C,40724,704,旅行ガイド 77の詳細説明です。高品質でおすすめの商品です。,2023-06-07
7016,写真集 77,本・雑誌,出版社D,9649,278,写真集 77の詳細説明です。高品質でおすすめの商品です。,2023-11-26
7017,絵本 77,本・雑誌,出版社E,7073,150,絵本 77の詳細説明です。高品質でおすすめの商品です。,2023-03-25
7018,雑誌バックナンバー 77,本・雑誌,出版社E,43375,822,雑誌バックナンバー 77の詳細説明です。高品質でおすすめの商品です。,2023-11-29
7019,辞書 77,本・雑誌,出版社C,16584,624,辞書 77の詳細説明です。高品質でおすすめの商品です。,2023-05-12
7020,参考書 77,本・雑誌,出版社D,14794,716,参考書 77の詳細説明です。高品質でおすすめの商品です。,2023-04-10
7021,ビジネス書 78,本・雑誌,出版社E,33111,248,ビジネス書 78の詳細説明です。高品質でおすすめの商品です。,2023-08-02
7022,小説 78,本・雑誌,出版社A,33882,580,小説 78の詳細説明です。高品質でおすすめの商品です。,2023-12-09
7023,技術書 78,本・雑誌,出版社E,11689,989,技術書 78の詳細説明です。高品質でおすすめの商品です。,2023-08-06
7024,料理本 78,本・雑誌,出版社D,12175,556,料理本 78の詳細説明です。高品質でおすすめの商品です。,2023-05-26
7025,旅行ガイド 78,本・雑誌,出版社A,31688,523,旅行ガイド 78の詳細説明です。高品質でおすすめの商品です。,2023-02-05
7026,写真集 78,本・雑誌,出版社B,18688,616,写真集 78の詳細説明です。高品質でおすすめの商品です。,2023-06-17
7027,絵本 78,本・雑誌,出版社D,32101,603,絵本 78の詳細説明です。高品質でおすすめの商品です。,2023-09-24
7028,雑誌バックナンバー 78,本・雑誌,出版社A,48385,479,雑誌バックナンバー 78の詳細説明です。高品質でおすすめの商品です。,2023-04-28
7029,辞書 78,本・雑誌,出版社A,35544,987,辞書 78の詳細説明です。高品質でおすすめの商品です。,2023-06-23
7030,参考書 78,本・雑誌,出版社E,2113,781,参考書 78の詳細説明です。高品質でおすすめの商品です。,2023-05-14
7031,ビジネス書 79,本・雑誌,出版社D,15217,608,ビジネス書 79の詳細説明です。高品質でおすすめの商品です。,2023-07-18
7032,小説 79,本・雑誌,出版社B,33121,812,小説 79の詳細説明です。高品質でおすすめの商品です。,2023-04-14
7033,技術書 79,本・雑誌,出版社B,17787,53,技術書 79の詳細説明です。高品質でおすすめの商品です。,2023-11-26
7034,料理本 79,本・雑誌,出版社B,30637,449,料理本 79の詳細説明です。高品質でおすすめの商品です。,2023-06-23
7035,旅行ガイド 79,本・雑誌,出版社D,3064,662,旅行ガイド 79の詳細説明です。高品質でおすすめの商品です。,2023-04-05
7036,写真集 79,本・雑誌,出版社E,48686,391,写真集 79の詳細説明です。高品質でおすすめの商品です。,2023-06-07
7037,絵本 79,本・雑誌,出版社E,19525,517,絵本 79の詳細説明です。高品質でおすすめの商品です。,2023-07-06
7038,雑誌バックナンバー 79,本・雑誌,出版社D,29842,338,雑誌バックナンバー 79の詳細説明です。高品質でおすすめの商品です。,2023-06-26
7039,辞書 79,本・雑誌,出版社A,34566,332,辞書 79の詳細説明です。高品質でおすすめの商品です。,2023-08-18
7040,参考書 79,本・雑誌,出版社E,12835,959,参考書 79の詳細説明です。高品質でおすすめの商品です。,2023-06-28
7041,ビジネス書 80,本・雑誌,出版社C,35044,825,ビジネス書 80の詳細説明です。高品質でおすすめの商品です。,2023-07-22
7042,小説 80,本・雑誌,出版社A,38972,362,小説 80の詳細説明です。高品質でおすすめの商品です。,2023-03-03
7043,技術書 80,本・雑誌,出版社D,1975,660,技術書 80の詳細説明です。高品質でおすすめの商品です。,2023-12-21
7044,料理本 80,本・雑誌,出版社C,45872,564,料理本 80の詳細説明です。高品質でおすすめの商品です。,2023-04-16
7045,旅行ガイド 80,本・雑誌,出版社D,12070,169,旅行ガイド 80の詳細説明です。高品質でおすすめの商品です。,2023-10-08
7046,写真集 80,本・雑誌,出版社C,27302,561,写真集 80の詳細説明です。高品質でおすすめの商品です。,2023-04-14
7047,絵本 80,本・雑誌,出版社A,31690,480,絵本 80の詳細説明です。高品質でおすすめの商品です。,2023-05-31
7048,雑誌バックナンバー 80,本・雑誌,出版社A,11231,689,雑誌バックナンバー 80の詳細説明です。高品質でおすすめの商品です。,2023-12-16
7049,辞書 80,本・雑誌,出版社B,17453,471,辞書 80の詳細説明です。高品質でおすすめの商品です。,2023-12-03
7050,参考書 80,本・雑誌,出版社C,39544,4,参考書 80の詳細説明です。高品質でおすすめの商品です。,2023-11-21
7051,ビジネス書 81,本・雑誌,出版社C,9500,171,ビジネス書 81の詳細説明です。高品質でおすすめの商品です。,2023-11-24
7052,小説 81,本・雑誌,出版社E,34113,134,小説 81の詳細説明です。高品質でおすすめの商品です。,2023-07-15
7053,技術書 81,本・雑誌,出版社E,21884,153,技術書 81の詳細説明です。高品質でおすすめの商品です。,2023-11-09
7054,料理本 81,本・雑誌,出版社C,6002,625,料理本 81の詳細説明です。高品質でおすすめの商品です。,2023-05-03
7055,旅行ガイド 81,本・雑誌,出版社D,23984,950,旅行ガイド 81の詳細説明です。高品質でおすすめの商品です。,2023-05-23
7056,写真集 81,本・雑誌,出版社A,20867,257,写真集 81の詳細説明です。高品質でおすすめの商品です。,2023-02-02
7057,絵本 81,本・雑誌,出版社E,45622,782,絵本 81の詳細説明です。高品質でおすすめの商品です。,2023-03-29
7058,雑誌バックナンバー 81,本・雑誌,出版社C,15760,528,雑誌バックナンバー 81の詳細説明です。高品質でおすすめの商品です。,2023-07-31
7059,辞書 81,本・雑誌,出版社B,12070,147,辞書 81の詳細説明です。高品質でおすすめの商品です。,2023-05-31
7060,参考書 81,本・雑誌,出版社C,18034,737,参考書 81の詳細説明です。高品質でおすすめの商品です。,2023-11-19
7061,ビジネス書 82,本・雑誌,出版社B,48315,79,ビジネス書 82の詳細説明です。高品質でおすすめの商品です。,2023-02-02
7062,小説 82,本・雑誌,出版社D,16395,674,小説 82の詳細説明です。高品質でおすすめの商品です。,2023-11-06
7063,技術書 82,本・雑誌,出版社D,3311,168,技術書 82の詳細説明です。高品質でおすすめの商品です。,2023-04-08
7064,料理本 82,本・雑誌,出版社A,44507,723,料理本 82の詳細説明です。高品質でおすすめの商品です。,2023-12-15
7065,旅行ガイド 82,本・雑誌,出版社D,24059,579,旅行ガイド 82の詳細説明です。高品質でおすすめの商品です。,2023-10-02
7066,写真集 82,本・雑誌,出版社C,28220,236,写真集 82の詳細説明です。高品質でおすすめの商品です。,2023-10-19
7067,絵本 82,本・雑誌,出版社D,31845,209,絵本 82の詳細説明です。高品質でおすすめの商品です。,2023-11-28
7068,雑誌バックナンバー 82,本・雑誌,出版社C,31676,827,雑誌バックナンバー 82の詳細説明です。高品質でおすすめの商品です。,2023-05-28
7069,辞書 82,本・雑誌,出版社C,5938,448,辞書 82の詳細説明です。高品質でおすすめの商品です。,2023-11-05
7070,参考書 82,本・雑誌,出版社E,41612,312,参考書 82の詳細説明です。高品質でおすすめの商品です。,2023-07-24
7071,ビジネス書 83,本・雑誌,出版社E,25570,439,ビジネス書 83の詳細説明です。高品質でおすすめの商品です。,2023-01-02
7072,小説 83,本・雑誌,出版社D,31719,227,小説 83の詳細説明です。高品質でおすすめの商品です。,2023-07-17
7073,技術書 83,本・雑誌,出版社B,6132,174,技術書 83の詳細説明です。高品質でおすすめの商品です。,2023-04-27
7074,料理本 83,本・雑誌,出版社A,15149,39,料理本 83の詳細説明です。高品質でおすすめの商品です。,2023-05-30
7075,旅行ガイド 83,本・雑誌,出版社D,6157,657,旅行ガイド 83の詳細説明です。高品質でおすすめの商品です。,2023-08-12
7076,写真集 83,本・雑誌,出版社C,27090,548,写真集 83の詳細説明です。高品質でおすすめの商品です。,2023-09-26
7077,絵本 83,本・雑誌,出版社E,1849,328,絵本 83の詳細説明です。高品質でおすすめの商品です。,2023-06-15
7078,雑誌バックナンバー 83,本・雑誌,出版社D,1643,636,雑誌バックナンバー 83の詳細説明です。高品質でおすすめの商品です。,2023-07-10
7079,辞書 83,本・雑誌,出版社E,28850,785,辞書 83の詳細説明です。高品質でおすすめの商品です。,2023-08-09
7080,参考書 83,本・雑誌,出版社C,6589,110,参考書 83の詳細説明です。高品質でおすすめの商品です。,2023-12-06
7081,ビジネス書 84,本・雑誌,出版社D,3857,328,ビジネス書 84の詳細説明です。高品質でおすすめの商品です。,2023-04-04
7082,小説 84,本・雑誌,出版社B,36169,455,小説 84の詳細説明です。高品質でおすすめの商品です。,2023-03-12
7083,技術書 84,本・雑誌,出版社E,3183,870,技術書 84の詳細説明です。高品質でおすすめの商品です。,2023-07-24
7084,料理本 84,本・雑誌,出版社D,25925,972,料理本 84の詳細説明です。高品質でおすすめの商品です。,2023-12-23
7085,旅行ガイド 84,本・雑誌,出版社D,20806,338,旅行ガイド 84の詳細説明です。高品質でおすすめの商品です。,2023-05-22
7086,写真集 84,本・雑誌,出版社E,3687,143,写真集 84の詳細説明です。高品質でおすすめの商品です。,2023-08-24
7087,絵本 84,本・雑誌,出版社E,19467,466,絵本 84の詳細説明です。高品質でおすすめの商品です。,2023-12-09
7088,雑誌バックナンバー 84,本・雑誌,出版社A,28504,391,雑誌バックナンバー 84の詳細説明です。高品質でおすすめの商品です。,2023-10-06
7089,辞書 84,本・雑誌,出版社E,37668,319,辞書 84の詳細説明です。高品質でおすすめの商品です。,2023-03-01
7090,参考書 84,本・雑誌,出版社A,13126,506,参考書 84の詳細説明です。高品質でおすすめの商品です。,2023-10-17
7091,ビジネス書 85,本・雑誌,出版社C,6502,565,ビジネス書 85の詳細説明です。高品質でおすすめの商品です。,2023-05-13
7092,小説 85,本・雑誌,出版社E,10040,887,小説 85の詳細説明です。高品質でおすすめの商品です。,2023-03-13
7093,技術書 85,本・雑誌,出版社C,39771,681,技術書 85の詳細説明です。高品質でおすすめの商品です。,2023-02-08
7094,料理本 85,本・雑誌,出版社B,48562,846,料理本 85の詳細説明です。高品質でおすすめの商品です。,2023-03-01
7095,旅行ガイド 85,本・雑誌,出版社B,33720,189,旅行ガイド 85の詳細説明です。高品質でおすすめの商品です。,2023-12-14
7096,写真集 85,本・雑誌,出版社E,18127,226,写真集 85の詳細説明です。高品質でおすすめの商品です。,2023-11-03
7097,絵本 85,本・雑誌,出版社D,30070,394,絵本 85の詳細説明です。高品質でおすすめの商品です。,2023-03-28
7098,雑誌バックナンバー 85,本・雑誌,出版社A,29768,145,雑誌バックナンバー 85の詳細説明です。高品質でおすすめの商品です。,2023-02-15
7099,辞書 85,本・雑誌,出版社C,18766,975,辞書 85の詳細説明です。高品質でおすすめの商品です。,2023-02-19
7100,参考書 85,本・雑誌,出版社C,8611,801,参考書 85の詳細説明です。高品質でおすすめの商品です。,2023-02-27
7101,ビジネス書 86,本・雑誌,出版社E,9257,891,ビジネス書 86の詳細説明です。高品質でおすすめの商品です。,2023-02-01
7102,小説 86,本・雑誌,出版社D,47510,798,小説 86の詳細説明です。高品質でおすすめの商品です。,2023-05-20
7103,技術書 86,本・雑誌,出版社B,45252,509,技術書 86の詳細説明です。高品質でおすすめの商品です。,2023-02-03
7104,料理本 86,本・雑誌,出版社E,4024,945,料理本 86の詳細説明です。高品質でおすすめの商品です。,2023-10-02
7105,旅行ガイド 86,本・雑誌,出版社E,44361,758,旅行ガイド 86の詳細説明です。高品質でおすすめの商品です。,2023-03-19
7106,写真集 86,本・雑誌,出版社B,35982,948,写真集 86の詳細説明です。高品質でおすすめの商品です。,2023-03-15
7107,絵本 86,本・雑誌,出版社D,20015,654,絵本 86の詳細説明です。高品質でおすすめの商品です。,2023-12-01
7108,雑誌バックナンバー 86,本・雑誌,出版社C,30360,377,雑誌バックナンバー 86の詳細説明です。高品質でおすすめの商品です。,2023-08-25
7109,辞書 86,本・雑誌,出版社B,2410,251,辞書 86の詳細説明です。高品質でおすすめの商品です。,2023-07-13
7110,参考書 86,本・雑誌,出版社D,6213,995,参考書 86の詳細説明です。高品質でおすすめの商品です。,2023-12-04
7111,ビジネス書 87,本・雑誌,出版社A,18208,974,ビジネス書 87の詳細説明です。高品質でおすすめの商品です。,2023-02-25
7112,小説 87,本・雑誌,出版社E,5812,898,小説 87の詳細説明です。高品質でおすすめの商品です。,2023-05-02
7113,技術書 87,本・雑誌,出版社A,4557,624,技術書 87の詳細説明です。高品質でおすすめの商品です。,2023-07-01
7114,料理本 87,本・雑誌,出版社A,6645,452,料理本 87の詳細説明です。高品質でおすすめの商品です。,2023-07-06
7115,旅行ガイド 87,本・雑誌,出版社D,48218,913,旅行ガイド 87の詳細説明です。高品質でおすすめの商品です。,2023-08-01
7116,写真集 87,本・雑誌,出版社A,11731,918,写真集 87の詳細説明です。高品質でおすすめの商品です。,2023-07-14
7117,絵本 87,本・雑誌,出版社B,39265,103,絵本 87の詳細説明です。高品質でおすすめの商品です。,2023-12-05
7118,雑誌バックナンバー 87,本・雑誌,出版社E,37479,685,雑誌バックナンバー 87の詳細説明です。高品質でおすすめの商品です。,2023-08-29
7119,辞書 87,本・雑誌,出版社C,29113,17,辞書 87の詳細説明です。高品質でおすすめの商品です。,2023-06-22
7120,参考書 87,本・雑誌,出版社C,33628,512,参考書 87の詳細説明です。高品質でおすすめの商品です。,2023-09-21
7121,ビジネス書 88,本・雑誌,出版社E,45515,243,ビジネス書 88の詳細説明です。高品質でおすすめの商品です。,2023-12-22
7122,小説 88,本・雑誌,出版社E,14672,822,小説 88の詳細説明です。高品質でおすすめの商品です。,2023-12-18
7123,技術書 88,本・雑誌,出版社C,40050,860,技術書 88の詳細説明です。高品質でおすすめの商品です。,2023-03-17
7124,料理本 88,本・雑誌,出版社C,22624,528,料理本 88の詳細説明です。高品質でおすすめの商品です。,2023-02-12
7125,旅行ガイド 88,本・雑誌,出版社B,28339,143,旅行ガイド 88の詳細説明です。高品質でおすすめの商品です。,2023-04-26
7126,写真集 88,本・雑誌,出版社C,46551,332,写真集 88の詳細説明です。高品質でおすすめの商品です。,2023-05-18
7127,絵本 88,本・雑誌,出版社C,34360,78,絵本 88の詳細説明です。高品質でおすすめの商品です。,2023-06-07
7128,雑誌バックナンバー 88,本・雑誌,出版社A,9970,253,雑誌バックナンバー 88の詳細説明です。高品質でおすすめの商品です。,2023-11-27
7129,辞書 88,本・雑誌,出版社C,8461,431,辞書 88の詳細説明です。高品質でおすすめの商品です。,2023-02-15
7130,参考書 88,本・雑誌,出版社D,37938,348,参考書 88の詳細説明です。高品質でおすすめの商品です。,2023-07-21
7131,ビジネス書 89,本・雑誌,出版社C,32833,428,ビジネス書 89の詳細説明です。高品質でおすすめの商品です。,2023-04-12
7132,小説 89,本・雑誌,出版社C,17827,743,小説 89の詳細説明です。高品質でおすすめの商品です。,2023-09-08
7133,技術書 89,本・雑誌,出版社D,45903,319,技術書 89の詳細説明です。高品質でおすすめの商品です。,2023-07-04
7134,料理本 89,本・雑誌,出版社C,29871,719,料理本 89の詳細説明です。高品質でおすすめの商品です。,2023-08-25
7135,旅行ガイド 89,本・雑誌,出版社C,9492,607,旅行ガイド 89の詳細説明です。高品質でおすすめの商品です。,2023-08-07
7136,写真集 89,本・雑誌,出版社C,31689,946,写真集 89の詳細説明です。高品質でおすすめの商品です。,2023-10-21
7137,絵本 89,本・雑誌,出版社C,19033,906,絵本 89の詳細説明です。高品質でおすすめの商品です。,2023-01-16
7138,雑誌バックナンバー 89,本・雑誌,出版社D,3916,853,雑誌バックナンバー 89の詳細説明です。高品質でおすすめの商品です。,2023-12-03
7139,辞書 89,本・雑誌,出版社B,23829,179,辞書 89の詳細説明です。高品質でおすすめの商品です。,2023-12-12
7140,参考書 89,本・雑誌,出版社E,2648,987,参考書 89の詳細説明です。高品質でおすすめの商品です。,2023-10-09
7141,ビジネス書 90,本・雑誌,出版社C,23542,425,ビジネス書 90の詳細説明です。高品質でおすすめの商品です。,2023-11-04
7142,小説 90,本・雑誌,出版社B,48979,292,小説 90の詳細説明です。高品質でおすすめの商品です。,2023-04-21
7143,技術書 90,本・雑誌,出版社D,24552,821,技術書 90の詳細説明です。高品質でおすすめの商品です。,2023-08-13
7144,料理本 90,本・雑誌,出版社C,22491,237,料理本 90の詳細説明です。高品質でおすすめの商品です。,2023-10-21
7145,旅行ガイド 90,本・雑誌,出版社C,27071,558,旅行ガイド 90の詳細説明です。高品質でおすすめの商品です。,2023-07-13
7146,写真集 90,本・雑誌,出版社B,18724,595,写真集 90の詳細説明です。高品質でおすすめの商品です。,2023-10-19
7147,絵本 90,本・雑誌,出版社D,7324,280,絵本 90の詳細説明です。高品質でおすすめの商品です。,2023-07-17
7148,雑誌バックナンバー 90,本・雑誌,出版社B,14763,834,雑誌バックナンバー 90の詳細説明です。高品質でおすすめの商品です。,2023-07-09
7149,辞書 90,本・雑誌,出版社E,12085,96,辞書 90の詳細説明です。高品質でおすすめの商品です。,2023-01-11
7150,参考書 90,本・雑誌,出版社A,9300,995,参考書 90の詳細説明です。高品質でおすすめの商品です。,2023-06-07
7151,ビジネス書 91,本・雑誌,出版社E,48097,88,ビジネス書 91の詳細説明です。高品質でおすすめの商品です。,2023-05-11
7152,小説 91,本・雑誌,出版社D,5153,376,小説 91の詳細説明です。高品質でおすすめの商品です。,2023-04-26
7153,技術書 91,本・雑誌,出版社C,31142,720,技術書 91の詳細説明です。高品質でおすすめの商品です。,2023-02-15
7154,料理本 91,本・雑誌,出版社B,49791,903,料理本 91の詳細説明です。高品質でおすすめの商品です。,2023-07-13
7155,旅行ガイド 91,本・雑誌,出版社D,7067,901,旅行ガイド 91の詳細説明です。高品質でおすすめの商品です。,2023-04-24
7156,写真集 91,本・雑誌,出版社C,31587,518,写真集 91の詳細説明です。高品質でおすすめの商品です。,2023-10-08
7157,絵本 91,本・雑誌,出版社E,11631,796,絵本 91の詳細説明です。高品質でおすすめの商品です。,2023-03-31
7158,雑誌バックナンバー 91,本・雑誌,出版社D,15969,4,雑誌バックナンバー 91の詳細説明です。高品質でおすすめの商品です。,2023-12-18
7159,辞書 91,本・雑誌,出版社D,30982,240,辞書 91の詳細説明です。高品質でおすすめの商品です。,2023-12-31
7160,参考書 91,本・雑誌,出版社A,23337,859,参考書 91の詳細説明です。高品質でおすすめの商品です。,2023-09-10
7161,ビジネス書 92,本・雑誌,出版社E,11601,201,ビジネス書 92の詳細説明です。高品質でおすすめの商品です。,2023-02-08
7162,小説 92,本・雑誌,出版社B,10774,244,小説 92の詳細説明です。高品質でおすすめの商品です。,2023-08-12
7163,技術書 92,本・雑誌,出版社E,47988,899,技術書 92の詳細説明です。高品質でおすすめの商品です。,2023-07-25
7164,料理本 92,本・雑誌,出版社A,47846,874,料理本 92の詳細説明です。高品質でおすすめの商品です。,2023-03-01
7165,旅行ガイド 92,本・雑誌,出版社D,48209,380,旅行ガイド 92の詳細説明です。高品質でおすすめの商品です。,2023-07-25
7166,写真集 92,本・雑誌,出版社A,19510,259,写真集 92の詳細説明です。高品質でおすすめの商品です。,2023-02-27
7167,絵本 92,本・雑誌,出版社C,13512,578,絵本 92の詳細説明です。高品質でおすすめの商品です。,2023-07-30
7168,雑誌バックナンバー 92,本・雑誌,出版社D,40953,143,雑誌バックナンバー 92の詳細説明です。高品質でおすすめの商品です。,2023-10-04
7169,辞書 92,本・雑誌,出版社C,16480,310,辞書 92の詳細説明です。高品質でおすすめの商品です。,2023-07-05
7170,参考書 92,本・雑誌,出版社E,1370,447,参考書 92の詳細説明です。高品質でおすすめの商品です。,2023-02-27
7171,ビジネス書 93,本・雑誌,出版社B,20962,811,ビジネス書 93の詳細説明です。高品質でおすすめの商品です。,2023-04-24
7172,小説 93,本・雑誌,出版社E,7138,221,小説 93の詳細説明です。高品質でおすすめの商品です。,2023-08-16
7173,技術書 93,本・雑誌,出版社E,2978,283,技術書 93の詳細説明です。高品質でおすすめの商品です。,2023-07-12
7174,料理本 93,本・雑誌,出版社C,15676,685,料理本 93の詳細説明です。高品質でおすすめの商品です。,2023-02-25
7175,旅行ガイド 93,本・雑誌,出版社C,26040,20,旅行ガイド 93の詳細説明です。高品質でおすすめの商品です。,2023-08-05
7176,写真集 93,本・雑誌,出版社C,21515,531,写真集 93の詳細説明です。高品質でおすすめの商品です。,2023-10-26
7177,絵本 93,本・雑誌,出版社E,1981,555,絵本 93の詳細説明です。高品質でおすすめの商品です。,2023-05-09
7178,雑誌バックナンバー 93,本・雑誌,出版社B,34946,468,雑誌バックナンバー 93の詳細説明です。高品質でおすすめの商品です。,2023-03-06
7179,辞書 93,本・雑誌,出版社B,11476,511,辞書 93の詳細説明です。高品質でおすすめの商品です。,2023-10-05
7180,参考書 93,本・雑誌,出版社D,39021,240,参考書 93の詳細説明です。高品質でおすすめの商品です。,2023-06-23
7181,ビジネス書 94,本・雑誌,出版社A,37076,726,ビジネス書 94の詳細説明です。高品質でおすすめの商品です。,2023-02-08
7182,小説 94,本・雑誌,出版社E,26475,152,小説 94の詳細説明です。高品質でおすすめの商品です。,2023-05-27
7183,技術書 94,本・雑誌,出版社B,8265,573,技術書 94の詳細説明です。高品質でおすすめの商品です。,2023-03-29
7184,料理本 94,本・雑誌,出版社C,10805,449,料理本 94の詳細説明です。高品質でおすすめの商品です。,2023-11-28
7185,旅行ガイド 94,本・雑誌,出版社E,36629,946,旅行ガイド 94の詳細説明です。高品質でおすすめの商品です。,2023-10-01
7186,写真集 94,本・雑誌,出版社C,32500,416,写真集 94の詳細説明です。高品質でおすすめの商品です。,2023-06-27
7187,絵本 94,本・雑誌,出版社D,49389,278,絵本 94の詳細説明です。高品質でおすすめの商品です。,2023-05-22
7188,雑誌バックナンバー 94,本・雑誌,出版社B,47046,230,雑誌バックナンバー 94の詳細説明です。高品質でおすすめの商品です。,2023-01-24
7189,辞書 94,本・雑誌,出版社B,36728,448,辞書 94の詳細説明です。高品質でおすすめの商品です。,2023-09-12
7190,参考書 94,本・雑誌,出版社D,24654,562,参考書 94の詳細説明です。高品質でおすすめの商品です。,2023-02-12
7191,ビジネス書 95,本・雑誌,出版社C,31571,242,ビジネス書 95の詳細説明です。高品質でおすすめの商品です。,2023-10-18
7192,小説 95,本・雑誌,出版社C,45044,860,小説 95の詳細説明です。高品質でおすすめの商品です。,2023-05-05
7193,技術書 95,本・雑誌,出版社E,34487,327,技術書 95の詳細説明です。高品質でおすすめの商品です。,2023-11-30
7194,料理本 95,本・雑誌,出版社C,6195,269,料理本 95の詳細説明です。高品質でおすすめの商品です。,2023-11-14
7195,旅行ガイド 95,本・雑誌,出版社E,2579,776,旅行ガイド 95の詳細説明です。高品質でおすすめの商品です。,2023-07-26
7196,写真集 95,本・雑誌,出版社C,9766,880,写真集 95の詳細説明です。高品質でおすすめの商品です。,2023-12-23
7197,絵本 95,本・雑誌,出版社E,31435,15,絵本 95の詳細説明です。高品質でおすすめの商品です。,2023-02-18
7198,雑誌バックナンバー 95,本・雑誌,出版社D,32184,21,雑誌バックナンバー 95の詳細説明です。高品質でおすすめの商品です。,2023-12-16
7199,辞書 95,本・雑誌,出版社D,29494,882,辞書 95の詳細説明です。高品質でおすすめの商品です。,2023-09-19
7200,参考書 95,本・雑誌,出版社A,746,85,参考書 95の詳細説明です。高品質でおすすめの商品です。,2023-01-20
7201,ビジネス書 96,本・雑誌,出版社C,25442,660,ビジネス書 96の詳細説明です。高品質でおすすめの商品です。,2023-02-09
7202,小説 96,本・雑誌,出版社C,45461,440,小説 96の詳細説明です。高品質でおすすめの商品です。,2023-08-03
7203,技術書 96,本・雑誌,出版社D,40980,454,技術書 96の詳細説明です。高品質でおすすめの商品です。,2023-11-28
7204,料理本 96,本・雑誌,出版社D,37183,479,料理本 96の詳細説明です。高品質でおすすめの商品です。,2023-06-28
7205,旅行ガイド 96,本・雑誌,出版社E,25407,680,旅行ガイド 96の詳細説明です。高品質でおすすめの商品です。,2023-05-31
7206,写真集 96,本・雑誌,出版社B,30506,850,写真集 96の詳細説明です。高品質でおすすめの商品です。,2023-12-18
7207,絵本 96,本・雑誌,出版社E,34739,829,絵本 96の詳細説明です。高品質でおすすめの商品です。,2023-04-18
7208,雑誌バックナンバー 96,本・雑誌,出版社D,18156,537,雑誌バックナンバー 96の詳細説明です。高品質でおすすめの商品です。,2023-09-03
7209,辞書 96,本・雑誌,出版社C,18492,620,辞書 96の詳細説明です。高品質でおすすめの商品です。,2023-09-26
7210,参考書 96,本・雑誌,出版社A,36949,288,参考書 96の詳細説明です。高品質でおすすめの商品です。,2023-03-08
7211,ビジネス書 97,本・雑誌,出版社A,36923,643,ビジネス書 97の詳細説明です。高品質でおすすめの商品です。,2023-05-10
7212,小説 97,本・雑誌,出版社D,28912,372,小説 97の詳細説明です。高品質でおすすめの商品です。,2023-12-13
7213,技術書 97,本・雑誌,出版社B,5620,834,技術書 97の詳細説明です。高品質でおすすめの商品です。,2023-01-06
7214,料理本 97,本・雑誌,出版社A,8359,295,料理本 97の詳細説明です。高品質でおすすめの商品です。,2023-08-11
7215,旅行ガイド 97,本・雑誌,出版社B,26065,985,旅行ガイド 97の詳細説明です。高品質でおすすめの商品です。,2023-09-11
7216,写真集 97,本・雑誌,出版社E,26900,207,写真集 97の詳細説明です。高品質でおすすめの商品です。,2023-10-17
7217,絵本 97,本・雑誌,出版社E,45781,801,絵本 97の詳細説明です。高品質でおすすめの商品です。,2023-07-31
7218,雑誌バックナンバー 97,本・雑誌,出版社E,17717,418,雑誌バックナンバー 97の詳細説明です。高品質でおすすめの商品です。,2023-02-10
7219,辞書 97,本・雑誌,出版社E,35547,173,辞書 97の詳細説明です。高品質でおすすめの商品です。,2023-09-04
7220,参考書 97,本・雑誌,出版社E,27008,101,参考書 97の詳細説明です。高品質でおすすめの商品です。,2023-05-29
7221,ビジネス書 98,本・雑誌,出版社C,28755,765,ビジネス書 98の詳細説明です。高品質でおすすめの商品です。,2023-12-05
7222,小説 98,本・雑誌,出版社C,26984,822,小説 98の詳細説明です。高品質でおすすめの商品です。,2023-07-14
7223,技術書 98,本・雑誌,出版社D,23511,854,技術書 98の詳細説明です。高品質でおすすめの商品です。,2023-02-21
7224,料理本 98,本・雑誌,出版社A,36784,210,料理本 98の詳細説明です。高品質でおすすめの商品です。,2023-08-05
7225,旅行ガイド 98,本・雑誌,出版社A,14567,439,旅行ガイド 98の詳細説明です。高品質でおすすめの商品です。,2023-05-14
7226,写真集 98,本・雑誌,出版社C,45385,135,写真集 98の詳細説明です。高品質でおすすめの商品です。,2023-12-13
7227,絵本 98,本・雑誌,出版社B,19428,204,絵本 98の詳細説明です。高品質でおすすめの商品です。,2023-11-06
7228,雑誌バックナンバー 98,本・雑誌,出版社B,45863,593,雑誌バックナンバー 98の詳細説明です。高品質でおすすめの商品です。,2023-11-03
7229,辞書 98,本・雑誌,出版社C,29083,339,辞書 98の詳細説明です。高品質でおすすめの商品です。,2023-10-26
7230,参考書 98,本・雑誌,出版社D,26178,907,参考書 98の詳細説明です。高品質でおすすめの商品です。,2023-07-18
7231,ビジネス書 99,本・雑誌,出版社B,25241,676,ビジネス書 99の詳細説明です。高品質でおすすめの商品です。,2023-06-19
7232,小説 99,本・雑誌,出版社E,13225,933,小説 99の詳細説明です。高品質でおすすめの商品です。,2023-05-30
7233,技術書 99,本・雑誌,出版社E,16567,275,技術書 99の詳細説明です。高品質でおすすめの商品です。,2023-01-05
7234,料理本 99,本・雑誌,出版社D,30530,280,料理本 99の詳細説明です。高品質でおすすめの商品です。,2023-12-11
7235,旅行ガイド 99,本・雑誌,出版社C,46294,643,旅行ガイド 99の詳細説明です。高品質でおすすめの商品です。,2023-12-13
7236,写真集 99,本・雑誌,出版社D,5973,531,写真集 99の詳細説明です。高品質でおすすめの商品です。,2023-05-15
7237,絵本 99,本・雑誌,出版社E,5180,654,絵本 99の詳細説明です。高品質でおすすめの商品です。,2023-02-14
7238,雑誌バックナンバー 99,本・雑誌,出版社B,31372,94,雑誌バックナンバー 99の詳細説明です。高品質でおすすめの商品です。,2023-09-27
7239,辞書 99,本・雑誌,出版社B,24956,832,辞書 99の詳細説明です。高品質でおすすめの商品です。,2023-04-22
7240,参考書 99,本・雑誌,出版社A,46883,907,参考書 99の詳細説明です。高品質でおすすめの商品です。,2023-09-16
7241,ビジネス書 100,本・雑誌,出版社E,20505,605,ビジネス書 100の詳細説明です。高品質でおすすめの商品です。,2023-06-10
7242,小説 100,本・雑誌,出版社A,42600,921,小説 100の詳細説明です。高品質でおすすめの商品です。,2023-12-29
7243,技術書 100,本・雑誌,出版社B,21717,975,技術書 100の詳細説明です。高品質でおすすめの商品です。,2023-08-25
7244,料理本 100,本・雑誌,出版社E,33683,956,料理本 100の詳細説明です。高品質でおすすめの商品です。,2023-05-17
7245,旅行ガイド 100,本・雑誌,出版社E,10900,590,旅行ガイド 100の詳細説明です。高品質でおすすめの商品です。,2023-02-02
7246,写真集 100,本・雑誌,出版社A,15560,778,写真集 100の詳細説明です。高品質でおすすめの商品です。,2023-11-26
7247,絵本 100,本・雑誌,出版社D,42160,297,絵本 100の詳細説明です。高品質でおすすめの商品です。,2023-01-03
7248,雑誌バックナンバー 100,本・雑誌,出版社A,39173,430,雑誌バックナンバー 100の詳細説明です。高品質でおすすめの商品です。,2023-07-24
7249,辞書 100,本・雑誌,出版社E,42791,370,辞書 100の詳細説明です。高品質でおすすめの商品です。,2023-09-21
7250,参考書 100,本・雑誌,出版社D,30102,165,参考書 100の詳細説明です。高品質でおすすめの商品です。,2023-02-22
7251,ビジネス書 101,本・雑誌,出版社A,19802,163,ビジネス書 101の詳細説明です。高品質でおすすめの商品です。,2023-09-26
7252,小説 101,本・雑誌,出版社A,33176,782,小説 101の詳細説明です。高品質でおすすめの商品です。,2023-09-23
7253,技術書 101,本・雑誌,出版社B,21291,944,技術書 101の詳細説明です。高品質でおすすめの商品です。,2023-04-16
7254,料理本 101,本・雑誌,出版社A,9871,809,料理本 101の詳細説明です。高品質でおすすめの商品です。,2023-01-17
7255,旅行ガイド 101,本・雑誌,出版社B,30923,281,旅行ガイド 101の詳細説明です。高品質でおすすめの商品です。,2023-02-25
7256,写真集 101,本・雑誌,出版社E,33833,745,写真集 101の詳細説明です。高品質でおすすめの商品です。,2023-11-17
7257,絵本 101,本・雑誌,出版社D,48466,886,絵本 101の詳細説明です。高品質でおすすめの商品です。,2023-05-17
7258,雑誌バックナンバー 101,本・雑誌,出版社B,29047,591,雑誌バックナンバー 101の詳細説明です。高品質でおすすめの商品です。,2023-05-01
7259,辞書 101,本・雑誌,出版社B,22523,317,辞書 101の詳細説明です。高品質でおすすめの商品です。,2023-11-22
7260,参考書 101,本・雑誌,出版社A,5002,582,参考書 101の詳細説明です。高品質でおすすめの商品です。,2023-09-12
7261,ビジネス書 102,本・雑誌,出版社B,32085,981,ビジネス書 102の詳細説明です。高品質でおすすめの商品です。,2023-07-04
7262,小説 102,本・雑誌,出版社E,45389,591,小説 102の詳細説明です。高品質でおすすめの商品です。,2023-02-04
7263,技術書 102,本・雑誌,出版社E,41929,139,技術書 102の詳細説明です。高品質でおすすめの商品です。,2023-09-06
7264,料理本 102,本・雑誌,出版社C,4055,2,料理本 102の詳細説明です。高品質でおすすめの商品です。,2023-02-09
7265,旅行ガイド 102,本・雑誌,出版社A,10641,868,旅行ガイド 102の詳細説明です。高品質でおすすめの商品です。,2023-01-25
7266,写真集 102,本・雑誌,出版社B,4422,198,写真集 102の詳細説明です。高品質でおすすめの商品です。,2023-06-03
7267,絵本 102,本・雑誌,出版社B,25059,578,絵本 102の詳細説明です。高品質でおすすめの商品です。,2023-12-27
7268,雑誌バックナンバー 102,本・雑誌,出版社B,12628,215,雑誌バックナンバー 102の詳細説明です。高品質でおすすめの商品です。,2023-03-19
7269,辞書 102,本・雑誌,出版社E,12434,255,辞書 102の詳細説明です。高品質でおすすめの商品です。,2023-02-28
7270,参考書 102,本・雑誌,出版社E,36180,617,参考書 102の詳細説明です。高品質でおすすめの商品です。,2023-07-03
7271,ビジネス書 103,本・雑誌,出版社B,23947,759,ビジネス書 103の詳細説明です。高品質でおすすめの商品です。,2023-02-14
7272,小説 103,本・雑誌,出版社D,32799,765,小説 103の詳細説明です。高品質でおすすめの商品です。,2023-12-15
7273,技術書 103,本・雑誌,出版社C,25259,983,技術書 103の詳細説明です。高品質でおすすめの商品です。,2023-11-12
7274,料理本 103,本・雑誌,出版社C,7917,225,料理本 103の詳細説明です。高品質でおすすめの商品です。,2023-07-17
7275,旅行ガイド 103,本・雑誌,出版社E,21902,666,旅行ガイド 103の詳細説明です。高品質でおすすめの商品です。,2023-01-01
7276,写真集 103,本・雑誌,出版社A,31943,840,写真集 103の詳細説明です。高品質でおすすめの商品です。,2023-02-02
7277,絵本 103,本・雑誌,出版社C,47391,410,絵本 103の詳細説明です。高品質でおすすめの商品です。,2023-10-08
7278,雑誌バックナンバー 103,本・雑誌,出版社C,21656,891,雑誌バックナンバー 103の詳細説明です。高品質でおすすめの商品です。,2023-02-24
7279,辞書 103,本・雑誌,出版社C,41037,513,辞書 103の詳細説明です。高品質でおすすめの商品です。,2023-11-19
7280,参考書 103,本・雑誌,出版社E,24516,537,参考書 103の詳細説明です。高品質でおすすめの商品です。,2023-08-31
7281,ビジネス書 104,本・雑誌,出版社B,14741,45,ビジネス書 104の詳細説明です。高品質でおすすめの商品です。,2023-07-20
7282,小説 104,本・雑誌,出版社D,21632,276,小説 104の詳細説明です。高品質でおすすめの商品です。,2023-12-06
7283,技術書 104,本・雑誌,出版社B,11268,611,技術書 104の詳細説明です。高品質でおすすめの商品です。,2023-05-24
7284,料理本 104,本・雑誌,出版社B,34303,337,料理本 104の詳細説明です。高品質でおすすめの商品です。,2023-10-05
7285,旅行ガイド 104,本・雑誌,出版社E,45327,306,旅行ガイド 104の詳細説明です。高品質でおすすめの商品です。,2023-09-17
7286,写真集 104,本・雑誌,出版社D,33702,298,写真集 104の詳細説明です。高品質でおすすめの商品です。,2023-11-03
7287,絵本 104,本・雑誌,出版社D,46788,191,絵本 104の詳細説明です。高品質でおすすめの商品です。,2023-05-19
7288,雑誌バックナンバー 104,本・雑誌,出版社C,7441,814,雑誌バックナンバー 104の詳細説明です。高品質でおすすめの商品です。,2023-11-01
7289,辞書 104,本・雑誌,出版社B,37351,886,辞書 104の詳細説明です。高品質でおすすめの商品です。,2023-06-14
7290,参考書 104,本・雑誌,出版社B,34183,320,参考書 104の詳細説明です。高品質でおすすめの商品です。,2023-10-20
7291,ビジネス書 105,本・雑誌,出版社A,13047,483,ビジネス書 105の詳細説明です。高品質でおすすめの商品です。,2023-02-01
7292,小説 105,本・雑誌,出版社B,13229,28,小説 105の詳細説明です。高品質でおすすめの商品です。,2023-03-28
7293,技術書 105,本・雑誌,出版社A,14002,367,技術書 105の詳細説明です。高品質でおすすめの商品です。,2023-07-05
7294,料理本 105,本・雑誌,出版社E,49187,196,料理本 105の詳細説明です。高品質でおすすめの商品です。,2023-07-19
7295,旅行ガイド 105,本・雑誌,出版社A,10614,20,旅行ガイド 105の詳細説明です。高品質でおすすめの商品です。,2023-05-31
7296,写真集 105,本・雑誌,出版社C,27605,797,写真集 105の詳細説明です。高品質でおすすめの商品です。,2023-05-20
7297,絵本 105,本・雑誌,出版社C,39494,301,絵本 105の詳細説明です。高品質でおすすめの商品です。,2023-06-16
7298,雑誌バックナンバー 105,本・雑誌,出版社D,43642,95,雑誌バックナンバー 105の詳細説明です。高品質でおすすめの商品です。,2023-02-26
7299,辞書 105,本・雑誌,出版社D,15895,54,辞書 105の詳細説明です。高品質でおすすめの商品です。,2023-07-29
7300,参考書 105,本・雑誌,出版社B,33481,196,参考書 105の詳細説明です。高品質でおすすめの商品です。,2023-09-18
7301,ビジネス書 106,本・雑誌,出版社E,48019,158,ビジネス書 106の詳細説明です。高品質でおすすめの商品です。,2023-07-31
7302,小説 106,本・雑誌,出版社E,23863,38,小説 106の詳細説明です。高品質でおすすめの商品です。,2023-03-13
7303,技術書 106,本・雑誌,出版社C,49081,885,技術書 106の詳細説明です。高品質でおすすめの商品です。,2023-11-02
7304,料理本 106,本・雑誌,出版社B,17104,585,料理本 106の詳細説明です。高品質でおすすめの商品です。,2023-10-15
7305,旅行ガイド 106,本・雑誌,出版社C,29195,300,旅行ガイド 106の詳細説明です。高品質でおすすめの商品です。,2023-07-22
7306,写真集 106,本・雑誌,出版社D,27972,683,写真集 106の詳細説明です。高品質でおすすめの商品です。,2023-03-06
7307,絵本 106,本・雑誌,出版社C,45504,188,絵本 106の詳細説明です。高品質でおすすめの商品です。,2023-06-09
7308,雑誌バックナンバー 106,本・雑誌,出版社E,37115,332,雑誌バックナンバー 106の詳細説明です。高品質でおすすめの商品です。,2023-07-15
7309,辞書 106,本・雑誌,出版社D,9635,248,辞書 106の詳細説明です。高品質でおすすめの商品です。,2023-07-23
7310,参考書 106,本・雑誌,出版社A,29014,189,参考書 106の詳細説明です。高品質でおすすめの商品です。,2023-09-03
7311,ビジネス書 107,本・雑誌,出版社E,41515,5,ビジネス書 107の詳細説明です。高品質でおすすめの商品です。,2023-09-17
7312,小説 107,本・雑誌,出版社B,8623,338,小説 107の詳細説明です。高品質でおすすめの商品です。,2023-02-26
7313,技術書 107,本・雑誌,出版社D,16976,548,技術書 107の詳細説明です。高品質でおすすめの商品です。,2023-03-30
7314,料理本 107,本・雑誌,出版社C,36076,250,料理本 107の詳細説明です。高品質でおすすめの商品です。,2023-12-31
7315,旅行ガイド 107,本・雑誌,出版社B,7401,335,旅行ガイド 107の詳細説明です。高品質でおすすめの商品です。,2023-11-22
7316,写真集 107,本・雑誌,出版社A,20528,363,写真集 107の詳細説明です。高品質でおすすめの商品です。,2023-01-07
7317,絵本 107,本・雑誌,出版社E,46951,727,絵本 107の詳細説明です。高品質でおすすめの商品です。,2023-03-15
7318,雑誌バックナンバー 107,本・雑誌,出版社C,42768,791,雑誌バックナンバー 107の詳細説明です。高品質でおすすめの商品です。,2023-10-18
7319,辞書 107,本・雑誌,出版社A,36511,622,辞書 107の詳細説明です。高品質でおすすめの商品です。,2023-01-08
7320,参考書 107,本・雑誌,出版社B,9440,734,参考書 107の詳細説明です。高品質でおすすめの商品です。,2023-01-01
7321,ビジネス書 108,本・雑誌,出版社A,579,365,ビジネス書 108の詳細説明です。高品質でおすすめの商品です。,2023-03-17
7322,小説 108,本・雑誌,出版社E,24682,743,小説 108の詳細説明です。高品質でおすすめの商品です。,2023-06-03
7323,技術書 108,本・雑誌,出版社C,30459,623,技術書 108の詳細説明です。高品質でおすすめの商品です。,2023-03-21
7324,料理本 108,本・雑誌,出版社E,31154,424,料理本 108の詳細説明です。高品質でおすすめの商品です。,2023-03-29
7325,旅行ガイド 108,本・雑誌,出版社D,19710,593,旅行ガイド 108の詳細説明です。高品質でおすすめの商品です。,2023-02-27
7326,写真集 108,本・雑誌,出版社C,12203,632,写真集 108の詳細説明です。高品質でおすすめの商品です。,2023-07-28
7327,絵本 108,本・雑誌,出版社C,42468,38,絵本 108の詳細説明です。高品質でおすすめの商品です。,2023-04-17
7328,雑誌バックナンバー 108,本・雑誌,出版社B,30263,679,雑誌バックナンバー 108の詳細説明です。高品質でおすすめの商品です。,2023-01-26
7329,辞書 108,本・雑誌,出版社E,38681,621,辞書 108の詳細説明です。高品質でおすすめの商品です。,2023-12-30
7330,参考書 108,本・雑誌,出版社E,36414,167,参考書 108の詳細説明です。高品質でおすすめの商品です。,2023-04-08
7331,ビジネス書 109,本・雑誌,出版社E,49221,431,ビジネス書 109の詳細説明です。高品質でおすすめの商品です。,2023-01-03
7332,小説 109,本・雑誌,出版社D,33646,223,小説 109の詳細説明です。高品質でおすすめの商品です。,2023-12-17
7333,技術書 109,本・雑誌,出版社E,47094,521,技術書 109の詳細説明です。高品質でおすすめの商品です。,2023-01-28
7334,料理本 109,本・雑誌,出版社B,40296,186,料理本 109の詳細説明です。高品質でおすすめの商品です。,2023-06-12
7335,旅行ガイド 109,本・雑誌,出版社B,10010,787,旅行ガイド 109の詳細説明です。高品質でおすすめの商品です。,2023-02-04
7336,写真集 109,本・雑誌,出版社E,15399,986,写真集 109の詳細説明です。高品質でおすすめの商品です。,2023-03-05
7337,絵本 109,本・雑誌,出版社B,38442,694,絵本 109の詳細説明です。高品質でおすすめの商品です。,2023-09-04
7338,雑誌バックナンバー 109,本・雑誌,出版社A,48861,489,雑誌バックナンバー 109の詳細説明です。高品質でおすすめの商品です。,2023-02-06
7339,辞書 109,本・雑誌,出版社C,30223,388,辞書 109の詳細説明です。高品質でおすすめの商品です。,2023-10-09
7340,参考書 109,本・雑誌,出版社D,14873,555,参考書 109の詳細説明です。高品質でおすすめの商品です。,2023-09-05
7341,ビジネス書 110,本・雑誌,出版社D,714,180,ビジネス書 110の詳細説明です。高品質でおすすめの商品です。,2023-01-10
7342,小説 110,本・雑誌,出版社B,48860,437,小説 110の詳細説明です。高品質でおすすめの商品です。,2023-07-28
7343,技術書 110,本・雑誌,出版社C,29897,837,技術書 110の詳細説明です。高品質でおすすめの商品です。,2023-07-08
7344,料理本 110,本・雑誌,出版社D,12678,507,料理本 110の詳細説明です。高品質でおすすめの商品です。,2023-03-19
7345,旅行ガイド 110,本・雑誌,出版社C,37081,35,旅行ガイド 110の詳細説明です。高品質でおすすめの商品です。,2023-12-04
7346,写真集 110,本・雑誌,出版社C,48416,699,写真集 110の詳細説明です。高品質でおすすめの商品です。,2023-01-16
7347,絵本 110,本・雑誌,出版社E,20751,151,絵本 110の詳細説明です。高品質でおすすめの商品です。,2023-05-27
7348,雑誌バックナンバー 110,本・雑誌,出版社A,47847,466,雑誌バックナンバー 110の詳細説明です。高品質でおすすめの商品です。,2023-04-10
7349,辞書 110,本・雑誌,出版社C,32009,70,辞書 110の詳細説明です。高品質でおすすめの商品です。,2023-08-21
7350,参考書 110,本・雑誌,出版社C,17142,51,参考書 110の詳細説明です。高品質でおすすめの商品です。,2023-01-15
7351,ビジネス書 111,本・雑誌,出版社B,13988,940,ビジネス書 111の詳細説明です。高品質でおすすめの商品です。,2023-11-19
7352,小説 111,本・雑誌,出版社A,32545,455,小説 111の詳細説明です。高品質でおすすめの商品です。,2023-03-29
7353,技術書 111,本・雑誌,出版社D,28060,385,技術書 111の詳細説明です。高品質でおすすめの商品です。,2023-02-07
7354,料理本 111,本・雑誌,出版社C,15145,564,料理本 111の詳細説明です。高品質でおすすめの商品です。,2023-07-01
7355,旅行ガイド 111,本・雑誌,出版社D,32450,73,旅行ガイド 111の詳細説明です。高品質でおすすめの商品です。,2023-06-12
7356,写真集 111,本・雑誌,出版社E,11623,117,写真集 111の詳細説明です。高品質でおすすめの商品です。,2023-10-18
7357,絵本 111,本・雑誌,出版社D,40092,170,絵本 111の詳細説明です。高品質でおすすめの商品です。,2023-10-25
7358,雑誌バックナンバー 111,本・雑誌,出版社D,28757,268,雑誌バックナンバー 111の詳細説明です。高品質でおすすめの商品です。,2023-10-19
7359,辞書 111,本・雑誌,出版社A,8674,274,辞書 111の詳細説明です。高品質でおすすめの商品です。,2023-04-03
7360,参考書 111,本・雑誌,出版社E,36196,522,参考書 111の詳細説明です。高品質でおすすめの商品です。,2023-02-22
7361,ビジネス書 112,本・雑誌,出版社A,5010,174,ビジネス書 112の詳細説明です。高品質でおすすめの商品です。,2023-07-26
7362,小説 112,本・雑誌,出版社B,38255,588,小説 112の詳細説明です。高品質でおすすめの商品です。,2023-05-11
7363,技術書 112,本・雑誌,出版社A,31752,978,技術書 112の詳細説明です。高品質でおすすめの商品です。,2023-01-03
7364,料理本 112,本・雑誌,出版社E,10651,74,料理本 112の詳細説明です。高品質でおすすめの商品です。,2023-07-20
7365,旅行ガイド 112,本・雑誌,出版社B,34880,38,旅行ガイド 112の詳細説明です。高品質でおすすめの商品です。,2023-05-08
7366,写真集 112,本・雑誌,出版社C,41266,133,写真集 112の詳細説明です。高品質でおすすめの商品です。,2023-11-24
7367,絵本 112,本・雑誌,出版社D,21983,872,絵本 112の詳細説明です。高品質でおすすめの商品です。,2023-04-22
7368,雑誌バックナンバー 112,本・雑誌,出版社B,27421,501,雑誌バックナンバー 112の詳細説明です。高品質でおすすめの商品です。,2023-02-04
7369,辞書 112,本・雑誌,出版社A,31923,79,辞書 112の詳細説明です。高品質でおすすめの商品です。,2023-08-25
7370,参考書 112,本・雑誌,出版社E,3008,263,参考書 112の詳細説明です。高品質でおすすめの商品です。,2023-04-18
7371,ビジネス書 113,本・雑誌,出版社A,21313,576,ビジネス書 113の詳細説明です。高品質でおすすめの商品です。,2023-07-31
7372,小説 113,本・雑誌,出版社E,6890,505,小説 113の詳細説明です。高品質でおすすめの商品です。,2023-08-16
7373,技術書 113,本・雑誌,出版社E,12610,774,技術書 113の詳細説明です。高品質でおすすめの商品です。,2023-06-27
7374,料理本 113,本・雑誌,出版社E,32174,433,料理本 113の詳細説明です。高品質でおすすめの商品です。,2023-11-06
7375,旅行ガイド 113,本・雑誌,出版社D,7497,868,旅行ガイド 113の詳細説明です。高品質でおすすめの商品です。,2023-09-30
7376,写真集 113,本・雑誌,出版社A,29131,876,写真集 113の詳細説明です。高品質でおすすめの商品です。,2023-07-18
7377,絵本 113,本・雑誌,出版社A,40248,484,絵本 113の詳細説明です。高品質でおすすめの商品です。,2023-03-19
7378,雑誌バックナンバー 113,本・雑誌,出版社B,4013,465,雑誌バックナンバー 113の詳細説明です。高品質でおすすめの商品です。,2023-10-11
7379,辞書 113,本・雑誌,出版社E,2198,984,辞書 113の詳細説明です。高品質でおすすめの商品です。,2023-09-25
7380,参考書 113,本・雑誌,出版社E,35465,116,参考書 113の詳細説明です。高品質でおすすめの商品です。,2023-05-11
7381,ビジネス書 114,本・雑誌,出版社E,19324,387,ビジネス書 114の詳細説明です。高品質でおすすめの商品です。,2023-04-10
7382,小説 114,本・雑誌,出版社E,37559,778,小説 114の詳細説明です。高品質でおすすめの商品です。,2023-08-18
7383,技術書 114,本・雑誌,出版社A,26204,335,技術書 114の詳細説明です。高品質でおすすめの商品です。,2023-02-09
7384,料理本 114,本・雑誌,出版社E,28466,550,料理本 114の詳細説明です。高品質でおすすめの商品です。,2023-08-12
7385,旅行ガイド 114,本・雑誌,出版社A,22676,310,旅行ガイド 114の詳細説明です。高品質でおすすめの商品です。,2023-05-31
7386,写真集 114,本・雑誌,出版社E,31830,891,写真集 114の詳細説明です。高品質でおすすめの商品です。,2023-09-21
7387,絵本 114,本・雑誌,出版社B,5389,82,絵本 114の詳細説明です。高品質でおすすめの商品です。,2023-01-01
7388,雑誌バックナンバー 114,本・雑誌,出版社A,12200,277,雑誌バックナンバー 114の詳細説明です。高品質でおすすめの商品です。,2023-07-30
7389,辞書 114,本・雑誌,出版社D,7087,570,辞書 114の詳細説明です。高品質でおすすめの商品です。,2023-06-14
7390,参考書 114,本・雑誌,出版社A,8206,768,参考書 114の詳細説明です。高品質でおすすめの商品です。,2023-06-07
7391,ビジネス書 115,本・雑誌,出版社B,13339,877,ビジネス書 115の詳細説明です。高品質でおすすめの商品です。,2023-12-13
7392,小説 115,本・雑誌,出版社B,32948,683,小説 115の詳細説明です。高品質でおすすめの商品です。,2023-10-08
7393,技術書 115,本・雑誌,出版社E,19559,252,技術書 115の詳細説明です。高品質でおすすめの商品です。,2023-11-16
7394,料理本 115,本・雑誌,出版社E,15808,997,料理本 115の詳細説明です。高品質でおすすめの商品です。,2023-10-13
7395,旅行ガイド 115,本・雑誌,出版社E,33714,235,旅行ガイド 115の詳細説明です。高品質でおすすめの商品です。,2023-06-16
7396,写真集 115,本・雑誌,出版社B,18285,710,写真集 115の詳細説明です。高品質でおすすめの商品です。,2023-05-26
7397,絵本 115,本・雑誌,出版社B,9131,575,絵本 115の詳細説明です。高品質でおすすめの商品です。,2023-06-18
7398,雑誌バックナンバー 115,本・雑誌,出版社C,19566,676,雑誌バックナンバー 115の詳細説明です。高品質でおすすめの商品です。,2023-11-10
7399,辞書 115,本・雑誌,出版社E,45731,629,辞書 115の詳細説明です。高品質でおすすめの商品です。,2023-12-01
7400,参考書 115,本・雑誌,出版社C,1130,839,参考書 115の詳細説明です。高品質でおすすめの商品です。,2023-06-15
7401,ビジネス書 116,本・雑誌,出版社C,49860,737,ビジネス書 116の詳細説明です。高品質でおすすめの商品です。,2023-08-18
7402,小説 116,本・雑誌,出版社B,1652,25,小説 116の詳細説明です。高品質でおすすめの商品です。,2023-02-22
7403,技術書 116,本・雑誌,出版社A,27557,425,技術書 116の詳細説明です。高品質でおすすめの商品です。,2023-04-03
7404,料理本 116,本・雑誌,出版社B,1677,366,料理本 116の詳細説明です。高品質でおすすめの商品です。,2023-10-16
7405,旅行ガイド 116,本・雑誌,出版社E,47867,56,旅行ガイド 116の詳細説明です。高品質でおすすめの商品です。,2023-04-15
7406,写真集 116,本・雑誌,出版社B,6113,770,写真集 116の詳細説明です。高品質でおすすめの商品です。,2023-09-23
7407,絵本 116,本・雑誌,出版社A,43279,859,絵本 116の詳細説明です。高品質でおすすめの商品です。,2023-05-12
7408,雑誌バックナンバー 116,本・雑誌,出版社B,5362,69,雑誌バックナンバー 116の詳細説明です。高品質でおすすめの商品です。,2023-02-19
7409,辞書 116,本・雑誌,出版社B,5404,841,辞書 116の詳細説明です。高品質でおすすめの商品です。,2023-11-21
7410,参考書 116,本・雑誌,出版社C,49667,432,参考書 116の詳細説明です。高品質でおすすめの商品です。,2023-05-29
7411,ビジネス書 117,本・雑誌,出版社E,11320,601,ビジネス書 117の詳細説明です。高品質でおすすめの商品です。,2023-03-21
7412,小説 117,本・雑誌,出版社E,40791,962,小説 117の詳細説明です。高品質でおすすめの商品です。,2023-06-10
7413,技術書 117,本・雑誌,出版社D,22540,178,技術書 117の詳細説明です。高品質でおすすめの商品です。,2023-04-06
7414,料理本 117,本・雑誌,出版社E,14581,567,料理本 117の詳細説明です。高品質でおすすめの商品です。,2023-09-09
7415,旅行ガイド 117,本・雑誌,出版社B,13557,208,旅行ガイド 117の詳細説明です。高品質でおすすめの商品です。,2023-01-24
7416,写真集 117,本・雑誌,出版社C,28481,645,写真集 117の詳細説明です。高品質でおすすめの商品です。,2023-04-28
7417,絵本 117,本・雑誌,出版社D,31824,992,絵本 117の詳細説明です。高品質でおすすめの商品です。,2023-12-26
7418,雑誌バックナンバー 117,本・雑誌,出版社B,34333,843,雑誌バックナンバー 117の詳細説明です。高品質でおすすめの商品です。,2023-05-28
7419,辞書 117,本・雑誌,出版社A,41251,606,辞書 117の詳細説明です。高品質でおすすめの商品です。,2023-06-25
7420,参考書 117,本・雑誌,出版社D,12050,255,参考書 117の詳細説明です。高品質でおすすめの商品です。,2023-02-02
7421,ビジネス書 118,本・雑誌,出版社B,19208,517,ビジネス書 118の詳細説明です。高品質でおすすめの商品です。,2023-02-15
7422,小説 118,本・雑誌,出版社E,32669,763,小説 118の詳細説明です。高品質でおすすめの商品です。,2023-11-19
7423,技術書 118,本・雑誌,出版社A,20695,7,技術書 118の詳細説明です。高品質でおすすめの商品です。,2023-08-11
7424,料理本 118,本・雑誌,出版社A,29194,375,料理本 118の詳細説明です。高品質でおすすめの商品です。,2023-12-18
7425,旅行ガイド 118,本・雑誌,出版社B,4734,261,旅行ガイド 118の詳細説明です。高品質でおすすめの商品です。,2023-02-25
7426,写真集 118,本・雑誌,出版社A,48574,479,写真集 118の詳細説明です。高品質でおすすめの商品です。,2023-05-25
7427,絵本 118,本・雑誌,出版社C,27245,517,絵本 118の詳細説明です。高品質でおすすめの商品です。,2023-03-28
7428,雑誌バックナンバー 118,本・雑誌,出版社C,24375,0,雑誌バックナンバー 118の詳細説明です。高品質でおすすめの商品です。,2023-03-18
7429,辞書 118,本・雑誌,出版社D,12265,501,辞書 118の詳細説明です。高品質でおすすめの商品です。,2023-12-01
7430,参考書 118,本・雑誌,出版社D,48388,82,参考書 118の詳細説明です。高品質でおすすめの商品です。,2023-08-04
7431,ビジネス書 119,本・雑誌,出版社C,3385,801,ビジネス書 119の詳細説明です。高品質でおすすめの商品です。,2023-12-05
7432,小説 119,本・雑誌,出版社E,33356,486,小説 119の詳細説明です。高品質でおすすめの商品です。,2023-05-21
7433,技術書 119,本・雑誌,出版社E,35715,610,技術書 119の詳細説明です。高品質でおすすめの商品です。,2023-08-14
7434,料理本 119,本・雑誌,出版社B,44578,842,料理本 119の詳細説明です。高品質でおすすめの商品です。,2023-09-07
7435,旅行ガイド 119,本・雑誌,出版社B,20367,962,旅行ガイド 119の詳細説明です。高品質でおすすめの商品です。,2023-04-05
7436,写真集 119,本・雑誌,出版社D,40091,660,写真集 119の詳細説明です。高品質でおすすめの商品です。,2023-05-05
7437,絵本 119,本・雑誌,出版社B,21613,224,絵本 119の詳細説明です。高品質でおすすめの商品です。,2023-06-21
7438,雑誌バックナンバー 119,本・雑誌,出版社C,37578,824,雑誌バックナンバー 119の詳細説明です。高品質でおすすめの商品です。,2023-03-16
7439,辞書 119,本・雑誌,出版社A,11764,407,辞書 119の詳細説明です。高品質でおすすめの商品です。,2023-04-02
7440,参考書 119,本・雑誌,出版社C,1949,470,参考書 119の詳細説明です。高品質でおすすめの商品です。,2023-03-11
7441,ビジネス書 120,本・雑誌,出版社C,48289,408,ビジネス書 120の詳細説明です。高品質でおすすめの商品です。,2023-06-25
7442,小説 120,本・雑誌,出版社A,2741,876,小説 120の詳細説明です。高品質でおすすめの商品です。,2023-04-20
7443,技術書 120,本・雑誌,出版社E,30795,806,技術書 120の詳細説明です。高品質でおすすめの商品です。,2023-02-07
7444,料理本 120,本・雑誌,出版社B,43569,45,料理本 120の詳細説明です。高品質でおすすめの商品です。,2023-03-14
7445,旅行ガイド 120,本・雑誌,出版社C,1547,995,旅行ガイド 120の詳細説明です。高品質でおすすめの商品です。,2023-09-27
7446,写真集 120,本・雑誌,出版社C,28356,291,写真集 120の詳細説明です。高品質でおすすめの商品です。,2023-07-31
7447,絵本 120,本・雑誌,出版社E,10545,583,絵本 120の詳細説明です。高品質でおすすめの商品です。,2023-03-28
7448,雑誌バックナンバー 120,本・雑誌,出版社D,25068,552,雑誌バックナンバー 120の詳細説明です。高品質でおすすめの商品です。,2023-10-01
7449,辞書 120,本・雑誌,出版社D,6036,933,辞書 120の詳細説明です。高品質でおすすめの商品です。,2023-06-10
7450,参考書 120,本・雑誌,出版社E,23955,711,参考書 120の詳細説明です。高品質でおすすめの商品です。,2023-02-13
7451,ビジネス書 121,本・雑誌,出版社B,35392,369,ビジネス書 121の詳細説明です。高品質でおすすめの商品です。,2023-12-12
7452,小説 121,本・雑誌,出版社C,46854,972,小説 121の詳細説明です。高品質でおすすめの商品です。,2023-04-04
7453,技術書 121,本・雑誌,出版社D,40985,265,技術書 121の詳細説明です。高品質でおすすめの商品です。,2023-01-06
7454,料理本 121,本・雑誌,出版社C,44656,442,料理本 121の詳細説明です。高品質でおすすめの商品です。,2023-08-10
7455,旅行ガイド 121,本・雑誌,出版社B,31934,541,旅行ガイド 121の詳細説明です。高品質でおすすめの商品です。,2023-09-17
7456,写真集 121,本・雑誌,出版社D,13935,62,写真集 121の詳細説明です。高品質でおすすめの商品です。,2023-12-08
7457,絵本 121,本・雑誌,出版社B,33321,610,絵本 121の詳細説明です。高品質でおすすめの商品です。,2023-08-03
7458,雑誌バックナンバー 121,本・雑誌,出版社A,13912,634,雑誌バックナンバー 121の詳細説明です。高品質でおすすめの商品です。,2023-04-05
7459,辞書 121,本・雑誌,出版社D,25295,857,辞書 121の詳細説明です。高品質でおすすめの商品です。,2023-12-14
7460,参考書 121,本・雑誌,出版社B,14281,248,参考書 121の詳細説明です。高品質でおすすめの商品です。,2023-07-14
7461,ビジネス書 122,本・雑誌,出版社D,13904,194,ビジネス書 122の詳細説明です。高品質でおすすめの商品です。,2023-03-20
7462,小説 122,本・雑誌,出版社D,39228,583,小説 122の詳細説明です。高品質でおすすめの商品です。,2023-06-27
7463,技術書 122,本・雑誌,出版社A,4650,499,技術書 122の詳細説明です。高品質でおすすめの商品です。,2023-01-10
7464,料理本 122,本・雑誌,出版社A,4539,364,料理本 122の詳細説明です。高品質でおすすめの商品です。,2023-05-06
7465,旅行ガイド 122,本・雑誌,出版社B,15192,514,旅行ガイド 122の詳細説明です。高品質でおすすめの商品です。,2023-09-07
7466,写真集 122,本・雑誌,出版社B,18417,39,写真集 122の詳細説明です。高品質でおすすめの商品です。,2023-03-13
7467,絵本 122,本・雑誌,出版社D,24560,508,絵本 122の詳細説明です。高品質でおすすめの商品です。,2023-02-14
7468,雑誌バックナンバー 122,本・雑誌,出版社A,34721,675,雑誌バックナンバー 122の詳細説明です。高品質でおすすめの商品です。,2023-03-24
7469,辞書 122,本・雑誌,出版社E,20562,319,辞書 122の詳細説明です。高品質でおすすめの商品です。,2023-06-05
7470,参考書 122,本・雑誌,出版社A,36533,59,参考書 122の詳細説明です。高品質でおすすめの商品です。,2023-09-21
7471,ビジネス書 123,本・雑誌,出版社B,3691,588,ビジネス書 123の詳細説明です。高品質でおすすめの商品です。,2023-06-19
7472,小説 123,本・雑誌,出版社D,2499,110,小説 123の詳細説明です。高品質でおすすめの商品です。,2023-11-14
7473,技術書 123,本・雑誌,出版社D,32535,82,技術書 123の詳細説明です。高品質でおすすめの商品です。,2023-05-12
7474,料理本 123,本・雑誌,出版社E,17855,221,料理本 123の詳細説明です。高品質でおすすめの商品です。,2023-12-28
7475,旅行ガイド 123,本・雑誌,出版社C,17837,847,旅行ガイド 123の詳細説明です。高品質でおすすめの商品です。,2023-12-18
7476,写真集 123,本・雑誌,出版社E,40101,102,写真集 123の詳細説明です。高品質でおすすめの商品です。,2023-06-02
7477,絵本 123,本・雑誌,出版社B,1123,944,絵本 123の詳細説明です。高品質でおすすめの商品です。,2023-04-08
7478,雑誌バックナンバー 123,本・雑誌,出版社D,40925,772,雑誌バックナンバー 123の詳細説明です。高品質でおすすめの商品です。,2023-09-18
7479,辞書 123,本・雑誌,出版社D,8778,607,辞書 123の詳細説明です。高品質でおすすめの商品です。,2023-01-20
7480,参考書 123,本・雑誌,出版社B,11011,293,参考書 123の詳細説明です。高品質でおすすめの商品です。,2023-02-03
7481,ビジネス書 124,本・雑誌,出版社A,29777,311,ビジネス書 124の詳細説明です。高品質でおすすめの商品です。,2023-09-21
7482,小説 124,本・雑誌,出版社C,12738,791,小説 124の詳細説明です。高品質でおすすめの商品です。,2023-10-01
7483,技術書 124,本・雑誌,出版社E,6503,431,技術書 124の詳細説明です。高品質でおすすめの商品です。,2023-12-09
7484,料理本 124,本・雑誌,出版社C,46886,181,料理本 124の詳細説明です。高品質でおすすめの商品です。,2023-01-04
7485,旅行ガイド 124,本・雑誌,出版社D,11218,418,旅行ガイド 124の詳細説明です。高品質でおすすめの商品です。,2023-11-20
7486,写真集 124,本・雑誌,出版社D,19279,876,写真集 124の詳細説明です。高品質でおすすめの商品です。,2023-12-17
7487,絵本 124,本・雑誌,出版社B,988,941,絵本 124の詳細説明です。高品質でおすすめの商品です。,2023-12-26
7488,雑誌バックナンバー 124,本・雑誌,出版社D,20103,121,雑誌バックナンバー 124の詳細説明です。高品質でおすすめの商品です。,2023-07-08
7489,辞書 124,本・雑誌,出版社B,30440,386,辞書 124の詳細説明です。高品質でおすすめの商品です。,2023-01-11
7490,参考書 124,本・雑誌,出版社C,665,446,参考書 124の詳細説明です。高品質でおすすめの商品です。,2023-03-23
7491,ビジネス書 125,本・雑誌,出版社A,27767,835,ビジネス書 125の詳細説明です。高品質でおすすめの商品です。,2023-06-23
7492,小説 125,本・雑誌,出版社D,16839,843,小説 125の詳細説明です。高品質でおすすめの商品です。,2023-10-29
7493,技術書 125,本・雑誌,出版社B,44118,564,技術書 125の詳細説明です。高品質でおすすめの商品です。,2023-11-21
7494,料理本 125,本・雑誌,出版社C,46166,956,料理本 125の詳細説明です。高品質でおすすめの商品です。,2023-05-04
7495,旅行ガイド 125,本・雑誌,出版社B,37438,26,旅行ガイド 125の詳細説明です。高品質でおすすめの商品です。,2023-01-17
7496,写真集 125,本・雑誌,出版社E,45630,489,写真集 125の詳細説明です。高品質でおすすめの商品です。,2023-12-17
7497,絵本 125,本・雑誌,出版社D,19609,637,絵本 125の詳細説明です。高品質でおすすめの商品です。,2023-04-30
7498,雑誌バックナンバー 125,本・雑誌,出版社A,10798,629,雑誌バックナンバー 125の詳細説明です。高品質でおすすめの商品です。,2023-10-01
7499,辞書 125,本・雑誌,出版社C,43619,587,辞書 125の詳細説明です。高品質でおすすめの商品です。,2023-06-13
7500,参考書 125,本・雑誌,出版社D,11930,418,参考書 125の詳細説明です。高品質でおすすめの商品です。,2023-04-11
7501,スキンケアセット,美容・健康,Beauty,25279,14,スキンケアセットの詳細説明です。高品質でおすすめの商品です。,2023-01-15
7502,シャンプー,美容・健康,Care,7390,941,シャンプーの詳細説明です。高品質でおすすめの商品です。,2023-05-14
7503,ボディソープ,美容・健康,Wellness,12828,301,ボディソープの詳細説明です。高品質でおすすめの商品です。,2023-08-15
7504,化粧水,美容・健康,Pure,22860,431,化粧水の詳細説明です。高品質でおすすめの商品です。,2023-04-26
7505,日焼け止め,美容・健康,Pure,43682,185,日焼け止めの詳細説明です。高品質でおすすめの商品です。,2023-12-15
7506,マスク,美容・健康,Pure,32208,195,マスクの詳細説明です。高品質でおすすめの商品です。,2023-06-10
7507,サプリメント,美容・健康,Natural,47974,411,サプリメントの詳細説明です。高品質でおすすめの商品です。,2023-10-30
7508,歯ブラシ,美容・健康,Care,20363,919,歯ブラシの詳細説明です。高品質でおすすめの商品です。,2023-08-11
7509,デンタルフロス,美容・健康,Wellness,11023,923,デンタルフロスの詳細説明です。高品質でおすすめの商品です。,2023-04-29
7510,ボディクリーム,美容・健康,Pure,27028,75,ボディクリームの詳細説明です。高品質でおすすめの商品です。,2023-11-23
7511,スキンケアセット 2,美容・健康,Beauty,31593,207,スキンケアセット 2の詳細説明です。高品質でおすすめの商品です。,2023-08-03
7512,シャンプー 2,美容・健康,Natural,36985,930,シャンプー 2の詳細説明です。高品質でおすすめの商品です。,2023-11-01
7513,ボディソープ 2,美容・健康,Beauty,16836,35,ボディソープ 2の詳細説明です。高品質でおすすめの商品です。,2023-03-09
7514,化粧水 2,美容・健康,Pure,15054,742,化粧水 2の詳細説明です。高品質でおすすめの商品です。,2023-07-13
7515,日焼け止め 2,美容・健康,Pure,46153,451,日焼け止め 2の詳細説明です。高品質でおすすめの商品です。,2023-08-09
7516,マスク 2,美容・健康,Natural,23857,946,マスク 2の詳細説明です。高品質でおすすめの商品です。,2023-11-26
7517,サプリメント 2,美容・健康,Wellness,37732,264,サプリメント 2の詳細説明です。高品質でおすすめの商品です。,2023-02-11
7518,歯ブラシ 2,美容・健康,Natural,19377,637,歯ブラシ 2の詳細説明です。高品質でおすすめの商品です。,2023-07-30
7519,デンタルフロス 2,美容・健康,Care,39230,998,デンタルフロス 2の詳細説明です。高品質でおすすめの商品です。,2023-10-01
7520,ボディクリーム 2,美容・健康,Beauty,44719,791,ボディクリーム 2の詳細説明です。高品質でおすすめの商品です。,2023-09-16
7521,スキンケアセット 3,美容・健康,Wellness,29158,658,スキンケアセット 3の詳細説明です。高品質でおすすめの商品です。,2023-11-03
7522,シャンプー 3,美容・健康,Natural,18140,740,シャンプー 3の詳細説明です。高品質でおすすめの商品です。,2023-04-05
7523,ボディソープ 3,美容・健康,Beauty,48035,462,ボディソープ 3の詳細説明です。高品質でおすすめの商品です。,2023-11-08
7524,化粧水 3,美容・健康,Beauty,47852,275,化粧水 3の詳細説明です。高品質でおすすめの商品です。,2023-03-04
7525,日焼け止め 3,美容・健康,Beauty,14954,621,日焼け止め 3の詳細説明です。高品質でおすすめの商品です。,2023-06-02
7526,マスク 3,美容・健康,Wellness,11944,568,マスク 3の詳細説明です。高品質でおすすめの商品です。,2023-05-05
7527,サプリメント 3,美容・健康,Care,4882,809,サプリメント 3の詳細説明です。高品質でおすすめの商品です。,2023-11-06
7528,歯ブラシ 3,美容・健康,Pure,43591,30,歯ブラシ 3の詳細説明です。高品質でおすすめの商品です。,2023-10-06
7529,デンタルフロス 3,美容・健康,Natural,31015,995,デンタルフロス 3の詳細説明です。高品質でおすすめの商品です。,2023-05-19
7530,ボディクリーム 3,美容・健康,Wellness,8926,962,ボディクリーム 3の詳細説明です。高品質でおすすめの商品です。,2023-10-01
7531,スキンケアセット 4,美容・健康,Natural,39637,222,スキンケアセット 4の詳細説明です。高品質でおすすめの商品です。,2023-03-27
7532,シャンプー 4,美容・健康,Care,45199,613,シャンプー 4の詳細説明です。高品質でおすすめの商品です。,2023-04-07
7533,ボディソープ 4,美容・健康,Pure,42864,870,ボディソープ 4の詳細説明です。高品質でおすすめの商品です。,2023-10-12
7534,化粧水 4,美容・健康,Wellness,28519,411,化粧水 4の詳細説明です。高品質でおすすめの商品です。,2023-04-21
7535,日焼け止め 4,美容・健康,Pure,11173,688,日焼け止め 4の詳細説明です。高品質でおすすめの商品です。,2023-02-21
7536,マスク 4,美容・健康,Beauty,46311,765,マスク 4の詳細説明です。高品質でおすすめの商品です。,2023-11-15
7537,サプリメント 4,美容・健康,Care,2475,405,サプリメント 4の詳細説明です。高品質でおすすめの商品です。,2023-04-28
7538,歯ブラシ 4,美容・健康,Natural,36751,57,歯ブラシ 4の詳細説明です。高品質でおすすめの商品です。,2023-06-12
7539,デンタルフロス 4,美容・健康,Pure,23517,68,デンタルフロス 4の詳細説明です。高品質でおすすめの商品です。,2023-04-19
7540,ボディクリーム 4,美容・健康,Pure,25795,405,ボディクリーム 4の詳細説明です。高品質でおすすめの商品です。,2023-09-17
7541,スキンケアセット 5,美容・健康,Care,17020,95,スキンケアセット 5の詳細説明です。高品質でおすすめの商品です。,2023-11-23
7542,シャンプー 5,美容・健康,Natural,34703,213,シャンプー 5の詳細説明です。高品質でおすすめの商品です。,2023-07-17
7543,ボディソープ 5,美容・健康,Beauty,36574,664,ボディソープ 5の詳細説明です。高品質でおすすめの商品です。,2023-06-03
7544,化粧水 5,美容・健康,Wellness,31954,560,化粧水 5の詳細説明です。高品質でおすすめの商品です。,2023-06-22
7545,日焼け止め 5,美容・健康,Wellness,1337,228,日焼け止め 5の詳細説明です。高品質でおすすめの商品です。,2023-08-26
7546,マスク 5,美容・健康,Natural,39300,606,マスク 5の詳細説明です。高品質でおすすめの商品です。,2023-05-14
7547,サプリメント 5,美容・健康,Beauty,2706,820,サプリメント 5の詳細説明です。高品質でおすすめの商品です。,2023-04-07
7548,歯ブラシ 5,美容・健康,Pure,46418,199,歯ブラシ 5の詳細説明です。高品質でおすすめの商品です。,2023-11-20
7549,デンタルフロス 5,美容・健康,Natural,19253,631,デンタルフロス 5の詳細説明です。高品質でおすすめの商品です。,2023-07-13
7550,ボディクリーム 5,美容・健康,Beauty,33623,951,ボディクリーム 5の詳細説明です。高品質でおすすめの商品です。,2023-12-21
7551,スキンケアセット 6,美容・健康,Care,7640,238,スキンケアセット 6の詳細説明です。高品質でおすすめの商品です。,2023-03-11
7552,シャンプー 6,美容・健康,Care,982,599,シャンプー 6の詳細説明です。高品質でおすすめの商品です。,2023-11-22
7553,ボディソープ 6,美容・健康,Wellness,11310,491,ボディソープ 6の詳細説明です。高品質でおすすめの商品です。,2023-06-24
7554,化粧水 6,美容・健康,Care,23991,35,化粧水 6の詳細説明です。高品質でおすすめの商品です。,2023-12-02
7555,日焼け止め 6,美容・健康,Beauty,8911,195,日焼け止め 6の詳細説明です。高品質でおすすめの商品です。,2023-10-03
7556,マスク 6,美容・健康,Pure,32433,612,マスク 6の詳細説明です。高品質でおすすめの商品です。,2023-07-02
7557,サプリメント 6,美容・健康,Wellness,2747,918,サプリメント 6の詳細説明です。高品質でおすすめの商品です。,2023-10-09
7558,歯ブラシ 6,美容・健康,Beauty,30163,802,歯ブラシ 6の詳細説明です。高品質でおすすめの商品です。,2023-10-26
7559,デンタルフロス 6,美容・健康,Pure,20772,522,デンタルフロス 6の詳細説明です。高品質でおすすめの商品です。,2023-01-10
7560,ボディクリーム 6,美容・健康,Beauty,48568,0,ボディクリーム 6の詳細説明です。高品質でおすすめの商品です。,2023-06-14
7561,スキンケアセット 7,美容・健康,Natural,28403,996,スキンケアセット 7の詳細説明です。高品質でおすすめの商品です。,2023-07-29
7562,シャンプー 7,美容・健康,Care,46952,500,シャンプー 7の詳細説明です。高品質でおすすめの商品です。,2023-12-13
7563,ボディソープ 7,美容・健康,Wellness,33048,738,ボディソープ 7の詳細説明です。高品質でおすすめの商品です。,2023-12-10
7564,化粧水 7,美容・健康,Wellness,30930,896,化粧水 7の詳細説明です。高品質でおすすめの商品です。,2023-05-16
7565,日焼け止め 7,美容・健康,Pure,16460,976,日焼け止め 7の詳細説明です。高品質でおすすめの商品です。,2023-06-12
7566,マスク 7,美容・健康,Pure,36089,712,マスク 7の詳細説明です。高品質でおすすめの商品です。,2023-04-09
7567,サプリメント 7,美容・健康,Wellness,39798,114,サプリメント 7の詳細説明です。高品質でおすすめの商品です。,2023-01-08
7568,歯ブラシ 7,美容・健康,Natural,26568,463,歯ブラシ 7の詳細説明です。高品質でおすすめの商品です。,2023-07-22
7569,デンタルフロス 7,美容・健康,Care,11354,29,デンタルフロス 7の詳細説明です。高品質でおすすめの商品です。,2023-01-11
7570,ボディクリーム 7,美容・健康,Wellness,36349,363,ボディクリーム 7の詳細説明です。高品質でおすすめの商品です。,2023-04-02
7571,スキンケアセット 8,美容・健康,Natural,24830,225,スキンケアセット 8の詳細説明です。高品質でおすすめの商品です。,2023-10-06
7572,シャンプー 8,美容・健康,Wellness,5804,407,シャンプー 8の詳細説明です。高品質でおすすめの商品です。,2023-11-06
7573,ボディソープ 8,美容・健康,Natural,23976,78,ボディソープ 8の詳細説明です。高品質でおすすめの商品です。,2023-11-29
7574,化粧水 8,美容・健康,Beauty,33949,115,化粧水 8の詳細説明です。高品質でおすすめの商品です。,2023-08-31
7575,日焼け止め 8,美容・健康,Beauty,25922,979,日焼け止め 8の詳細説明です。高品質でおすすめの商品です。,2023-10-10
7576,マスク 8,美容・健康,Care,43547,999,マスク 8の詳細説明です。高品質でおすすめの商品です。,2023-07-31
7577,サプリメント 8,美容・健康,Care,5499,341,サプリメント 8の詳細説明です。高品質でおすすめの商品です。,2023-07-04
7578,歯ブラシ 8,美容・健康,Wellness,6739,754,歯ブラシ 8の詳細説明です。高品質でおすすめの商品です。,2023-09-28
7579,デンタルフロス 8,美容・健康,Pure,29266,78,デンタルフロス 8の詳細説明です。高品質でおすすめの商品です。,2023-04-11
7580,ボディクリーム 8,美容・健康,Pure,14530,298,ボディクリーム 8の詳細説明です。高品質でおすすめの商品です。,2023-07-13
7581,スキンケアセット 9,美容・健康,Pure,31185,177,スキンケアセット 9の詳細説明です。高品質でおすすめの商品です。,2023-11-07
7582,シャンプー 9,美容・健康,Wellness,35899,950,シャンプー 9の詳細説明です。高品質でおすすめの商品です。,2023-08-16
7583,ボディソープ 9,美容・健康,Care,29218,760,ボディソープ 9の詳細説明です。高品質でおすすめの商品です。,2023-07-26
7584,化粧水 9,美容・健康,Care,2735,686,化粧水 9の詳細説明です。高品質でおすすめの商品です。,2023-07-21
7585,日焼け止め 9,美容・健康,Wellness,44497,504,日焼け止め 9の詳細説明です。高品質でおすすめの商品です。,2023-09-16
7586,マスク 9,美容・健康,Beauty,4918,348,マスク 9の詳細説明です。高品質でおすすめの商品です。,2023-07-25
7587,サプリメント 9,美容・健康,Wellness,40185,132,サプリメント 9の詳細説明です。高品質でおすすめの商品です。,2023-12-16
7588,歯ブラシ 9,美容・健康,Care,34908,699,歯ブラシ 9の詳細説明です。高品質でおすすめの商品です。,2023-01-12
7589,デンタルフロス 9,美容・健康,Beauty,25098,65,デンタルフロス 9の詳細説明です。高品質でおすすめの商品です。,2023-05-02
7590,ボディクリーム 9,美容・健康,Care,41284,837,ボディクリーム 9の詳細説明です。高品質でおすすめの商品です。,2023-11-12
7591,スキンケアセット 10,美容・健康,Care,34769,237,スキンケアセット 10の詳細説明です。高品質でおすすめの商品です。,2023-11-27
7592,シャンプー 10,美容・健康,Wellness,20634,999,シャンプー 10の詳細説明です。高品質でおすすめの商品です。,2023-07-24
7593,ボディソープ 10,美容・健康,Beauty,6418,945,ボディソープ 10の詳細説明です。高品質でおすすめの商品です。,2023-03-19
7594,化粧水 10,美容・健康,Wellness,41464,394,化粧水 10の詳細説明です。高品質でおすすめの商品です。,2023-03-18
7595,日焼け止め 10,美容・健康,Beauty,24674,751,日焼け止め 10の詳細説明です。高品質でおすすめの商品です。,2023-07-07
7596,マスク 10,美容・健康,Care,23838,835,マスク 10の詳細説明です。高品質でおすすめの商品です。,2023-08-28
7597,サプリメント 10,美容・健康,Wellness,32951,644,サプリメント 10の詳細説明です。高品質でおすすめの商品です。,2023-11-06
7598,歯ブラシ 10,美容・健康,Wellness,11953,987,歯ブラシ 10の詳細説明です。高品質でおすすめの商品です。,2023-02-24
7599,デンタルフロス 10,美容・健康,Pure,33659,699,デンタルフロス 10の詳細説明です。高品質でおすすめの商品です。,2023-08-29
7600,ボディクリーム 10,美容・健康,Beauty,18927,809,ボディクリーム 10の詳細説明です。高品質でおすすめの商品です。,2023-03-02
7601,スキンケアセット 11,美容・健康,Beauty,24897,368,スキンケアセット 11の詳細説明です。高品質でおすすめの商品です。,2023-09-05
7602,シャンプー 11,美容・健康,Natural,26711,866,シャンプー 11の詳細説明です。高品質でおすすめの商品です。,2023-01-19
7603,ボディソープ 11,美容・健康,Pure,30325,779,ボディソープ 11の詳細説明です。高品質でおすすめの商品です。,2023-02-27
7604,化粧水 11,美容・健康,Pure,16745,3,化粧水 11の詳細説明です。高品質でおすすめの商品です。,2023-02-14
7605,日焼け止め 11,美容・健康,Natural,6265,538,日焼け止め 11の詳細説明です。高品質でおすすめの商品です。,2023-01-03
7606,マスク 11,美容・健康,Care,21269,237,マスク 11の詳細説明です。高品質でおすすめの商品です。,2023-12-10
7607,サプリメント 11,美容・健康,Natural,21676,595,サプリメント 11の詳細説明です。高品質でおすすめの商品です。,2023-09-09
7608,歯ブラシ 11,美容・健康,Wellness,7266,422,歯ブラシ 11の詳細説明です。高品質でおすすめの商品です。,2023-05-21
7609,デンタルフロス 11,美容・健康,Beauty,47195,27,デンタルフロス 11の詳細説明です。高品質でおすすめの商品です。,2023-08-30
7610,ボディクリーム 11,美容・健康,Care,40203,863,ボディクリーム 11の詳細説明です。高品質でおすすめの商品です。,2023-01-29
7611,スキンケアセット 12,美容・健康,Beauty,39620,654,スキンケアセット 12の詳細説明です。高品質でおすすめの商品です。,2023-05-25
7612,シャンプー 12,美容・健康,Pure,38834,874,シャンプー 12の詳細説明です。高品質でおすすめの商品です。,2023-02-09
7613,ボディソープ 12,美容・健康,Pure,13252,597,ボディソープ 12の詳細説明です。高品質でおすすめの商品です。,2023-09-09
7614,化粧水 12,美容・健康,Beauty,20544,504,化粧水 12の詳細説明です。高品質でおすすめの商品です。,2023-06-01
7615,日焼け止め 12,美容・健康,Wellness,1494,753,日焼け止め 12の詳細説明です。高品質でおすすめの商品です。,2023-01-29
7616,マスク 12,美容・健康,Care,4145,353,マスク 12の詳細説明です。高品質でおすすめの商品です。,2023-10-29
7617,サプリメント 12,美容・健康,Wellness,11942,600,サプリメント 12の詳細説明です。高品質でおすすめの商品です。,2023-02-27
7618,歯ブラシ 12,美容・健康,Care,36148,99,歯ブラシ 12の詳細説明です。高品質でおすすめの商品です。,2023-02-12
7619,デンタルフロス 12,美容・健康,Beauty,24514,680,デンタルフロス 12の詳細説明です。高品質でおすすめの商品です。,2023-06-16
7620,ボディクリーム 12,美容・健康,Wellness,36570,86,ボディクリーム 12の詳細説明です。高品質でおすすめの商品です。,2023-02-05
7621,スキンケアセット 13,美容・健康,Care,16246,656,スキンケアセット 13の詳細説明です。高品質でおすすめの商品です。,2023-05-27
7622,シャンプー 13,美容・健康,Pure,32893,439,シャンプー 13の詳細説明です。高品質でおすすめの商品です。,2023-03-14
7623,ボディソープ 13,美容・健康,Beauty,12064,323,ボディソープ 13の詳細説明です。高品質でおすすめの商品です。,2023-04-02
7624,化粧水 13,美容・健康,Natural,9292,78,化粧水 13の詳細説明です。高品質でおすすめの商品です。,2023-02-13
7625,日焼け止め 13,美容・健康,Natural,36727,527,日焼け止め 13の詳細説明です。高品質でおすすめの商品です。,2023-01-02
7626,マスク 13,美容・健康,Pure,2513,158,マスク 13の詳細説明です。高品質でおすすめの商品です。,2023-11-02
7627,サプリメント 13,美容・健康,Pure,24348,870,サプリメント 13の詳細説明です。高品質でおすすめの商品です。,2023-12-15
7628,歯ブラシ 13,美容・健康,Care,11837,241,歯ブラシ 13の詳細説明です。高品質でおすすめの商品です。,2023-05-14
7629,デンタルフロス 13,美容・健康,Pure,32167,37,デンタルフロス 13の詳細説明です。高品質でおすすめの商品です。,2023-07-19
7630,ボディクリーム 13,美容・健康,Wellness,20738,904,ボディクリーム 13の詳細説明です。高品質でおすすめの商品です。,2023-10-11
7631,スキンケアセット 14,美容・健康,Natural,23688,852,スキンケアセット 14の詳細説明です。高品質でおすすめの商品です。,2023-11-20
7632,シャンプー 14,美容・健康,Care,38347,222,シャンプー 14の詳細説明です。高品質でおすすめの商品です。,2023-09-07
7633,ボディソープ 14,美容・健康,Care,26297,984,ボディソープ 14の詳細説明です。高品質でおすすめの商品です。,2023-10-21
7634,化粧水 14,美容・健康,Wellness,4227,371,化粧水 14の詳細説明です。高品質でおすすめの商品です。,2023-01-07
7635,日焼け止め 14,美容・健康,Wellness,3715,738,日焼け止め 14の詳細説明です。高品質でおすすめの商品です。,2023-03-21
7636,マスク 14,美容・健康,Beauty,37922,327,マスク 14の詳細説明です。高品質でおすすめの商品です。,2023-02-18
7637,サプリメント 14,美容・健康,Beauty,23970,46,サプリメント 14の詳細説明です。高品質でおすすめの商品です。,2023-12-02
7638,歯ブラシ 14,美容・健康,Natural,27329,122,歯ブラシ 14の詳細説明です。高品質でおすすめの商品です。,2023-03-11
7639,デンタルフロス 14,美容・健康,Wellness,20838,901,デンタルフロス 14の詳細説明です。高品質でおすすめの商品です。,2023-01-08
7640,ボディクリーム 14,美容・健康,Beauty,36172,863,ボディクリーム 14の詳細説明です。高品質でおすすめの商品です。,2023-08-04
7641,スキンケアセット 15,美容・健康,Beauty,47534,215,スキンケアセット 15の詳細説明です。高品質でおすすめの商品です。,2023-04-06
7642,シャンプー 15,美容・健康,Wellness,27206,233,シャンプー 15の詳細説明です。高品質でおすすめの商品です。,2023-11-23
7643,ボディソープ 15,美容・健康,Beauty,44735,5,ボディソープ 15の詳細説明です。高品質でおすすめの商品です。,2023-01-29
7644,化粧水 15,美容・健康,Wellness,5445,443,化粧水 15の詳細説明です。高品質でおすすめの商品です。,2023-08-28
7645,日焼け止め 15,美容・健康,Pure,2220,340,日焼け止め 15の詳細説明です。高品質でおすすめの商品です。,2023-03-16
7646,マスク 15,美容・健康,Beauty,28333,956,マスク 15の詳細説明です。高品質でおすすめの商品です。,2023-06-18
7647,サプリメント 15,美容・健康,Pure,27794,34,サプリメント 15の詳細説明です。高品質でおすすめの商品です。,2023-12-03
7648,歯ブラシ 15,美容・健康,Natural,5797,143,歯ブラシ 15の詳細説明です。高品質でおすすめの商品です。,2023-09-09
7649,デンタルフロス 15,美容・健康,Wellness,22887,360,デンタルフロス 15の詳細説明です。高品質でおすすめの商品です。,2023-03-07
7650,ボディクリーム 15,美容・健康,Pure,24984,829,ボディクリーム 15の詳細説明です。高品質でおすすめの商品です。,2023-02-12
7651,スキンケアセット 16,美容・健康,Beauty,41855,714,スキンケアセット 16の詳細説明です。高品質でおすすめの商品です。,2023-05-13
7652,シャンプー 16,美容・健康,Beauty,43356,280,シャンプー 16の詳細説明です。高品質でおすすめの商品です。,2023-10-09
7653,ボディソープ 16,美容・健康,Care,34131,394,ボディソープ 16の詳細説明です。高品質でおすすめの商品です。,2023-10-28
7654,化粧水 16,美容・健康,Pure,2511,62,化粧水 16の詳細説明です。高品質でおすすめの商品です。,2023-03-08
7655,日焼け止め 16,美容・健康,Natural,30345,694,日焼け止め 16の詳細説明です。高品質でおすすめの商品です。,2023-11-06
7656,マスク 16,美容・健康,Beauty,11455,18,マスク 16の詳細説明です。高品質でおすすめの商品です。,2023-01-23
7657,サプリメント 16,美容・健康,Wellness,22069,264,サプリメント 16の詳細説明です。高品質でおすすめの商品です。,2023-01-19
7658,歯ブラシ 16,美容・健康,Care,11102,678,歯ブラシ 16の詳細説明です。高品質でおすすめの商品です。,2023-10-03
7659,デンタルフロス 16,美容・健康,Beauty,47547,706,デンタルフロス 16の詳細説明です。高品質でおすすめの商品です。,2023-06-17
7660,ボディクリーム 16,美容・健康,Beauty,38706,34,ボディクリーム 16の詳細説明です。高品質でおすすめの商品です。,2023-07-05
7661,スキンケアセット 17,美容・健康,Pure,23252,851,スキンケアセット 17の詳細説明です。高品質でおすすめの商品です。,2023-11-08
7662,シャンプー 17,美容・健康,Pure,16348,953,シャンプー 17の詳細説明です。高品質でおすすめの商品です。,2023-01-30
7663,ボディソープ 17,美容・健康,Pure,10670,559,ボディソープ 17の詳細説明です。高品質でおすすめの商品です。,2023-10-19
7664,化粧水 17,美容・健康,Wellness,7209,661,化粧水 17の詳細説明です。高品質でおすすめの商品です。,2023-07-25
7665,日焼け止め 17,美容・健康,Wellness,2595,657,日焼け止め 17の詳細説明です。高品質でおすすめの商品です。,2023-01-17
7666,マスク 17,美容・健康,Natural,21307,315,マスク 17の詳細説明です。高品質でおすすめの商品です。,2023-03-17
7667,サプリメント 17,美容・健康,Care,43984,719,サプリメント 17の詳細説明です。高品質でおすすめの商品です。,2023-09-09
7668,歯ブラシ 17,美容・健康,Wellness,3722,531,歯ブラシ 17の詳細説明です。高品質でおすすめの商品です。,2023-03-11
7669,デンタルフロス 17,美容・健康,Beauty,30599,929,デンタルフロス 17の詳細説明です。高品質でおすすめの商品です。,2023-04-25
7670,ボディクリーム 17,美容・健康,Care,44853,359,ボディクリーム 17の詳細説明です。高品質でおすすめの商品です。,2023-10-01
7671,スキンケアセット 18,美容・健康,Wellness,8766,880,スキンケアセット 18の詳細説明です。高品質でおすすめの商品です。,2023-04-04
7672,シャンプー 18,美容・健康,Natural,46053,271,シャンプー 18の詳細説明です。高品質でおすすめの商品です。,2023-02-23
7673,ボディソープ 18,美容・健康,Care,22286,186,ボディソープ 18の詳細説明です。高品質でおすすめの商品です。,2023-10-05
7674,化粧水 18,美容・健康,Care,30538,513,化粧水 18の詳細説明です。高品質でおすすめの商品です。,2023-05-29
7675,日焼け止め 18,美容・健康,Beauty,974,70,日焼け止め 18の詳細説明です。高品質でおすすめの商品です。,2023-11-23
7676,マスク 18,美容・健康,Wellness,43547,852,マスク 18の詳細説明です。高品質でおすすめの商品です。,2023-10-18
7677,サプリメント 18,美容・健康,Care,7162,528,サプリメント 18の詳細説明です。高品質でおすすめの商品です。,2023-11-01
7678,歯ブラシ 18,美容・健康,Natural,34555,151,歯ブラシ 18の詳細説明です。高品質でおすすめの商品です。,2024-01-01
7679,デンタルフロス 18,美容・健康,Pure,23771,682,デンタルフロス 18の詳細説明です。高品質でおすすめの商品です。,2023-05-19
7680,ボディクリーム 18,美容・健康,Wellness,33151,763,ボディクリーム 18の詳細説明です。高品質でおすすめの商品です。,2023-05-15
7681,スキンケアセット 19,美容・健康,Natural,41534,874,スキンケアセット 19の詳細説明です。高品質でおすすめの商品です。,2023-06-11
7682,シャンプー 19,美容・健康,Natural,13369,830,シャンプー 19の詳細説明です。高品質でおすすめの商品です。,2023-08-07
7683,ボディソープ 19,美容・健康,Natural,6008,104,ボディソープ 19の詳細説明です。高品質でおすすめの商品です。,2023-06-17
7684,化粧水 19,美容・健康,Beauty,13746,413,化粧水 19の詳細説明です。高品質でおすすめの商品です。,2023-06-18
7685,日焼け止め 19,美容・健康,Pure,37110,2,日焼け止め 19の詳細説明です。高品質でおすすめの商品です。,2023-05-23
7686,マスク 19,美容・健康,Wellness,5117,84,マスク 19の詳細説明です。高品質でおすすめの商品です。,2023-02-04
7687,サプリメント 19,美容・健康,Pure,27148,198,サプリメント 19の詳細説明です。高品質でおすすめの商品です。,2023-06-13
7688,歯ブラシ 19,美容・健康,Wellness,30443,911,歯ブラシ 19の詳細説明です。高品質でおすすめの商品です。,2023-11-06
7689,デンタルフロス 19,美容・健康,Beauty,29643,359,デンタルフロス 19の詳細説明です。高品質でおすすめの商品です。,2023-02-14
7690,ボディクリーム 19,美容・健康,Natural,26255,850,ボディクリーム 19の詳細説明です。高品質でおすすめの商品です。,2023-01-20
7691,スキンケアセット 20,美容・健康,Beauty,7183,994,スキンケアセット 20の詳細説明です。高品質でおすすめの商品です。,2023-06-18
7692,シャンプー 20,美容・健康,Natural,26977,664,シャンプー 20の詳細説明です。高品質でおすすめの商品です。,2023-07-17
7693,ボディソープ 20,美容・健康,Natural,3790,435,ボディソープ 20の詳細説明です。高品質でおすすめの商品です。,2023-05-03
7694,化粧水 20,美容・健康,Beauty,48177,139,化粧水 20の詳細説明です。高品質でおすすめの商品です。,2023-04-12
7695,日焼け止め 20,美容・健康,Wellness,23114,509,日焼け止め 20の詳細説明です。高品質でおすすめの商品です。,2023-03-13
7696,マスク 20,美容・健康,Care,25775,467,マスク 20の詳細説明です。高品質でおすすめの商品です。,2023-11-13
7697,サプリメント 20,美容・健康,Natural,31455,865,サプリメント 20の詳細説明です。高品質でおすすめの商品です。,2023-10-23
7698,歯ブラシ 20,美容・健康,Wellness,33125,536,歯ブラシ 20の詳細説明です。高品質でおすすめの商品です。,2023-07-16
7699,デンタルフロス 20,美容・健康,Pure,48564,630,デンタルフロス 20の詳細説明です。高品質でおすすめの商品です。,2023-10-31
7700,ボディクリーム 20,美容・健康,Natural,6127,339,ボディクリーム 20の詳細説明です。高品質でおすすめの商品です。,2023-11-16
7701,スキンケアセット 21,美容・健康,Beauty,37280,346,スキンケアセット 21の詳細説明です。高品質でおすすめの商品です。,2023-12-12
7702,シャンプー 21,美容・健康,Wellness,9041,749,シャンプー 21の詳細説明です。高品質でおすすめの商品です。,2023-06-12
7703,ボディソープ 21,美容・健康,Care,17729,940,ボディソープ 21の詳細説明です。高品質でおすすめの商品です。,2023-11-21
7704,化粧水 21,美容・健康,Pure,17620,85,化粧水 21の詳細説明です。高品質でおすすめの商品です。,2023-11-10
7705,日焼け止め 21,美容・健康,Pure,30088,53,日焼け止め 21の詳細説明です。高品質でおすすめの商品です。,2023-04-17
7706,マスク 21,美容・健康,Pure,19111,105,マスク 21の詳細説明です。高品質でおすすめの商品です。,2023-08-29
7707,サプリメント 21,美容・健康,Care,25516,37,サプリメント 21の詳細説明です。高品質でおすすめの商品です。,2023-07-01
7708,歯ブラシ 21,美容・健康,Pure,25832,405,歯ブラシ 21の詳細説明です。高品質でおすすめの商品です。,2023-03-18
7709,デンタルフロス 21,美容・健康,Care,29612,421,デンタルフロス 21の詳細説明です。高品質でおすすめの商品です。,2023-05-04
7710,ボディクリーム 21,美容・健康,Natural,46003,304,ボディクリーム 21の詳細説明です。高品質でおすすめの商品です。,2023-06-14
7711,スキンケアセット 22,美容・健康,Beauty,16123,976,スキンケアセット 22の詳細説明です。高品質でおすすめの商品です。,2023-04-01
7712,シャンプー 22,美容・健康,Beauty,18549,779,シャンプー 22の詳細説明です。高品質でおすすめの商品です。,2023-12-03
7713,ボディソープ 22,美容・健康,Pure,2515,978,ボディソープ 22の詳細説明です。高品質でおすすめの商品です。,2023-07-13
7714,化粧水 22,美容・健康,Pure,35744,776,化粧水 22の詳細説明です。高品質でおすすめの商品です。,2023-08-15
7715,日焼け止め 22,美容・健康,Pure,30027,291,日焼け止め 22の詳細説明です。高品質でおすすめの商品です。,2023-02-21
7716,マスク 22,美容・健康,Care,32499,824,マスク 22の詳細説明です。高品質でおすすめの商品です。,2023-05-04
7717,サプリメント 22,美容・健康,Beauty,26957,587,サプリメント 22の詳細説明です。高品質でおすすめの商品です。,2023-05-01
7718,歯ブラシ 22,美容・健康,Pure,46322,669,歯ブラシ 22の詳細説明です。高品質でおすすめの商品です。,2023-11-05
7719,デンタルフロス 22,美容・健康,Natural,42985,255,デンタルフロス 22の詳細説明です。高品質でおすすめの商品です。,2023-09-17
7720,ボディクリーム 22,美容・健康,Care,41859,26,ボディクリーム 22の詳細説明です。高品質でおすすめの商品です。,2023-10-01
7721,スキンケアセット 23,美容・健康,Wellness,32705,353,スキンケアセット 23の詳細説明です。高品質でおすすめの商品です。,2023-01-31
7722,シャンプー 23,美容・健康,Natural,26660,136,シャンプー 23の詳細説明です。高品質でおすすめの商品です。,2023-03-22
7723,ボディソープ 23,美容・健康,Care,13045,673,ボディソープ 23の詳細説明です。高品質でおすすめの商品です。,2023-08-20
7724,化粧水 23,美容・健康,Natural,2115,482,化粧水 23の詳細説明です。高品質でおすすめの商品です。,2023-06-05
7725,日焼け止め 23,美容・健康,Wellness,13875,592,日焼け止め 23の詳細説明です。高品質でおすすめの商品です。,2023-08-18
7726,マスク 23,美容・健康,Natural,35869,792,マスク 23の詳細説明です。高品質でおすすめの商品です。,2023-06-15
7727,サプリメント 23,美容・健康,Beauty,27236,736,サプリメント 23の詳細説明です。高品質でおすすめの商品です。,2023-05-06
7728,歯ブラシ 23,美容・健康,Wellness,44700,25,歯ブラシ 23の詳細説明です。高品質でおすすめの商品です。,2023-07-09
7729,デンタルフロス 23,美容・健康,Wellness,23609,760,デンタルフロス 23の詳細説明です。高品質でおすすめの商品です。,2023-11-08
7730,ボディクリーム 23,美容・健康,Natural,4100,374,ボディクリーム 23の詳細説明です。高品質でおすすめの商品です。,2023-11-22
7731,スキンケアセット 24,美容・健康,Wellness,32283,680,スキンケアセット 24の詳細説明です。高品質でおすすめの商品です。,2023-02-16
7732,シャンプー 24,美容・健康,Beauty,28695,945,シャンプー 24の詳細説明です。高品質でおすすめの商品です。,2023-05-25
7733,ボディソープ 24,美容・健康,Natural,49968,500,ボディソープ 24の詳細説明です。高品質でおすすめの商品です。,2023-05-29
7734,化粧水 24,美容・健康,Care,42726,603,化粧水 24の詳細説明です。高品質でおすすめの商品です。,2023-03-08
7735,日焼け止め 24,美容・健康,Pure,762,719,日焼け止め 24の詳細説明です。高品質でおすすめの商品です。,2023-06-09
7736,マスク 24,美容・健康,Care,49871,156,マスク 24の詳細説明です。高品質でおすすめの商品です。,2023-10-30
7737,サプリメント 24,美容・健康,Beauty,18929,333,サプリメント 24の詳細説明です。高品質でおすすめの商品です。,2023-09-27
7738,歯ブラシ 24,美容・健康,Pure,2537,291,歯ブラシ 24の詳細説明です。高品質でおすすめの商品です。,2023-01-29
7739,デンタルフロス 24,美容・健康,Natural,29403,443,デンタルフロス 24の詳細説明です。高品質でおすすめの商品です。,2023-07-28
7740,ボディクリーム 24,美容・健康,Wellness,14945,845,ボディクリーム 24の詳細説明です。高品質でおすすめの商品です。,2023-02-02
7741,スキンケアセット 25,美容・健康,Wellness,859,977,スキンケアセット 25の詳細説明です。高品質でおすすめの商品です。,2023-11-16
7742,シャンプー 25,美容・健康,Wellness,35784,813,シャンプー 25の詳細説明です。高品質でおすすめの商品です。,2023-01-10
7743,ボディソープ 25,美容・健康,Natural,5671,106,ボディソープ 25の詳細説明です。高品質でおすすめの商品です。,2023-02-25
7744,化粧水 25,美容・健康,Beauty,1767,164,化粧水 25の詳細説明です。高品質でおすすめの商品です。,2023-11-17
7745,日焼け止め 25,美容・健康,Pure,27815,804,日焼け止め 25の詳細説明です。高品質でおすすめの商品です。,2023-10-12
7746,マスク 25,美容・健康,Beauty,27113,491,マスク 25の詳細説明です。高品質でおすすめの商品です。,2023-03-10
7747,サプリメント 25,美容・健康,Pure,10129,678,サプリメント 25の詳細説明です。高品質でおすすめの商品です。,2023-08-17
7748,歯ブラシ 25,美容・健康,Pure,37336,377,歯ブラシ 25の詳細説明です。高品質でおすすめの商品です。,2023-11-09
7749,デンタルフロス 25,美容・健康,Wellness,29421,498,デンタルフロス 25の詳細説明です。高品質でおすすめの商品です。,2023-09-07
7750,ボディクリーム 25,美容・健康,Beauty,21782,654,ボディクリーム 25の詳細説明です。高品質でおすすめの商品です。,2023-07-15
7751,スキンケアセット 26,美容・健康,Pure,750,503,スキンケアセット 26の詳細説明です。高品質でおすすめの商品です。,2023-09-19
7752,シャンプー 26,美容・健康,Care,9104,288,シャンプー 26の詳細説明です。高品質でおすすめの商品です。,2023-03-26
7753,ボディソープ 26,美容・健康,Pure,15354,493,ボディソープ 26の詳細説明です。高品質でおすすめの商品です。,2023-01-12
7754,化粧水 26,美容・健康,Natural,7141,692,化粧水 26の詳細説明です。高品質でおすすめの商品です。,2023-02-21
7755,日焼け止め 26,美容・健康,Pure,34341,902,日焼け止め 26の詳細説明です。高品質でおすすめの商品です。,2023-05-07
7756,マスク 26,美容・健康,Wellness,6417,559,マスク 26の詳細説明です。高品質でおすすめの商品です。,2023-12-17
7757,サプリメント 26,美容・健康,Pure,31260,914,サプリメント 26の詳細説明です。高品質でおすすめの商品です。,2023-06-15
7758,歯ブラシ 26,美容・健康,Natural,27727,1000,歯ブラシ 26の詳細説明です。高品質でおすすめの商品です。,2023-08-25
7759,デンタルフロス 26,美容・健康,Care,4080,25,デンタルフロス 26の詳細説明です。高品質でおすすめの商品です。,2023-04-05
7760,ボディクリーム 26,美容・健康,Wellness,39903,367,ボディクリーム 26の詳細説明です。高品質でおすすめの商品です。,2023-05-28
7761,スキンケアセット 27,美容・健康,Pure,23134,954,スキンケアセット 27の詳細説明です。高品質でおすすめの商品です。,2023-04-23
7762,シャンプー 27,美容・健康,Beauty,48490,894,シャンプー 27の詳細説明です。高品質でおすすめの商品です。,2023-10-22
7763,ボディソープ 27,美容・健康,Natural,17280,131,ボディソープ 27の詳細説明です。高品質でおすすめの商品です。,2023-03-10
7764,化粧水 27,美容・健康,Pure,43904,692,化粧水 27の詳細説明です。高品質でおすすめの商品です。,2023-10-08
7765,日焼け止め 27,美容・健康,Wellness,18422,580,日焼け止め 27の詳細説明です。高品質でおすすめの商品です。,2023-07-22
7766,マスク 27,美容・健康,Natural,42552,891,マスク 27の詳細説明です。高品質でおすすめの商品です。,2023-06-05
7767,サプリメント 27,美容・健康,Pure,12235,502,サプリメント 27の詳細説明です。高品質でおすすめの商品です。,2023-10-28
7768,歯ブラシ 27,美容・健康,Pure,19167,543,歯ブラシ 27の詳細説明です。高品質でおすすめの商品です。,2023-10-03
7769,デンタルフロス 27,美容・健康,Pure,28201,305,デンタルフロス 27の詳細説明です。高品質でおすすめの商品です。,2023-11-24
7770,ボディクリーム 27,美容・健康,Care,20139,338,ボディクリーム 27の詳細説明です。高品質でおすすめの商品です。,2023-06-09
7771,スキンケアセット 28,美容・健康,Natural,23836,798,スキンケアセット 28の詳細説明です。高品質でおすすめの商品です。,2023-08-04
7772,シャンプー 28,美容・健康,Natural,44901,109,シャンプー 28の詳細説明です。高品質でおすすめの商品です。,2023-04-18
7773,ボディソープ 28,美容・健康,Natural,48329,313,ボディソープ 28の詳細説明です。高品質でおすすめの商品です。,2023-03-22
7774,化粧水 28,美容・健康,Wellness,17607,165,化粧水 28の詳細説明です。高品質でおすすめの商品です。,2023-07-19
7775,日焼け止め 28,美容・健康,Natural,36711,359,日焼け止め 28の詳細説明です。高品質でおすすめの商品です。,2023-07-12
7776,マスク 28,美容・健康,Natural,3988,984,マスク 28の詳細説明です。高品質でおすすめの商品です。,2023-02-10
7777,サプリメント 28,美容・健康,Natural,28433,13,サプリメント 28の詳細説明です。高品質でおすすめの商品です。,2023-10-15
7778,歯ブラシ 28,美容・健康,Natural,21350,929,歯ブラシ 28の詳細説明です。高品質でおすすめの商品です。,2023-08-09
7779,デンタルフロス 28,美容・健康,Care,27786,81,デンタルフロス 28の詳細説明です。高品質でおすすめの商品です。,2023-01-20
7780,ボディクリーム 28,美容・健康,Pure,34887,369,ボディクリーム 28の詳細説明です。高品質でおすすめの商品です。,2023-10-20
7781,スキンケアセット 29,美容・健康,Natural,15373,286,スキンケアセット 29の詳細説明です。高品質でおすすめの商品です。,2023-06-12
7782,シャンプー 29,美容・健康,Pure,16867,736,シャンプー 29の詳細説明です。高品質でおすすめの商品です。,2023-02-01
7783,ボディソープ 29,美容・健康,Care,22745,283,ボディソープ 29の詳細説明です。高品質でおすすめの商品です。,2023-12-18
7784,化粧水 29,美容・健康,Pure,38966,561,化粧水 29の詳細説明です。高品質でおすすめの商品です。,2023-07-28
7785,日焼け止め 29,美容・健康,Wellness,4089,605,日焼け止め 29の詳細説明です。高品質でおすすめの商品です。,2023-01-18
7786,マスク 29,美容・健康,Beauty,45957,130,マスク 29の詳細説明です。高品質でおすすめの商品です。,2023-07-31
7787,サプリメント 29,美容・健康,Beauty,28681,697,サプリメント 29の詳細説明です。高品質でおすすめの商品です。,2023-01-27
7788,歯ブラシ 29,美容・健康,Wellness,5039,272,歯ブラシ 29の詳細説明です。高品質でおすすめの商品です。,2023-08-13
7789,デンタルフロス 29,美容・健康,Care,15786,543,デンタルフロス 29の詳細説明です。高品質でおすすめの商品です。,2023-05-23
7790,ボディクリーム 29,美容・健康,Wellness,39450,5,ボディクリーム 29の詳細説明です。高品質でおすすめの商品です。,2023-05-28
7791,スキンケアセット 30,美容・健康,Care,14076,903,スキンケアセット 30の詳細説明です。高品質でおすすめの商品です。,2023-08-03
7792,シャンプー 30,美容・健康,Wellness,17158,653,シャンプー 30の詳細説明です。高品質でおすすめの商品です。,2023-07-08
7793,ボディソープ 30,美容・健康,Care,42609,94,ボディソープ 30の詳細説明です。高品質でおすすめの商品です。,2023-08-08
7794,化粧水 30,美容・健康,Wellness,35911,822,化粧水 30の詳細説明です。高品質でおすすめの商品です。,2023-12-29
7795,日焼け止め 30,美容・健康,Beauty,14769,137,日焼け止め 30の詳細説明です。高品質でおすすめの商品です。,2023-12-07
7796,マスク 30,美容・健康,Natural,24499,303,マスク 30の詳細説明です。高品質でおすすめの商品です。,2023-03-07
7797,サプリメント 30,美容・健康,Care,16997,73,サプリメント 30の詳細説明です。高品質でおすすめの商品です。,2023-07-30
7798,歯ブラシ 30,美容・健康,Natural,39871,654,歯ブラシ 30の詳細説明です。高品質でおすすめの商品です。,2023-01-22
7799,デンタルフロス 30,美容・健康,Wellness,45845,889,デンタルフロス 30の詳細説明です。高品質でおすすめの商品です。,2023-10-29
7800,ボディクリーム 30,美容・健康,Pure,33413,310,ボディクリーム 30の詳細説明です。高品質でおすすめの商品です。,2023-03-31
7801,スキンケアセット 31,美容・健康,Care,26077,572,スキンケアセット 31の詳細説明です。高品質でおすすめの商品です。,2023-08-04
7802,シャンプー 31,美容・健康,Beauty,17513,438,シャンプー 31の詳細説明です。高品質でおすすめの商品です。,2023-02-15
7803,ボディソープ 31,美容・健康,Natural,45705,922,ボディソープ 31の詳細説明です。高品質でおすすめの商品です。,2023-09-07
7804,化粧水 31,美容・健康,Wellness,27716,795,化粧水 31の詳細説明です。高品質でおすすめの商品です。,2023-06-06
7805,日焼け止め 31,美容・健康,Wellness,42468,349,日焼け止め 31の詳細説明です。高品質でおすすめの商品です。,2023-07-12
7806,マスク 31,美容・健康,Natural,21623,146,マスク 31の詳細説明です。高品質でおすすめの商品です。,2023-10-15
7807,サプリメント 31,美容・健康,Pure,38738,720,サプリメント 31の詳細説明です。高品質でおすすめの商品です。,2023-07-17
7808,歯ブラシ 31,美容・健康,Wellness,8323,290,歯ブラシ 31の詳細説明です。高品質でおすすめの商品です。,2023-11-29
7809,デンタルフロス 31,美容・健康,Care,15705,768,デンタルフロス 31の詳細説明です。高品質でおすすめの商品です。,2023-03-23
7810,ボディクリーム 31,美容・健康,Wellness,48548,397,ボディクリーム 31の詳細説明です。高品質でおすすめの商品です。,2023-12-14
7811,スキンケアセット 32,美容・健康,Wellness,36028,609,スキンケアセット 32の詳細説明です。高品質でおすすめの商品です。,2023-04-01
7812,シャンプー 32,美容・健康,Wellness,46022,219,シャンプー 32の詳細説明です。高品質でおすすめの商品です。,2023-12-16
7813,ボディソープ 32,美容・健康,Wellness,39967,776,ボディソープ 32の詳細説明です。高品質でおすすめの商品です。,2023-04-12
7814,化粧水 32,美容・健康,Pure,21196,222,化粧水 32の詳細説明です。高品質でおすすめの商品です。,2023-10-22
7815,日焼け止め 32,美容・健康,Pure,12171,10,日焼け止め 32の詳細説明です。高品質でおすすめの商品です。,2023-08-26
7816,マスク 32,美容・健康,Natural,2879,46,マスク 32の詳細説明です。高品質でおすすめの商品です。,2023-12-05
7817,サプリメント 32,美容・健康,Beauty,8471,137,サプリメント 32の詳細説明です。高品質でおすすめの商品です。,2023-11-05
7818,歯ブラシ 32,美容・健康,Beauty,21982,901,歯ブラシ 32の詳細説明です。高品質でおすすめの商品です。,2023-11-16
7819,デンタルフロス 32,美容・健康,Wellness,43916,827,デンタルフロス 32の詳細説明です。高品質でおすすめの商品です。,2023-09-10
7820,ボディクリーム 32,美容・健康,Beauty,22187,506,ボディクリーム 32の詳細説明です。高品質でおすすめの商品です。,2023-03-08
7821,スキンケアセット 33,美容・健康,Beauty,33235,398,スキンケアセット 33の詳細説明です。高品質でおすすめの商品です。,2023-05-09
7822,シャンプー 33,美容・健康,Beauty,44427,525,シャンプー 33の詳細説明です。高品質でおすすめの商品です。,2023-05-16
7823,ボディソープ 33,美容・健康,Care,19866,379,ボディソープ 33の詳細説明です。高品質でおすすめの商品です。,2023-12-25
7824,化粧水 33,美容・健康,Pure,14612,770,化粧水 33の詳細説明です。高品質でおすすめの商品です。,2023-07-16
7825,日焼け止め 33,美容・健康,Beauty,14716,106,日焼け止め 33の詳細説明です。高品質でおすすめの商品です。,2023-07-30
7826,マスク 33,美容・健康,Natural,894,721,マスク 33の詳細説明です。高品質でおすすめの商品です。,2023-08-02
7827,サプリメント 33,美容・健康,Beauty,26617,715,サプリメント 33の詳細説明です。高品質でおすすめの商品です。,2023-10-14
7828,歯ブラシ 33,美容・健康,Natural,9252,136,歯ブラシ 33の詳細説明です。高品質でおすすめの商品です。,2023-01-23
7829,デンタルフロス 33,美容・健康,Natural,29766,721,デンタルフロス 33の詳細説明です。高品質でおすすめの商品です。,2023-10-19
7830,ボディクリーム 33,美容・健康,Beauty,14309,324,ボディクリーム 33の詳細説明です。高品質でおすすめの商品です。,2023-12-28
7831,スキンケアセット 34,美容・健康,Wellness,716,215,スキンケアセット 34の詳細説明です。高品質でおすすめの商品です。,2023-11-16
7832,シャンプー 34,美容・健康,Beauty,14024,752,シャンプー 34の詳細説明です。高品質でおすすめの商品です。,2023-03-16
7833,ボディソープ 34,美容・健康,Care,9022,212,ボディソープ 34の詳細説明です。高品質でおすすめの商品です。,2023-09-02
7834,化粧水 34,美容・健康,Wellness,14329,614,化粧水 34の詳細説明です。高品質でおすすめの商品です。,2023-09-08
7835,日焼け止め 34,美容・健康,Natural,32854,948,日焼け止め 34の詳細説明です。高品質でおすすめの商品です。,2023-10-25
7836,マスク 34,美容・健康,Wellness,42278,637,マスク 34の詳細説明です。高品質でおすすめの商品です。,2023-12-12
7837,サプリメント 34,美容・健康,Care,26454,140,サプリメント 34の詳細説明です。高品質でおすすめの商品です。,2023-04-09
7838,歯ブラシ 34,美容・健康,Beauty,21688,919,歯ブラシ 34の詳細説明です。高品質でおすすめの商品です。,2023-11-26
7839,デンタルフロス 34,美容・健康,Pure,45566,745,デンタルフロス 34の詳細説明です。高品質でおすすめの商品です。,2023-10-03
7840,ボディクリーム 34,美容・健康,Care,15472,7,ボディクリーム 34の詳細説明です。高品質でおすすめの商品です。,2023-02-17
7841,スキンケアセット 35,美容・健康,Beauty,41483,158,スキンケアセット 35の詳細説明です。高品質でおすすめの商品です。,2023-05-13
7842,シャンプー 35,美容・健康,Care,12235,14,シャンプー 35の詳細説明です。高品質でおすすめの商品です。,2023-12-03
7843,ボディソープ 35,美容・健康,Care,31359,846,ボディソープ 35の詳細説明です。高品質でおすすめの商品です。,2023-07-13
7844,化粧水 35,美容・健康,Wellness,3508,764,化粧水 35の詳細説明です。高品質でおすすめの商品です。,2023-08-07
7845,日焼け止め 35,美容・健康,Pure,46153,607,日焼け止め 35の詳細説明です。高品質でおすすめの商品です。,2023-02-18
7846,マスク 35,美容・健康,Care,14352,131,マスク 35の詳細説明です。高品質でおすすめの商品です。,2023-01-06
7847,サプリメント 35,美容・健康,Natural,16914,395,サプリメント 35の詳細説明です。高品質でおすすめの商品です。,2023-08-10
7848,歯ブラシ 35,美容・健康,Pure,27201,669,歯ブラシ 35の詳細説明です。高品質でおすすめの商品です。,2023-08-08
7849,デンタルフロス 35,美容・健康,Pure,46358,473,デンタルフロス 35の詳細説明です。高品質でおすすめの商品です。,2023-10-28
7850,ボディクリーム 35,美容・健康,Natural,20433,870,ボディクリーム 35の詳細説明です。高品質でおすすめの商品です。,2023-12-30
7851,スキンケアセット 36,美容・健康,Care,20946,673,スキンケアセット 36の詳細説明です。高品質でおすすめの商品です。,2023-03-23
7852,シャンプー 36,美容・健康,Wellness,5993,578,シャンプー 36の詳細説明です。高品質でおすすめの商品です。,2023-11-11
7853,ボディソープ 36,美容・健康,Beauty,23389,847,ボディソープ 36の詳細説明です。高品質でおすすめの商品です。,2023-10-18
7854,化粧水 36,美容・健康,Beauty,2705,524,化粧水 36の詳細説明です。高品質でおすすめの商品です。,2023-08-26
7855,日焼け止め 36,美容・健康,Care,44295,303,日焼け止め 36の詳細説明です。高品質でおすすめの商品です。,2023-06-12
7856,マスク 36,美容・健康,Care,42931,451,マスク 36の詳細説明です。高品質でおすすめの商品です。,2023-02-23
7857,サプリメント 36,美容・健康,Natural,15479,955,サプリメント 36の詳細説明です。高品質でおすすめの商品です。,2023-02-07
7858,歯ブラシ 36,美容・健康,Pure,29169,623,歯ブラシ 36の詳細説明です。高品質でおすすめの商品です。,2023-11-03
7859,デンタルフロス 36,美容・健康,Beauty,42001,903,デンタルフロス 36の詳細説明です。高品質でおすすめの商品です。,2023-06-14
7860,ボディクリーム 36,美容・健康,Wellness,42228,516,ボディクリーム 36の詳細説明です。高品質でおすすめの商品です。,2023-04-02
7861,スキンケアセット 37,美容・健康,Beauty,7445,59,スキンケアセット 37の詳細説明です。高品質でおすすめの商品です。,2023-06-11
7862,シャンプー 37,美容・健康,Beauty,20615,498,シャンプー 37の詳細説明です。高品質でおすすめの商品です。,2023-06-22
7863,ボディソープ 37,美容・健康,Care,38374,790,ボディソープ 37の詳細説明です。高品質でおすすめの商品です。,2023-06-24
7864,化粧水 37,美容・健康,Beauty,15808,806,化粧水 37の詳細説明です。高品質でおすすめの商品です。,2023-08-22
7865,日焼け止め 37,美容・健康,Pure,27381,701,日焼け止め 37の詳細説明です。高品質でおすすめの商品です。,2023-11-25
7866,マスク 37,美容・健康,Natural,1247,402,マスク 37の詳細説明です。高品質でおすすめの商品です。,2023-12-09
7867,サプリメント 37,美容・健康,Wellness,48397,772,サプリメント 37の詳細説明です。高品質でおすすめの商品です。,2023-09-07
7868,歯ブラシ 37,美容・健康,Beauty,33158,373,歯ブラシ 37の詳細説明です。高品質でおすすめの商品です。,2023-08-30
7869,デンタルフロス 37,美容・健康,Pure,45587,577,デンタルフロス 37の詳細説明です。高品質でおすすめの商品です。,2023-02-25
7870,ボディクリーム 37,美容・健康,Wellness,7152,588,ボディクリーム 37の詳細説明です。高品質でおすすめの商品です。,2023-05-08
7871,スキンケアセット 38,美容・健康,Natural,22724,886,スキンケアセット 38の詳細説明です。高品質でおすすめの商品です。,2023-04-19
7872,シャンプー 38,美容・健康,Pure,45234,510,シャンプー 38の詳細説明です。高品質でおすすめの商品です。,2023-07-07
7873,ボディソープ 38,美容・健康,Wellness,17298,523,ボディソープ 38の詳細説明です。高品質でおすすめの商品です。,2023-03-02
7874,化粧水 38,美容・健康,Beauty,45907,887,化粧水 38の詳細説明です。高品質でおすすめの商品です。,2023-10-03
7875,日焼け止め 38,美容・健康,Care,13419,387,日焼け止め 38の詳細説明です。高品質でおすすめの商品です。,2023-07-05
7876,マスク 38,美容・健康,Wellness,7642,295,マスク 38の詳細説明です。高品質でおすすめの商品です。,2023-12-09
7877,サプリメント 38,美容・健康,Wellness,44626,236,サプリメント 38の詳細説明です。高品質でおすすめの商品です。,2023-04-11
7878,歯ブラシ 38,美容・健康,Natural,2946,947,歯ブラシ 38の詳細説明です。高品質でおすすめの商品です。,2023-01-05
7879,デンタルフロス 38,美容・健康,Care,9669,445,デンタルフロス 38の詳細説明です。高品質でおすすめの商品です。,2023-02-02
7880,ボディクリーム 38,美容・健康,Natural,27667,294,ボディクリーム 38の詳細説明です。高品質でおすすめの商品です。,2023-08-15
7881,スキンケアセット 39,美容・健康,Pure,15342,361,スキンケアセット 39の詳細説明です。高品質でおすすめの商品です。,2023-08-04
7882,シャンプー 39,美容・健康,Pure,34614,421,シャンプー 39の詳細説明です。高品質でおすすめの商品です。,2023-09-09
7883,ボディソープ 39,美容・健康,Pure,37776,404,ボディソープ 39の詳細説明です。高品質でおすすめの商品です。,2023-03-08
7884,化粧水 39,美容・健康,Natural,2646,317,化粧水 39の詳細説明です。高品質でおすすめの商品です。,2023-09-21
7885,日焼け止め 39,美容・健康,Care,39649,987,日焼け止め 39の詳細説明です。高品質でおすすめの商品です。,2023-05-13
7886,マスク 39,美容・健康,Beauty,13364,568,マスク 39の詳細説明です。高品質でおすすめの商品です。,2023-02-27
7887,サプリメント 39,美容・健康,Pure,27703,440,サプリメント 39の詳細説明です。高品質でおすすめの商品です。,2023-04-23
7888,歯ブラシ 39,美容・健康,Natural,47200,459,歯ブラシ 39の詳細説明です。高品質でおすすめの商品です。,2023-04-02
7889,デンタルフロス 39,美容・健康,Beauty,31056,582,デンタルフロス 39の詳細説明です。高品質でおすすめの商品です。,2023-10-05
7890,ボディクリーム 39,美容・健康,Beauty,8665,256,ボディクリーム 39の詳細説明です。高品質でおすすめの商品です。,2023-10-20
7891,スキンケアセット 40,美容・健康,Beauty,5029,469,スキンケアセット 40の詳細説明です。高品質でおすすめの商品です。,2023-03-02
7892,シャンプー 40,美容・健康,Wellness,37646,993,シャンプー 40の詳細説明です。高品質でおすすめの商品です。,2023-08-28
7893,ボディソープ 40,美容・健康,Wellness,19692,955,ボディソープ 40の詳細説明です。高品質でおすすめの商品です。,2023-09-09
7894,化粧水 40,美容・健康,Wellness,25877,933,化粧水 40の詳細説明です。高品質でおすすめの商品です。,2023-01-06
7895,日焼け止め 40,美容・健康,Care,4625,471,日焼け止め 40の詳細説明です。高品質でおすすめの商品です。,2023-10-08
7896,マスク 40,美容・健康,Pure,12547,144,マスク 40の詳細説明です。高品質でおすすめの商品です。,2023-01-26
7897,サプリメント 40,美容・健康,Wellness,33263,457,サプリメント 40の詳細説明です。高品質でおすすめの商品です。,2023-03-10
7898,歯ブラシ 40,美容・健康,Care,26161,132,歯ブラシ 40の詳細説明です。高品質でおすすめの商品です。,2023-11-12
7899,デンタルフロス 40,美容・健康,Wellness,36098,304,デンタルフロス 40の詳細説明です。高品質でおすすめの商品です。,2023-03-25
7900,ボディクリーム 40,美容・健康,Wellness,29827,591,ボディクリーム 40の詳細説明です。高品質でおすすめの商品です。,2023-09-13
7901,スキンケアセット 41,美容・健康,Wellness,47878,863,スキンケアセット 41の詳細説明です。高品質でおすすめの商品です。,2023-01-10
7902,シャンプー 41,美容・健康,Wellness,35813,412,シャンプー 41の詳細説明です。高品質でおすすめの商品です。,2023-04-18
7903,ボディソープ 41,美容・健康,Natural,668,937,ボディソープ 41の詳細説明です。高品質でおすすめの商品です。,2023-11-03
7904,化粧水 41,美容・健康,Wellness,47053,472,化粧水 41の詳細説明です。高品質でおすすめの商品です。,2023-01-31
7905,日焼け止め 41,美容・健康,Pure,37090,244,日焼け止め 41の詳細説明です。高品質でおすすめの商品です。,2023-12-08
7906,マスク 41,美容・健康,Care,30357,187,マスク 41の詳細説明です。高品質でおすすめの商品です。,2023-09-20
7907,サプリメント 41,美容・健康,Beauty,21334,708,サプリメント 41の詳細説明です。高品質でおすすめの商品です。,2023-10-27
7908,歯ブラシ 41,美容・健康,Care,5325,890,歯ブラシ 41の詳細説明です。高品質でおすすめの商品です。,2023-06-18
7909,デンタルフロス 41,美容・健康,Natural,49369,371,デンタルフロス 41の詳細説明です。高品質でおすすめの商品です。,2023-02-28
7910,ボディクリーム 41,美容・健康,Wellness,48662,601,ボディクリーム 41の詳細説明です。高品質でおすすめの商品です。,2023-06-29
7911,スキンケアセット 42,美容・健康,Natural,43615,354,スキンケアセット 42の詳細説明です。高品質でおすすめの商品です。,2023-10-12
7912,シャンプー 42,美容・健康,Beauty,13839,956,シャンプー 42の詳細説明です。高品質でおすすめの商品です。,2023-08-28
7913,ボディソープ 42,美容・健康,Pure,5914,321,ボディソープ 42の詳細説明です。高品質でおすすめの商品です。,2023-07-22
7914,化粧水 42,美容・健康,Beauty,21142,902,化粧水 42の詳細説明です。高品質でおすすめの商品です。,2023-04-09
7915,日焼け止め 42,美容・健康,Wellness,49941,188,日焼け止め 42の詳細説明です。高品質でおすすめの商品です。,2023-05-09
7916,マスク 42,美容・健康,Pure,19852,607,マスク 42の詳細説明です。高品質でおすすめの商品です。,2023-09-04
7917,サプリメント 42,美容・健康,Wellness,8004,991,サプリメント 42の詳細説明です。高品質でおすすめの商品です。,2023-10-03
7918,歯ブラシ 42,美容・健康,Wellness,37193,213,歯ブラシ 42の詳細説明です。高品質でおすすめの商品です。,2023-05-09
7919,デンタルフロス 42,美容・健康,Natural,19493,549,デンタルフロス 42の詳細説明です。高品質でおすすめの商品です。,2023-04-30
7920,ボディクリーム 42,美容・健康,Beauty,4604,789,ボディクリーム 42の詳細説明です。高品質でおすすめの商品です。,2023-11-15
7921,スキンケアセット 43,美容・健康,Beauty,35453,470,スキンケアセット 43の詳細説明です。高品質でおすすめの商品です。,2023-11-10
7922,シャンプー 43,美容・健康,Wellness,39302,476,シャンプー 43の詳細説明です。高品質でおすすめの商品です。,2023-06-08
7923,ボディソープ 43,美容・健康,Natural,31485,318,ボディソープ 43の詳細説明です。高品質でおすすめの商品です。,2023-08-28
7924,化粧水 43,美容・健康,Beauty,49506,420,化粧水 43の詳細説明です。高品質でおすすめの商品です。,2023-12-11
7925,日焼け止め 43,美容・健康,Care,7737,979,日焼け止め 43の詳細説明です。高品質でおすすめの商品です。,2023-07-01
7926,マスク 43,美容・健康,Wellness,49402,568,マスク 43の詳細説明です。高品質でおすすめの商品です。,2023-03-13
7927,サプリメント 43,美容・健康,Pure,45505,628,サプリメント 43の詳細説明です。高品質でおすすめの商品です。,2023-06-24
7928,歯ブラシ 43,美容・健康,Pure,15640,902,歯ブラシ 43の詳細説明です。高品質でおすすめの商品です。,2023-10-24
7929,デンタルフロス 43,美容・健康,Natural,39596,558,デンタルフロス 43の詳細説明です。高品質でおすすめの商品です。,2023-10-11
7930,ボディクリーム 43,美容・健康,Wellness,31504,990,ボディクリーム 43の詳細説明です。高品質でおすすめの商品です。,2023-03-15
7931,スキンケアセット 44,美容・健康,Wellness,12135,323,スキンケアセット 44の詳細説明です。高品質でおすすめの商品です。,2023-12-17
7932,シャンプー 44,美容・健康,Wellness,34177,659,シャンプー 44の詳細説明です。高品質でおすすめの商品です。,2023-03-25
7933,ボディソープ 44,美容・健康,Pure,30374,448,ボディソープ 44の詳細説明です。高品質でおすすめの商品です。,2023-04-21
7934,化粧水 44,美容・健康,Care,26419,449,化粧水 44の詳細説明です。高品質でおすすめの商品です。,2023-04-07
7935,日焼け止め 44,美容・健康,Beauty,2922,325,日焼け止め 44の詳細説明です。高品質でおすすめの商品です。,2023-04-22
7936,マスク 44,美容・健康,Beauty,32083,528,マスク 44の詳細説明です。高品質でおすすめの商品です。,2023-03-24
7937,サプリメント 44,美容・健康,Care,45100,676,サプリメント 44の詳細説明です。高品質でおすすめの商品です。,2023-07-25
7938,歯ブラシ 44,美容・健康,Wellness,23000,21,歯ブラシ 44の詳細説明です。高品質でおすすめの商品です。,2023-12-03
7939,デンタルフロス 44,美容・健康,Care,18381,307,デンタルフロス 44の詳細説明です。高品質でおすすめの商品です。,2023-04-30
7940,ボディクリーム 44,美容・健康,Wellness,37623,185,ボディクリーム 44の詳細説明です。高品質でおすすめの商品です。,2023-09-02
7941,スキンケアセット 45,美容・健康,Natural,15218,563,スキンケアセット 45の詳細説明です。高品質でおすすめの商品です。,2023-11-12
7942,シャンプー 45,美容・健康,Beauty,19520,222,シャンプー 45の詳細説明です。高品質でおすすめの商品です。,2023-12-26
7943,ボディソープ 45,美容・健康,Natural,37342,729,ボディソープ 45の詳細説明です。高品質でおすすめの商品です。,2023-09-06
7944,化粧水 45,美容・健康,Wellness,24775,569,化粧水 45の詳細説明です。高品質でおすすめの商品です。,2023-04-10
7945,日焼け止め 45,美容・健康,Care,35623,819,日焼け止め 45の詳細説明です。高品質でおすすめの商品です。,2023-04-24
7946,マスク 45,美容・健康,Natural,40981,350,マスク 45の詳細説明です。高品質でおすすめの商品です。,2023-10-02
7947,サプリメント 45,美容・健康,Wellness,4108,440,サプリメント 45の詳細説明です。高品質でおすすめの商品です。,2023-04-02
7948,歯ブラシ 45,美容・健康,Care,4769,919,歯ブラシ 45の詳細説明です。高品質でおすすめの商品です。,2023-12-10
7949,デンタルフロス 45,美容・健康,Beauty,25866,320,デンタルフロス 45の詳細説明です。高品質でおすすめの商品です。,2023-09-01
7950,ボディクリーム 45,美容・健康,Wellness,3169,924,ボディクリーム 45の詳細説明です。高品質でおすすめの商品です。,2023-09-16
7951,スキンケアセット 46,美容・健康,Natural,45721,161,スキンケアセット 46の詳細説明です。高品質でおすすめの商品です。,2023-02-04
7952,シャンプー 46,美容・健康,Beauty,27391,958,シャンプー 46の詳細説明です。高品質でおすすめの商品です。,2023-11-02
7953,ボディソープ 46,美容・健康,Care,1835,179,ボディソープ 46の詳細説明です。高品質でおすすめの商品です。,2023-08-09
7954,化粧水 46,美容・健康,Beauty,42572,822,化粧水 46の詳細説明です。高品質でおすすめの商品です。,2023-08-23
7955,日焼け止め 46,美容・健康,Pure,48981,955,日焼け止め 46の詳細説明です。高品質でおすすめの商品です。,2023-09-12
7956,マスク 46,美容・健康,Wellness,34384,532,マスク 46の詳細説明です。高品質でおすすめの商品です。,2023-02-02
7957,サプリメント 46,美容・健康,Care,4092,0,サプリメント 46の詳細説明です。高品質でおすすめの商品です。,2023-10-22
7958,歯ブラシ 46,美容・健康,Natural,47818,691,歯ブラシ 46の詳細説明です。高品質でおすすめの商品です。,2023-09-04
7959,デンタルフロス 46,美容・健康,Beauty,14402,806,デンタルフロス 46の詳細説明です。高品質でおすすめの商品です。,2023-03-27
7960,ボディクリーム 46,美容・健康,Natural,25163,294,ボディクリーム 46の詳細説明です。高品質でおすすめの商品です。,2023-12-10
7961,スキンケアセット 47,美容・健康,Care,44566,129,スキンケアセット 47の詳細説明です。高品質でおすすめの商品です。,2023-04-05
7962,シャンプー 47,美容・健康,Care,14436,69,シャンプー 47の詳細説明です。高品質でおすすめの商品です。,2023-07-21
7963,ボディソープ 47,美容・健康,Care,13302,10,ボディソープ 47の詳細説明です。高品質でおすすめの商品です。,2023-07-09
7964,化粧水 47,美容・健康,Care,43595,301,化粧水 47の詳細説明です。高品質でおすすめの商品です。,2023-06-15
7965,日焼け止め 47,美容・健康,Wellness,32367,100,日焼け止め 47の詳細説明です。高品質でおすすめの商品です。,2023-07-03
7966,マスク 47,美容・健康,Wellness,25618,416,マスク 47の詳細説明です。高品質でおすすめの商品です。,2023-03-12
7967,サプリメント 47,美容・健康,Pure,12142,178,サプリメント 47の詳細説明です。高品質でおすすめの商品です。,2023-03-24
7968,歯ブラシ 47,美容・健康,Care,19098,153,歯ブラシ 47の詳細説明です。高品質でおすすめの商品です。,2023-09-12
7969,デンタルフロス 47,美容・健康,Beauty,17905,61,デンタルフロス 47の詳細説明です。高品質でおすすめの商品です。,2023-11-17
7970,ボディクリーム 47,美容・健康,Natural,1530,8,ボディクリーム 47の詳細説明です。高品質でおすすめの商品です。,2023-11-15
7971,スキンケアセット 48,美容・健康,Beauty,8485,560,スキンケアセット 48の詳細説明です。高品質でおすすめの商品です。,2023-10-10
7972,シャンプー 48,美容・健康,Natural,49543,881,シャンプー 48の詳細説明です。高品質でおすすめの商品です。,2023-10-22
7973,ボディソープ 48,美容・健康,Wellness,33725,208,ボディソープ 48の詳細説明です。高品質でおすすめの商品です。,2023-06-11
7974,化粧水 48,美容・健康,Pure,40241,101,化粧水 48の詳細説明です。高品質でおすすめの商品です。,2023-08-31
7975,日焼け止め 48,美容・健康,Beauty,39429,267,日焼け止め 48の詳細説明です。高品質でおすすめの商品です。,2023-01-01
7976,マスク 48,美容・健康,Wellness,28215,882,マスク 48の詳細説明です。高品質でおすすめの商品です。,2023-02-14
7977,サプリメント 48,美容・健康,Natural,1722,199,サプリメント 48の詳細説明です。高品質でおすすめの商品です。,2023-01-25
7978,歯ブラシ 48,美容・健康,Care,16952,926,歯ブラシ 48の詳細説明です。高品質でおすすめの商品です。,2023-05-11
7979,デンタルフロス 48,美容・健康,Care,24023,414,デンタルフロス 48の詳細説明です。高品質でおすすめの商品です。,2023-09-24
7980,ボディクリーム 48,美容・健康,Wellness,28823,601,ボディクリーム 48の詳細説明です。高品質でおすすめの商品です。,2023-04-28
7981,スキンケアセット 49,美容・健康,Pure,12631,922,スキンケアセット 49の詳細説明です。高品質でおすすめの商品です。,2023-04-19
7982,シャンプー 49,美容・健康,Natural,34087,231,シャンプー 49の詳細説明です。高品質でおすすめの商品です。,2023-01-01
7983,ボディソープ 49,美容・健康,Natural,1915,659,ボディソープ 49の詳細説明です。高品質でおすすめの商品です。,2023-08-12
7984,化粧水 49,美容・健康,Beauty,43071,641,化粧水 49の詳細説明です。高品質でおすすめの商品です。,2023-09-06
7985,日焼け止め 49,美容・健康,Beauty,32345,256,日焼け止め 49の詳細説明です。高品質でおすすめの商品です。,2023-04-07
7986,マスク 49,美容・健康,Wellness,37460,306,マスク 49の詳細説明です。高品質でおすすめの商品です。,2023-01-16
7987,サプリメント 49,美容・健康,Natural,32238,376,サプリメント 49の詳細説明です。高品質でおすすめの商品です。,2023-01-22
7988,歯ブラシ 49,美容・健康,Natural,32393,57,歯ブラシ 49の詳細説明です。高品質でおすすめの商品です。,2023-10-16
7989,デンタルフロス 49,美容・健康,Pure,29409,216,デンタルフロス 49の詳細説明です。高品質でおすすめの商品です。,2023-08-13
7990,ボディクリーム 49,美容・健康,Wellness,21381,778,ボディクリーム 49の詳細説明です。高品質でおすすめの商品です。,2023-04-02
7991,スキンケアセット 50,美容・健康,Beauty,1375,135,スキンケアセット 50の詳細説明です。高品質でおすすめの商品です。,2023-05-12
7992,シャンプー 50,美容・健康,Wellness,31432,245,シャンプー 50の詳細説明です。高品質でおすすめの商品です。,2023-11-24
7993,ボディソープ 50,美容・健康,Natural,36703,173,ボディソープ 50の詳細説明です。高品質でおすすめの商品です。,2023-11-06
7994,化粧水 50,美容・健康,Beauty,10723,978,化粧水 50の詳細説明です。高品質でおすすめの商品です。,2023-12-30
7995,日焼け止め 50,美容・健康,Beauty,28089,966,日焼け止め 50の詳細説明です。高品質でおすすめの商品です。,2023-10-23
7996,マスク 50,美容・健康,Care,42535,159,マスク 50の詳細説明です。高品質でおすすめの商品です。,2023-10-05
7997,サプリメント 50,美容・健康,Beauty,34087,30,サプリメント 50の詳細説明です。高品質でおすすめの商品です。,2023-02-05
7998,歯ブラシ 50,美容・健康,Beauty,1059,934,歯ブラシ 50の詳細説明です。高品質でおすすめの商品です。,2023-12-29
7999,デンタルフロス 50,美容・健康,Pure,27555,532,デンタルフロス 50の詳細説明です。高品質でおすすめの商品です。,2023-09-28
8000,ボディクリーム 50,美容・健康,Care,43427,92,ボディクリーム 50の詳細説明です。高品質でおすすめの商品です。,2023-09-13
8001,スキンケアセット 51,美容・健康,Wellness,20587,813,スキンケアセット 51の詳細説明です。高品質でおすすめの商品です。,2023-07-03
8002,シャンプー 51,美容・健康,Beauty,13877,792,シャンプー 51の詳細説明です。高品質でおすすめの商品です。,2023-07-04
8003,ボディソープ 51,美容・健康,Pure,7734,907,ボディソープ 51の詳細説明です。高品質でおすすめの商品です。,2023-12-19
8004,化粧水 51,美容・健康,Pure,27152,653,化粧水 51の詳細説明です。高品質でおすすめの商品です。,2023-09-28
8005,日焼け止め 51,美容・健康,Care,11250,490,日焼け止め 51の詳細説明です。高品質でおすすめの商品です。,2023-12-05
8006,マスク 51,美容・健康,Beauty,46719,633,マスク 51の詳細説明です。高品質でおすすめの商品です。,2023-12-23
8007,サプリメント 51,美容・健康,Natural,43950,745,サプリメント 51の詳細説明です。高品質でおすすめの商品です。,2023-07-02
8008,歯ブラシ 51,美容・健康,Wellness,39193,725,歯ブラシ 51の詳細説明です。高品質でおすすめの商品です。,2023-08-01
8009,デンタルフロス 51,美容・健康,Pure,29582,142,デンタルフロス 51の詳細説明です。高品質でおすすめの商品です。,2023-09-30
8010,ボディクリーム 51,美容・健康,Wellness,33177,144,ボディクリーム 51の詳細説明です。高品質でおすすめの商品です。,2023-02-11
8011,スキンケアセット 52,美容・健康,Natural,13385,436,スキンケアセット 52の詳細説明です。高品質でおすすめの商品です。,2023-05-26
8012,シャンプー 52,美容・健康,Wellness,24948,563,シャンプー 52の詳細説明です。高品質でおすすめの商品です。,2023-03-04
8013,ボディソープ 52,美容・健康,Wellness,39390,472,ボディソープ 52の詳細説明です。高品質でおすすめの商品です。,2023-10-19
8014,化粧水 52,美容・健康,Wellness,9367,416,化粧水 52の詳細説明です。高品質でおすすめの商品です。,2023-07-24
8015,日焼け止め 52,美容・健康,Wellness,49272,440,日焼け止め 52の詳細説明です。高品質でおすすめの商品です。,2023-11-14
8016,マスク 52,美容・健康,Natural,34859,805,マスク 52の詳細説明です。高品質でおすすめの商品です。,2023-10-16
8017,サプリメント 52,美容・健康,Beauty,17066,712,サプリメント 52の詳細説明です。高品質でおすすめの商品です。,2023-09-28
8018,歯ブラシ 52,美容・健康,Beauty,29538,818,歯ブラシ 52の詳細説明です。高品質でおすすめの商品です。,2023-06-23
8019,デンタルフロス 52,美容・健康,Beauty,18409,975,デンタルフロス 52の詳細説明です。高品質でおすすめの商品です。,2023-08-10
8020,ボディクリーム 52,美容・健康,Wellness,25427,926,ボディクリーム 52の詳細説明です。高品質でおすすめの商品です。,2023-05-12
8021,スキンケアセット 53,美容・健康,Wellness,7925,371,スキンケアセット 53の詳細説明です。高品質でおすすめの商品です。,2023-05-31
8022,シャンプー 53,美容・健康,Beauty,25030,663,シャンプー 53の詳細説明です。高品質でおすすめの商品です。,2023-09-06
8023,ボディソープ 53,美容・健康,Wellness,1396,482,ボディソープ 53の詳細説明です。高品質でおすすめの商品です。,2023-07-13
8024,化粧水 53,美容・健康,Pure,16617,949,化粧水 53の詳細説明です。高品質でおすすめの商品です。,2023-09-27
8025,日焼け止め 53,美容・健康,Pure,24164,980,日焼け止め 53の詳細説明です。高品質でおすすめの商品です。,2023-01-08
8026,マスク 53,美容・健康,Care,31289,351,マスク 53の詳細説明です。高品質でおすすめの商品です。,2023-02-24
8027,サプリメント 53,美容・健康,Wellness,19967,127,サプリメント 53の詳細説明です。高品質でおすすめの商品です。,2023-08-16
8028,歯ブラシ 53,美容・健康,Care,42337,113,歯ブラシ 53の詳細説明です。高品質でおすすめの商品です。,2023-12-17
8029,デンタルフロス 53,美容・健康,Natural,18083,787,デンタルフロス 53の詳細説明です。高品質でおすすめの商品です。,2023-12-12
8030,ボディクリーム 53,美容・健康,Pure,8447,811,ボディクリーム 53の詳細説明です。高品質でおすすめの商品です。,2023-01-23
8031,スキンケアセット 54,美容・健康,Pure,32133,579,スキンケアセット 54の詳細説明です。高品質でおすすめの商品です。,2023-09-22
8032,シャンプー 54,美容・健康,Pure,22551,59,シャンプー 54の詳細説明です。高品質でおすすめの商品です。,2023-02-17
8033,ボディソープ 54,美容・健康,Natural,21411,174,ボディソープ 54の詳細説明です。高品質でおすすめの商品です。,2023-04-20
8034,化粧水 54,美容・健康,Wellness,30547,642,化粧水 54の詳細説明です。高品質でおすすめの商品です。,2023-11-30
8035,日焼け止め 54,美容・健康,Wellness,30405,85,日焼け止め 54の詳細説明です。高品質でおすすめの商品です。,2023-09-25
8036,マスク 54,美容・健康,Pure,8428,292,マスク 54の詳細説明です。高品質でおすすめの商品です。,2023-12-12
8037,サプリメント 54,美容・健康,Beauty,6316,688,サプリメント 54の詳細説明です。高品質でおすすめの商品です。,2023-02-23
8038,歯ブラシ 54,美容・健康,Beauty,21297,2,歯ブラシ 54の詳細説明です。高品質でおすすめの商品です。,2023-08-26
8039,デンタルフロス 54,美容・健康,Care,20389,341,デンタルフロス 54の詳細説明です。高品質でおすすめの商品です。,2023-12-05
8040,ボディクリーム 54,美容・健康,Care,20597,666,ボディクリーム 54の詳細説明です。高品質でおすすめの商品です。,2023-04-30
8041,スキンケアセット 55,美容・健康,Wellness,20606,281,スキンケアセット 55の詳細説明です。高品質でおすすめの商品です。,2023-03-10
8042,シャンプー 55,美容・健康,Beauty,4487,411,シャンプー 55の詳細説明です。高品質でおすすめの商品です。,2023-02-22
8043,ボディソープ 55,美容・健康,Natural,18386,662,ボディソープ 55の詳細説明です。高品質でおすすめの商品です。,2023-07-13
8044,化粧水 55,美容・健康,Care,16367,532,化粧水 55の詳細説明です。高品質でおすすめの商品です。,2023-11-02
8045,日焼け止め 55,美容・健康,Natural,47705,357,日焼け止め 55の詳細説明です。高品質でおすすめの商品です。,2023-12-31
8046,マスク 55,美容・健康,Natural,9928,42,マスク 55の詳細説明です。高品質でおすすめの商品です。,2023-10-12
8047,サプリメント 55,美容・健康,Beauty,13299,121,サプリメント 55の詳細説明です。高品質でおすすめの商品です。,2023-01-07
8048,歯ブラシ 55,美容・健康,Pure,28097,826,歯ブラシ 55の詳細説明です。高品質でおすすめの商品です。,2023-06-28
8049,デンタルフロス 55,美容・健康,Care,40984,655,デンタルフロス 55の詳細説明です。高品質でおすすめの商品です。,2023-04-30
8050,ボディクリーム 55,美容・健康,Natural,7144,996,ボディクリーム 55の詳細説明です。高品質でおすすめの商品です。,2023-10-13
8051,スキンケアセット 56,美容・健康,Wellness,27405,995,スキンケアセット 56の詳細説明です。高品質でおすすめの商品です。,2023-04-02
8052,シャンプー 56,美容・健康,Care,33112,188,シャンプー 56の詳細説明です。高品質でおすすめの商品です。,2023-01-12
8053,ボディソープ 56,美容・健康,Beauty,23413,592,ボディソープ 56の詳細説明です。高品質でおすすめの商品です。,2023-03-27
8054,化粧水 56,美容・健康,Wellness,9015,593,化粧水 56の詳細説明です。高品質でおすすめの商品です。,2023-08-01
8055,日焼け止め 56,美容・健康,Wellness,29712,211,日焼け止め 56の詳細説明です。高品質でおすすめの商品です。,2023-08-08
8056,マスク 56,美容・健康,Care,6860,175,マスク 56の詳細説明です。高品質でおすすめの商品です。,2023-03-06
8057,サプリメント 56,美容・健康,Natural,16253,216,サプリメント 56の詳細説明です。高品質でおすすめの商品です。,2023-03-28
8058,歯ブラシ 56,美容・健康,Pure,2659,735,歯ブラシ 56の詳細説明です。高品質でおすすめの商品です。,2023-01-28
8059,デンタルフロス 56,美容・健康,Pure,25964,338,デンタルフロス 56の詳細説明です。高品質でおすすめの商品です。,2023-09-25
8060,ボディクリーム 56,美容・健康,Beauty,5279,139,ボディクリーム 56の詳細説明です。高品質でおすすめの商品です。,2023-03-31
8061,スキンケアセット 57,美容・健康,Beauty,29816,341,スキンケアセット 57の詳細説明です。高品質でおすすめの商品です。,2023-12-01
8062,シャンプー 57,美容・健康,Pure,16542,192,シャンプー 57の詳細説明です。高品質でおすすめの商品です。,2023-05-01
8063,ボディソープ 57,美容・健康,Beauty,19721,378,ボディソープ 57の詳細説明です。高品質でおすすめの商品です。,2023-01-14
8064,化粧水 57,美容・健康,Care,36557,478,化粧水 57の詳細説明です。高品質でおすすめの商品です。,2023-03-13
8065,日焼け止め 57,美容・健康,Pure,16978,26,日焼け止め 57の詳細説明です。高品質でおすすめの商品です。,2023-02-12
8066,マスク 57,美容・健康,Wellness,35010,136,マスク 57の詳細説明です。高品質でおすすめの商品です。,2023-02-09
8067,サプリメント 57,美容・健康,Wellness,26741,12,サプリメント 57の詳細説明です。高品質でおすすめの商品です。,2023-10-02
8068,歯ブラシ 57,美容・健康,Beauty,31059,411,歯ブラシ 57の詳細説明です。高品質でおすすめの商品です。,2023-12-06
8069,デンタルフロス 57,美容・健康,Wellness,21823,244,デンタルフロス 57の詳細説明です。高品質でおすすめの商品です。,2023-01-06
8070,ボディクリーム 57,美容・健康,Natural,42049,430,ボディクリーム 57の詳細説明です。高品質でおすすめの商品です。,2023-12-03
8071,スキンケアセット 58,美容・健康,Pure,12012,767,スキンケアセット 58の詳細説明です。高品質でおすすめの商品です。,2023-06-13
8072,シャンプー 58,美容・健康,Wellness,47680,818,シャンプー 58の詳細説明です。高品質でおすすめの商品です。,2023-01-27
8073,ボディソープ 58,美容・健康,Pure,9719,950,ボディソープ 58の詳細説明です。高品質でおすすめの商品です。,2023-08-25
8074,化粧水 58,美容・健康,Wellness,14383,623,化粧水 58の詳細説明です。高品質でおすすめの商品です。,2023-06-29
8075,日焼け止め 58,美容・健康,Beauty,48337,938,日焼け止め 58の詳細説明です。高品質でおすすめの商品です。,2023-09-23
8076,マスク 58,美容・健康,Care,12132,849,マスク 58の詳細説明です。高品質でおすすめの商品です。,2023-02-20
8077,サプリメント 58,美容・健康,Pure,34545,994,サプリメント 58の詳細説明です。高品質でおすすめの商品です。,2023-09-11
8078,歯ブラシ 58,美容・健康,Pure,22966,962,歯ブラシ 58の詳細説明です。高品質でおすすめの商品です。,2023-03-11
8079,デンタルフロス 58,美容・健康,Wellness,28743,240,デンタルフロス 58の詳細説明です。高品質でおすすめの商品です。,2023-06-06
8080,ボディクリーム 58,美容・健康,Beauty,21899,248,ボディクリーム 58の詳細説明です。高品質でおすすめの商品です。,2023-08-06
8081,スキンケアセット 59,美容・健康,Pure,41208,461,スキンケアセット 59の詳細説明です。高品質でおすすめの商品です。,2023-04-03
8082,シャンプー 59,美容・健康,Care,11536,760,シャンプー 59の詳細説明です。高品質でおすすめの商品です。,2023-11-11
8083,ボディソープ 59,美容・健康,Care,49888,731,ボディソープ 59の詳細説明です。高品質でおすすめの商品です。,2023-12-29
8084,化粧水 59,美容・健康,Care,13292,274,化粧水 59の詳細説明です。高品質でおすすめの商品です。,2023-08-05
8085,日焼け止め 59,美容・健康,Natural,47959,864,日焼け止め 59の詳細説明です。高品質でおすすめの商品です。,2023-11-15
8086,マスク 59,美容・健康,Care,20100,305,マスク 59の詳細説明です。高品質でおすすめの商品です。,2023-05-31
8087,サプリメント 59,美容・健康,Care,802,73,サプリメント 59の詳細説明です。高品質でおすすめの商品です。,2023-01-27
8088,歯ブラシ 59,美容・健康,Wellness,14188,312,歯ブラシ 59の詳細説明です。高品質でおすすめの商品です。,2023-03-04
8089,デンタルフロス 59,美容・健康,Care,11153,962,デンタルフロス 59の詳細説明です。高品質でおすすめの商品です。,2023-06-21
8090,ボディクリーム 59,美容・健康,Pure,552,770,ボディクリーム 59の詳細説明です。高品質でおすすめの商品です。,2023-01-08
8091,スキンケアセット 60,美容・健康,Care,23093,407,スキンケアセット 60の詳細説明です。高品質でおすすめの商品です。,2023-03-31
8092,シャンプー 60,美容・健康,Natural,30320,783,シャンプー 60の詳細説明です。高品質でおすすめの商品です。,2023-08-12
8093,ボディソープ 60,美容・健康,Care,31681,442,ボディソープ 60の詳細説明です。高品質でおすすめの商品です。,2023-03-27
8094,化粧水 60,美容・健康,Pure,8752,165,化粧水 60の詳細説明です。高品質でおすすめの商品です。,2023-02-27
8095,日焼け止め 60,美容・健康,Wellness,46921,988,日焼け止め 60の詳細説明です。高品質でおすすめの商品です。,2023-01-18
8096,マスク 60,美容・健康,Pure,5195,248,マスク 60の詳細説明です。高品質でおすすめの商品です。,2023-07-25
8097,サプリメント 60,美容・健康,Natural,39953,747,サプリメント 60の詳細説明です。高品質でおすすめの商品です。,2023-03-13
8098,歯ブラシ 60,美容・健康,Natural,14813,671,歯ブラシ 60の詳細説明です。高品質でおすすめの商品です。,2023-05-09
8099,デンタルフロス 60,美容・健康,Beauty,13786,247,デンタルフロス 60の詳細説明です。高品質でおすすめの商品です。,2023-07-26
8100,ボディクリーム 60,美容・健康,Wellness,41835,366,ボディクリーム 60の詳細説明です。高品質でおすすめの商品です。,2023-11-19
8101,スキンケアセット 61,美容・健康,Pure,44548,833,スキンケアセット 61の詳細説明です。高品質でおすすめの商品です。,2023-01-26
8102,シャンプー 61,美容・健康,Wellness,14056,732,シャンプー 61の詳細説明です。高品質でおすすめの商品です。,2023-12-15
8103,ボディソープ 61,美容・健康,Wellness,21303,318,ボディソープ 61の詳細説明です。高品質でおすすめの商品です。,2023-10-11
8104,化粧水 61,美容・健康,Beauty,40478,974,化粧水 61の詳細説明です。高品質でおすすめの商品です。,2023-07-24
8105,日焼け止め 61,美容・健康,Natural,29972,437,日焼け止め 61の詳細説明です。高品質でおすすめの商品です。,2023-06-29
8106,マスク 61,美容・健康,Care,26299,102,マスク 61の詳細説明です。高品質でおすすめの商品です。,2023-03-25
8107,サプリメント 61,美容・健康,Natural,9138,364,サプリメント 61の詳細説明です。高品質でおすすめの商品です。,2023-07-20
8108,歯ブラシ 61,美容・健康,Beauty,9267,789,歯ブラシ 61の詳細説明です。高品質でおすすめの商品です。,2023-03-09
8109,デンタルフロス 61,美容・健康,Natural,46259,571,デンタルフロス 61の詳細説明です。高品質でおすすめの商品です。,2023-03-04
8110,ボディクリーム 61,美容・健康,Wellness,32587,334,ボディクリーム 61の詳細説明です。高品質でおすすめの商品です。,2023-06-07
8111,スキンケアセット 62,美容・健康,Natural,41538,634,スキンケアセット 62の詳細説明です。高品質でおすすめの商品です。,2023-02-23
8112,シャンプー 62,美容・健康,Beauty,30709,422,シャンプー 62の詳細説明です。高品質でおすすめの商品です。,2023-03-21
8113,ボディソープ 62,美容・健康,Wellness,43685,55,ボディソープ 62の詳細説明です。高品質でおすすめの商品です。,2023-01-25
8114,化粧水 62,美容・健康,Wellness,29110,698,化粧水 62の詳細説明です。高品質でおすすめの商品です。,2023-05-31
8115,日焼け止め 62,美容・健康,Pure,22992,993,日焼け止め 62の詳細説明です。高品質でおすすめの商品です。,2023-04-28
8116,マスク 62,美容・健康,Care,48434,118,マスク 62の詳細説明です。高品質でおすすめの商品です。,2023-10-29
8117,サプリメント 62,美容・健康,Natural,33674,525,サプリメント 62の詳細説明です。高品質でおすすめの商品です。,2023-12-06
8118,歯ブラシ 62,美容・健康,Care,33368,384,歯ブラシ 62の詳細説明です。高品質でおすすめの商品です。,2023-06-11
8119,デンタルフロス 62,美容・健康,Care,36749,4,デンタルフロス 62の詳細説明です。高品質でおすすめの商品です。,2023-06-10
8120,ボディクリーム 62,美容・健康,Beauty,17665,113,ボディクリーム 62の詳細説明です。高品質でおすすめの商品です。,2023-07-30
8121,スキンケアセット 63,美容・健康,Beauty,46052,516,スキンケアセット 63の詳細説明です。高品質でおすすめの商品です。,2023-03-24
8122,シャンプー 63,美容・健康,Natural,44560,893,シャンプー 63の詳細説明です。高品質でおすすめの商品です。,2023-12-05
8123,ボディソープ 63,美容・健康,Natural,38244,250,ボディソープ 63の詳細説明です。高品質でおすすめの商品です。,2023-10-04
8124,化粧水 63,美容・健康,Natural,10010,200,化粧水 63の詳細説明です。高品質でおすすめの商品です。,2023-05-26
8125,日焼け止め 63,美容・健康,Pure,27649,791,日焼け止め 63の詳細説明です。高品質でおすすめの商品です。,2023-10-17
8126,マスク 63,美容・健康,Natural,962,999,マスク 63の詳細説明です。高品質でおすすめの商品です。,2023-05-20
8127,サプリメント 63,美容・健康,Pure,35574,451,サプリメント 63の詳細説明です。高品質でおすすめの商品です。,2023-01-19
8128,歯ブラシ 63,美容・健康,Pure,10271,776,歯ブラシ 63の詳細説明です。高品質でおすすめの商品です。,2023-06-21
8129,デンタルフロス 63,美容・健康,Beauty,45853,937,デンタルフロス 63の詳細説明です。高品質でおすすめの商品です。,2023-05-24
8130,ボディクリーム 63,美容・健康,Beauty,20536,404,ボディクリーム 63の詳細説明です。高品質でおすすめの商品です。,2023-04-16
8131,スキンケアセット 64,美容・健康,Beauty,19620,13,スキンケアセット 64の詳細説明です。高品質でおすすめの商品です。,2023-04-24
8132,シャンプー 64,美容・健康,Care,38387,230,シャンプー 64の詳細説明です。高品質でおすすめの商品です。,2023-03-08
8133,ボディソープ 64,美容・健康,Natural,29392,191,ボディソープ 64の詳細説明です。高品質でおすすめの商品です。,2023-07-04
8134,化粧水 64,美容・健康,Wellness,6279,862,化粧水 64の詳細説明です。高品質でおすすめの商品です。,2023-08-07
8135,日焼け止め 64,美容・健康,Natural,24049,923,日焼け止め 64の詳細説明です。高品質でおすすめの商品です。,2023-05-16
8136,マスク 64,美容・健康,Wellness,25674,767,マスク 64の詳細説明です。高品質でおすすめの商品です。,2023-10-01
8137,サプリメント 64,美容・健康,Pure,22060,254,サプリメント 64の詳細説明です。高品質でおすすめの商品です。,2023-07-31
8138,歯ブラシ 64,美容・健康,Wellness,19015,578,歯ブラシ 64の詳細説明です。高品質でおすすめの商品です。,2023-07-20
8139,デンタルフロス 64,美容・健康,Wellness,46651,233,デンタルフロス 64の詳細説明です。高品質でおすすめの商品です。,2023-04-27
8140,ボディクリーム 64,美容・健康,Care,14813,783,ボディクリーム 64の詳細説明です。高品質でおすすめの商品です。,2023-04-15
8141,スキンケアセット 65,美容・健康,Wellness,27813,95,スキンケアセット 65の詳細説明です。高品質でおすすめの商品です。,2023-12-23
8142,シャンプー 65,美容・健康,Wellness,31965,191,シャンプー 65の詳細説明です。高品質でおすすめの商品です。,2023-05-28
8143,ボディソープ 65,美容・健康,Natural,22965,53,ボディソープ 65の詳細説明です。高品質でおすすめの商品です。,2023-04-07
8144,化粧水 65,美容・健康,Wellness,11773,650,化粧水 65の詳細説明です。高品質でおすすめの商品です。,2023-01-22
8145,日焼け止め 65,美容・健康,Wellness,1336,84,日焼け止め 65の詳細説明です。高品質でおすすめの商品です。,2023-12-25
8146,マスク 65,美容・健康,Pure,31493,950,マスク 65の詳細説明です。高品質でおすすめの商品です。,2023-02-25
8147,サプリメント 65,美容・健康,Pure,8857,699,サプリメント 65の詳細説明です。高品質でおすすめの商品です。,2023-04-01
8148,歯ブラシ 65,美容・健康,Wellness,33314,175,歯ブラシ 65の詳細説明です。高品質でおすすめの商品です。,2023-08-20
8149,デンタルフロス 65,美容・健康,Natural,37491,565,デンタルフロス 65の詳細説明です。高品質でおすすめの商品です。,2023-11-02
8150,ボディクリーム 65,美容・健康,Wellness,44097,138,ボディクリーム 65の詳細説明です。高品質でおすすめの商品です。,2023-10-01
8151,スキンケアセット 66,美容・健康,Natural,38703,825,スキンケアセット 66の詳細説明です。高品質でおすすめの商品です。,2023-02-08
8152,シャンプー 66,美容・健康,Natural,30745,399,シャンプー 66の詳細説明です。高品質でおすすめの商品です。,2023-06-22
8153,ボディソープ 66,美容・健康,Care,10088,363,ボディソープ 66の詳細説明です。高品質でおすすめの商品です。,2023-05-09
8154,化粧水 66,美容・健康,Wellness,25160,768,化粧水 66の詳細説明です。高品質でおすすめの商品です。,2023-08-03
8155,日焼け止め 66,美容・健康,Natural,11724,300,日焼け止め 66の詳細説明です。高品質でおすすめの商品です。,2023-07-05
8156,マスク 66,美容・健康,Wellness,6924,814,マスク 66の詳細説明です。高品質でおすすめの商品です。,2023-10-28
8157,サプリメント 66,美容・健康,Care,17613,484,サプリメント 66の詳細説明です。高品質でおすすめの商品です。,2023-05-12
8158,歯ブラシ 66,美容・健康,Pure,31042,224,歯ブラシ 66の詳細説明です。高品質でおすすめの商品です。,2023-02-16
8159,デンタルフロス 66,美容・健康,Beauty,5265,631,デンタルフロス 66の詳細説明です。高品質でおすすめの商品です。,2023-04-02
8160,ボディクリーム 66,美容・健康,Pure,18666,649,ボディクリーム 66の詳細説明です。高品質でおすすめの商品です。,2023-08-13
8161,スキンケアセット 67,美容・健康,Wellness,9650,522,スキンケアセット 67の詳細説明です。高品質でおすすめの商品です。,2023-06-18
8162,シャンプー 67,美容・健康,Wellness,13267,922,シャンプー 67の詳細説明です。高品質でおすすめの商品です。,2023-12-07
8163,ボディソープ 67,美容・健康,Beauty,11835,647,ボディソープ 67の詳細説明です。高品質でおすすめの商品です。,2023-03-21
8164,化粧水 67,美容・健康,Natural,1945,709,化粧水 67の詳細説明です。高品質でおすすめの商品です。,2023-06-07
8165,日焼け止め 67,美容・健康,Pure,14599,891,日焼け止め 67の詳細説明です。高品質でおすすめの商品です。,2023-04-02
8166,マスク 67,美容・健康,Wellness,18081,667,マスク 67の詳細説明です。高品質でおすすめの商品です。,2023-06-17
8167,サプリメント 67,美容・健康,Beauty,37422,975,サプリメント 67の詳細説明です。高品質でおすすめの商品です。,2023-07-07
8168,歯ブラシ 67,美容・健康,Wellness,21996,328,歯ブラシ 67の詳細説明です。高品質でおすすめの商品です。,2023-05-13
8169,デンタルフロス 67,美容・健康,Care,43283,149,デンタルフロス 67の詳細説明です。高品質でおすすめの商品です。,2023-07-19
8170,ボディクリーム 67,美容・健康,Beauty,27989,233,ボディクリーム 67の詳細説明です。高品質でおすすめの商品です。,2023-11-22
8171,スキンケアセット 68,美容・健康,Pure,42762,182,スキンケアセット 68の詳細説明です。高品質でおすすめの商品です。,2023-11-12
8172,シャンプー 68,美容・健康,Natural,4258,61,シャンプー 68の詳細説明です。高品質でおすすめの商品です。,2023-04-11
8173,ボディソープ 68,美容・健康,Care,920,525,ボディソープ 68の詳細説明です。高品質でおすすめの商品です。,2023-08-05
8174,化粧水 68,美容・健康,Beauty,44291,730,化粧水 68の詳細説明です。高品質でおすすめの商品です。,2023-05-26
8175,日焼け止め 68,美容・健康,Beauty,43514,362,日焼け止め 68の詳細説明です。高品質でおすすめの商品です。,2023-09-03
8176,マスク 68,美容・健康,Wellness,2848,209,マスク 68の詳細説明です。高品質でおすすめの商品です。,2023-07-19
8177,サプリメント 68,美容・健康,Pure,34574,800,サプリメント 68の詳細説明です。高品質でおすすめの商品です。,2023-11-19
8178,歯ブラシ 68,美容・健康,Natural,47530,765,歯ブラシ 68の詳細説明です。高品質でおすすめの商品です。,2023-05-08
8179,デンタルフロス 68,美容・健康,Natural,3887,825,デンタルフロス 68の詳細説明です。高品質でおすすめの商品です。,2023-06-15
8180,ボディクリーム 68,美容・健康,Natural,17673,525,ボディクリーム 68の詳細説明です。高品質でおすすめの商品です。,2023-03-10
8181,スキンケアセット 69,美容・健康,Beauty,27601,141,スキンケアセット 69の詳細説明です。高品質でおすすめの商品です。,2023-12-22
8182,シャンプー 69,美容・健康,Pure,36886,918,シャンプー 69の詳細説明です。高品質でおすすめの商品です。,2023-01-27
8183,ボディソープ 69,美容・健康,Beauty,13978,733,ボディソープ 69の詳細説明です。高品質でおすすめの商品です。,2023-06-29
8184,化粧水 69,美容・健康,Wellness,28346,194,化粧水 69の詳細説明です。高品質でおすすめの商品です。,2023-12-28
8185,日焼け止め 69,美容・健康,Wellness,21459,257,日焼け止め 69の詳細説明です。高品質でおすすめの商品です。,2023-02-23
8186,マスク 69,美容・健康,Beauty,44094,261,マスク 69の詳細説明です。高品質でおすすめの商品です。,2023-07-17
8187,サプリメント 69,美容・健康,Pure,12466,286,サプリメント 69の詳細説明です。高品質でおすすめの商品です。,2023-07-28
8188,歯ブラシ 69,美容・健康,Natural,26616,796,歯ブラシ 69の詳細説明です。高品質でおすすめの商品です。,2023-03-26
8189,デンタルフロス 69,美容・健康,Beauty,14571,916,デンタルフロス 69の詳細説明です。高品質でおすすめの商品です。,2023-05-18
8190,ボディクリーム 69,美容・健康,Natural,29328,821,ボディクリーム 69の詳細説明です。高品質でおすすめの商品です。,2023-11-04
8191,スキンケアセット 70,美容・健康,Care,17661,790,スキンケアセット 70の詳細説明です。高品質でおすすめの商品です。,2023-02-18
8192,シャンプー 70,美容・健康,Beauty,3255,543,シャンプー 70の詳細説明です。高品質でおすすめの商品です。,2023-04-28
8193,ボディソープ 70,美容・健康,Beauty,23200,499,ボディソープ 70の詳細説明です。高品質でおすすめの商品です。,2023-12-02
8194,化粧水 70,美容・健康,Care,36908,917,化粧水 70の詳細説明です。高品質でおすすめの商品です。,2023-07-24
8195,日焼け止め 70,美容・健康,Beauty,37308,838,日焼け止め 70の詳細説明です。高品質でおすすめの商品です。,2023-10-21
8196,マスク 70,美容・健康,Care,11790,502,マスク 70の詳細説明です。高品質でおすすめの商品です。,2023-04-18
8197,サプリメント 70,美容・健康,Care,7203,639,サプリメント 70の詳細説明です。高品質でおすすめの商品です。,2023-04-11
8198,歯ブラシ 70,美容・健康,Pure,26573,880,歯ブラシ 70の詳細説明です。高品質でおすすめの商品です。,2023-01-23
8199,デンタルフロス 70,美容・健康,Wellness,4890,952,デンタルフロス 70の詳細説明です。高品質でおすすめの商品です。,2023-02-04
8200,ボディクリーム 70,美容・健康,Pure,18486,52,ボディクリーム 70の詳細説明です。高品質でおすすめの商品です。,2023-03-28
8201,スキンケアセット 71,美容・健康,Pure,8015,348,スキンケアセット 71の詳細説明です。高品質でおすすめの商品です。,2023-06-16
8202,シャンプー 71,美容・健康,Pure,3200,969,シャンプー 71の詳細説明です。高品質でおすすめの商品です。,2023-05-07
8203,ボディソープ 71,美容・健康,Wellness,10606,590,ボディソープ 71の詳細説明です。高品質でおすすめの商品です。,2023-02-08
8204,化粧水 71,美容・健康,Pure,19692,447,化粧水 71の詳細説明です。高品質でおすすめの商品です。,2023-05-18
8205,日焼け止め 71,美容・健康,Natural,41755,444,日焼け止め 71の詳細説明です。高品質でおすすめの商品です。,2023-03-18
8206,マスク 71,美容・健康,Natural,35472,306,マスク 71の詳細説明です。高品質でおすすめの商品です。,2023-07-30
8207,サプリメント 71,美容・健康,Beauty,41790,3,サプリメント 71の詳細説明です。高品質でおすすめの商品です。,2023-11-15
8208,歯ブラシ 71,美容・健康,Beauty,49041,518,歯ブラシ 71の詳細説明です。高品質でおすすめの商品です。,2023-01-31
8209,デンタルフロス 71,美容・健康,Natural,10582,616,デンタルフロス 71の詳細説明です。高品質でおすすめの商品です。,2023-02-11
8210,ボディクリーム 71,美容・健康,Care,31538,230,ボディクリーム 71の詳細説明です。高品質でおすすめの商品です。,2023-08-20
8211,スキンケアセット 72,美容・健康,Care,49231,56,スキンケアセット 72の詳細説明です。高品質でおすすめの商品です。,2023-06-15
8212,シャンプー 72,美容・健康,Natural,7490,365,シャンプー 72の詳細説明です。高品質でおすすめの商品です。,2023-08-28
8213,ボディソープ 72,美容・健康,Wellness,2076,995,ボディソープ 72の詳細説明です。高品質でおすすめの商品です。,2023-02-18
8214,化粧水 72,美容・健康,Pure,45330,345,化粧水 72の詳細説明です。高品質でおすすめの商品です。,2023-03-21
8215,日焼け止め 72,美容・健康,Beauty,18233,348,日焼け止め 72の詳細説明です。高品質でおすすめの商品です。,2023-08-05
8216,マスク 72,美容・健康,Pure,35557,10,マスク 72の詳細説明です。高品質でおすすめの商品です。,2023-09-26
8217,サプリメント 72,美容・健康,Wellness,5082,963,サプリメント 72の詳細説明です。高品質でおすすめの商品です。,2023-03-08
8218,歯ブラシ 72,美容・健康,Beauty,24053,892,歯ブラシ 72の詳細説明です。高品質でおすすめの商品です。,2023-09-20
8219,デンタルフロス 72,美容・健康,Wellness,31948,565,デンタルフロス 72の詳細説明です。高品質でおすすめの商品です。,2023-07-04
8220,ボディクリーム 72,美容・健康,Care,37607,560,ボディクリーム 72の詳細説明です。高品質でおすすめの商品です。,2023-04-19
8221,スキンケアセット 73,美容・健康,Beauty,38180,720,スキンケアセット 73の詳細説明です。高品質でおすすめの商品です。,2023-12-09
8222,シャンプー 73,美容・健康,Care,34367,309,シャンプー 73の詳細説明です。高品質でおすすめの商品です。,2023-11-02
8223,ボディソープ 73,美容・健康,Pure,49966,980,ボディソープ 73の詳細説明です。高品質でおすすめの商品です。,2023-03-23
8224,化粧水 73,美容・健康,Beauty,46948,488,化粧水 73の詳細説明です。高品質でおすすめの商品です。,2023-11-04
8225,日焼け止め 73,美容・健康,Care,29170,880,日焼け止め 73の詳細説明です。高品質でおすすめの商品です。,2023-02-13
8226,マスク 73,美容・健康,Wellness,16805,713,マスク 73の詳細説明です。高品質でおすすめの商品です。,2023-02-25
8227,サプリメント 73,美容・健康,Care,7038,123,サプリメント 73の詳細説明です。高品質でおすすめの商品です。,2023-05-06
8228,歯ブラシ 73,美容・健康,Pure,42274,622,歯ブラシ 73の詳細説明です。高品質でおすすめの商品です。,2023-02-11
8229,デンタルフロス 73,美容・健康,Pure,17247,327,デンタルフロス 73の詳細説明です。高品質でおすすめの商品です。,2023-06-27
8230,ボディクリーム 73,美容・健康,Care,34958,669,ボディクリーム 73の詳細説明です。高品質でおすすめの商品です。,2023-07-05
8231,スキンケアセット 74,美容・健康,Wellness,24534,425,スキンケアセット 74の詳細説明です。高品質でおすすめの商品です。,2023-03-06
8232,シャンプー 74,美容・健康,Care,11200,772,シャンプー 74の詳細説明です。高品質でおすすめの商品です。,2023-04-22
8233,ボディソープ 74,美容・健康,Natural,46757,72,ボディソープ 74の詳細説明です。高品質でおすすめの商品です。,2023-07-06
8234,化粧水 74,美容・健康,Care,1982,129,化粧水 74の詳細説明です。高品質でおすすめの商品です。,2023-03-10
8235,日焼け止め 74,美容・健康,Pure,28552,619,日焼け止め 74の詳細説明です。高品質でおすすめの商品です。,2023-11-20
8236,マスク 74,美容・健康,Pure,38731,15,マスク 74の詳細説明です。高品質でおすすめの商品です。,2023-03-20
8237,サプリメント 74,美容・健康,Beauty,39482,549,サプリメント 74の詳細説明です。高品質でおすすめの商品です。,2023-11-06
8238,歯ブラシ 74,美容・健康,Natural,28052,532,歯ブラシ 74の詳細説明です。高品質でおすすめの商品です。,2023-09-05
8239,デンタルフロス 74,美容・健康,Beauty,19210,512,デンタルフロス 74の詳細説明です。高品質でおすすめの商品です。,2023-09-06
8240,ボディクリーム 74,美容・健康,Pure,8557,477,ボディクリーム 74の詳細説明です。高品質でおすすめの商品です。,2023-11-27
8241,スキンケアセット 75,美容・健康,Wellness,6067,56,スキンケアセット 75の詳細説明です。高品質でおすすめの商品です。,2023-01-23
8242,シャンプー 75,美容・健康,Wellness,30695,253,シャンプー 75の詳細説明です。高品質でおすすめの商品です。,2023-10-04
8243,ボディソープ 75,美容・健康,Beauty,28791,989,ボディソープ 75の詳細説明です。高品質でおすすめの商品です。,2023-12-06
8244,化粧水 75,美容・健康,Care,46157,470,化粧水 75の詳細説明です。高品質でおすすめの商品です。,2023-07-14
8245,日焼け止め 75,美容・健康,Beauty,30820,504,日焼け止め 75の詳細説明です。高品質でおすすめの商品です。,2023-09-13
8246,マスク 75,美容・健康,Wellness,48275,733,マスク 75の詳細説明です。高品質でおすすめの商品です。,2023-11-17
8247,サプリメント 75,美容・健康,Beauty,49984,922,サプリメント 75の詳細説明です。高品質でおすすめの商品です。,2023-12-20
8248,歯ブラシ 75,美容・健康,Care,7698,996,歯ブラシ 75の詳細説明です。高品質でおすすめの商品です。,2023-02-02
8249,デンタルフロス 75,美容・健康,Natural,13478,941,デンタルフロス 75の詳細説明です。高品質でおすすめの商品です。,2023-11-04
8250,ボディクリーム 75,美容・健康,Natural,616,326,ボディクリーム 75の詳細説明です。高品質でおすすめの商品です。,2023-09-26
8251,スキンケアセット 76,美容・健康,Beauty,1447,364,スキンケアセット 76の詳細説明です。高品質でおすすめの商品です。,2023-11-10
8252,シャンプー 76,美容・健康,Pure,26765,516,シャンプー 76の詳細説明です。高品質でおすすめの商品です。,2023-07-04
8253,ボディソープ 76,美容・健康,Care,26663,366,ボディソープ 76の詳細説明です。高品質でおすすめの商品です。,2023-04-16
8254,化粧水 76,美容・健康,Wellness,47605,239,化粧水 76の詳細説明です。高品質でおすすめの商品です。,2023-08-30
8255,日焼け止め 76,美容・健康,Natural,35127,829,日焼け止め 76の詳細説明です。高品質でおすすめの商品です。,2023-10-11
8256,マスク 76,美容・健康,Care,35790,745,マスク 76の詳細説明です。高品質でおすすめの商品です。,2023-08-07
8257,サプリメント 76,美容・健康,Pure,7311,777,サプリメント 76の詳細説明です。高品質でおすすめの商品です。,2023-11-07
8258,歯ブラシ 76,美容・健康,Beauty,5688,28,歯ブラシ 76の詳細説明です。高品質でおすすめの商品です。,2023-09-13
8259,デンタルフロス 76,美容・健康,Pure,47103,178,デンタルフロス 76の詳細説明です。高品質でおすすめの商品です。,2023-12-15
8260,ボディクリーム 76,美容・健康,Pure,17788,472,ボディクリーム 76の詳細説明です。高品質でおすすめの商品です。,2023-06-12
8261,スキンケアセット 77,美容・健康,Wellness,15568,283,スキンケアセット 77の詳細説明です。高品質でおすすめの商品です。,2023-05-27
8262,シャンプー 77,美容・健康,Care,17353,344,シャンプー 77の詳細説明です。高品質でおすすめの商品です。,2023-08-29
8263,ボディソープ 77,美容・健康,Pure,28059,168,ボディソープ 77の詳細説明です。高品質でおすすめの商品です。,2023-06-08
8264,化粧水 77,美容・健康,Pure,49316,79,化粧水 77の詳細説明です。高品質でおすすめの商品です。,2023-04-21
8265,日焼け止め 77,美容・健康,Beauty,40942,141,日焼け止め 77の詳細説明です。高品質でおすすめの商品です。,2023-06-03
8266,マスク 77,美容・健康,Pure,9968,838,マスク 77の詳細説明です。高品質でおすすめの商品です。,2023-08-21
8267,サプリメント 77,美容・健康,Care,26440,986,サプリメント 77の詳細説明です。高品質でおすすめの商品です。,2023-12-29
8268,歯ブラシ 77,美容・健康,Pure,5396,400,歯ブラシ 77の詳細説明です。高品質でおすすめの商品です。,2023-06-05
8269,デンタルフロス 77,美容・健康,Pure,45184,755,デンタルフロス 77の詳細説明です。高品質でおすすめの商品です。,2023-09-25
8270,ボディクリーム 77,美容・健康,Natural,35886,730,ボディクリーム 77の詳細説明です。高品質でおすすめの商品です。,2023-09-30
8271,スキンケアセット 78,美容・健康,Wellness,39731,196,スキンケアセット 78の詳細説明です。高品質でおすすめの商品です。,2023-01-15
8272,シャンプー 78,美容・健康,Beauty,37508,542,シャンプー 78の詳細説明です。高品質でおすすめの商品です。,2023-03-19
8273,ボディソープ 78,美容・健康,Pure,44924,542,ボディソープ 78の詳細説明です。高品質でおすすめの商品です。,2023-01-18
8274,化粧水 78,美容・健康,Care,3645,181,化粧水 78の詳細説明です。高品質でおすすめの商品です。,2023-11-20
8275,日焼け止め 78,美容・健康,Care,3575,89,日焼け止め 78の詳細説明です。高品質でおすすめの商品です。,2023-09-11
8276,マスク 78,美容・健康,Pure,28430,82,マスク 78の詳細説明です。高品質でおすすめの商品です。,2023-08-28
8277,サプリメント 78,美容・健康,Beauty,31206,642,サプリメント 78の詳細説明です。高品質でおすすめの商品です。,2023-11-12
8278,歯ブラシ 78,美容・健康,Pure,15303,327,歯ブラシ 78の詳細説明です。高品質でおすすめの商品です。,2023-03-10
8279,デンタルフロス 78,美容・健康,Wellness,26634,865,デンタルフロス 78の詳細説明です。高品質でおすすめの商品です。,2023-09-18
8280,ボディクリーム 78,美容・健康,Care,26295,267,ボディクリーム 78の詳細説明です。高品質でおすすめの商品です。,2023-04-05
8281,スキンケアセット 79,美容・健康,Natural,48768,694,スキンケアセット 79の詳細説明です。高品質でおすすめの商品です。,2023-12-02
8282,シャンプー 79,美容・健康,Wellness,27299,86,シャンプー 79の詳細説明です。高品質でおすすめの商品です。,2023-06-29
8283,ボディソープ 79,美容・健康,Wellness,29883,570,ボディソープ 79の詳細説明です。高品質でおすすめの商品です。,2023-08-12
8284,化粧水 79,美容・健康,Pure,17685,70,化粧水 79の詳細説明です。高品質でおすすめの商品です。,2023-02-10
8285,日焼け止め 79,美容・健康,Care,21792,613,日焼け止め 79の詳細説明です。高品質でおすすめの商品です。,2023-02-27
8286,マスク 79,美容・健康,Care,30705,982,マスク 79の詳細説明です。高品質でおすすめの商品です。,2023-04-16
8287,サプリメント 79,美容・健康,Pure,43024,754,サプリメント 79の詳細説明です。高品質でおすすめの商品です。,2023-07-24
8288,歯ブラシ 79,美容・健康,Natural,47657,993,歯ブラシ 79の詳細説明です。高品質でおすすめの商品です。,2023-09-28
8289,デンタルフロス 79,美容・健康,Pure,47288,100,デンタルフロス 79の詳細説明です。高品質でおすすめの商品です。,2023-09-12
8290,ボディクリーム 79,美容・健康,Pure,5567,444,ボディクリーム 79の詳細説明です。高品質でおすすめの商品です。,2023-12-10
8291,スキンケアセット 80,美容・健康,Care,39030,990,スキンケアセット 80の詳細説明です。高品質でおすすめの商品です。,2023-03-31
8292,シャンプー 80,美容・健康,Pure,41847,492,シャンプー 80の詳細説明です。高品質でおすすめの商品です。,2023-07-01
8293,ボディソープ 80,美容・健康,Pure,25009,995,ボディソープ 80の詳細説明です。高品質でおすすめの商品です。,2023-08-28
8294,化粧水 80,美容・健康,Beauty,9430,247,化粧水 80の詳細説明です。高品質でおすすめの商品です。,2023-05-28
8295,日焼け止め 80,美容・健康,Care,21944,666,日焼け止め 80の詳細説明です。高品質でおすすめの商品です。,2023-10-31
8296,マスク 80,美容・健康,Natural,16867,893,マスク 80の詳細説明です。高品質でおすすめの商品です。,2023-10-13
8297,サプリメント 80,美容・健康,Natural,17184,13,サプリメント 80の詳細説明です。高品質でおすすめの商品です。,2023-05-25
8298,歯ブラシ 80,美容・健康,Wellness,18570,399,歯ブラシ 80の詳細説明です。高品質でおすすめの商品です。,2023-06-07
8299,デンタルフロス 80,美容・健康,Care,42137,681,デンタルフロス 80の詳細説明です。高品質でおすすめの商品です。,2023-05-31
8300,ボディクリーム 80,美容・健康,Wellness,13339,244,ボディクリーム 80の詳細説明です。高品質でおすすめの商品です。,2023-03-03
8301,スキンケアセット 81,美容・健康,Care,5335,263,スキンケアセット 81の詳細説明です。高品質でおすすめの商品です。,2023-03-14
8302,シャンプー 81,美容・健康,Beauty,9567,21,シャンプー 81の詳細説明です。高品質でおすすめの商品です。,2023-05-29
8303,ボディソープ 81,美容・健康,Natural,4069,29,ボディソープ 81の詳細説明です。高品質でおすすめの商品です。,2023-01-07
8304,化粧水 81,美容・健康,Wellness,9527,89,化粧水 81の詳細説明です。高品質でおすすめの商品です。,2023-04-15
8305,日焼け止め 81,美容・健康,Beauty,47918,943,日焼け止め 81の詳細説明です。高品質でおすすめの商品です。,2023-11-16
8306,マスク 81,美容・健康,Beauty,28876,443,マスク 81の詳細説明です。高品質でおすすめの商品です。,2023-12-23
8307,サプリメント 81,美容・健康,Care,34193,203,サプリメント 81の詳細説明です。高品質でおすすめの商品です。,2023-08-17
8308,歯ブラシ 81,美容・健康,Natural,20619,235,歯ブラシ 81の詳細説明です。高品質でおすすめの商品です。,2023-05-06
8309,デンタルフロス 81,美容・健康,Pure,15819,683,デンタルフロス 81の詳細説明です。高品質でおすすめの商品です。,2023-07-02
8310,ボディクリーム 81,美容・健康,Wellness,11144,518,ボディクリーム 81の詳細説明です。高品質でおすすめの商品です。,2023-03-12
8311,スキンケアセット 82,美容・健康,Beauty,10889,83,スキンケアセット 82の詳細説明です。高品質でおすすめの商品です。,2023-05-26
8312,シャンプー 82,美容・健康,Pure,8753,357,シャンプー 82の詳細説明です。高品質でおすすめの商品です。,2023-06-03
8313,ボディソープ 82,美容・健康,Wellness,45668,635,ボディソープ 82の詳細説明です。高品質でおすすめの商品です。,2023-05-15
8314,化粧水 82,美容・健康,Wellness,32182,446,化粧水 82の詳細説明です。高品質でおすすめの商品です。,2023-03-06
8315,日焼け止め 82,美容・健康,Pure,40240,149,日焼け止め 82の詳細説明です。高品質でおすすめの商品です。,2023-03-26
8316,マスク 82,美容・健康,Wellness,29109,27,マスク 82の詳細説明です。高品質でおすすめの商品です。,2023-11-27
8317,サプリメント 82,美容・健康,Natural,44883,448,サプリメント 82の詳細説明です。高品質でおすすめの商品です。,2023-03-30
8318,歯ブラシ 82,美容・健康,Natural,44693,258,歯ブラシ 82の詳細説明です。高品質でおすすめの商品です。,2023-09-07
8319,デンタルフロス 82,美容・健康,Pure,8757,456,デンタルフロス 82の詳細説明です。高品質でおすすめの商品です。,2023-03-22
8320,ボディクリーム 82,美容・健康,Pure,45747,775,ボディクリーム 82の詳細説明です。高品質でおすすめの商品です。,2023-05-14
8321,スキンケアセット 83,美容・健康,Wellness,4614,900,スキンケアセット 83の詳細説明です。高品質でおすすめの商品です。,2023-09-04
8322,シャンプー 83,美容・健康,Natural,9564,379,シャンプー 83の詳細説明です。高品質でおすすめの商品です。,2023-01-30
8323,ボディソープ 83,美容・健康,Beauty,32141,856,ボディソープ 83の詳細説明です。高品質でおすすめの商品です。,2023-11-18
8324,化粧水 83,美容・健康,Wellness,6213,351,化粧水 83の詳細説明です。高品質でおすすめの商品です。,2023-07-16
8325,日焼け止め 83,美容・健康,Natural,41517,290,日焼け止め 83の詳細説明です。高品質でおすすめの商品です。,2023-09-19
8326,マスク 83,美容・健康,Natural,45019,505,マスク 83の詳細説明です。高品質でおすすめの商品です。,2023-06-01
8327,サプリメント 83,美容・健康,Care,49047,97,サプリメント 83の詳細説明です。高品質でおすすめの商品です。,2023-04-23
8328,歯ブラシ 83,美容・健康,Care,17169,448,歯ブラシ 83の詳細説明です。高品質でおすすめの商品です。,2023-09-06
8329,デンタルフロス 83,美容・健康,Wellness,35921,144,デンタルフロス 83の詳細説明です。高品質でおすすめの商品です。,2023-02-08
8330,ボディクリーム 83,美容・健康,Beauty,3097,701,ボディクリーム 83の詳細説明です。高品質でおすすめの商品です。,2023-02-06
8331,スキンケアセット 84,美容・健康,Wellness,26492,456,スキンケアセット 84の詳細説明です。高品質でおすすめの商品です。,2023-12-01
8332,シャンプー 84,美容・健康,Care,8992,987,シャンプー 84の詳細説明です。高品質でおすすめの商品です。,2023-02-28
8333,ボディソープ 84,美容・健康,Pure,37646,501,ボディソープ 84の詳細説明です。高品質でおすすめの商品です。,2023-03-20
8334,化粧水 84,美容・健康,Care,15497,581,化粧水 84の詳細説明です。高品質でおすすめの商品です。,2023-06-09
8335,日焼け止め 84,美容・健康,Care,28632,921,日焼け止め 84の詳細説明です。高品質でおすすめの商品です。,2023-04-03
8336,マスク 84,美容・健康,Pure,1010,475,マスク 84の詳細説明です。高品質でおすすめの商品です。,2023-09-12
8337,サプリメント 84,美容・健康,Natural,29126,92,サプリメント 84の詳細説明です。高品質でおすすめの商品です。,2023-02-16
8338,歯ブラシ 84,美容・健康,Wellness,36003,867,歯ブラシ 84の詳細説明です。高品質でおすすめの商品です。,2023-04-09
8339,デンタルフロス 84,美容・健康,Natural,10663,761,デンタルフロス 84の詳細説明です。高品質でおすすめの商品です。,2023-04-23
8340,ボディクリーム 84,美容・健康,Wellness,12817,665,ボディクリーム 84の詳細説明です。高品質でおすすめの商品です。,2023-09-07
8341,スキンケアセット 85,美容・健康,Natural,12172,641,スキンケアセット 85の詳細説明です。高品質でおすすめの商品です。,2023-11-04
8342,シャンプー 85,美容・健康,Beauty,28746,714,シャンプー 85の詳細説明です。高品質でおすすめの商品です。,2023-05-24
8343,ボディソープ 85,美容・健康,Care,43626,150,ボディソープ 85の詳細説明です。高品質でおすすめの商品です。,2023-09-30
8344,化粧水 85,美容・健康,Beauty,22396,408,化粧水 85の詳細説明です。高品質でおすすめの商品です。,2023-08-04
8345,日焼け止め 85,美容・健康,Pure,30277,85,日焼け止め 85の詳細説明です。高品質でおすすめの商品です。,2023-09-04
8346,マスク 85,美容・健康,Pure,1219,570,マスク 85の詳細説明です。高品質でおすすめの商品です。,2023-01-14
8347,サプリメント 85,美容・健康,Beauty,6132,753,サプリメント 85の詳細説明です。高品質でおすすめの商品です。,2023-11-19
8348,歯ブラシ 85,美容・健康,Care,47018,428,歯ブラシ 85の詳細説明です。高品質でおすすめの商品です。,2023-08-26
8349,デンタルフロス 85,美容・健康,Care,41468,666,デンタルフロス 85の詳細説明です。高品質でおすすめの商品です。,2023-02-01
8350,ボディクリーム 85,美容・健康,Care,8567,794,ボディクリーム 85の詳細説明です。高品質でおすすめの商品です。,2023-05-13
8351,スキンケアセット 86,美容・健康,Care,17692,273,スキンケアセット 86の詳細説明です。高品質でおすすめの商品です。,2023-10-11
8352,シャンプー 86,美容・健康,Wellness,45654,45,シャンプー 86の詳細説明です。高品質でおすすめの商品です。,2023-08-03
8353,ボディソープ 86,美容・健康,Natural,43344,847,ボディソープ 86の詳細説明です。高品質でおすすめの商品です。,2023-12-02
8354,化粧水 86,美容・健康,Pure,31946,493,化粧水 86の詳細説明です。高品質でおすすめの商品です。,2023-01-22
8355,日焼け止め 86,美容・健康,Wellness,42293,587,日焼け止め 86の詳細説明です。高品質でおすすめの商品です。,2023-02-12
8356,マスク 86,美容・健康,Natural,18954,422,マスク 86の詳細説明です。高品質でおすすめの商品です。,2023-07-20
8357,サプリメント 86,美容・健康,Wellness,39936,664,サプリメント 86の詳細説明です。高品質でおすすめの商品です。,2023-01-30
8358,歯ブラシ 86,美容・健康,Natural,2110,164,歯ブラシ 86の詳細説明です。高品質でおすすめの商品です。,2023-08-13
8359,デンタルフロス 86,美容・健康,Natural,23681,184,デンタルフロス 86の詳細説明です。高品質でおすすめの商品です。,2023-08-29
8360,ボディクリーム 86,美容・健康,Wellness,3206,206,ボディクリーム 86の詳細説明です。高品質でおすすめの商品です。,2023-09-21
8361,スキンケアセット 87,美容・健康,Natural,19911,833,スキンケアセット 87の詳細説明です。高品質でおすすめの商品です。,2023-07-08
8362,シャンプー 87,美容・健康,Natural,37740,492,シャンプー 87の詳細説明です。高品質でおすすめの商品です。,2023-10-01
8363,ボディソープ 87,美容・健康,Wellness,7198,119,ボディソープ 87の詳細説明です。高品質でおすすめの商品です。,2023-10-28
8364,化粧水 87,美容・健康,Natural,4966,401,化粧水 87の詳細説明です。高品質でおすすめの商品です。,2023-01-22
8365,日焼け止め 87,美容・健康,Natural,31876,411,日焼け止め 87の詳細説明です。高品質でおすすめの商品です。,2023-06-29
8366,マスク 87,美容・健康,Care,21098,750,マスク 87の詳細説明です。高品質でおすすめの商品です。,2023-04-11
8367,サプリメント 87,美容・健康,Natural,13000,928,サプリメント 87の詳細説明です。高品質でおすすめの商品です。,2023-09-21
8368,歯ブラシ 87,美容・健康,Care,12582,183,歯ブラシ 87の詳細説明です。高品質でおすすめの商品です。,2023-04-22
8369,デンタルフロス 87,美容・健康,Beauty,9813,411,デンタルフロス 87の詳細説明です。高品質でおすすめの商品です。,2023-11-21
8370,ボディクリーム 87,美容・健康,Care,15419,75,ボディクリーム 87の詳細説明です。高品質でおすすめの商品です。,2023-02-10
8371,スキンケアセット 88,美容・健康,Beauty,10328,359,スキンケアセット 88の詳細説明です。高品質でおすすめの商品です。,2023-06-13
8372,シャンプー 88,美容・健康,Natural,35808,722,シャンプー 88の詳細説明です。高品質でおすすめの商品です。,2023-12-31
8373,ボディソープ 88,美容・健康,Care,11575,991,ボディソープ 88の詳細説明です。高品質でおすすめの商品です。,2023-10-06
8374,化粧水 88,美容・健康,Wellness,46513,410,化粧水 88の詳細説明です。高品質でおすすめの商品です。,2023-06-23
8375,日焼け止め 88,美容・健康,Natural,40148,49,日焼け止め 88の詳細説明です。高品質でおすすめの商品です。,2023-09-13
8376,マスク 88,美容・健康,Natural,28198,674,マスク 88の詳細説明です。高品質でおすすめの商品です。,2023-09-22
8377,サプリメント 88,美容・健康,Pure,26721,246,サプリメント 88の詳細説明です。高品質でおすすめの商品です。,2023-07-30
8378,歯ブラシ 88,美容・健康,Care,33099,69,歯ブラシ 88の詳細説明です。高品質でおすすめの商品です。,2023-12-02
8379,デンタルフロス 88,美容・健康,Care,12194,964,デンタルフロス 88の詳細説明です。高品質でおすすめの商品です。,2023-02-09
8380,ボディクリーム 88,美容・健康,Pure,9280,313,ボディクリーム 88の詳細説明です。高品質でおすすめの商品です。,2023-08-16
8381,スキンケアセット 89,美容・健康,Pure,36823,933,スキンケアセット 89の詳細説明です。高品質でおすすめの商品です。,2023-10-14
8382,シャンプー 89,美容・健康,Care,27978,185,シャンプー 89の詳細説明です。高品質でおすすめの商品です。,2023-04-19
8383,ボディソープ 89,美容・健康,Natural,13070,821,ボディソープ 89の詳細説明です。高品質でおすすめの商品です。,2023-02-03
8384,化粧水 89,美容・健康,Natural,11538,334,化粧水 89の詳細説明です。高品質でおすすめの商品です。,2023-03-02
8385,日焼け止め 89,美容・健康,Natural,21594,83,日焼け止め 89の詳細説明です。高品質でおすすめの商品です。,2023-04-14
8386,マスク 89,美容・健康,Natural,35311,427,マスク 89の詳細説明です。高品質でおすすめの商品です。,2023-06-03
8387,サプリメント 89,美容・健康,Wellness,27505,500,サプリメント 89の詳細説明です。高品質でおすすめの商品です。,2023-01-23
8388,歯ブラシ 89,美容・健康,Care,14672,856,歯ブラシ 89の詳細説明です。高品質でおすすめの商品です。,2023-03-01
8389,デンタルフロス 89,美容・健康,Care,35706,853,デンタルフロス 89の詳細説明です。高品質でおすすめの商品です。,2023-07-27
8390,ボディクリーム 89,美容・健康,Wellness,47989,557,ボディクリーム 89の詳細説明です。高品質でおすすめの商品です。,2023-09-23
8391,スキンケアセット 90,美容・健康,Natural,33225,583,スキンケアセット 90の詳細説明です。高品質でおすすめの商品です。,2023-12-03
8392,シャンプー 90,美容・健康,Wellness,39701,806,シャンプー 90の詳細説明です。高品質でおすすめの商品です。,2023-01-19
8393,ボディソープ 90,美容・健康,Beauty,39497,496,ボディソープ 90の詳細説明です。高品質でおすすめの商品です。,2023-12-18
8394,化粧水 90,美容・健康,Wellness,6365,705,化粧水 90の詳細説明です。高品質でおすすめの商品です。,2023-08-21
8395,日焼け止め 90,美容・健康,Pure,15533,353,日焼け止め 90の詳細説明です。高品質でおすすめの商品です。,2023-02-20
8396,マスク 90,美容・健康,Beauty,36365,571,マスク 90の詳細説明です。高品質でおすすめの商品です。,2023-06-19
8397,サプリメント 90,美容・健康,Natural,37663,805,サプリメント 90の詳細説明です。高品質でおすすめの商品です。,2023-05-25
8398,歯ブラシ 90,美容・健康,Natural,3868,279,歯ブラシ 90の詳細説明です。高品質でおすすめの商品です。,2023-05-07
8399,デンタルフロス 90,美容・健康,Pure,15558,680,デンタルフロス 90の詳細説明です。高品質でおすすめの商品です。,2023-12-03
8400,ボディクリーム 90,美容・健康,Natural,30263,83,ボディクリーム 90の詳細説明です。高品質でおすすめの商品です。,2023-03-23
8401,スキンケアセット 91,美容・健康,Beauty,9765,379,スキンケアセット 91の詳細説明です。高品質でおすすめの商品です。,2023-10-07
8402,シャンプー 91,美容・健康,Beauty,21188,315,シャンプー 91の詳細説明です。高品質でおすすめの商品です。,2023-04-19
8403,ボディソープ 91,美容・健康,Beauty,10647,990,ボディソープ 91の詳細説明です。高品質でおすすめの商品です。,2023-01-26
8404,化粧水 91,美容・健康,Care,5981,394,化粧水 91の詳細説明です。高品質でおすすめの商品です。,2023-01-28
8405,日焼け止め 91,美容・健康,Natural,34663,979,日焼け止め 91の詳細説明です。高品質でおすすめの商品です。,2023-09-28
8406,マスク 91,美容・健康,Wellness,13963,220,マスク 91の詳細説明です。高品質でおすすめの商品です。,2023-10-19
8407,サプリメント 91,美容・健康,Care,23297,491,サプリメント 91の詳細説明です。高品質でおすすめの商品です。,2023-08-01
8408,歯ブラシ 91,美容・健康,Wellness,4399,542,歯ブラシ 91の詳細説明です。高品質でおすすめの商品です。,2023-04-05
8409,デンタルフロス 91,美容・健康,Beauty,3866,223,デンタルフロス 91の詳細説明です。高品質でおすすめの商品です。,2023-05-31
8410,ボディクリーム 91,美容・健康,Beauty,8885,273,ボディクリーム 91の詳細説明です。高品質でおすすめの商品です。,2023-09-18
8411,スキンケアセット 92,美容・健康,Wellness,34278,814,スキンケアセット 92の詳細説明です。高品質でおすすめの商品です。,2023-03-14
8412,シャンプー 92,美容・健康,Wellness,46094,112,シャンプー 92の詳細説明です。高品質でおすすめの商品です。,2023-12-20
8413,ボディソープ 92,美容・健康,Pure,17625,571,ボディソープ 92の詳細説明です。高品質でおすすめの商品です。,2023-08-18
8414,化粧水 92,美容・健康,Natural,45661,894,化粧水 92の詳細説明です。高品質でおすすめの商品です。,2023-10-07
8415,日焼け止め 92,美容・健康,Pure,3644,785,日焼け止め 92の詳細説明です。高品質でおすすめの商品です。,2023-03-18
8416,マスク 92,美容・健康,Natural,46477,449,マスク 92の詳細説明です。高品質でおすすめの商品です。,2023-06-30
8417,サプリメント 92,美容・健康,Wellness,45378,202,サプリメント 92の詳細説明です。高品質でおすすめの商品です。,2023-09-18
8418,歯ブラシ 92,美容・健康,Natural,14727,277,歯ブラシ 92の詳細説明です。高品質でおすすめの商品です。,2023-09-15
8419,デンタルフロス 92,美容・健康,Care,19081,150,デンタルフロス 92の詳細説明です。高品質でおすすめの商品です。,2023-01-11
8420,ボディクリーム 92,美容・健康,Pure,974,822,ボディクリーム 92の詳細説明です。高品質でおすすめの商品です。,2023-01-31
8421,スキンケアセット 93,美容・健康,Care,31207,887,スキンケアセット 93の詳細説明です。高品質でおすすめの商品です。,2023-09-10
8422,シャンプー 93,美容・健康,Pure,36312,39,シャンプー 93の詳細説明です。高品質でおすすめの商品です。,2023-07-19
8423,ボディソープ 93,美容・健康,Wellness,26788,85,ボディソープ 93の詳細説明です。高品質でおすすめの商品です。,2023-12-22
8424,化粧水 93,美容・健康,Beauty,1620,615,化粧水 93の詳細説明です。高品質でおすすめの商品です。,2023-09-25
8425,日焼け止め 93,美容・健康,Natural,42669,384,日焼け止め 93の詳細説明です。高品質でおすすめの商品です。,2023-08-11
8426,マスク 93,美容・健康,Wellness,22694,17,マスク 93の詳細説明です。高品質でおすすめの商品です。,2023-06-14
8427,サプリメント 93,美容・健康,Pure,21808,412,サプリメント 93の詳細説明です。高品質でおすすめの商品です。,2023-10-11
8428,歯ブラシ 93,美容・健康,Beauty,34416,444,歯ブラシ 93の詳細説明です。高品質でおすすめの商品です。,2023-10-20
8429,デンタルフロス 93,美容・健康,Pure,33200,443,デンタルフロス 93の詳細説明です。高品質でおすすめの商品です。,2023-10-02
8430,ボディクリーム 93,美容・健康,Natural,42894,323,ボディクリーム 93の詳細説明です。高品質でおすすめの商品です。,2023-09-11
8431,スキンケアセット 94,美容・健康,Pure,43023,860,スキンケアセット 94の詳細説明です。高品質でおすすめの商品です。,2023-02-08
8432,シャンプー 94,美容・健康,Beauty,38112,858,シャンプー 94の詳細説明です。高品質でおすすめの商品です。,2023-09-29
8433,ボディソープ 94,美容・健康,Natural,15974,611,ボディソープ 94の詳細説明です。高品質でおすすめの商品です。,2023-06-29
8434,化粧水 94,美容・健康,Wellness,33547,556,化粧水 94の詳細説明です。高品質でおすすめの商品です。,2023-02-05
8435,日焼け止め 94,美容・健康,Natural,5206,331,日焼け止め 94の詳細説明です。高品質でおすすめの商品です。,2023-02-26
8436,マスク 94,美容・健康,Pure,26033,654,マスク 94の詳細説明です。高品質でおすすめの商品です。,2024-01-01
8437,サプリメント 94,美容・健康,Pure,18523,943,サプリメント 94の詳細説明です。高品質でおすすめの商品です。,2023-05-26
8438,歯ブラシ 94,美容・健康,Care,6160,93,歯ブラシ 94の詳細説明です。高品質でおすすめの商品です。,2023-03-20
8439,デンタルフロス 94,美容・健康,Care,22665,752,デンタルフロス 94の詳細説明です。高品質でおすすめの商品です。,2023-12-01
8440,ボディクリーム 94,美容・健康,Beauty,15717,79,ボディクリーム 94の詳細説明です。高品質でおすすめの商品です。,2023-03-05
8441,スキンケアセット 95,美容・健康,Care,5030,163,スキンケアセット 95の詳細説明です。高品質でおすすめの商品です。,2023-03-16
8442,シャンプー 95,美容・健康,Care,12196,870,シャンプー 95の詳細説明です。高品質でおすすめの商品です。,2023-12-11
8443,ボディソープ 95,美容・健康,Pure,31154,603,ボディソープ 95の詳細説明です。高品質でおすすめの商品です。,2023-02-18
8444,化粧水 95,美容・健康,Pure,30673,29,化粧水 95の詳細説明です。高品質でおすすめの商品です。,2023-12-15
8445,日焼け止め 95,美容・健康,Pure,44152,1,日焼け止め 95の詳細説明です。高品質でおすすめの商品です。,2023-06-29
8446,マスク 95,美容・健康,Wellness,46995,128,マスク 95の詳細説明です。高品質でおすすめの商品です。,2023-06-15
8447,サプリメント 95,美容・健康,Pure,13263,470,サプリメント 95の詳細説明です。高品質でおすすめの商品です。,2023-05-30
8448,歯ブラシ 95,美容・健康,Wellness,33701,584,歯ブラシ 95の詳細説明です。高品質でおすすめの商品です。,2023-06-22
8449,デンタルフロス 95,美容・健康,Care,41879,809,デンタルフロス 95の詳細説明です。高品質でおすすめの商品です。,2023-08-12
8450,ボディクリーム 95,美容・健康,Beauty,12408,838,ボディクリーム 95の詳細説明です。高品質でおすすめの商品です。,2023-04-14
8451,スキンケアセット 96,美容・健康,Care,15453,35,スキンケアセット 96の詳細説明です。高品質でおすすめの商品です。,2023-10-29
8452,シャンプー 96,美容・健康,Beauty,49426,106,シャンプー 96の詳細説明です。高品質でおすすめの商品です。,2023-05-20
8453,ボディソープ 96,美容・健康,Natural,47657,937,ボディソープ 96の詳細説明です。高品質でおすすめの商品です。,2023-04-03
8454,化粧水 96,美容・健康,Pure,4672,7,化粧水 96の詳細説明です。高品質でおすすめの商品です。,2023-10-06
8455,日焼け止め 96,美容・健康,Wellness,8251,438,日焼け止め 96の詳細説明です。高品質でおすすめの商品です。,2023-10-22
8456,マスク 96,美容・健康,Wellness,31040,899,マスク 96の詳細説明です。高品質でおすすめの商品です。,2023-05-24
8457,サプリメント 96,美容・健康,Natural,22286,875,サプリメント 96の詳細説明です。高品質でおすすめの商品です。,2023-10-03
8458,歯ブラシ 96,美容・健康,Wellness,23671,738,歯ブラシ 96の詳細説明です。高品質でおすすめの商品です。,2023-12-17
8459,デンタルフロス 96,美容・健康,Beauty,36217,881,デンタルフロス 96の詳細説明です。高品質でおすすめの商品です。,2023-04-10
8460,ボディクリーム 96,美容・健康,Care,45576,925,ボディクリーム 96の詳細説明です。高品質でおすすめの商品です。,2023-06-29
8461,スキンケアセット 97,美容・健康,Natural,17294,239,スキンケアセット 97の詳細説明です。高品質でおすすめの商品です。,2023-03-23
8462,シャンプー 97,美容・健康,Natural,3882,777,シャンプー 97の詳細説明です。高品質でおすすめの商品です。,2023-05-21
8463,ボディソープ 97,美容・健康,Pure,5353,778,ボディソープ 97の詳細説明です。高品質でおすすめの商品です。,2023-08-05
8464,化粧水 97,美容・健康,Pure,35885,157,化粧水 97の詳細説明です。高品質でおすすめの商品です。,2023-04-12
8465,日焼け止め 97,美容・健康,Natural,12280,799,日焼け止め 97の詳細説明です。高品質でおすすめの商品です。,2023-08-02
8466,マスク 97,美容・健康,Natural,15740,16,マスク 97の詳細説明です。高品質でおすすめの商品です。,2023-11-27
8467,サプリメント 97,美容・健康,Pure,15336,706,サプリメント 97の詳細説明です。高品質でおすすめの商品です。,2023-08-09
8468,歯ブラシ 97,美容・健康,Natural,25130,225,歯ブラシ 97の詳細説明です。高品質でおすすめの商品です。,2023-11-19
8469,デンタルフロス 97,美容・健康,Care,4503,292,デンタルフロス 97の詳細説明です。高品質でおすすめの商品です。,2023-11-04
8470,ボディクリーム 97,美容・健康,Natural,17536,374,ボディクリーム 97の詳細説明です。高品質でおすすめの商品です。,2023-01-03
8471,スキンケアセット 98,美容・健康,Pure,4148,213,スキンケアセット 98の詳細説明です。高品質でおすすめの商品です。,2023-01-08
8472,シャンプー 98,美容・健康,Pure,45865,889,シャンプー 98の詳細説明です。高品質でおすすめの商品です。,2023-03-07
8473,ボディソープ 98,美容・健康,Care,20366,257,ボディソープ 98の詳細説明です。高品質でおすすめの商品です。,2023-01-23
8474,化粧水 98,美容・健康,Beauty,17068,432,化粧水 98の詳細説明です。高品質でおすすめの商品です。,2023-01-15
8475,日焼け止め 98,美容・健康,Beauty,20482,763,日焼け止め 98の詳細説明です。高品質でおすすめの商品です。,2023-07-04
8476,マスク 98,美容・健康,Wellness,43287,810,マスク 98の詳細説明です。高品質でおすすめの商品です。,2023-03-03
8477,サプリメント 98,美容・健康,Wellness,5989,693,サプリメント 98の詳細説明です。高品質でおすすめの商品です。,2023-07-07
8478,歯ブラシ 98,美容・健康,Care,23950,29,歯ブラシ 98の詳細説明です。高品質でおすすめの商品です。,2023-02-04
8479,デンタルフロス 98,美容・健康,Care,30530,702,デンタルフロス 98の詳細説明です。高品質でおすすめの商品です。,2023-06-26
8480,ボディクリーム 98,美容・健康,Wellness,40168,764,ボディクリーム 98の詳細説明です。高品質でおすすめの商品です。,2023-09-17
8481,スキンケアセット 99,美容・健康,Beauty,33804,854,スキンケアセット 99の詳細説明です。高品質でおすすめの商品です。,2023-02-01
8482,シャンプー 99,美容・健康,Pure,40467,905,シャンプー 99の詳細説明です。高品質でおすすめの商品です。,2023-05-17
8483,ボディソープ 99,美容・健康,Pure,21999,125,ボディソープ 99の詳細説明です。高品質でおすすめの商品です。,2023-03-08
8484,化粧水 99,美容・健康,Wellness,37618,779,化粧水 99の詳細説明です。高品質でおすすめの商品です。,2023-12-09
8485,日焼け止め 99,美容・健康,Care,40976,193,日焼け止め 99の詳細説明です。高品質でおすすめの商品です。,2023-04-06
8486,マスク 99,美容・健康,Care,13734,341,マスク 99の詳細説明です。高品質でおすすめの商品です。,2023-11-02
8487,サプリメント 99,美容・健康,Natural,21459,801,サプリメント 99の詳細説明です。高品質でおすすめの商品です。,2023-02-16
8488,歯ブラシ 99,美容・健康,Wellness,33464,831,歯ブラシ 99の詳細説明です。高品質でおすすめの商品です。,2023-10-27
8489,デンタルフロス 99,美容・健康,Natural,28214,838,デンタルフロス 99の詳細説明です。高品質でおすすめの商品です。,2023-04-10
8490,ボディクリーム 99,美容・健康,Natural,34678,469,ボディクリーム 99の詳細説明です。高品質でおすすめの商品です。,2023-11-17
8491,スキンケアセット 100,美容・健康,Wellness,45769,236,スキンケアセット 100の詳細説明です。高品質でおすすめの商品です。,2023-11-13
8492,シャンプー 100,美容・健康,Pure,41449,756,シャンプー 100の詳細説明です。高品質でおすすめの商品です。,2023-01-28
8493,ボディソープ 100,美容・健康,Natural,39962,94,ボディソープ 100の詳細説明です。高品質でおすすめの商品です。,2023-12-08
8494,化粧水 100,美容・健康,Wellness,27828,25,化粧水 100の詳細説明です。高品質でおすすめの商品です。,2023-03-09
8495,日焼け止め 100,美容・健康,Wellness,2264,813,日焼け止め 100の詳細説明です。高品質でおすすめの商品です。,2023-12-25
8496,マスク 100,美容・健康,Beauty,19259,688,マスク 100の詳細説明です。高品質でおすすめの商品です。,2023-04-28
8497,サプリメント 100,美容・健康,Pure,1697,972,サプリメント 100の詳細説明です。高品質でおすすめの商品です。,2023-05-24
8498,歯ブラシ 100,美容・健康,Wellness,39459,236,歯ブラシ 100の詳細説明です。高品質でおすすめの商品です。,2023-04-28
8499,デンタルフロス 100,美容・健康,Beauty,5631,651,デンタルフロス 100の詳細説明です。高品質でおすすめの商品です。,2023-01-12
8500,ボディクリーム 100,美容・健康,Beauty,28789,32,ボディクリーム 100の詳細説明です。高品質でおすすめの商品です。,2023-09-08
8501,スキンケアセット 101,美容・健康,Pure,22457,10,スキンケアセット 101の詳細説明です。高品質でおすすめの商品です。,2023-07-27
8502,シャンプー 101,美容・健康,Pure,4508,893,シャンプー 101の詳細説明です。高品質でおすすめの商品です。,2023-12-24
8503,ボディソープ 101,美容・健康,Natural,21539,992,ボディソープ 101の詳細説明です。高品質でおすすめの商品です。,2023-08-10
8504,化粧水 101,美容・健康,Pure,19012,595,化粧水 101の詳細説明です。高品質でおすすめの商品です。,2023-01-14
8505,日焼け止め 101,美容・健康,Care,44212,847,日焼け止め 101の詳細説明です。高品質でおすすめの商品です。,2023-07-08
8506,マスク 101,美容・健康,Care,20390,178,マスク 101の詳細説明です。高品質でおすすめの商品です。,2023-07-07
8507,サプリメント 101,美容・健康,Care,41693,653,サプリメント 101の詳細説明です。高品質でおすすめの商品です。,2023-12-22
8508,歯ブラシ 101,美容・健康,Wellness,2093,761,歯ブラシ 101の詳細説明です。高品質でおすすめの商品です。,2023-04-27
8509,デンタルフロス 101,美容・健康,Beauty,36938,716,デンタルフロス 101の詳細説明です。高品質でおすすめの商品です。,2023-01-27
8510,ボディクリーム 101,美容・健康,Beauty,36203,471,ボディクリーム 101の詳細説明です。高品質でおすすめの商品です。,2023-04-11
8511,スキンケアセット 102,美容・健康,Care,22760,55,スキンケアセット 102の詳細説明です。高品質でおすすめの商品です。,2023-09-26
8512,シャンプー 102,美容・健康,Beauty,32217,902,シャンプー 102の詳細説明です。高品質でおすすめの商品です。,2023-02-28
8513,ボディソープ 102,美容・健康,Natural,16688,685,ボディソープ 102の詳細説明です。高品質でおすすめの商品です。,2023-11-06
8514,化粧水 102,美容・健康,Care,14193,476,化粧水 102の詳細説明です。高品質でおすすめの商品です。,2023-02-18
8515,日焼け止め 102,美容・健康,Natural,44879,750,日焼け止め 102の詳細説明です。高品質でおすすめの商品です。,2023-11-21
8516,マスク 102,美容・健康,Natural,22053,592,マスク 102の詳細説明です。高品質でおすすめの商品です。,2023-07-31
8517,サプリメント 102,美容・健康,Wellness,41877,699,サプリメント 102の詳細説明です。高品質でおすすめの商品です。,2023-03-26
8518,歯ブラシ 102,美容・健康,Beauty,42002,444,歯ブラシ 102の詳細説明です。高品質でおすすめの商品です。,2023-07-10
8519,デンタルフロス 102,美容・健康,Pure,44773,415,デンタルフロス 102の詳細説明です。高品質でおすすめの商品です。,2023-01-04
8520,ボディクリーム 102,美容・健康,Beauty,48439,816,ボディクリーム 102の詳細説明です。高品質でおすすめの商品です。,2023-09-29
8521,スキンケアセット 103,美容・健康,Pure,1957,685,スキンケアセット 103の詳細説明です。高品質でおすすめの商品です。,2023-05-03
8522,シャンプー 103,美容・健康,Beauty,6677,232,シャンプー 103の詳細説明です。高品質でおすすめの商品です。,2023-03-03
8523,ボディソープ 103,美容・健康,Beauty,22770,293,ボディソープ 103の詳細説明です。高品質でおすすめの商品です。,2023-10-09
8524,化粧水 103,美容・健康,Wellness,34995,884,化粧水 103の詳細説明です。高品質でおすすめの商品です。,2023-04-08
8525,日焼け止め 103,美容・健康,Natural,48426,850,日焼け止め 103の詳細説明です。高品質でおすすめの商品です。,2023-11-08
8526,マスク 103,美容・健康,Natural,1047,966,マスク 103の詳細説明です。高品質でおすすめの商品です。,2023-03-24
8527,サプリメント 103,美容・健康,Natural,8244,259,サプリメント 103の詳細説明です。高品質でおすすめの商品です。,2023-12-31
8528,歯ブラシ 103,美容・健康,Wellness,24711,883,歯ブラシ 103の詳細説明です。高品質でおすすめの商品です。,2023-09-24
8529,デンタルフロス 103,美容・健康,Care,8178,209,デンタルフロス 103の詳細説明です。高品質でおすすめの商品です。,2023-01-18
8530,ボディクリーム 103,美容・健康,Care,48396,867,ボディクリーム 103の詳細説明です。高品質でおすすめの商品です。,2023-03-29
8531,スキンケアセット 104,美容・健康,Pure,21803,923,スキンケアセット 104の詳細説明です。高品質でおすすめの商品です。,2023-08-28
8532,シャンプー 104,美容・健康,Natural,4388,505,シャンプー 104の詳細説明です。高品質でおすすめの商品です。,2023-08-03
8533,ボディソープ 104,美容・健康,Wellness,29651,325,ボディソープ 104の詳細説明です。高品質でおすすめの商品です。,2023-11-21
8534,化粧水 104,美容・健康,Natural,15573,790,化粧水 104の詳細説明です。高品質でおすすめの商品です。,2023-11-26
8535,日焼け止め 104,美容・健康,Wellness,2130,248,日焼け止め 104の詳細説明です。高品質でおすすめの商品です。,2023-08-21
8536,マスク 104,美容・健康,Care,36002,320,マスク 104の詳細説明です。高品質でおすすめの商品です。,2023-05-22
8537,サプリメント 104,美容・健康,Care,14940,256,サプリメント 104の詳細説明です。高品質でおすすめの商品です。,2023-03-05
8538,歯ブラシ 104,美容・健康,Beauty,41922,506,歯ブラシ 104の詳細説明です。高品質でおすすめの商品です。,2023-04-23
8539,デンタルフロス 104,美容・健康,Care,34087,15,デンタルフロス 104の詳細説明です。高品質でおすすめの商品です。,2023-08-05
8540,ボディクリーム 104,美容・健康,Beauty,4807,136,ボディクリーム 104の詳細説明です。高品質でおすすめの商品です。,2023-06-29
8541,スキンケアセット 105,美容・健康,Beauty,38771,276,スキンケアセット 105の詳細説明です。高品質でおすすめの商品です。,2023-07-13
8542,シャンプー 105,美容・健康,Care,40849,105,シャンプー 105の詳細説明です。高品質でおすすめの商品です。,2023-03-29
8543,ボディソープ 105,美容・健康,Beauty,16759,83,ボディソープ 105の詳細説明です。高品質でおすすめの商品です。,2023-01-25
8544,化粧水 105,美容・健康,Care,44664,52,化粧水 105の詳細説明です。高品質でおすすめの商品です。,2023-09-12
8545,日焼け止め 105,美容・健康,Beauty,7745,371,日焼け止め 105の詳細説明です。高品質でおすすめの商品です。,2023-10-20
8546,マスク 105,美容・健康,Beauty,26389,685,マスク 105の詳細説明です。高品質でおすすめの商品です。,2023-08-14
8547,サプリメント 105,美容・健康,Beauty,2622,307,サプリメント 105の詳細説明です。高品質でおすすめの商品です。,2023-11-22
8548,歯ブラシ 105,美容・健康,Care,32639,687,歯ブラシ 105の詳細説明です。高品質でおすすめの商品です。,2023-03-10
8549,デンタルフロス 105,美容・健康,Wellness,5804,19,デンタルフロス 105の詳細説明です。高品質でおすすめの商品です。,2023-07-26
8550,ボディクリーム 105,美容・健康,Beauty,12040,658,ボディクリーム 105の詳細説明です。高品質でおすすめの商品です。,2023-04-16
8551,スキンケアセット 106,美容・健康,Natural,23536,814,スキンケアセット 106の詳細説明です。高品質でおすすめの商品です。,2023-04-03
8552,シャンプー 106,美容・健康,Beauty,31502,93,シャンプー 106の詳細説明です。高品質でおすすめの商品です。,2023-05-07
8553,ボディソープ 106,美容・健康,Beauty,45522,379,ボディソープ 106の詳細説明です。高品質でおすすめの商品です。,2023-08-28
8554,化粧水 106,美容・健康,Natural,36817,201,化粧水 106の詳細説明です。高品質でおすすめの商品です。,2023-10-29
8555,日焼け止め 106,美容・健康,Care,35191,994,日焼け止め 106の詳細説明です。高品質でおすすめの商品です。,2023-12-06
8556,マスク 106,美容・健康,Natural,34670,24,マスク 106の詳細説明です。高品質でおすすめの商品です。,2023-07-01
8557,サプリメント 106,美容・健康,Wellness,45837,338,サプリメント 106の詳細説明です。高品質でおすすめの商品です。,2023-09-11
8558,歯ブラシ 106,美容・健康,Beauty,15219,335,歯ブラシ 106の詳細説明です。高品質でおすすめの商品です。,2023-02-13
8559,デンタルフロス 106,美容・健康,Care,26077,580,デンタルフロス 106の詳細説明です。高品質でおすすめの商品です。,2023-03-15
8560,ボディクリーム 106,美容・健康,Natural,30221,394,ボディクリーム 106の詳細説明です。高品質でおすすめの商品です。,2023-09-30
8561,スキンケアセット 107,美容・健康,Wellness,39769,600,スキンケアセット 107の詳細説明です。高品質でおすすめの商品です。,2023-09-27
8562,シャンプー 107,美容・健康,Natural,2964,233,シャンプー 107の詳細説明です。高品質でおすすめの商品です。,2023-10-27
8563,ボディソープ 107,美容・健康,Natural,6002,945,ボディソープ 107の詳細説明です。高品質でおすすめの商品です。,2023-01-16
8564,化粧水 107,美容・健康,Natural,32766,541,化粧水 107の詳細説明です。高品質でおすすめの商品です。,2023-06-20
8565,日焼け止め 107,美容・健康,Natural,13148,524,日焼け止め 107の詳細説明です。高品質でおすすめの商品です。,2023-08-27
8566,マスク 107,美容・健康,Care,29953,471,マスク 107の詳細説明です。高品質でおすすめの商品です。,2023-12-03
8567,サプリメント 107,美容・健康,Beauty,33005,792,サプリメント 107の詳細説明です。高品質でおすすめの商品です。,2023-02-15
8568,歯ブラシ 107,美容・健康,Wellness,13290,520,歯ブラシ 107の詳細説明です。高品質でおすすめの商品です。,2023-10-26
8569,デンタルフロス 107,美容・健康,Beauty,42698,690,デンタルフロス 107の詳細説明です。高品質でおすすめの商品です。,2023-03-04
8570,ボディクリーム 107,美容・健康,Wellness,29633,50,ボディクリーム 107の詳細説明です。高品質でおすすめの商品です。,2023-07-26
8571,スキンケアセット 108,美容・健康,Pure,45041,828,スキンケアセット 108の詳細説明です。高品質でおすすめの商品です。,2023-12-04
8572,シャンプー 108,美容・健康,Pure,24193,828,シャンプー 108の詳細説明です。高品質でおすすめの商品です。,2023-03-02
8573,ボディソープ 108,美容・健康,Natural,25322,353,ボディソープ 108の詳細説明です。高品質でおすすめの商品です。,2023-09-07
8574,化粧水 108,美容・健康,Natural,6134,918,化粧水 108の詳細説明です。高品質でおすすめの商品です。,2023-01-08
8575,日焼け止め 108,美容・健康,Beauty,48510,167,日焼け止め 108の詳細説明です。高品質でおすすめの商品です。,2023-11-22
8576,マスク 108,美容・健康,Pure,47944,456,マスク 108の詳細説明です。高品質でおすすめの商品です。,2023-10-28
8577,サプリメント 108,美容・健康,Wellness,29781,780,サプリメント 108の詳細説明です。高品質でおすすめの商品です。,2023-11-03
8578,歯ブラシ 108,美容・健康,Pure,42455,104,歯ブラシ 108の詳細説明です。高品質でおすすめの商品です。,2023-12-26
8579,デンタルフロス 108,美容・健康,Wellness,10043,571,デンタルフロス 108の詳細説明です。高品質でおすすめの商品です。,2023-06-28
8580,ボディクリーム 108,美容・健康,Beauty,8479,761,ボディクリーム 108の詳細説明です。高品質でおすすめの商品です。,2023-01-17
8581,スキンケアセット 109,美容・健康,Care,32814,776,スキンケアセット 109の詳細説明です。高品質でおすすめの商品です。,2023-10-17
8582,シャンプー 109,美容・健康,Pure,48840,473,シャンプー 109の詳細説明です。高品質でおすすめの商品です。,2023-10-26
8583,ボディソープ 109,美容・健康,Natural,47998,783,ボディソープ 109の詳細説明です。高品質でおすすめの商品です。,2023-12-05
8584,化粧水 109,美容・健康,Care,31154,671,化粧水 109の詳細説明です。高品質でおすすめの商品です。,2023-01-13
8585,日焼け止め 109,美容・健康,Pure,44918,324,日焼け止め 109の詳細説明です。高品質でおすすめの商品です。,2023-12-31
8586,マスク 109,美容・健康,Wellness,42720,813,マスク 109の詳細説明です。高品質でおすすめの商品です。,2023-12-24
8587,サプリメント 109,美容・健康,Care,40879,449,サプリメント 109の詳細説明です。高品質でおすすめの商品です。,2023-10-25
8588,歯ブラシ 109,美容・健康,Care,6984,843,歯ブラシ 109の詳細説明です。高品質でおすすめの商品です。,2023-02-11
8589,デンタルフロス 109,美容・健康,Pure,6537,246,デンタルフロス 109の詳細説明です。高品質でおすすめの商品です。,2023-11-09
8590,ボディクリーム 109,美容・健康,Beauty,9067,589,ボディクリーム 109の詳細説明です。高品質でおすすめの商品です。,2023-03-09
8591,スキンケアセット 110,美容・健康,Care,23358,538,スキンケアセット 110の詳細説明です。高品質でおすすめの商品です。,2023-09-14
8592,シャンプー 110,美容・健康,Natural,26412,827,シャンプー 110の詳細説明です。高品質でおすすめの商品です。,2023-10-15
8593,ボディソープ 110,美容・健康,Wellness,45877,763,ボディソープ 110の詳細説明です。高品質でおすすめの商品です。,2023-07-18
8594,化粧水 110,美容・健康,Wellness,30083,547,化粧水 110の詳細説明です。高品質でおすすめの商品です。,2023-02-08
8595,日焼け止め 110,美容・健康,Pure,20397,742,日焼け止め 110の詳細説明です。高品質でおすすめの商品です。,2023-07-22
8596,マスク 110,美容・健康,Beauty,2034,28,マスク 110の詳細説明です。高品質でおすすめの商品です。,2023-04-26
8597,サプリメント 110,美容・健康,Care,12203,116,サプリメント 110の詳細説明です。高品質でおすすめの商品です。,2023-02-22
8598,歯ブラシ 110,美容・健康,Wellness,48093,615,歯ブラシ 110の詳細説明です。高品質でおすすめの商品です。,2023-09-03
8599,デンタルフロス 110,美容・健康,Natural,44311,845,デンタルフロス 110の詳細説明です。高品質でおすすめの商品です。,2023-08-24
8600,ボディクリーム 110,美容・健康,Natural,42303,857,ボディクリーム 110の詳細説明です。高品質でおすすめの商品です。,2023-12-21
8601,スキンケアセット 111,美容・健康,Wellness,17469,660,スキンケアセット 111の詳細説明です。高品質でおすすめの商品です。,2023-10-04
8602,シャンプー 111,美容・健康,Care,38540,614,シャンプー 111の詳細説明です。高品質でおすすめの商品です。,2023-02-20
8603,ボディソープ 111,美容・健康,Wellness,47947,596,ボディソープ 111の詳細説明です。高品質でおすすめの商品です。,2023-07-26
8604,化粧水 111,美容・健康,Pure,30854,273,化粧水 111の詳細説明です。高品質でおすすめの商品です。,2023-07-26
8605,日焼け止め 111,美容・健康,Beauty,12630,226,日焼け止め 111の詳細説明です。高品質でおすすめの商品です。,2023-08-04
8606,マスク 111,美容・健康,Beauty,13616,259,マスク 111の詳細説明です。高品質でおすすめの商品です。,2023-07-23
8607,サプリメント 111,美容・健康,Wellness,2318,213,サプリメント 111の詳細説明です。高品質でおすすめの商品です。,2023-08-25
8608,歯ブラシ 111,美容・健康,Natural,26454,193,歯ブラシ 111の詳細説明です。高品質でおすすめの商品です。,2023-12-22
8609,デンタルフロス 111,美容・健康,Wellness,40346,689,デンタルフロス 111の詳細説明です。高品質でおすすめの商品です。,2023-08-18
8610,ボディクリーム 111,美容・健康,Beauty,22571,71,ボディクリーム 111の詳細説明です。高品質でおすすめの商品です。,2023-06-22
8611,スキンケアセット 112,美容・健康,Natural,27876,588,スキンケアセット 112の詳細説明です。高品質でおすすめの商品です。,2023-11-01
8612,シャンプー 112,美容・健康,Beauty,30190,916,シャンプー 112の詳細説明です。高品質でおすすめの商品です。,2023-10-12
8613,ボディソープ 112,美容・健康,Care,17036,788,ボディソープ 112の詳細説明です。高品質でおすすめの商品です。,2023-05-15
8614,化粧水 112,美容・健康,Beauty,42931,444,化粧水 112の詳細説明です。高品質でおすすめの商品です。,2023-01-03
8615,日焼け止め 112,美容・健康,Pure,43569,981,日焼け止め 112の詳細説明です。高品質でおすすめの商品です。,2023-02-18
8616,マスク 112,美容・健康,Wellness,6658,611,マスク 112の詳細説明です。高品質でおすすめの商品です。,2023-10-17
8617,サプリメント 112,美容・健康,Natural,14415,929,サプリメント 112の詳細説明です。高品質でおすすめの商品です。,2023-06-07
8618,歯ブラシ 112,美容・健康,Beauty,19179,867,歯ブラシ 112の詳細説明です。高品質でおすすめの商品です。,2023-11-25
8619,デンタルフロス 112,美容・健康,Pure,40948,15,デンタルフロス 112の詳細説明です。高品質でおすすめの商品です。,2023-12-15
8620,ボディクリーム 112,美容・健康,Pure,45533,800,ボディクリーム 112の詳細説明です。高品質でおすすめの商品です。,2023-07-10
8621,スキンケアセット 113,美容・健康,Pure,17203,459,スキンケアセット 113の詳細説明です。高品質でおすすめの商品です。,2023-03-17
8622,シャンプー 113,美容・健康,Wellness,4047,873,シャンプー 113の詳細説明です。高品質でおすすめの商品です。,2023-03-19
8623,ボディソープ 113,美容・健康,Pure,31202,678,ボディソープ 113の詳細説明です。高品質でおすすめの商品です。,2023-01-18
8624,化粧水 113,美容・健康,Wellness,18065,157,化粧水 113の詳細説明です。高品質でおすすめの商品です。,2023-01-02
8625,日焼け止め 113,美容・健康,Natural,1690,82,日焼け止め 113の詳細説明です。高品質でおすすめの商品です。,2023-08-17
8626,マスク 113,美容・健康,Beauty,4250,107,マスク 113の詳細説明です。高品質でおすすめの商品です。,2023-07-20
8627,サプリメント 113,美容・健康,Care,13981,188,サプリメント 113の詳細説明です。高品質でおすすめの商品です。,2023-09-10
8628,歯ブラシ 113,美容・健康,Natural,11874,482,歯ブラシ 113の詳細説明です。高品質でおすすめの商品です。,2023-10-19
8629,デンタルフロス 113,美容・健康,Pure,31713,177,デンタルフロス 113の詳細説明です。高品質でおすすめの商品です。,2023-06-17
8630,ボディクリーム 113,美容・健康,Care,29085,604,ボディクリーム 113の詳細説明です。高品質でおすすめの商品です。,2023-05-31
8631,スキンケアセット 114,美容・健康,Beauty,48738,776,スキンケアセット 114の詳細説明です。高品質でおすすめの商品です。,2023-06-04
8632,シャンプー 114,美容・健康,Natural,27207,635,シャンプー 114の詳細説明です。高品質でおすすめの商品です。,2023-11-20
8633,ボディソープ 114,美容・健康,Pure,34266,995,ボディソープ 114の詳細説明です。高品質でおすすめの商品です。,2023-02-09
8634,化粧水 114,美容・健康,Wellness,46352,404,化粧水 114の詳細説明です。高品質でおすすめの商品です。,2023-11-17
8635,日焼け止め 114,美容・健康,Pure,24005,116,日焼け止め 114の詳細説明です。高品質でおすすめの商品です。,2023-02-10
8636,マスク 114,美容・健康,Pure,37425,506,マスク 114の詳細説明です。高品質でおすすめの商品です。,2023-11-16
8637,サプリメント 114,美容・健康,Care,38934,607,サプリメント 114の詳細説明です。高品質でおすすめの商品です。,2023-05-23
8638,歯ブラシ 114,美容・健康,Pure,42296,527,歯ブラシ 114の詳細説明です。高品質でおすすめの商品です。,2023-03-09
8639,デンタルフロス 114,美容・健康,Wellness,6428,442,デンタルフロス 114の詳細説明です。高品質でおすすめの商品です。,2023-09-20
8640,ボディクリーム 114,美容・健康,Pure,31227,995,ボディクリーム 114の詳細説明です。高品質でおすすめの商品です。,2023-01-10
8641,スキンケアセット 115,美容・健康,Care,25451,226,スキンケアセット 115の詳細説明です。高品質でおすすめの商品です。,2023-07-16
8642,シャンプー 115,美容・健康,Pure,21730,645,シャンプー 115の詳細説明です。高品質でおすすめの商品です。,2023-10-13
8643,ボディソープ 115,美容・健康,Pure,40326,672,ボディソープ 115の詳細説明です。高品質でおすすめの商品です。,2023-11-27
8644,化粧水 115,美容・健康,Care,48711,354,化粧水 115の詳細説明です。高品質でおすすめの商品です。,2024-01-01
8645,日焼け止め 115,美容・健康,Beauty,6054,665,日焼け止め 115の詳細説明です。高品質でおすすめの商品です。,2023-06-22
8646,マスク 115,美容・健康,Beauty,29824,422,マスク 115の詳細説明です。高品質でおすすめの商品です。,2023-02-13
8647,サプリメント 115,美容・健康,Pure,10711,738,サプリメント 115の詳細説明です。高品質でおすすめの商品です。,2023-04-03
8648,歯ブラシ 115,美容・健康,Pure,24626,558,歯ブラシ 115の詳細説明です。高品質でおすすめの商品です。,2023-05-30
8649,デンタルフロス 115,美容・健康,Wellness,38099,38,デンタルフロス 115の詳細説明です。高品質でおすすめの商品です。,2023-04-02
8650,ボディクリーム 115,美容・健康,Natural,16626,892,ボディクリーム 115の詳細説明です。高品質でおすすめの商品です。,2023-12-08
8651,スキンケアセット 116,美容・健康,Natural,26939,909,スキンケアセット 116の詳細説明です。高品質でおすすめの商品です。,2023-07-02
8652,シャンプー 116,美容・健康,Wellness,38637,657,シャンプー 116の詳細説明です。高品質でおすすめの商品です。,2023-06-07
8653,ボディソープ 116,美容・健康,Care,27565,203,ボディソープ 116の詳細説明です。高品質でおすすめの商品です。,2023-03-02
8654,化粧水 116,美容・健康,Pure,29482,849,化粧水 116の詳細説明です。高品質でおすすめの商品です。,2023-01-26
8655,日焼け止め 116,美容・健康,Pure,36663,81,日焼け止め 116の詳細説明です。高品質でおすすめの商品です。,2023-05-05
8656,マスク 116,美容・健康,Pure,44257,101,マスク 116の詳細説明です。高品質でおすすめの商品です。,2023-08-26
8657,サプリメント 116,美容・健康,Natural,39959,796,サプリメント 116の詳細説明です。高品質でおすすめの商品です。,2023-02-22
8658,歯ブラシ 116,美容・健康,Wellness,11304,910,歯ブラシ 116の詳細説明です。高品質でおすすめの商品です。,2023-03-22
8659,デンタルフロス 116,美容・健康,Natural,17785,950,デンタルフロス 116の詳細説明です。高品質でおすすめの商品です。,2023-01-03
8660,ボディクリーム 116,美容・健康,Pure,16659,71,ボディクリーム 116の詳細説明です。高品質でおすすめの商品です。,2023-11-30
8661,スキンケアセット 117,美容・健康,Wellness,19202,322,スキンケアセット 117の詳細説明です。高品質でおすすめの商品です。,2023-01-19
8662,シャンプー 117,美容・健康,Pure,16860,393,シャンプー 117の詳細説明です。高品質でおすすめの商品です。,2023-06-18
8663,ボディソープ 117,美容・健康,Beauty,16983,972,ボディソープ 117の詳細説明です。高品質でおすすめの商品です。,2023-06-18
8664,化粧水 117,美容・健康,Natural,38172,402,化粧水 117の詳細説明です。高品質でおすすめの商品です。,2023-09-20
8665,日焼け止め 117,美容・健康,Beauty,28455,892,日焼け止め 117の詳細説明です。高品質でおすすめの商品です。,2023-01-30
8666,マスク 117,美容・健康,Beauty,49918,138,マスク 117の詳細説明です。高品質でおすすめの商品です。,2023-09-06
8667,サプリメント 117,美容・健康,Beauty,46019,340,サプリメント 117の詳細説明です。高品質でおすすめの商品です。,2023-05-18
8668,歯ブラシ 117,美容・健康,Pure,6883,969,歯ブラシ 117の詳細説明です。高品質でおすすめの商品です。,2023-12-24
8669,デンタルフロス 117,美容・健康,Beauty,40179,218,デンタルフロス 117の詳細説明です。高品質でおすすめの商品です。,2023-12-31
8670,ボディクリーム 117,美容・健康,Pure,31926,385,ボディクリーム 117の詳細説明です。高品質でおすすめの商品です。,2023-05-04
8671,スキンケアセット 118,美容・健康,Care,44696,99,スキンケアセット 118の詳細説明です。高品質でおすすめの商品です。,2023-04-01
8672,シャンプー 118,美容・健康,Natural,32690,872,シャンプー 118の詳細説明です。高品質でおすすめの商品です。,2023-08-30
8673,ボディソープ 118,美容・健康,Care,38586,674,ボディソープ 118の詳細説明です。高品質でおすすめの商品です。,2023-01-14
8674,化粧水 118,美容・健康,Pure,14559,658,化粧水 118の詳細説明です。高品質でおすすめの商品です。,2023-11-08
8675,日焼け止め 118,美容・健康,Care,5464,697,日焼け止め 118の詳細説明です。高品質でおすすめの商品です。,2023-01-18
8676,マスク 118,美容・健康,Care,4196,993,マスク 118の詳細説明です。高品質でおすすめの商品です。,2023-08-02
8677,サプリメント 118,美容・健康,Beauty,23425,358,サプリメント 118の詳細説明です。高品質でおすすめの商品です。,2023-02-21
8678,歯ブラシ 118,美容・健康,Beauty,32435,994,歯ブラシ 118の詳細説明です。高品質でおすすめの商品です。,2023-10-21
8679,デンタルフロス 118,美容・健康,Wellness,47018,701,デンタルフロス 118の詳細説明です。高品質でおすすめの商品です。,2023-11-05
8680,ボディクリーム 118,美容・健康,Pure,32328,913,ボディクリーム 118の詳細説明です。高品質でおすすめの商品です。,2023-09-24
8681,スキンケアセット 119,美容・健康,Pure,24062,276,スキンケアセット 119の詳細説明です。高品質でおすすめの商品です。,2023-06-13
8682,シャンプー 119,美容・健康,Care,43893,524,シャンプー 119の詳細説明です。高品質でおすすめの商品です。,2023-03-16
8683,ボディソープ 119,美容・健康,Pure,4552,103,ボディソープ 119の詳細説明です。高品質でおすすめの商品です。,2023-08-20
8684,化粧水 119,美容・健康,Pure,47685,926,化粧水 119の詳細説明です。高品質でおすすめの商品です。,2024-01-01
8685,日焼け止め 119,美容・健康,Natural,15292,400,日焼け止め 119の詳細説明です。高品質でおすすめの商品です。,2023-02-25
8686,マスク 119,美容・健康,Natural,7998,979,マスク 119の詳細説明です。高品質でおすすめの商品です。,2023-07-25
8687,サプリメント 119,美容・健康,Pure,43233,279,サプリメント 119の詳細説明です。高品質でおすすめの商品です。,2023-06-25
8688,歯ブラシ 119,美容・健康,Beauty,47471,279,歯ブラシ 119の詳細説明です。高品質でおすすめの商品です。,2023-02-28
8689,デンタルフロス 119,美容・健康,Wellness,23476,67,デンタルフロス 119の詳細説明です。高品質でおすすめの商品です。,2023-10-07
8690,ボディクリーム 119,美容・健康,Wellness,3059,8,ボディクリーム 119の詳細説明です。高品質でおすすめの商品です。,2023-11-29
8691,スキンケアセット 120,美容・健康,Pure,49365,358,スキンケアセット 120の詳細説明です。高品質でおすすめの商品です。,2023-04-06
8692,シャンプー 120,美容・健康,Care,11414,622,シャンプー 120の詳細説明です。高品質でおすすめの商品です。,2023-05-06
8693,ボディソープ 120,美容・健康,Natural,14313,328,ボディソープ 120の詳細説明です。高品質でおすすめの商品です。,2023-12-29
8694,化粧水 120,美容・健康,Pure,45498,334,化粧水 120の詳細説明です。高品質でおすすめの商品です。,2023-07-28
8695,日焼け止め 120,美容・健康,Natural,1024,451,日焼け止め 120の詳細説明です。高品質でおすすめの商品です。,2023-03-19
8696,マスク 120,美容・健康,Beauty,18517,995,マスク 120の詳細説明です。高品質でおすすめの商品です。,2023-01-23
8697,サプリメント 120,美容・健康,Care,39733,677,サプリメント 120の詳細説明です。高品質でおすすめの商品です。,2023-10-07
8698,歯ブラシ 120,美容・健康,Beauty,22452,112,歯ブラシ 120の詳細説明です。高品質でおすすめの商品です。,2023-07-14
8699,デンタルフロス 120,美容・健康,Wellness,21723,842,デンタルフロス 120の詳細説明です。高品質でおすすめの商品です。,2023-03-20
8700,ボディクリーム 120,美容・健康,Wellness,2046,917,ボディクリーム 120の詳細説明です。高品質でおすすめの商品です。,2023-12-13
8701,スキンケアセット 121,美容・健康,Care,41954,321,スキンケアセット 121の詳細説明です。高品質でおすすめの商品です。,2023-12-26
8702,シャンプー 121,美容・健康,Beauty,21821,626,シャンプー 121の詳細説明です。高品質でおすすめの商品です。,2023-07-18
8703,ボディソープ 121,美容・健康,Natural,37067,822,ボディソープ 121の詳細説明です。高品質でおすすめの商品です。,2023-02-06
8704,化粧水 121,美容・健康,Wellness,46759,330,化粧水 121の詳細説明です。高品質でおすすめの商品です。,2023-11-18
8705,日焼け止め 121,美容・健康,Beauty,25411,501,日焼け止め 121の詳細説明です。高品質でおすすめの商品です。,2023-05-05
8706,マスク 121,美容・健康,Care,42426,192,マスク 121の詳細説明です。高品質でおすすめの商品です。,2023-02-22
8707,サプリメント 121,美容・健康,Natural,903,122,サプリメント 121の詳細説明です。高品質でおすすめの商品です。,2023-01-21
8708,歯ブラシ 121,美容・健康,Natural,21531,53,歯ブラシ 121の詳細説明です。高品質でおすすめの商品です。,2023-09-15
8709,デンタルフロス 121,美容・健康,Beauty,49952,741,デンタルフロス 121の詳細説明です。高品質でおすすめの商品です。,2023-02-13
8710,ボディクリーム 121,美容・健康,Natural,10526,472,ボディクリーム 121の詳細説明です。高品質でおすすめの商品です。,2023-12-29
8711,スキンケアセット 122,美容・健康,Wellness,11805,159,スキンケアセット 122の詳細説明です。高品質でおすすめの商品です。,2023-06-30
8712,シャンプー 122,美容・健康,Beauty,43491,280,シャンプー 122の詳細説明です。高品質でおすすめの商品です。,2023-05-13
8713,ボディソープ 122,美容・健康,Beauty,35585,789,ボディソープ 122の詳細説明です。高品質でおすすめの商品です。,2023-07-23
8714,化粧水 122,美容・健康,Beauty,40455,872,化粧水 122の詳細説明です。高品質でおすすめの商品です。,2023-05-23
8715,日焼け止め 122,美容・健康,Natural,3829,996,日焼け止め 122の詳細説明です。高品質でおすすめの商品です。,2023-04-03
8716,マスク 122,美容・健康,Natural,22819,909,マスク 122の詳細説明です。高品質でおすすめの商品です。,2023-05-13
8717,サプリメント 122,美容・健康,Care,34484,907,サプリメント 122の詳細説明です。高品質でおすすめの商品です。,2023-05-23
8718,歯ブラシ 122,美容・健康,Pure,43422,395,歯ブラシ 122の詳細説明です。高品質でおすすめの商品です。,2023-07-23
8719,デンタルフロス 122,美容・健康,Wellness,29326,300,デンタルフロス 122の詳細説明です。高品質でおすすめの商品です。,2023-05-30
8720,ボディクリーム 122,美容・健康,Care,10779,425,ボディクリーム 122の詳細説明です。高品質でおすすめの商品です。,2023-01-19
8721,スキンケアセット 123,美容・健康,Wellness,21515,204,スキンケアセット 123の詳細説明です。高品質でおすすめの商品です。,2023-04-13
8722,シャンプー 123,美容・健康,Beauty,16384,118,シャンプー 123の詳細説明です。高品質でおすすめの商品です。,2023-02-18
8723,ボディソープ 123,美容・健康,Care,47377,756,ボディソープ 123の詳細説明です。高品質でおすすめの商品です。,2023-03-15
8724,化粧水 123,美容・健康,Beauty,11971,420,化粧水 123の詳細説明です。高品質でおすすめの商品です。,2023-06-28
8725,日焼け止め 123,美容・健康,Natural,20746,904,日焼け止め 123の詳細説明です。高品質でおすすめの商品です。,2023-01-17
8726,マスク 123,美容・健康,Wellness,24808,832,マスク 123の詳細説明です。高品質でおすすめの商品です。,2023-05-26
8727,サプリメント 123,美容・健康,Natural,15253,895,サプリメント 123の詳細説明です。高品質でおすすめの商品です。,2023-07-14
8728,歯ブラシ 123,美容・健康,Natural,34567,840,歯ブラシ 123の詳細説明です。高品質でおすすめの商品です。,2023-01-06
8729,デンタルフロス 123,美容・健康,Beauty,14163,589,デンタルフロス 123の詳細説明です。高品質でおすすめの商品です。,2023-11-22
8730,ボディクリーム 123,美容・健康,Pure,6161,796,ボディクリーム 123の詳細説明です。高品質でおすすめの商品です。,2023-05-17
8731,スキンケアセット 124,美容・健康,Pure,33505,183,スキンケアセット 124の詳細説明です。高品質でおすすめの商品です。,2023-03-01
8732,シャンプー 124,美容・健康,Pure,36101,311,シャンプー 124の詳細説明です。高品質でおすすめの商品です。,2023-10-31
8733,ボディソープ 124,美容・健康,Beauty,35504,697,ボディソープ 124の詳細説明です。高品質でおすすめの商品です。,2023-09-24
8734,化粧水 124,美容・健康,Beauty,30144,266,化粧水 124の詳細説明です。高品質でおすすめの商品です。,2023-09-06
8735,日焼け止め 124,美容・健康,Pure,11861,864,日焼け止め 124の詳細説明です。高品質でおすすめの商品です。,2023-10-13
8736,マスク 124,美容・健康,Pure,17661,989,マスク 124の詳細説明です。高品質でおすすめの商品です。,2023-08-29
8737,サプリメント 124,美容・健康,Natural,27900,469,サプリメント 124の詳細説明です。高品質でおすすめの商品です。,2023-11-29
8738,歯ブラシ 124,美容・健康,Care,49079,806,歯ブラシ 124の詳細説明です。高品質でおすすめの商品です。,2023-07-08
8739,デンタルフロス 124,美容・健康,Pure,28011,380,デンタルフロス 124の詳細説明です。高品質でおすすめの商品です。,2023-01-31
8740,ボディクリーム 124,美容・健康,Beauty,36969,940,ボディクリーム 124の詳細説明です。高品質でおすすめの商品です。,2023-10-29
8741,スキンケアセット 125,美容・健康,Beauty,4431,690,スキンケアセット 125の詳細説明です。高品質でおすすめの商品です。,2023-02-18
8742,シャンプー 125,美容・健康,Natural,5872,386,シャンプー 125の詳細説明です。高品質でおすすめの商品です。,2023-12-28
8743,ボディソープ 125,美容・健康,Natural,44598,443,ボディソープ 125の詳細説明です。高品質でおすすめの商品です。,2023-01-12
8744,化粧水 125,美容・健康,Wellness,48750,145,化粧水 125の詳細説明です。高品質でおすすめの商品です。,2023-03-26
8745,日焼け止め 125,美容・健康,Wellness,32115,556,日焼け止め 125の詳細説明です。高品質でおすすめの商品です。,2023-01-19
8746,マスク 125,美容・健康,Wellness,14032,619,マスク 125の詳細説明です。高品質でおすすめの商品です。,2023-02-26
8747,サプリメント 125,美容・健康,Pure,3279,971,サプリメント 125の詳細説明です。高品質でおすすめの商品です。,2023-09-23
8748,歯ブラシ 125,美容・健康,Pure,32626,451,歯ブラシ 125の詳細説明です。高品質でおすすめの商品です。,2023-04-13
8749,デンタルフロス 125,美容・健康,Care,45364,396,デンタルフロス 125の詳細説明です。高品質でおすすめの商品です。,2023-01-03
8750,ボディクリーム 125,美容・健康,Pure,39229,509,ボディクリーム 125の詳細説明です。高品質でおすすめの商品です。,2023-06-27
8751,パズル,おもちゃ・ゲーム,GameZone,15808,155,パズルの詳細説明です。高品質でおすすめの商品です。,2023-07-16
8752,ボードゲーム,おもちゃ・ゲーム,Fun,12050,905,ボードゲームの詳細説明です。高品質でおすすめの商品です。,2023-04-13
8753,カードゲーム,おもちゃ・ゲーム,GameZone,13976,635,カードゲームの詳細説明です。高品質でおすすめの商品です。,2023-03-13
8754,プラモデル,おもちゃ・ゲーム,GameZone,10033,447,プラモデルの詳細説明です。高品質でおすすめの商品です。,2023-03-23
8755,ぬいぐるみ,おもちゃ・ゲーム,PlayTime,17127,167,ぬいぐるみの詳細説明です。高品質でおすすめの商品です。,2023-10-18
8756,レゴブロック,おもちゃ・ゲーム,ToyFun,34703,128,レゴブロックの詳細説明です。高品質でおすすめの商品です。,2023-01-06
8757,アクションフィギュア,おもちゃ・ゲーム,Kids,41457,92,アクションフィギュアの詳細説明です。高品質でおすすめの商品です。,2023-10-18
8758,パズルゲーム,おもちゃ・ゲーム,PlayTime,48597,845,パズルゲームの詳細説明です。高品質でおすすめの商品です。,2023-09-07
8759,知育玩具,おもちゃ・ゲーム,Kids,49842,697,知育玩具の詳細説明です。高品質でおすすめの商品です。,2023-08-06
8760,ゲームソフト,おもちゃ・ゲーム,PlayTime,25208,488,ゲームソフトの詳細説明です。高品質でおすすめの商品です。,2023-11-08
8761,パズル 2,おもちゃ・ゲーム,PlayTime,42997,575,パズル 2の詳細説明です。高品質でおすすめの商品です。,2023-12-16
8762,ボードゲーム 2,おもちゃ・ゲーム,ToyFun,7111,84,ボードゲーム 2の詳細説明です。高品質でおすすめの商品です。,2023-05-09
8763,カードゲーム 2,おもちゃ・ゲーム,Kids,47912,339,カードゲーム 2の詳細説明です。高品質でおすすめの商品です。,2023-06-14
8764,プラモデル 2,おもちゃ・ゲーム,PlayTime,31517,1,プラモデル 2の詳細説明です。高品質でおすすめの商品です。,2023-03-08
8765,ぬいぐるみ 2,おもちゃ・ゲーム,Fun,1155,933,ぬいぐるみ 2の詳細説明です。高品質でおすすめの商品です。,2023-04-13
8766,レゴブロック 2,おもちゃ・ゲーム,Kids,48626,237,レゴブロック 2の詳細説明です。高品質でおすすめの商品です。,2023-02-24
8767,アクションフィギュア 2,おもちゃ・ゲーム,GameZone,29964,278,アクションフィギュア 2の詳細説明です。高品質でおすすめの商品です。,2023-12-09
8768,パズルゲーム 2,おもちゃ・ゲーム,Kids,18583,731,パズルゲーム 2の詳細説明です。高品質でおすすめの商品です。,2023-01-16
8769,知育玩具 2,おもちゃ・ゲーム,Kids,42115,289,知育玩具 2の詳細説明です。高品質でおすすめの商品です。,2023-03-12
8770,ゲームソフト 2,おもちゃ・ゲーム,ToyFun,38526,897,ゲームソフト 2の詳細説明です。高品質でおすすめの商品です。,2023-10-14
8771,パズル 3,おもちゃ・ゲーム,GameZone,26822,431,パズル 3の詳細説明です。高品質でおすすめの商品です。,2023-11-05
8772,ボードゲーム 3,おもちゃ・ゲーム,PlayTime,25483,950,ボードゲーム 3の詳細説明です。高品質でおすすめの商品です。,2023-04-22
8773,カードゲーム 3,おもちゃ・ゲーム,ToyFun,9944,695,カードゲーム 3の詳細説明です。高品質でおすすめの商品です。,2023-11-19
8774,プラモデル 3,おもちゃ・ゲーム,PlayTime,49680,569,プラモデル 3の詳細説明です。高品質でおすすめの商品です。,2023-03-21
8775,ぬいぐるみ 3,おもちゃ・ゲーム,PlayTime,10880,998,ぬいぐるみ 3の詳細説明です。高品質でおすすめの商品です。,2023-02-28
8776,レゴブロック 3,おもちゃ・ゲーム,Kids,25052,986,レゴブロック 3の詳細説明です。高品質でおすすめの商品です。,2023-03-20
8777,アクションフィギュア 3,おもちゃ・ゲーム,GameZone,17827,473,アクションフィギュア 3の詳細説明です。高品質でおすすめの商品です。,2023-09-21
8778,パズルゲーム 3,おもちゃ・ゲーム,ToyFun,47510,12,パズルゲーム 3の詳細説明です。高品質でおすすめの商品です。,2023-08-19
8779,知育玩具 3,おもちゃ・ゲーム,GameZone,12992,481,知育玩具 3の詳細説明です。高品質でおすすめの商品です。,2023-02-17
8780,ゲームソフト 3,おもちゃ・ゲーム,ToyFun,17250,520,ゲームソフト 3の詳細説明です。高品質でおすすめの商品です。,2023-04-13
8781,パズル 4,おもちゃ・ゲーム,GameZone,17106,448,パズル 4の詳細説明です。高品質でおすすめの商品です。,2023-05-22
8782,ボードゲーム 4,おもちゃ・ゲーム,PlayTime,7420,431,ボードゲーム 4の詳細説明です。高品質でおすすめの商品です。,2023-06-18
8783,カードゲーム 4,おもちゃ・ゲーム,Fun,6400,665,カードゲーム 4の詳細説明です。高品質でおすすめの商品です。,2023-02-15
8784,プラモデル 4,おもちゃ・ゲーム,Fun,6987,685,プラモデル 4の詳細説明です。高品質でおすすめの商品です。,2023-07-21
8785,ぬいぐるみ 4,おもちゃ・ゲーム,ToyFun,33198,150,ぬいぐるみ 4の詳細説明です。高品質でおすすめの商品です。,2023-04-08
8786,レゴブロック 4,おもちゃ・ゲーム,GameZone,46765,496,レゴブロック 4の詳細説明です。高品質でおすすめの商品です。,2023-10-11
8787,アクションフィギュア 4,おもちゃ・ゲーム,Kids,5536,346,アクションフィギュア 4の詳細説明です。高品質でおすすめの商品です。,2023-03-20
8788,パズルゲーム 4,おもちゃ・ゲーム,GameZone,27616,281,パズルゲーム 4の詳細説明です。高品質でおすすめの商品です。,2023-06-13
8789,知育玩具 4,おもちゃ・ゲーム,Fun,5480,259,知育玩具 4の詳細説明です。高品質でおすすめの商品です。,2023-05-31
8790,ゲームソフト 4,おもちゃ・ゲーム,ToyFun,7161,993,ゲームソフト 4の詳細説明です。高品質でおすすめの商品です。,2023-01-02
8791,パズル 5,おもちゃ・ゲーム,ToyFun,9891,929,パズル 5の詳細説明です。高品質でおすすめの商品です。,2023-11-06
8792,ボードゲーム 5,おもちゃ・ゲーム,ToyFun,46730,338,ボードゲーム 5の詳細説明です。高品質でおすすめの商品です。,2023-10-16
8793,カードゲーム 5,おもちゃ・ゲーム,Kids,18659,748,カードゲーム 5の詳細説明です。高品質でおすすめの商品です。,2023-02-01
8794,プラモデル 5,おもちゃ・ゲーム,Fun,45855,892,プラモデル 5の詳細説明です。高品質でおすすめの商品です。,2023-10-07
8795,ぬいぐるみ 5,おもちゃ・ゲーム,Fun,513,849,ぬいぐるみ 5の詳細説明です。高品質でおすすめの商品です。,2023-11-19
8796,レゴブロック 5,おもちゃ・ゲーム,PlayTime,2155,377,レゴブロック 5の詳細説明です。高品質でおすすめの商品です。,2023-11-17
8797,アクションフィギュア 5,おもちゃ・ゲーム,GameZone,1273,959,アクションフィギュア 5の詳細説明です。高品質でおすすめの商品です。,2023-06-20
8798,パズルゲーム 5,おもちゃ・ゲーム,Fun,5568,585,パズルゲーム 5の詳細説明です。高品質でおすすめの商品です。,2023-06-22
8799,知育玩具 5,おもちゃ・ゲーム,ToyFun,43810,361,知育玩具 5の詳細説明です。高品質でおすすめの商品です。,2023-04-25
8800,ゲームソフト 5,おもちゃ・ゲーム,PlayTime,4564,699,ゲームソフト 5の詳細説明です。高品質でおすすめの商品です。,2023-04-02
8801,パズル 6,おもちゃ・ゲーム,Kids,31000,146,パズル 6の詳細説明です。高品質でおすすめの商品です。,2023-07-05
8802,ボードゲーム 6,おもちゃ・ゲーム,ToyFun,7857,100,ボードゲーム 6の詳細説明です。高品質でおすすめの商品です。,2023-08-25
8803,カードゲーム 6,おもちゃ・ゲーム,ToyFun,2674,179,カードゲーム 6の詳細説明です。高品質でおすすめの商品です。,2023-05-01
8804,プラモデル 6,おもちゃ・ゲーム,PlayTime,38930,665,プラモデル 6の詳細説明です。高品質でおすすめの商品です。,2023-12-31
8805,ぬいぐるみ 6,おもちゃ・ゲーム,Fun,45869,566,ぬいぐるみ 6の詳細説明です。高品質でおすすめの商品です。,2023-09-11
8806,レゴブロック 6,おもちゃ・ゲーム,PlayTime,44326,506,レゴブロック 6の詳細説明です。高品質でおすすめの商品です。,2023-02-21
8807,アクションフィギュア 6,おもちゃ・ゲーム,ToyFun,47484,60,アクションフィギュア 6の詳細説明です。高品質でおすすめの商品です。,2023-06-30
8808,パズルゲーム 6,おもちゃ・ゲーム,ToyFun,29123,558,パズルゲーム 6の詳細説明です。高品質でおすすめの商品です。,2023-06-18
8809,知育玩具 6,おもちゃ・ゲーム,Kids,16558,517,知育玩具 6の詳細説明です。高品質でおすすめの商品です。,2023-05-07
8810,ゲームソフト 6,おもちゃ・ゲーム,GameZone,3282,703,ゲームソフト 6の詳細説明です。高品質でおすすめの商品です。,2023-01-15
8811,パズル 7,おもちゃ・ゲーム,Fun,20012,328,パズル 7の詳細説明です。高品質でおすすめの商品です。,2023-09-13
8812,ボードゲーム 7,おもちゃ・ゲーム,ToyFun,32246,794,ボードゲーム 7の詳細説明です。高品質でおすすめの商品です。,2023-03-24
8813,カードゲーム 7,おもちゃ・ゲーム,Kids,47387,597,カードゲーム 7の詳細説明です。高品質でおすすめの商品です。,2023-08-27
8814,プラモデル 7,おもちゃ・ゲーム,GameZone,45163,778,プラモデル 7の詳細説明です。高品質でおすすめの商品です。,2023-12-01
8815,ぬいぐるみ 7,おもちゃ・ゲーム,ToyFun,35162,257,ぬいぐるみ 7の詳細説明です。高品質でおすすめの商品です。,2023-08-26
8816,レゴブロック 7,おもちゃ・ゲーム,PlayTime,18137,19,レゴブロック 7の詳細説明です。高品質でおすすめの商品です。,2023-11-13
8817,アクションフィギュア 7,おもちゃ・ゲーム,PlayTime,14273,59,アクションフィギュア 7の詳細説明です。高品質でおすすめの商品です。,2023-04-22
8818,パズルゲーム 7,おもちゃ・ゲーム,GameZone,45519,915,パズルゲーム 7の詳細説明です。高品質でおすすめの商品です。,2023-01-16
8819,知育玩具 7,おもちゃ・ゲーム,Fun,4989,304,知育玩具 7の詳細説明です。高品質でおすすめの商品です。,2023-01-13
8820,ゲームソフト 7,おもちゃ・ゲーム,GameZone,22703,180,ゲームソフト 7の詳細説明です。高品質でおすすめの商品です。,2023-08-27
8821,パズル 8,おもちゃ・ゲーム,Kids,31492,605,パズル 8の詳細説明です。高品質でおすすめの商品です。,2023-10-16
8822,ボードゲーム 8,おもちゃ・ゲーム,GameZone,43070,646,ボードゲーム 8の詳細説明です。高品質でおすすめの商品です。,2023-03-29
8823,カードゲーム 8,おもちゃ・ゲーム,ToyFun,6175,222,カードゲーム 8の詳細説明です。高品質でおすすめの商品です。,2023-05-24
8824,プラモデル 8,おもちゃ・ゲーム,Kids,16297,58,プラモデル 8の詳細説明です。高品質でおすすめの商品です。,2023-06-07
8825,ぬいぐるみ 8,おもちゃ・ゲーム,ToyFun,34782,924,ぬいぐるみ 8の詳細説明です。高品質でおすすめの商品です。,2023-01-21
8826,レゴブロック 8,おもちゃ・ゲーム,Kids,39067,945,レゴブロック 8の詳細説明です。高品質でおすすめの商品です。,2023-07-21
8827,アクションフィギュア 8,おもちゃ・ゲーム,GameZone,22566,273,アクションフィギュア 8の詳細説明です。高品質でおすすめの商品です。,2023-05-30
8828,パズルゲーム 8,おもちゃ・ゲーム,Fun,22971,325,パズルゲーム 8の詳細説明です。高品質でおすすめの商品です。,2023-01-24
8829,知育玩具 8,おもちゃ・ゲーム,ToyFun,1410,689,知育玩具 8の詳細説明です。高品質でおすすめの商品です。,2023-10-06
8830,ゲームソフト 8,おもちゃ・ゲーム,Kids,33595,103,ゲームソフト 8の詳細説明です。高品質でおすすめの商品です。,2023-09-29
8831,パズル 9,おもちゃ・ゲーム,ToyFun,27351,498,パズル 9の詳細説明です。高品質でおすすめの商品です。,2023-08-30
8832,ボードゲーム 9,おもちゃ・ゲーム,Kids,26091,309,ボードゲーム 9の詳細説明です。高品質でおすすめの商品です。,2023-01-01
8833,カードゲーム 9,おもちゃ・ゲーム,Fun,14220,136,カードゲーム 9の詳細説明です。高品質でおすすめの商品です。,2023-03-22
8834,プラモデル 9,おもちゃ・ゲーム,Fun,13182,185,プラモデル 9の詳細説明です。高品質でおすすめの商品です。,2023-01-03
8835,ぬいぐるみ 9,おもちゃ・ゲーム,Kids,42428,927,ぬいぐるみ 9の詳細説明です。高品質でおすすめの商品です。,2023-01-07
8836,レゴブロック 9,おもちゃ・ゲーム,GameZone,23304,990,レゴブロック 9の詳細説明です。高品質でおすすめの商品です。,2023-03-14
8837,アクションフィギュア 9,おもちゃ・ゲーム,ToyFun,42642,116,アクションフィギュア 9の詳細説明です。高品質でおすすめの商品です。,2023-08-11
8838,パズルゲーム 9,おもちゃ・ゲーム,GameZone,36349,148,パズルゲーム 9の詳細説明です。高品質でおすすめの商品です。,2023-05-05
8839,知育玩具 9,おもちゃ・ゲーム,GameZone,45686,363,知育玩具 9の詳細説明です。高品質でおすすめの商品です。,2023-11-10
8840,ゲームソフト 9,おもちゃ・ゲーム,Fun,37696,495,ゲームソフト 9の詳細説明です。高品質でおすすめの商品です。,2023-11-16
8841,パズル 10,おもちゃ・ゲーム,PlayTime,39690,614,パズル 10の詳細説明です。高品質でおすすめの商品です。,2023-12-11
8842,ボードゲーム 10,おもちゃ・ゲーム,GameZone,39817,597,ボードゲーム 10の詳細説明です。高品質でおすすめの商品です。,2023-03-09
8843,カードゲーム 10,おもちゃ・ゲーム,ToyFun,9377,602,カードゲーム 10の詳細説明です。高品質でおすすめの商品です。,2023-09-22
8844,プラモデル 10,おもちゃ・ゲーム,Fun,7151,202,プラモデル 10の詳細説明です。高品質でおすすめの商品です。,2023-12-01
8845,ぬいぐるみ 10,おもちゃ・ゲーム,PlayTime,25239,631,ぬいぐるみ 10の詳細説明です。高品質でおすすめの商品です。,2023-11-23
8846,レゴブロック 10,おもちゃ・ゲーム,Fun,31890,732,レゴブロック 10の詳細説明です。高品質でおすすめの商品です。,2023-12-19
8847,アクションフィギュア 10,おもちゃ・ゲーム,GameZone,42256,558,アクションフィギュア 10の詳細説明です。高品質でおすすめの商品です。,2023-09-12
8848,パズルゲーム 10,おもちゃ・ゲーム,Fun,3949,89,パズルゲーム 10の詳細説明です。高品質でおすすめの商品です。,2023-06-06
8849,知育玩具 10,おもちゃ・ゲーム,GameZone,1312,336,知育玩具 10の詳細説明です。高品質でおすすめの商品です。,2023-05-27
8850,ゲームソフト 10,おもちゃ・ゲーム,PlayTime,4660,741,ゲームソフト 10の詳細説明です。高品質でおすすめの商品です。,2023-08-19
8851,パズル 11,おもちゃ・ゲーム,Kids,29738,338,パズル 11の詳細説明です。高品質でおすすめの商品です。,2023-11-09
8852,ボードゲーム 11,おもちゃ・ゲーム,Fun,534,377,ボードゲーム 11の詳細説明です。高品質でおすすめの商品です。,2023-08-05
8853,カードゲーム 11,おもちゃ・ゲーム,ToyFun,5528,864,カードゲーム 11の詳細説明です。高品質でおすすめの商品です。,2023-11-04
8854,プラモデル 11,おもちゃ・ゲーム,GameZone,14744,188,プラモデル 11の詳細説明です。高品質でおすすめの商品です。,2023-12-06
8855,ぬいぐるみ 11,おもちゃ・ゲーム,GameZone,3404,442,ぬいぐるみ 11の詳細説明です。高品質でおすすめの商品です。,2023-07-29
8856,レゴブロック 11,おもちゃ・ゲーム,Kids,16566,751,レゴブロック 11の詳細説明です。高品質でおすすめの商品です。,2023-09-07
8857,アクションフィギュア 11,おもちゃ・ゲーム,ToyFun,31962,298,アクションフィギュア 11の詳細説明です。高品質でおすすめの商品です。,2023-06-15
8858,パズルゲーム 11,おもちゃ・ゲーム,GameZone,45287,885,パズルゲーム 11の詳細説明です。高品質でおすすめの商品です。,2023-02-08
8859,知育玩具 11,おもちゃ・ゲーム,PlayTime,1424,376,知育玩具 11の詳細説明です。高品質でおすすめの商品です。,2023-10-11
8860,ゲームソフト 11,おもちゃ・ゲーム,ToyFun,36917,277,ゲームソフト 11の詳細説明です。高品質でおすすめの商品です。,2023-01-10
8861,パズル 12,おもちゃ・ゲーム,ToyFun,5730,876,パズル 12の詳細説明です。高品質でおすすめの商品です。,2023-10-09
8862,ボードゲーム 12,おもちゃ・ゲーム,ToyFun,19299,522,ボードゲーム 12の詳細説明です。高品質でおすすめの商品です。,2023-09-08
8863,カードゲーム 12,おもちゃ・ゲーム,Fun,10244,440,カードゲーム 12の詳細説明です。高品質でおすすめの商品です。,2023-04-07
8864,プラモデル 12,おもちゃ・ゲーム,Kids,42683,266,プラモデル 12の詳細説明です。高品質でおすすめの商品です。,2023-10-21
8865,ぬいぐるみ 12,おもちゃ・ゲーム,ToyFun,10637,668,ぬいぐるみ 12の詳細説明です。高品質でおすすめの商品です。,2023-09-12
8866,レゴブロック 12,おもちゃ・ゲーム,Fun,47223,543,レゴブロック 12の詳細説明です。高品質でおすすめの商品です。,2023-02-20
8867,アクションフィギュア 12,おもちゃ・ゲーム,PlayTime,11329,561,アクションフィギュア 12の詳細説明です。高品質でおすすめの商品です。,2023-11-27
8868,パズルゲーム 12,おもちゃ・ゲーム,GameZone,26277,920,パズルゲーム 12の詳細説明です。高品質でおすすめの商品です。,2023-03-18
8869,知育玩具 12,おもちゃ・ゲーム,Kids,6503,44,知育玩具 12の詳細説明です。高品質でおすすめの商品です。,2023-02-08
8870,ゲームソフト 12,おもちゃ・ゲーム,GameZone,8230,830,ゲームソフト 12の詳細説明です。高品質でおすすめの商品です。,2023-06-18
8871,パズル 13,おもちゃ・ゲーム,ToyFun,15729,741,パズル 13の詳細説明です。高品質でおすすめの商品です。,2023-04-21
8872,ボードゲーム 13,おもちゃ・ゲーム,ToyFun,2777,617,ボードゲーム 13の詳細説明です。高品質でおすすめの商品です。,2023-11-27
8873,カードゲーム 13,おもちゃ・ゲーム,Fun,42965,193,カードゲーム 13の詳細説明です。高品質でおすすめの商品です。,2023-01-24
8874,プラモデル 13,おもちゃ・ゲーム,PlayTime,13270,897,プラモデル 13の詳細説明です。高品質でおすすめの商品です。,2023-07-22
8875,ぬいぐるみ 13,おもちゃ・ゲーム,Kids,44826,565,ぬいぐるみ 13の詳細説明です。高品質でおすすめの商品です。,2023-11-07
8876,レゴブロック 13,おもちゃ・ゲーム,PlayTime,2868,608,レゴブロック 13の詳細説明です。高品質でおすすめの商品です。,2023-07-19
8877,アクションフィギュア 13,おもちゃ・ゲーム,Kids,12175,863,アクションフィギュア 13の詳細説明です。高品質でおすすめの商品です。,2023-12-31
8878,パズルゲーム 13,おもちゃ・ゲーム,GameZone,19468,184,パズルゲーム 13の詳細説明です。高品質でおすすめの商品です。,2023-05-04
8879,知育玩具 13,おもちゃ・ゲーム,GameZone,8892,711,知育玩具 13の詳細説明です。高品質でおすすめの商品です。,2023-03-18
8880,ゲームソフト 13,おもちゃ・ゲーム,GameZone,15219,497,ゲームソフト 13の詳細説明です。高品質でおすすめの商品です。,2023-02-15
8881,パズル 14,おもちゃ・ゲーム,ToyFun,26596,77,パズル 14の詳細説明です。高品質でおすすめの商品です。,2023-10-11
8882,ボードゲーム 14,おもちゃ・ゲーム,GameZone,18382,240,ボードゲーム 14の詳細説明です。高品質でおすすめの商品です。,2023-03-22
8883,カードゲーム 14,おもちゃ・ゲーム,Fun,14960,955,カードゲーム 14の詳細説明です。高品質でおすすめの商品です。,2023-12-20
8884,プラモデル 14,おもちゃ・ゲーム,GameZone,26114,647,プラモデル 14の詳細説明です。高品質でおすすめの商品です。,2023-05-26
8885,ぬいぐるみ 14,おもちゃ・ゲーム,GameZone,587,697,ぬいぐるみ 14の詳細説明です。高品質でおすすめの商品です。,2023-07-29
8886,レゴブロック 14,おもちゃ・ゲーム,Kids,32061,130,レゴブロック 14の詳細説明です。高品質でおすすめの商品です。,2023-10-07
8887,アクションフィギュア 14,おもちゃ・ゲーム,Kids,49196,607,アクションフィギュア 14の詳細説明です。高品質でおすすめの商品です。,2023-06-01
8888,パズルゲーム 14,おもちゃ・ゲーム,ToyFun,33628,461,パズルゲーム 14の詳細説明です。高品質でおすすめの商品です。,2023-09-09
8889,知育玩具 14,おもちゃ・ゲーム,GameZone,940,669,知育玩具 14の詳細説明です。高品質でおすすめの商品です。,2023-11-15
8890,ゲームソフト 14,おもちゃ・ゲーム,Kids,26617,96,ゲームソフト 14の詳細説明です。高品質でおすすめの商品です。,2023-09-24
8891,パズル 15,おもちゃ・ゲーム,Kids,8338,725,パズル 15の詳細説明です。高品質でおすすめの商品です。,2023-02-21
8892,ボードゲーム 15,おもちゃ・ゲーム,GameZone,5819,795,ボードゲーム 15の詳細説明です。高品質でおすすめの商品です。,2023-02-06
8893,カードゲーム 15,おもちゃ・ゲーム,Kids,20787,732,カードゲーム 15の詳細説明です。高品質でおすすめの商品です。,2023-07-17
8894,プラモデル 15,おもちゃ・ゲーム,ToyFun,16107,16,プラモデル 15の詳細説明です。高品質でおすすめの商品です。,2023-04-02
8895,ぬいぐるみ 15,おもちゃ・ゲーム,Kids,24725,436,ぬいぐるみ 15の詳細説明です。高品質でおすすめの商品です。,2023-02-21
8896,レゴブロック 15,おもちゃ・ゲーム,PlayTime,15884,912,レゴブロック 15の詳細説明です。高品質でおすすめの商品です。,2023-04-22
8897,アクションフィギュア 15,おもちゃ・ゲーム,Fun,6413,219,アクションフィギュア 15の詳細説明です。高品質でおすすめの商品です。,2023-02-17
8898,パズルゲーム 15,おもちゃ・ゲーム,PlayTime,48706,593,パズルゲーム 15の詳細説明です。高品質でおすすめの商品です。,2023-01-14
8899,知育玩具 15,おもちゃ・ゲーム,PlayTime,48358,548,知育玩具 15の詳細説明です。高品質でおすすめの商品です。,2023-12-11
8900,ゲームソフト 15,おもちゃ・ゲーム,GameZone,10807,539,ゲームソフト 15の詳細説明です。高品質でおすすめの商品です。,2023-06-27
8901,パズル 16,おもちゃ・ゲーム,Kids,43646,854,パズル 16の詳細説明です。高品質でおすすめの商品です。,2023-09-03
8902,ボードゲーム 16,おもちゃ・ゲーム,Fun,6325,73,ボードゲーム 16の詳細説明です。高品質でおすすめの商品です。,2023-07-05
8903,カードゲーム 16,おもちゃ・ゲーム,ToyFun,6204,462,カードゲーム 16の詳細説明です。高品質でおすすめの商品です。,2023-05-25
8904,プラモデル 16,おもちゃ・ゲーム,Fun,33834,101,プラモデル 16の詳細説明です。高品質でおすすめの商品です。,2023-05-13
8905,ぬいぐるみ 16,おもちゃ・ゲーム,GameZone,40383,969,ぬいぐるみ 16の詳細説明です。高品質でおすすめの商品です。,2023-12-22
8906,レゴブロック 16,おもちゃ・ゲーム,GameZone,37088,27,レゴブロック 16の詳細説明です。高品質でおすすめの商品です。,2023-02-14
8907,アクションフィギュア 16,おもちゃ・ゲーム,Kids,12039,893,アクションフィギュア 16の詳細説明です。高品質でおすすめの商品です。,2023-06-27
8908,パズルゲーム 16,おもちゃ・ゲーム,GameZone,2853,502,パズルゲーム 16の詳細説明です。高品質でおすすめの商品です。,2023-10-12
8909,知育玩具 16,おもちゃ・ゲーム,Kids,10540,483,知育玩具 16の詳細説明です。高品質でおすすめの商品です。,2023-12-30
8910,ゲームソフト 16,おもちゃ・ゲーム,ToyFun,37877,798,ゲームソフト 16の詳細説明です。高品質でおすすめの商品です。,2023-03-23
8911,パズル 17,おもちゃ・ゲーム,PlayTime,22182,278,パズル 17の詳細説明です。高品質でおすすめの商品です。,2023-03-14
8912,ボードゲーム 17,おもちゃ・ゲーム,Kids,10443,979,ボードゲーム 17の詳細説明です。高品質でおすすめの商品です。,2023-01-09
8913,カードゲーム 17,おもちゃ・ゲーム,Kids,44009,871,カードゲーム 17の詳細説明です。高品質でおすすめの商品です。,2023-05-23
8914,プラモデル 17,おもちゃ・ゲーム,GameZone,10934,179,プラモデル 17の詳細説明です。高品質でおすすめの商品です。,2023-09-01
8915,ぬいぐるみ 17,おもちゃ・ゲーム,Fun,46457,876,ぬいぐるみ 17の詳細説明です。高品質でおすすめの商品です。,2023-07-26
8916,レゴブロック 17,おもちゃ・ゲーム,ToyFun,45928,103,レゴブロック 17の詳細説明です。高品質でおすすめの商品です。,2023-11-21
8917,アクションフィギュア 17,おもちゃ・ゲーム,Kids,18602,23,アクションフィギュア 17の詳細説明です。高品質でおすすめの商品です。,2023-09-30
8918,パズルゲーム 17,おもちゃ・ゲーム,Kids,32050,535,パズルゲーム 17の詳細説明です。高品質でおすすめの商品です。,2023-10-07
8919,知育玩具 17,おもちゃ・ゲーム,ToyFun,44059,485,知育玩具 17の詳細説明です。高品質でおすすめの商品です。,2023-05-09
8920,ゲームソフト 17,おもちゃ・ゲーム,ToyFun,15676,741,ゲームソフト 17の詳細説明です。高品質でおすすめの商品です。,2023-02-19
8921,パズル 18,おもちゃ・ゲーム,ToyFun,22982,463,パズル 18の詳細説明です。高品質でおすすめの商品です。,2023-05-20
8922,ボードゲーム 18,おもちゃ・ゲーム,GameZone,4580,780,ボードゲーム 18の詳細説明です。高品質でおすすめの商品です。,2023-07-03
8923,カードゲーム 18,おもちゃ・ゲーム,Kids,46816,354,カードゲーム 18の詳細説明です。高品質でおすすめの商品です。,2023-08-04
8924,プラモデル 18,おもちゃ・ゲーム,Fun,42690,904,プラモデル 18の詳細説明です。高品質でおすすめの商品です。,2023-06-06
8925,ぬいぐるみ 18,おもちゃ・ゲーム,Kids,10534,907,ぬいぐるみ 18の詳細説明です。高品質でおすすめの商品です。,2023-05-08
8926,レゴブロック 18,おもちゃ・ゲーム,PlayTime,17816,886,レゴブロック 18の詳細説明です。高品質でおすすめの商品です。,2023-12-16
8927,アクションフィギュア 18,おもちゃ・ゲーム,PlayTime,24585,857,アクションフィギュア 18の詳細説明です。高品質でおすすめの商品です。,2023-02-21
8928,パズルゲーム 18,おもちゃ・ゲーム,ToyFun,23015,651,パズルゲーム 18の詳細説明です。高品質でおすすめの商品です。,2023-08-15
8929,知育玩具 18,おもちゃ・ゲーム,GameZone,16275,227,知育玩具 18の詳細説明です。高品質でおすすめの商品です。,2023-09-28
8930,ゲームソフト 18,おもちゃ・ゲーム,GameZone,41385,887,ゲームソフト 18の詳細説明です。高品質でおすすめの商品です。,2023-01-28
8931,パズル 19,おもちゃ・ゲーム,Fun,8922,922,パズル 19の詳細説明です。高品質でおすすめの商品です。,2023-05-14
8932,ボードゲーム 19,おもちゃ・ゲーム,Kids,33972,922,ボードゲーム 19の詳細説明です。高品質でおすすめの商品です。,2023-11-27
8933,カードゲーム 19,おもちゃ・ゲーム,PlayTime,36161,863,カードゲーム 19の詳細説明です。高品質でおすすめの商品です。,2023-04-06
8934,プラモデル 19,おもちゃ・ゲーム,GameZone,46274,945,プラモデル 19の詳細説明です。高品質でおすすめの商品です。,2023-02-06
8935,ぬいぐるみ 19,おもちゃ・ゲーム,Kids,10683,269,ぬいぐるみ 19の詳細説明です。高品質でおすすめの商品です。,2023-10-24
8936,レゴブロック 19,おもちゃ・ゲーム,PlayTime,12680,188,レゴブロック 19の詳細説明です。高品質でおすすめの商品です。,2023-03-04
8937,アクションフィギュア 19,おもちゃ・ゲーム,GameZone,20529,975,アクションフィギュア 19の詳細説明です。高品質でおすすめの商品です。,2023-01-13
8938,パズルゲーム 19,おもちゃ・ゲーム,GameZone,15696,844,パズルゲーム 19の詳細説明です。高品質でおすすめの商品です。,2023-01-25
8939,知育玩具 19,おもちゃ・ゲーム,ToyFun,41281,10,知育玩具 19の詳細説明です。高品質でおすすめの商品です。,2023-02-06
8940,ゲームソフト 19,おもちゃ・ゲーム,Kids,5590,828,ゲームソフト 19の詳細説明です。高品質でおすすめの商品です。,2023-01-17
8941,パズル 20,おもちゃ・ゲーム,Kids,10650,440,パズル 20の詳細説明です。高品質でおすすめの商品です。,2023-01-17
8942,ボードゲーム 20,おもちゃ・ゲーム,PlayTime,16637,378,ボードゲーム 20の詳細説明です。高品質でおすすめの商品です。,2023-02-18
8943,カードゲーム 20,おもちゃ・ゲーム,Kids,15232,915,カードゲーム 20の詳細説明です。高品質でおすすめの商品です。,2023-01-25
8944,プラモデル 20,おもちゃ・ゲーム,GameZone,36285,47,プラモデル 20の詳細説明です。高品質でおすすめの商品です。,2023-04-02
8945,ぬいぐるみ 20,おもちゃ・ゲーム,ToyFun,39913,976,ぬいぐるみ 20の詳細説明です。高品質でおすすめの商品です。,2023-02-27
8946,レゴブロック 20,おもちゃ・ゲーム,Kids,38185,173,レゴブロック 20の詳細説明です。高品質でおすすめの商品です。,2023-09-05
8947,アクションフィギュア 20,おもちゃ・ゲーム,Kids,20683,577,アクションフィギュア 20の詳細説明です。高品質でおすすめの商品です。,2023-06-30
8948,パズルゲーム 20,おもちゃ・ゲーム,GameZone,10433,650,パズルゲーム 20の詳細説明です。高品質でおすすめの商品です。,2023-07-12
8949,知育玩具 20,おもちゃ・ゲーム,ToyFun,44807,337,知育玩具 20の詳細説明です。高品質でおすすめの商品です。,2023-11-01
8950,ゲームソフト 20,おもちゃ・ゲーム,PlayTime,29563,701,ゲームソフト 20の詳細説明です。高品質でおすすめの商品です。,2023-09-04
8951,パズル 21,おもちゃ・ゲーム,Fun,49832,847,パズル 21の詳細説明です。高品質でおすすめの商品です。,2023-10-22
8952,ボードゲーム 21,おもちゃ・ゲーム,Kids,30111,583,ボードゲーム 21の詳細説明です。高品質でおすすめの商品です。,2023-11-18
8953,カードゲーム 21,おもちゃ・ゲーム,ToyFun,3606,255,カードゲーム 21の詳細説明です。高品質でおすすめの商品です。,2023-07-13
8954,プラモデル 21,おもちゃ・ゲーム,Fun,15462,31,プラモデル 21の詳細説明です。高品質でおすすめの商品です。,2023-11-20
8955,ぬいぐるみ 21,おもちゃ・ゲーム,GameZone,33041,174,ぬいぐるみ 21の詳細説明です。高品質でおすすめの商品です。,2023-03-09
8956,レゴブロック 21,おもちゃ・ゲーム,ToyFun,44780,387,レゴブロック 21の詳細説明です。高品質でおすすめの商品です。,2023-10-31
8957,アクションフィギュア 21,おもちゃ・ゲーム,ToyFun,7610,726,アクションフィギュア 21の詳細説明です。高品質でおすすめの商品です。,2023-04-01
8958,パズルゲーム 21,おもちゃ・ゲーム,PlayTime,1436,401,パズルゲーム 21の詳細説明です。高品質でおすすめの商品です。,2023-02-04
8959,知育玩具 21,おもちゃ・ゲーム,Fun,3359,318,知育玩具 21の詳細説明です。高品質でおすすめの商品です。,2023-02-12
8960,ゲームソフト 21,おもちゃ・ゲーム,Kids,15738,817,ゲームソフト 21の詳細説明です。高品質でおすすめの商品です。,2023-04-28
8961,パズル 22,おもちゃ・ゲーム,ToyFun,21342,219,パズル 22の詳細説明です。高品質でおすすめの商品です。,2023-12-26
8962,ボードゲーム 22,おもちゃ・ゲーム,ToyFun,31884,98,ボードゲーム 22の詳細説明です。高品質でおすすめの商品です。,2023-02-14
8963,カードゲーム 22,おもちゃ・ゲーム,Fun,4573,618,カードゲーム 22の詳細説明です。高品質でおすすめの商品です。,2023-04-09
8964,プラモデル 22,おもちゃ・ゲーム,ToyFun,26818,330,プラモデル 22の詳細説明です。高品質でおすすめの商品です。,2023-12-31
8965,ぬいぐるみ 22,おもちゃ・ゲーム,ToyFun,28455,850,ぬいぐるみ 22の詳細説明です。高品質でおすすめの商品です。,2023-10-23
8966,レゴブロック 22,おもちゃ・ゲーム,GameZone,48504,20,レゴブロック 22の詳細説明です。高品質でおすすめの商品です。,2023-10-06
8967,アクションフィギュア 22,おもちゃ・ゲーム,Fun,21776,432,アクションフィギュア 22の詳細説明です。高品質でおすすめの商品です。,2023-10-24
8968,パズルゲーム 22,おもちゃ・ゲーム,Kids,29641,206,パズルゲーム 22の詳細説明です。高品質でおすすめの商品です。,2023-02-17
8969,知育玩具 22,おもちゃ・ゲーム,ToyFun,38995,35,知育玩具 22の詳細説明です。高品質でおすすめの商品です。,2023-12-15
8970,ゲームソフト 22,おもちゃ・ゲーム,ToyFun,46382,775,ゲームソフト 22の詳細説明です。高品質でおすすめの商品です。,2023-10-17
8971,パズル 23,おもちゃ・ゲーム,ToyFun,16004,983,パズル 23の詳細説明です。高品質でおすすめの商品です。,2023-01-09
8972,ボードゲーム 23,おもちゃ・ゲーム,GameZone,7149,930,ボードゲーム 23の詳細説明です。高品質でおすすめの商品です。,2023-04-19
8973,カードゲーム 23,おもちゃ・ゲーム,PlayTime,6538,753,カードゲーム 23の詳細説明です。高品質でおすすめの商品です。,2023-01-18
8974,プラモデル 23,おもちゃ・ゲーム,Kids,45567,262,プラモデル 23の詳細説明です。高品質でおすすめの商品です。,2023-02-25
8975,ぬいぐるみ 23,おもちゃ・ゲーム,ToyFun,19332,7,ぬいぐるみ 23の詳細説明です。高品質でおすすめの商品です。,2023-05-25
8976,レゴブロック 23,おもちゃ・ゲーム,PlayTime,5146,19,レゴブロック 23の詳細説明です。高品質でおすすめの商品です。,2023-07-29
8977,アクションフィギュア 23,おもちゃ・ゲーム,Kids,6398,203,アクションフィギュア 23の詳細説明です。高品質でおすすめの商品です。,2023-03-14
8978,パズルゲーム 23,おもちゃ・ゲーム,GameZone,7996,533,パズルゲーム 23の詳細説明です。高品質でおすすめの商品です。,2023-12-23
8979,知育玩具 23,おもちゃ・ゲーム,ToyFun,10592,577,知育玩具 23の詳細説明です。高品質でおすすめの商品です。,2023-06-17
8980,ゲームソフト 23,おもちゃ・ゲーム,PlayTime,18380,104,ゲームソフト 23の詳細説明です。高品質でおすすめの商品です。,2023-10-27
8981,パズル 24,おもちゃ・ゲーム,Kids,1903,790,パズル 24の詳細説明です。高品質でおすすめの商品です。,2023-03-30
8982,ボードゲーム 24,おもちゃ・ゲーム,ToyFun,37396,329,ボードゲーム 24の詳細説明です。高品質でおすすめの商品です。,2023-10-27
8983,カードゲーム 24,おもちゃ・ゲーム,PlayTime,37854,199,カードゲーム 24の詳細説明です。高品質でおすすめの商品です。,2023-10-13
8984,プラモデル 24,おもちゃ・ゲーム,Fun,32574,601,プラモデル 24の詳細説明です。高品質でおすすめの商品です。,2023-09-07
8985,ぬいぐるみ 24,おもちゃ・ゲーム,PlayTime,35705,163,ぬいぐるみ 24の詳細説明です。高品質でおすすめの商品です。,2023-11-22
8986,レゴブロック 24,おもちゃ・ゲーム,Kids,39279,636,レゴブロック 24の詳細説明です。高品質でおすすめの商品です。,2023-08-26
8987,アクションフィギュア 24,おもちゃ・ゲーム,Kids,21715,560,アクションフィギュア 24の詳細説明です。高品質でおすすめの商品です。,2023-02-21
8988,パズルゲーム 24,おもちゃ・ゲーム,Fun,18983,584,パズルゲーム 24の詳細説明です。高品質でおすすめの商品です。,2023-04-30
8989,知育玩具 24,おもちゃ・ゲーム,GameZone,5106,752,知育玩具 24の詳細説明です。高品質でおすすめの商品です。,2023-04-01
8990,ゲームソフト 24,おもちゃ・ゲーム,GameZone,42742,268,ゲームソフト 24の詳細説明です。高品質でおすすめの商品です。,2023-04-20
8991,パズル 25,おもちゃ・ゲーム,GameZone,30593,521,パズル 25の詳細説明です。高品質でおすすめの商品です。,2023-10-07
8992,ボードゲーム 25,おもちゃ・ゲーム,PlayTime,17672,345,ボードゲーム 25の詳細説明です。高品質でおすすめの商品です。,2023-06-12
8993,カードゲーム 25,おもちゃ・ゲーム,GameZone,49689,436,カードゲーム 25の詳細説明です。高品質でおすすめの商品です。,2023-08-24
8994,プラモデル 25,おもちゃ・ゲーム,Kids,49707,995,プラモデル 25の詳細説明です。高品質でおすすめの商品です。,2023-04-15
8995,ぬいぐるみ 25,おもちゃ・ゲーム,GameZone,21426,847,ぬいぐるみ 25の詳細説明です。高品質でおすすめの商品です。,2023-05-27
8996,レゴブロック 25,おもちゃ・ゲーム,Fun,14883,950,レゴブロック 25の詳細説明です。高品質でおすすめの商品です。,2023-06-04
8997,アクションフィギュア 25,おもちゃ・ゲーム,GameZone,11592,826,アクションフィギュア 25の詳細説明です。高品質でおすすめの商品です。,2023-03-18
8998,パズルゲーム 25,おもちゃ・ゲーム,GameZone,49609,968,パズルゲーム 25の詳細説明です。高品質でおすすめの商品です。,2023-04-09
8999,知育玩具 25,おもちゃ・ゲーム,PlayTime,43500,78,知育玩具 25の詳細説明です。高品質でおすすめの商品です。,2023-05-22
9000,ゲームソフト 25,おもちゃ・ゲーム,Fun,2396,575,ゲームソフト 25の詳細説明です。高品質でおすすめの商品です。,2023-09-21
9001,パズル 26,おもちゃ・ゲーム,Kids,11629,72,パズル 26の詳細説明です。高品質でおすすめの商品です。,2023-07-08
9002,ボードゲーム 26,おもちゃ・ゲーム,PlayTime,8540,307,ボードゲーム 26の詳細説明です。高品質でおすすめの商品です。,2023-12-18
9003,カードゲーム 26,おもちゃ・ゲーム,PlayTime,16969,209,カードゲーム 26の詳細説明です。高品質でおすすめの商品です。,2023-07-24
9004,プラモデル 26,おもちゃ・ゲーム,ToyFun,37836,926,プラモデル 26の詳細説明です。高品質でおすすめの商品です。,2023-09-13
9005,ぬいぐるみ 26,おもちゃ・ゲーム,GameZone,29119,158,ぬいぐるみ 26の詳細説明です。高品質でおすすめの商品です。,2023-04-28
9006,レゴブロック 26,おもちゃ・ゲーム,ToyFun,5340,130,レゴブロック 26の詳細説明です。高品質でおすすめの商品です。,2023-10-24
9007,アクションフィギュア 26,おもちゃ・ゲーム,Kids,11406,49,アクションフィギュア 26の詳細説明です。高品質でおすすめの商品です。,2023-11-30
9008,パズルゲーム 26,おもちゃ・ゲーム,PlayTime,30117,126,パズルゲーム 26の詳細説明です。高品質でおすすめの商品です。,2023-07-08
9009,知育玩具 26,おもちゃ・ゲーム,ToyFun,35702,185,知育玩具 26の詳細説明です。高品質でおすすめの商品です。,2023-02-12
9010,ゲームソフト 26,おもちゃ・ゲーム,ToyFun,31581,551,ゲームソフト 26の詳細説明です。高品質でおすすめの商品です。,2023-09-09
9011,パズル 27,おもちゃ・ゲーム,Fun,20077,947,パズル 27の詳細説明です。高品質でおすすめの商品です。,2023-06-30
9012,ボードゲーム 27,おもちゃ・ゲーム,ToyFun,37749,41,ボードゲーム 27の詳細説明です。高品質でおすすめの商品です。,2023-07-14
9013,カードゲーム 27,おもちゃ・ゲーム,Kids,4374,898,カードゲーム 27の詳細説明です。高品質でおすすめの商品です。,2023-05-09
9014,プラモデル 27,おもちゃ・ゲーム,Fun,6842,966,プラモデル 27の詳細説明です。高品質でおすすめの商品です。,2023-06-14
9015,ぬいぐるみ 27,おもちゃ・ゲーム,PlayTime,4362,647,ぬいぐるみ 27の詳細説明です。高品質でおすすめの商品です。,2023-07-04
9016,レゴブロック 27,おもちゃ・ゲーム,ToyFun,3247,55,レゴブロック 27の詳細説明です。高品質でおすすめの商品です。,2023-10-29
9017,アクションフィギュア 27,おもちゃ・ゲーム,Fun,23989,62,アクションフィギュア 27の詳細説明です。高品質でおすすめの商品です。,2023-01-01
9018,パズルゲーム 27,おもちゃ・ゲーム,Kids,22084,228,パズルゲーム 27の詳細説明です。高品質でおすすめの商品です。,2023-03-21
9019,知育玩具 27,おもちゃ・ゲーム,GameZone,29091,847,知育玩具 27の詳細説明です。高品質でおすすめの商品です。,2023-05-12
9020,ゲームソフト 27,おもちゃ・ゲーム,Kids,49201,360,ゲームソフト 27の詳細説明です。高品質でおすすめの商品です。,2023-06-01
9021,パズル 28,おもちゃ・ゲーム,Fun,6468,663,パズル 28の詳細説明です。高品質でおすすめの商品です。,2023-12-25
9022,ボードゲーム 28,おもちゃ・ゲーム,Kids,27352,967,ボードゲーム 28の詳細説明です。高品質でおすすめの商品です。,2023-12-19
9023,カードゲーム 28,おもちゃ・ゲーム,PlayTime,9202,31,カードゲーム 28の詳細説明です。高品質でおすすめの商品です。,2023-05-26
9024,プラモデル 28,おもちゃ・ゲーム,PlayTime,37714,0,プラモデル 28の詳細説明です。高品質でおすすめの商品です。,2023-07-08
9025,ぬいぐるみ 28,おもちゃ・ゲーム,PlayTime,15094,94,ぬいぐるみ 28の詳細説明です。高品質でおすすめの商品です。,2023-04-09
9026,レゴブロック 28,おもちゃ・ゲーム,PlayTime,25932,31,レゴブロック 28の詳細説明です。高品質でおすすめの商品です。,2023-11-01
9027,アクションフィギュア 28,おもちゃ・ゲーム,GameZone,12534,120,アクションフィギュア 28の詳細説明です。高品質でおすすめの商品です。,2023-06-26
9028,パズルゲーム 28,おもちゃ・ゲーム,Fun,41154,934,パズルゲーム 28の詳細説明です。高品質でおすすめの商品です。,2023-10-29
9029,知育玩具 28,おもちゃ・ゲーム,Fun,24461,390,知育玩具 28の詳細説明です。高品質でおすすめの商品です。,2023-03-11
9030,ゲームソフト 28,おもちゃ・ゲーム,Kids,42889,708,ゲームソフト 28の詳細説明です。高品質でおすすめの商品です。,2023-10-08
9031,パズル 29,おもちゃ・ゲーム,GameZone,32245,622,パズル 29の詳細説明です。高品質でおすすめの商品です。,2023-06-24
9032,ボードゲーム 29,おもちゃ・ゲーム,ToyFun,37181,140,ボードゲーム 29の詳細説明です。高品質でおすすめの商品です。,2023-12-26
9033,カードゲーム 29,おもちゃ・ゲーム,Kids,2055,973,カードゲーム 29の詳細説明です。高品質でおすすめの商品です。,2023-03-03
9034,プラモデル 29,おもちゃ・ゲーム,ToyFun,40148,653,プラモデル 29の詳細説明です。高品質でおすすめの商品です。,2023-07-01
9035,ぬいぐるみ 29,おもちゃ・ゲーム,Fun,46334,809,ぬいぐるみ 29の詳細説明です。高品質でおすすめの商品です。,2023-03-27
9036,レゴブロック 29,おもちゃ・ゲーム,Kids,36377,255,レゴブロック 29の詳細説明です。高品質でおすすめの商品です。,2023-11-15
9037,アクションフィギュア 29,おもちゃ・ゲーム,PlayTime,12154,50,アクションフィギュア 29の詳細説明です。高品質でおすすめの商品です。,2023-01-06
9038,パズルゲーム 29,おもちゃ・ゲーム,Fun,20149,429,パズルゲーム 29の詳細説明です。高品質でおすすめの商品です。,2023-12-17
9039,知育玩具 29,おもちゃ・ゲーム,Fun,41764,61,知育玩具 29の詳細説明です。高品質でおすすめの商品です。,2023-11-05
9040,ゲームソフト 29,おもちゃ・ゲーム,GameZone,18022,965,ゲームソフト 29の詳細説明です。高品質でおすすめの商品です。,2023-11-25
9041,パズル 30,おもちゃ・ゲーム,Kids,33651,645,パズル 30の詳細説明です。高品質でおすすめの商品です。,2023-04-15
9042,ボードゲーム 30,おもちゃ・ゲーム,PlayTime,43797,753,ボードゲーム 30の詳細説明です。高品質でおすすめの商品です。,2023-12-28
9043,カードゲーム 30,おもちゃ・ゲーム,Kids,8243,857,カードゲーム 30の詳細説明です。高品質でおすすめの商品です。,2023-06-13
9044,プラモデル 30,おもちゃ・ゲーム,PlayTime,20685,166,プラモデル 30の詳細説明です。高品質でおすすめの商品です。,2023-09-17
9045,ぬいぐるみ 30,おもちゃ・ゲーム,ToyFun,11249,126,ぬいぐるみ 30の詳細説明です。高品質でおすすめの商品です。,2023-01-16
9046,レゴブロック 30,おもちゃ・ゲーム,Fun,49183,929,レゴブロック 30の詳細説明です。高品質でおすすめの商品です。,2023-10-30
9047,アクションフィギュア 30,おもちゃ・ゲーム,PlayTime,43953,569,アクションフィギュア 30の詳細説明です。高品質でおすすめの商品です。,2023-06-04
9048,パズルゲーム 30,おもちゃ・ゲーム,Kids,39301,565,パズルゲーム 30の詳細説明です。高品質でおすすめの商品です。,2023-09-03
9049,知育玩具 30,おもちゃ・ゲーム,Fun,31079,67,知育玩具 30の詳細説明です。高品質でおすすめの商品です。,2023-07-12
9050,ゲームソフト 30,おもちゃ・ゲーム,ToyFun,7722,877,ゲームソフト 30の詳細説明です。高品質でおすすめの商品です。,2023-02-10
9051,パズル 31,おもちゃ・ゲーム,Fun,39149,562,パズル 31の詳細説明です。高品質でおすすめの商品です。,2023-01-09
9052,ボードゲーム 31,おもちゃ・ゲーム,ToyFun,42351,218,ボードゲーム 31の詳細説明です。高品質でおすすめの商品です。,2023-03-03
9053,カードゲーム 31,おもちゃ・ゲーム,Fun,39286,656,カードゲーム 31の詳細説明です。高品質でおすすめの商品です。,2023-04-11
9054,プラモデル 31,おもちゃ・ゲーム,GameZone,29693,832,プラモデル 31の詳細説明です。高品質でおすすめの商品です。,2023-09-01
9055,ぬいぐるみ 31,おもちゃ・ゲーム,PlayTime,29988,489,ぬいぐるみ 31の詳細説明です。高品質でおすすめの商品です。,2023-11-17
9056,レゴブロック 31,おもちゃ・ゲーム,PlayTime,4078,215,レゴブロック 31の詳細説明です。高品質でおすすめの商品です。,2023-06-12
9057,アクションフィギュア 31,おもちゃ・ゲーム,Kids,28566,646,アクションフィギュア 31の詳細説明です。高品質でおすすめの商品です。,2023-08-18
9058,パズルゲーム 31,おもちゃ・ゲーム,Kids,19767,903,パズルゲーム 31の詳細説明です。高品質でおすすめの商品です。,2023-02-12
9059,知育玩具 31,おもちゃ・ゲーム,Fun,500,268,知育玩具 31の詳細説明です。高品質でおすすめの商品です。,2023-11-25
9060,ゲームソフト 31,おもちゃ・ゲーム,PlayTime,22856,311,ゲームソフト 31の詳細説明です。高品質でおすすめの商品です。,2023-08-17
9061,パズル 32,おもちゃ・ゲーム,Fun,22259,726,パズル 32の詳細説明です。高品質でおすすめの商品です。,2023-11-14
9062,ボードゲーム 32,おもちゃ・ゲーム,Kids,26661,856,ボードゲーム 32の詳細説明です。高品質でおすすめの商品です。,2023-10-28
9063,カードゲーム 32,おもちゃ・ゲーム,Kids,3364,693,カードゲーム 32の詳細説明です。高品質でおすすめの商品です。,2023-10-09
9064,プラモデル 32,おもちゃ・ゲーム,ToyFun,5041,231,プラモデル 32の詳細説明です。高品質でおすすめの商品です。,2023-12-30
9065,ぬいぐるみ 32,おもちゃ・ゲーム,Kids,42386,823,ぬいぐるみ 32の詳細説明です。高品質でおすすめの商品です。,2023-05-11
9066,レゴブロック 32,おもちゃ・ゲーム,Fun,12717,571,レゴブロック 32の詳細説明です。高品質でおすすめの商品です。,2023-02-13
9067,アクションフィギュア 32,おもちゃ・ゲーム,PlayTime,49508,328,アクションフィギュア 32の詳細説明です。高品質でおすすめの商品です。,2023-12-30
9068,パズルゲーム 32,おもちゃ・ゲーム,PlayTime,46696,256,パズルゲーム 32の詳細説明です。高品質でおすすめの商品です。,2023-12-19
9069,知育玩具 32,おもちゃ・ゲーム,Kids,7969,601,知育玩具 32の詳細説明です。高品質でおすすめの商品です。,2023-06-14
9070,ゲームソフト 32,おもちゃ・ゲーム,Kids,6400,263,ゲームソフト 32の詳細説明です。高品質でおすすめの商品です。,2023-06-09
9071,パズル 33,おもちゃ・ゲーム,ToyFun,19808,21,パズル 33の詳細説明です。高品質でおすすめの商品です。,2023-01-24
9072,ボードゲーム 33,おもちゃ・ゲーム,GameZone,28602,309,ボードゲーム 33の詳細説明です。高品質でおすすめの商品です。,2023-08-16
9073,カードゲーム 33,おもちゃ・ゲーム,Fun,43801,255,カードゲーム 33の詳細説明です。高品質でおすすめの商品です。,2023-07-17
9074,プラモデル 33,おもちゃ・ゲーム,Kids,18062,97,プラモデル 33の詳細説明です。高品質でおすすめの商品です。,2023-02-17
9075,ぬいぐるみ 33,おもちゃ・ゲーム,Fun,44621,863,ぬいぐるみ 33の詳細説明です。高品質でおすすめの商品です。,2023-11-03
9076,レゴブロック 33,おもちゃ・ゲーム,GameZone,7441,45,レゴブロック 33の詳細説明です。高品質でおすすめの商品です。,2023-02-05
9077,アクションフィギュア 33,おもちゃ・ゲーム,PlayTime,30688,637,アクションフィギュア 33の詳細説明です。高品質でおすすめの商品です。,2023-09-20
9078,パズルゲーム 33,おもちゃ・ゲーム,PlayTime,21947,70,パズルゲーム 33の詳細説明です。高品質でおすすめの商品です。,2023-09-25
9079,知育玩具 33,おもちゃ・ゲーム,GameZone,23335,104,知育玩具 33の詳細説明です。高品質でおすすめの商品です。,2023-11-27
9080,ゲームソフト 33,おもちゃ・ゲーム,PlayTime,23903,991,ゲームソフト 33の詳細説明です。高品質でおすすめの商品です。,2023-05-22
9081,パズル 34,おもちゃ・ゲーム,PlayTime,19455,394,パズル 34の詳細説明です。高品質でおすすめの商品です。,2023-02-04
9082,ボードゲーム 34,おもちゃ・ゲーム,Kids,8416,754,ボードゲーム 34の詳細説明です。高品質でおすすめの商品です。,2023-01-25
9083,カードゲーム 34,おもちゃ・ゲーム,Fun,49823,138,カードゲーム 34の詳細説明です。高品質でおすすめの商品です。,2023-04-27
9084,プラモデル 34,おもちゃ・ゲーム,ToyFun,42368,778,プラモデル 34の詳細説明です。高品質でおすすめの商品です。,2023-02-18
9085,ぬいぐるみ 34,おもちゃ・ゲーム,PlayTime,43063,38,ぬいぐるみ 34の詳細説明です。高品質でおすすめの商品です。,2023-09-16
9086,レゴブロック 34,おもちゃ・ゲーム,ToyFun,31901,362,レゴブロック 34の詳細説明です。高品質でおすすめの商品です。,2023-06-12
9087,アクションフィギュア 34,おもちゃ・ゲーム,PlayTime,36723,307,アクションフィギュア 34の詳細説明です。高品質でおすすめの商品です。,2023-07-10
9088,パズルゲーム 34,おもちゃ・ゲーム,GameZone,16540,83,パズルゲーム 34の詳細説明です。高品質でおすすめの商品です。,2023-05-12
9089,知育玩具 34,おもちゃ・ゲーム,Fun,7562,804,知育玩具 34の詳細説明です。高品質でおすすめの商品です。,2023-07-29
9090,ゲームソフト 34,おもちゃ・ゲーム,ToyFun,49380,629,ゲームソフト 34の詳細説明です。高品質でおすすめの商品です。,2023-11-23
9091,パズル 35,おもちゃ・ゲーム,GameZone,31952,878,パズル 35の詳細説明です。高品質でおすすめの商品です。,2023-05-09
9092,ボードゲーム 35,おもちゃ・ゲーム,Kids,36665,993,ボードゲーム 35の詳細説明です。高品質でおすすめの商品です。,2023-12-20
9093,カードゲーム 35,おもちゃ・ゲーム,Fun,15935,348,カードゲーム 35の詳細説明です。高品質でおすすめの商品です。,2023-08-21
9094,プラモデル 35,おもちゃ・ゲーム,Fun,5601,162,プラモデル 35の詳細説明です。高品質でおすすめの商品です。,2023-03-02
9095,ぬいぐるみ 35,おもちゃ・ゲーム,Kids,32687,252,ぬいぐるみ 35の詳細説明です。高品質でおすすめの商品です。,2023-03-11
9096,レゴブロック 35,おもちゃ・ゲーム,ToyFun,7075,411,レゴブロック 35の詳細説明です。高品質でおすすめの商品です。,2023-02-11
9097,アクションフィギュア 35,おもちゃ・ゲーム,PlayTime,41810,674,アクションフィギュア 35の詳細説明です。高品質でおすすめの商品です。,2023-07-19
9098,パズルゲーム 35,おもちゃ・ゲーム,GameZone,23446,675,パズルゲーム 35の詳細説明です。高品質でおすすめの商品です。,2023-01-28
9099,知育玩具 35,おもちゃ・ゲーム,ToyFun,26403,309,知育玩具 35の詳細説明です。高品質でおすすめの商品です。,2023-04-26
9100,ゲームソフト 35,おもちゃ・ゲーム,Kids,20986,332,ゲームソフト 35の詳細説明です。高品質でおすすめの商品です。,2023-09-05
9101,パズル 36,おもちゃ・ゲーム,Kids,18567,699,パズル 36の詳細説明です。高品質でおすすめの商品です。,2023-11-22
9102,ボードゲーム 36,おもちゃ・ゲーム,ToyFun,35549,991,ボードゲーム 36の詳細説明です。高品質でおすすめの商品です。,2023-02-25
9103,カードゲーム 36,おもちゃ・ゲーム,Fun,18899,586,カードゲーム 36の詳細説明です。高品質でおすすめの商品です。,2023-07-16
9104,プラモデル 36,おもちゃ・ゲーム,GameZone,551,153,プラモデル 36の詳細説明です。高品質でおすすめの商品です。,2023-07-22
9105,ぬいぐるみ 36,おもちゃ・ゲーム,GameZone,11040,757,ぬいぐるみ 36の詳細説明です。高品質でおすすめの商品です。,2023-01-20
9106,レゴブロック 36,おもちゃ・ゲーム,Fun,19862,478,レゴブロック 36の詳細説明です。高品質でおすすめの商品です。,2023-02-20
9107,アクションフィギュア 36,おもちゃ・ゲーム,Kids,20847,773,アクションフィギュア 36の詳細説明です。高品質でおすすめの商品です。,2023-09-12
9108,パズルゲーム 36,おもちゃ・ゲーム,PlayTime,6313,385,パズルゲーム 36の詳細説明です。高品質でおすすめの商品です。,2023-02-17
9109,知育玩具 36,おもちゃ・ゲーム,Kids,11295,586,知育玩具 36の詳細説明です。高品質でおすすめの商品です。,2023-04-22
9110,ゲームソフト 36,おもちゃ・ゲーム,ToyFun,22189,528,ゲームソフト 36の詳細説明です。高品質でおすすめの商品です。,2023-07-26
9111,パズル 37,おもちゃ・ゲーム,Fun,15935,227,パズル 37の詳細説明です。高品質でおすすめの商品です。,2023-04-04
9112,ボードゲーム 37,おもちゃ・ゲーム,Fun,45925,53,ボードゲーム 37の詳細説明です。高品質でおすすめの商品です。,2023-06-04
9113,カードゲーム 37,おもちゃ・ゲーム,Fun,30511,682,カードゲーム 37の詳細説明です。高品質でおすすめの商品です。,2023-04-20
9114,プラモデル 37,おもちゃ・ゲーム,Fun,32911,733,プラモデル 37の詳細説明です。高品質でおすすめの商品です。,2023-06-18
9115,ぬいぐるみ 37,おもちゃ・ゲーム,GameZone,1746,744,ぬいぐるみ 37の詳細説明です。高品質でおすすめの商品です。,2023-01-19
9116,レゴブロック 37,おもちゃ・ゲーム,Fun,27838,166,レゴブロック 37の詳細説明です。高品質でおすすめの商品です。,2023-02-01
9117,アクションフィギュア 37,おもちゃ・ゲーム,ToyFun,6076,199,アクションフィギュア 37の詳細説明です。高品質でおすすめの商品です。,2023-03-04
9118,パズルゲーム 37,おもちゃ・ゲーム,ToyFun,15734,620,パズルゲーム 37の詳細説明です。高品質でおすすめの商品です。,2023-05-11
9119,知育玩具 37,おもちゃ・ゲーム,PlayTime,31292,74,知育玩具 37の詳細説明です。高品質でおすすめの商品です。,2023-10-15
9120,ゲームソフト 37,おもちゃ・ゲーム,ToyFun,47680,426,ゲームソフト 37の詳細説明です。高品質でおすすめの商品です。,2023-07-22
9121,パズル 38,おもちゃ・ゲーム,Fun,18800,140,パズル 38の詳細説明です。高品質でおすすめの商品です。,2023-09-11
9122,ボードゲーム 38,おもちゃ・ゲーム,ToyFun,49879,803,ボードゲーム 38の詳細説明です。高品質でおすすめの商品です。,2023-11-28
9123,カードゲーム 38,おもちゃ・ゲーム,GameZone,14231,924,カードゲーム 38の詳細説明です。高品質でおすすめの商品です。,2023-04-01
9124,プラモデル 38,おもちゃ・ゲーム,GameZone,15242,53,プラモデル 38の詳細説明です。高品質でおすすめの商品です。,2023-07-27
9125,ぬいぐるみ 38,おもちゃ・ゲーム,ToyFun,7596,629,ぬいぐるみ 38の詳細説明です。高品質でおすすめの商品です。,2023-01-31
9126,レゴブロック 38,おもちゃ・ゲーム,GameZone,36834,718,レゴブロック 38の詳細説明です。高品質でおすすめの商品です。,2023-06-03
9127,アクションフィギュア 38,おもちゃ・ゲーム,PlayTime,41103,412,アクションフィギュア 38の詳細説明です。高品質でおすすめの商品です。,2023-12-29
9128,パズルゲーム 38,おもちゃ・ゲーム,PlayTime,32983,200,パズルゲーム 38の詳細説明です。高品質でおすすめの商品です。,2023-06-24
9129,知育玩具 38,おもちゃ・ゲーム,PlayTime,14011,9,知育玩具 38の詳細説明です。高品質でおすすめの商品です。,2023-10-24
9130,ゲームソフト 38,おもちゃ・ゲーム,PlayTime,1680,253,ゲームソフト 38の詳細説明です。高品質でおすすめの商品です。,2023-12-25
9131,パズル 39,おもちゃ・ゲーム,ToyFun,25081,974,パズル 39の詳細説明です。高品質でおすすめの商品です。,2023-02-05
9132,ボードゲーム 39,おもちゃ・ゲーム,Fun,36849,311,ボードゲーム 39の詳細説明です。高品質でおすすめの商品です。,2023-06-24
9133,カードゲーム 39,おもちゃ・ゲーム,Fun,44695,747,カードゲーム 39の詳細説明です。高品質でおすすめの商品です。,2023-08-28
9134,プラモデル 39,おもちゃ・ゲーム,GameZone,49485,715,プラモデル 39の詳細説明です。高品質でおすすめの商品です。,2023-11-25
9135,ぬいぐるみ 39,おもちゃ・ゲーム,ToyFun,6799,290,ぬいぐるみ 39の詳細説明です。高品質でおすすめの商品です。,2023-08-12
9136,レゴブロック 39,おもちゃ・ゲーム,GameZone,13088,764,レゴブロック 39の詳細説明です。高品質でおすすめの商品です。,2023-07-03
9137,アクションフィギュア 39,おもちゃ・ゲーム,ToyFun,44739,991,アクションフィギュア 39の詳細説明です。高品質でおすすめの商品です。,2023-04-11
9138,パズルゲーム 39,おもちゃ・ゲーム,PlayTime,25727,327,パズルゲーム 39の詳細説明です。高品質でおすすめの商品です。,2023-09-01
9139,知育玩具 39,おもちゃ・ゲーム,ToyFun,12943,901,知育玩具 39の詳細説明です。高品質でおすすめの商品です。,2023-09-16
9140,ゲームソフト 39,おもちゃ・ゲーム,Kids,35467,219,ゲームソフト 39の詳細説明です。高品質でおすすめの商品です。,2023-06-19
9141,パズル 40,おもちゃ・ゲーム,Kids,501,98,パズル 40の詳細説明です。高品質でおすすめの商品です。,2023-03-03
9142,ボードゲーム 40,おもちゃ・ゲーム,Kids,19086,18,ボードゲーム 40の詳細説明です。高品質でおすすめの商品です。,2023-10-26
9143,カードゲーム 40,おもちゃ・ゲーム,ToyFun,10089,456,カードゲーム 40の詳細説明です。高品質でおすすめの商品です。,2023-02-04
9144,プラモデル 40,おもちゃ・ゲーム,Fun,10115,998,プラモデル 40の詳細説明です。高品質でおすすめの商品です。,2023-07-13
9145,ぬいぐるみ 40,おもちゃ・ゲーム,GameZone,15070,131,ぬいぐるみ 40の詳細説明です。高品質でおすすめの商品です。,2023-11-12
9146,レゴブロック 40,おもちゃ・ゲーム,Kids,32846,669,レゴブロック 40の詳細説明です。高品質でおすすめの商品です。,2023-03-05
9147,アクションフィギュア 40,おもちゃ・ゲーム,Fun,19709,917,アクションフィギュア 40の詳細説明です。高品質でおすすめの商品です。,2023-07-31
9148,パズルゲーム 40,おもちゃ・ゲーム,Fun,14556,72,パズルゲーム 40の詳細説明です。高品質でおすすめの商品です。,2023-01-10
9149,知育玩具 40,おもちゃ・ゲーム,Fun,45335,365,知育玩具 40の詳細説明です。高品質でおすすめの商品です。,2023-03-22
9150,ゲームソフト 40,おもちゃ・ゲーム,ToyFun,18071,569,ゲームソフト 40の詳細説明です。高品質でおすすめの商品です。,2023-07-04
9151,パズル 41,おもちゃ・ゲーム,GameZone,10559,819,パズル 41の詳細説明です。高品質でおすすめの商品です。,2023-10-14
9152,ボードゲーム 41,おもちゃ・ゲーム,Kids,47032,49,ボードゲーム 41の詳細説明です。高品質でおすすめの商品です。,2023-08-15
9153,カードゲーム 41,おもちゃ・ゲーム,ToyFun,27900,505,カードゲーム 41の詳細説明です。高品質でおすすめの商品です。,2023-05-06
9154,プラモデル 41,おもちゃ・ゲーム,Fun,18600,832,プラモデル 41の詳細説明です。高品質でおすすめの商品です。,2023-09-12
9155,ぬいぐるみ 41,おもちゃ・ゲーム,PlayTime,23370,178,ぬいぐるみ 41の詳細説明です。高品質でおすすめの商品です。,2023-11-25
9156,レゴブロック 41,おもちゃ・ゲーム,PlayTime,31831,222,レゴブロック 41の詳細説明です。高品質でおすすめの商品です。,2023-10-13
9157,アクションフィギュア 41,おもちゃ・ゲーム,Fun,19958,344,アクションフィギュア 41の詳細説明です。高品質でおすすめの商品です。,2023-04-07
9158,パズルゲーム 41,おもちゃ・ゲーム,Kids,3289,241,パズルゲーム 41の詳細説明です。高品質でおすすめの商品です。,2023-09-12
9159,知育玩具 41,おもちゃ・ゲーム,Kids,20079,494,知育玩具 41の詳細説明です。高品質でおすすめの商品です。,2023-11-11
9160,ゲームソフト 41,おもちゃ・ゲーム,ToyFun,5466,387,ゲームソフト 41の詳細説明です。高品質でおすすめの商品です。,2023-01-14
9161,パズル 42,おもちゃ・ゲーム,Kids,24651,706,パズル 42の詳細説明です。高品質でおすすめの商品です。,2023-05-20
9162,ボードゲーム 42,おもちゃ・ゲーム,Kids,33673,714,ボードゲーム 42の詳細説明です。高品質でおすすめの商品です。,2023-08-17
9163,カードゲーム 42,おもちゃ・ゲーム,PlayTime,16533,412,カードゲーム 42の詳細説明です。高品質でおすすめの商品です。,2023-05-01
9164,プラモデル 42,おもちゃ・ゲーム,ToyFun,4657,904,プラモデル 42の詳細説明です。高品質でおすすめの商品です。,2023-09-30
9165,ぬいぐるみ 42,おもちゃ・ゲーム,ToyFun,37009,239,ぬいぐるみ 42の詳細説明です。高品質でおすすめの商品です。,2023-05-23
9166,レゴブロック 42,おもちゃ・ゲーム,Kids,42446,577,レゴブロック 42の詳細説明です。高品質でおすすめの商品です。,2023-10-29
9167,アクションフィギュア 42,おもちゃ・ゲーム,Fun,11896,18,アクションフィギュア 42の詳細説明です。高品質でおすすめの商品です。,2023-09-28
9168,パズルゲーム 42,おもちゃ・ゲーム,GameZone,18749,847,パズルゲーム 42の詳細説明です。高品質でおすすめの商品です。,2023-07-23
9169,知育玩具 42,おもちゃ・ゲーム,Fun,7165,867,知育玩具 42の詳細説明です。高品質でおすすめの商品です。,2023-12-24
9170,ゲームソフト 42,おもちゃ・ゲーム,ToyFun,29303,419,ゲームソフト 42の詳細説明です。高品質でおすすめの商品です。,2023-03-05
9171,パズル 43,おもちゃ・ゲーム,Kids,2995,821,パズル 43の詳細説明です。高品質でおすすめの商品です。,2023-12-04
9172,ボードゲーム 43,おもちゃ・ゲーム,Kids,31798,531,ボードゲーム 43の詳細説明です。高品質でおすすめの商品です。,2023-03-02
9173,カードゲーム 43,おもちゃ・ゲーム,Kids,31791,472,カードゲーム 43の詳細説明です。高品質でおすすめの商品です。,2023-10-02
9174,プラモデル 43,おもちゃ・ゲーム,ToyFun,36411,113,プラモデル 43の詳細説明です。高品質でおすすめの商品です。,2023-06-16
9175,ぬいぐるみ 43,おもちゃ・ゲーム,PlayTime,46849,483,ぬいぐるみ 43の詳細説明です。高品質でおすすめの商品です。,2023-09-13
9176,レゴブロック 43,おもちゃ・ゲーム,ToyFun,12015,910,レゴブロック 43の詳細説明です。高品質でおすすめの商品です。,2023-12-03
9177,アクションフィギュア 43,おもちゃ・ゲーム,Kids,36888,554,アクションフィギュア 43の詳細説明です。高品質でおすすめの商品です。,2023-02-13
9178,パズルゲーム 43,おもちゃ・ゲーム,Kids,19063,976,パズルゲーム 43の詳細説明です。高品質でおすすめの商品です。,2023-08-27
9179,知育玩具 43,おもちゃ・ゲーム,PlayTime,35704,141,知育玩具 43の詳細説明です。高品質でおすすめの商品です。,2023-10-19
9180,ゲームソフト 43,おもちゃ・ゲーム,GameZone,2967,277,ゲームソフト 43の詳細説明です。高品質でおすすめの商品です。,2023-09-10
9181,パズル 44,おもちゃ・ゲーム,GameZone,27188,263,パズル 44の詳細説明です。高品質でおすすめの商品です。,2023-07-21
9182,ボードゲーム 44,おもちゃ・ゲーム,Kids,30809,552,ボードゲーム 44の詳細説明です。高品質でおすすめの商品です。,2024-01-01
9183,カードゲーム 44,おもちゃ・ゲーム,PlayTime,35182,613,カードゲーム 44の詳細説明です。高品質でおすすめの商品です。,2023-05-05
9184,プラモデル 44,おもちゃ・ゲーム,Kids,8929,77,プラモデル 44の詳細説明です。高品質でおすすめの商品です。,2023-02-12
9185,ぬいぐるみ 44,おもちゃ・ゲーム,Fun,8751,988,ぬいぐるみ 44の詳細説明です。高品質でおすすめの商品です。,2023-09-02
9186,レゴブロック 44,おもちゃ・ゲーム,GameZone,25632,305,レゴブロック 44の詳細説明です。高品質でおすすめの商品です。,2023-06-25
9187,アクションフィギュア 44,おもちゃ・ゲーム,PlayTime,48008,263,アクションフィギュア 44の詳細説明です。高品質でおすすめの商品です。,2023-02-12
9188,パズルゲーム 44,おもちゃ・ゲーム,Kids,30255,699,パズルゲーム 44の詳細説明です。高品質でおすすめの商品です。,2023-07-06
9189,知育玩具 44,おもちゃ・ゲーム,Kids,29255,381,知育玩具 44の詳細説明です。高品質でおすすめの商品です。,2023-03-05
9190,ゲームソフト 44,おもちゃ・ゲーム,Kids,39918,714,ゲームソフト 44の詳細説明です。高品質でおすすめの商品です。,2023-06-06
9191,パズル 45,おもちゃ・ゲーム,ToyFun,28672,246,パズル 45の詳細説明です。高品質でおすすめの商品です。,2023-08-10
9192,ボードゲーム 45,おもちゃ・ゲーム,ToyFun,26095,277,ボードゲーム 45の詳細説明です。高品質でおすすめの商品です。,2023-02-12
9193,カードゲーム 45,おもちゃ・ゲーム,PlayTime,35368,898,カードゲーム 45の詳細説明です。高品質でおすすめの商品です。,2023-05-19
9194,プラモデル 45,おもちゃ・ゲーム,Fun,42705,359,プラモデル 45の詳細説明です。高品質でおすすめの商品です。,2023-01-20
9195,ぬいぐるみ 45,おもちゃ・ゲーム,ToyFun,5881,38,ぬいぐるみ 45の詳細説明です。高品質でおすすめの商品です。,2023-12-11
9196,レゴブロック 45,おもちゃ・ゲーム,ToyFun,49026,7,レゴブロック 45の詳細説明です。高品質でおすすめの商品です。,2023-05-04
9197,アクションフィギュア 45,おもちゃ・ゲーム,PlayTime,48302,766,アクションフィギュア 45の詳細説明です。高品質でおすすめの商品です。,2023-01-09
9198,パズルゲーム 45,おもちゃ・ゲーム,GameZone,33046,255,パズルゲーム 45の詳細説明です。高品質でおすすめの商品です。,2023-09-26
9199,知育玩具 45,おもちゃ・ゲーム,Fun,11429,492,知育玩具 45の詳細説明です。高品質でおすすめの商品です。,2023-06-20
9200,ゲームソフト 45,おもちゃ・ゲーム,ToyFun,41520,707,ゲームソフト 45の詳細説明です。高品質でおすすめの商品です。,2023-12-10
9201,パズル 46,おもちゃ・ゲーム,PlayTime,11799,196,パズル 46の詳細説明です。高品質でおすすめの商品です。,2023-02-25
9202,ボードゲーム 46,おもちゃ・ゲーム,ToyFun,40158,309,ボードゲーム 46の詳細説明です。高品質でおすすめの商品です。,2023-08-24
9203,カードゲーム 46,おもちゃ・ゲーム,Fun,2319,155,カードゲーム 46の詳細説明です。高品質でおすすめの商品です。,2023-10-24
9204,プラモデル 46,おもちゃ・ゲーム,Kids,34899,174,プラモデル 46の詳細説明です。高品質でおすすめの商品です。,2023-09-07
9205,ぬいぐるみ 46,おもちゃ・ゲーム,Kids,16252,538,ぬいぐるみ 46の詳細説明です。高品質でおすすめの商品です。,2023-05-24
9206,レゴブロック 46,おもちゃ・ゲーム,GameZone,28364,982,レゴブロック 46の詳細説明です。高品質でおすすめの商品です。,2023-12-06
9207,アクションフィギュア 46,おもちゃ・ゲーム,GameZone,16802,54,アクションフィギュア 46の詳細説明です。高品質でおすすめの商品です。,2023-12-04
9208,パズルゲーム 46,おもちゃ・ゲーム,ToyFun,30533,492,パズルゲーム 46の詳細説明です。高品質でおすすめの商品です。,2023-01-19
9209,知育玩具 46,おもちゃ・ゲーム,Fun,31310,296,知育玩具 46の詳細説明です。高品質でおすすめの商品です。,2023-11-02
9210,ゲームソフト 46,おもちゃ・ゲーム,PlayTime,30191,568,ゲームソフト 46の詳細説明です。高品質でおすすめの商品です。,2023-09-09
9211,パズル 47,おもちゃ・ゲーム,Fun,38623,830,パズル 47の詳細説明です。高品質でおすすめの商品です。,2023-12-03
9212,ボードゲーム 47,おもちゃ・ゲーム,ToyFun,9274,153,ボードゲーム 47の詳細説明です。高品質でおすすめの商品です。,2023-08-27
9213,カードゲーム 47,おもちゃ・ゲーム,ToyFun,2589,618,カードゲーム 47の詳細説明です。高品質でおすすめの商品です。,2023-11-28
9214,プラモデル 47,おもちゃ・ゲーム,ToyFun,26662,70,プラモデル 47の詳細説明です。高品質でおすすめの商品です。,2023-06-01
9215,ぬいぐるみ 47,おもちゃ・ゲーム,ToyFun,23745,637,ぬいぐるみ 47の詳細説明です。高品質でおすすめの商品です。,2023-06-06
9216,レゴブロック 47,おもちゃ・ゲーム,PlayTime,19400,867,レゴブロック 47の詳細説明です。高品質でおすすめの商品です。,2023-01-18
9217,アクションフィギュア 47,おもちゃ・ゲーム,GameZone,31976,681,アクションフィギュア 47の詳細説明です。高品質でおすすめの商品です。,2023-12-03
9218,パズルゲーム 47,おもちゃ・ゲーム,Kids,43744,607,パズルゲーム 47の詳細説明です。高品質でおすすめの商品です。,2023-04-30
9219,知育玩具 47,おもちゃ・ゲーム,Fun,28609,437,知育玩具 47の詳細説明です。高品質でおすすめの商品です。,2023-03-23
9220,ゲームソフト 47,おもちゃ・ゲーム,Fun,8369,475,ゲームソフト 47の詳細説明です。高品質でおすすめの商品です。,2023-08-23
9221,パズル 48,おもちゃ・ゲーム,ToyFun,17740,475,パズル 48の詳細説明です。高品質でおすすめの商品です。,2023-04-11
9222,ボードゲーム 48,おもちゃ・ゲーム,PlayTime,19514,616,ボードゲーム 48の詳細説明です。高品質でおすすめの商品です。,2023-05-20
9223,カードゲーム 48,おもちゃ・ゲーム,Kids,24897,490,カードゲーム 48の詳細説明です。高品質でおすすめの商品です。,2023-01-06
9224,プラモデル 48,おもちゃ・ゲーム,ToyFun,48925,289,プラモデル 48の詳細説明です。高品質でおすすめの商品です。,2023-06-22
9225,ぬいぐるみ 48,おもちゃ・ゲーム,ToyFun,6641,60,ぬいぐるみ 48の詳細説明です。高品質でおすすめの商品です。,2023-04-13
9226,レゴブロック 48,おもちゃ・ゲーム,GameZone,49573,326,レゴブロック 48の詳細説明です。高品質でおすすめの商品です。,2023-11-05
9227,アクションフィギュア 48,おもちゃ・ゲーム,Kids,28533,170,アクションフィギュア 48の詳細説明です。高品質でおすすめの商品です。,2023-12-15
9228,パズルゲーム 48,おもちゃ・ゲーム,ToyFun,45306,777,パズルゲーム 48の詳細説明です。高品質でおすすめの商品です。,2023-09-13
9229,知育玩具 48,おもちゃ・ゲーム,Fun,36737,671,知育玩具 48の詳細説明です。高品質でおすすめの商品です。,2023-02-22
9230,ゲームソフト 48,おもちゃ・ゲーム,ToyFun,21134,456,ゲームソフト 48の詳細説明です。高品質でおすすめの商品です。,2023-12-19
9231,パズル 49,おもちゃ・ゲーム,GameZone,41402,495,パズル 49の詳細説明です。高品質でおすすめの商品です。,2023-09-10
9232,ボードゲーム 49,おもちゃ・ゲーム,Fun,39864,995,ボードゲーム 49の詳細説明です。高品質でおすすめの商品です。,2023-05-03
9233,カードゲーム 49,おもちゃ・ゲーム,Fun,15673,773,カードゲーム 49の詳細説明です。高品質でおすすめの商品です。,2023-06-22
9234,プラモデル 49,おもちゃ・ゲーム,GameZone,10721,931,プラモデル 49の詳細説明です。高品質でおすすめの商品です。,2023-10-20
9235,ぬいぐるみ 49,おもちゃ・ゲーム,GameZone,16894,453,ぬいぐるみ 49の詳細説明です。高品質でおすすめの商品です。,2023-06-29
9236,レゴブロック 49,おもちゃ・ゲーム,GameZone,27936,526,レゴブロック 49の詳細説明です。高品質でおすすめの商品です。,2023-11-16
9237,アクションフィギュア 49,おもちゃ・ゲーム,GameZone,34456,217,アクションフィギュア 49の詳細説明です。高品質でおすすめの商品です。,2023-08-16
9238,パズルゲーム 49,おもちゃ・ゲーム,PlayTime,7724,129,パズルゲーム 49の詳細説明です。高品質でおすすめの商品です。,2023-12-03
9239,知育玩具 49,おもちゃ・ゲーム,ToyFun,15540,290,知育玩具 49の詳細説明です。高品質でおすすめの商品です。,2023-10-09
9240,ゲームソフト 49,おもちゃ・ゲーム,Kids,6964,346,ゲームソフト 49の詳細説明です。高品質でおすすめの商品です。,2023-07-05
9241,パズル 50,おもちゃ・ゲーム,ToyFun,11789,793,パズル 50の詳細説明です。高品質でおすすめの商品です。,2023-11-29
9242,ボードゲーム 50,おもちゃ・ゲーム,ToyFun,10160,202,ボードゲーム 50の詳細説明です。高品質でおすすめの商品です。,2023-12-03
9243,カードゲーム 50,おもちゃ・ゲーム,ToyFun,39914,637,カードゲーム 50の詳細説明です。高品質でおすすめの商品です。,2023-08-07
9244,プラモデル 50,おもちゃ・ゲーム,PlayTime,49719,65,プラモデル 50の詳細説明です。高品質でおすすめの商品です。,2023-05-19
9245,ぬいぐるみ 50,おもちゃ・ゲーム,GameZone,21335,851,ぬいぐるみ 50の詳細説明です。高品質でおすすめの商品です。,2023-08-16
9246,レゴブロック 50,おもちゃ・ゲーム,GameZone,3320,382,レゴブロック 50の詳細説明です。高品質でおすすめの商品です。,2023-07-23
9247,アクションフィギュア 50,おもちゃ・ゲーム,PlayTime,9491,508,アクションフィギュア 50の詳細説明です。高品質でおすすめの商品です。,2023-10-31
9248,パズルゲーム 50,おもちゃ・ゲーム,Fun,44916,831,パズルゲーム 50の詳細説明です。高品質でおすすめの商品です。,2023-08-08
9249,知育玩具 50,おもちゃ・ゲーム,Kids,12871,900,知育玩具 50の詳細説明です。高品質でおすすめの商品です。,2023-07-18
9250,ゲームソフト 50,おもちゃ・ゲーム,GameZone,45482,887,ゲームソフト 50の詳細説明です。高品質でおすすめの商品です。,2023-10-27
9251,パズル 51,おもちゃ・ゲーム,PlayTime,27850,887,パズル 51の詳細説明です。高品質でおすすめの商品です。,2023-04-03
9252,ボードゲーム 51,おもちゃ・ゲーム,Kids,32502,958,ボードゲーム 51の詳細説明です。高品質でおすすめの商品です。,2023-06-24
9253,カードゲーム 51,おもちゃ・ゲーム,Fun,27923,770,カードゲーム 51の詳細説明です。高品質でおすすめの商品です。,2023-09-23
9254,プラモデル 51,おもちゃ・ゲーム,Kids,16364,735,プラモデル 51の詳細説明です。高品質でおすすめの商品です。,2023-10-31
9255,ぬいぐるみ 51,おもちゃ・ゲーム,ToyFun,23773,342,ぬいぐるみ 51の詳細説明です。高品質でおすすめの商品です。,2023-12-08
9256,レゴブロック 51,おもちゃ・ゲーム,Fun,36339,698,レゴブロック 51の詳細説明です。高品質でおすすめの商品です。,2023-09-26
9257,アクションフィギュア 51,おもちゃ・ゲーム,Fun,13990,934,アクションフィギュア 51の詳細説明です。高品質でおすすめの商品です。,2023-10-26
9258,パズルゲーム 51,おもちゃ・ゲーム,ToyFun,22676,997,パズルゲーム 51の詳細説明です。高品質でおすすめの商品です。,2023-01-25
9259,知育玩具 51,おもちゃ・ゲーム,GameZone,25584,43,知育玩具 51の詳細説明です。高品質でおすすめの商品です。,2023-09-02
9260,ゲームソフト 51,おもちゃ・ゲーム,Fun,39637,851,ゲームソフト 51の詳細説明です。高品質でおすすめの商品です。,2023-08-11
9261,パズル 52,おもちゃ・ゲーム,PlayTime,48275,893,パズル 52の詳細説明です。高品質でおすすめの商品です。,2023-08-20
9262,ボードゲーム 52,おもちゃ・ゲーム,GameZone,40344,749,ボードゲーム 52の詳細説明です。高品質でおすすめの商品です。,2023-08-13
9263,カードゲーム 52,おもちゃ・ゲーム,PlayTime,30440,460,カードゲーム 52の詳細説明です。高品質でおすすめの商品です。,2023-11-02
9264,プラモデル 52,おもちゃ・ゲーム,Fun,25640,523,プラモデル 52の詳細説明です。高品質でおすすめの商品です。,2023-11-12
9265,ぬいぐるみ 52,おもちゃ・ゲーム,GameZone,922,665,ぬいぐるみ 52の詳細説明です。高品質でおすすめの商品です。,2023-06-02
9266,レゴブロック 52,おもちゃ・ゲーム,GameZone,13156,499,レゴブロック 52の詳細説明です。高品質でおすすめの商品です。,2023-02-28
9267,アクションフィギュア 52,おもちゃ・ゲーム,Kids,3624,171,アクションフィギュア 52の詳細説明です。高品質でおすすめの商品です。,2023-11-23
9268,パズルゲーム 52,おもちゃ・ゲーム,Kids,42088,233,パズルゲーム 52の詳細説明です。高品質でおすすめの商品です。,2023-08-25
9269,知育玩具 52,おもちゃ・ゲーム,Fun,9947,620,知育玩具 52の詳細説明です。高品質でおすすめの商品です。,2023-10-23
9270,ゲームソフト 52,おもちゃ・ゲーム,GameZone,28535,860,ゲームソフト 52の詳細説明です。高品質でおすすめの商品です。,2023-03-26
9271,パズル 53,おもちゃ・ゲーム,GameZone,10144,294,パズル 53の詳細説明です。高品質でおすすめの商品です。,2023-09-22
9272,ボードゲーム 53,おもちゃ・ゲーム,ToyFun,43847,236,ボードゲーム 53の詳細説明です。高品質でおすすめの商品です。,2023-04-08
9273,カードゲーム 53,おもちゃ・ゲーム,ToyFun,17978,23,カードゲーム 53の詳細説明です。高品質でおすすめの商品です。,2023-05-05
9274,プラモデル 53,おもちゃ・ゲーム,ToyFun,2301,88,プラモデル 53の詳細説明です。高品質でおすすめの商品です。,2023-04-30
9275,ぬいぐるみ 53,おもちゃ・ゲーム,Fun,38201,158,ぬいぐるみ 53の詳細説明です。高品質でおすすめの商品です。,2023-05-05
9276,レゴブロック 53,おもちゃ・ゲーム,PlayTime,19843,212,レゴブロック 53の詳細説明です。高品質でおすすめの商品です。,2023-10-22
9277,アクションフィギュア 53,おもちゃ・ゲーム,PlayTime,21327,270,アクションフィギュア 53の詳細説明です。高品質でおすすめの商品です。,2023-03-20
9278,パズルゲーム 53,おもちゃ・ゲーム,ToyFun,13511,699,パズルゲーム 53の詳細説明です。高品質でおすすめの商品です。,2023-05-14
9279,知育玩具 53,おもちゃ・ゲーム,Fun,26791,556,知育玩具 53の詳細説明です。高品質でおすすめの商品です。,2023-03-27
9280,ゲームソフト 53,おもちゃ・ゲーム,PlayTime,43221,497,ゲームソフト 53の詳細説明です。高品質でおすすめの商品です。,2023-03-13
9281,パズル 54,おもちゃ・ゲーム,Fun,35874,181,パズル 54の詳細説明です。高品質でおすすめの商品です。,2023-12-06
9282,ボードゲーム 54,おもちゃ・ゲーム,PlayTime,41365,875,ボードゲーム 54の詳細説明です。高品質でおすすめの商品です。,2023-01-30
9283,カードゲーム 54,おもちゃ・ゲーム,Kids,46709,136,カードゲーム 54の詳細説明です。高品質でおすすめの商品です。,2023-12-22
9284,プラモデル 54,おもちゃ・ゲーム,PlayTime,48962,59,プラモデル 54の詳細説明です。高品質でおすすめの商品です。,2023-09-24
9285,ぬいぐるみ 54,おもちゃ・ゲーム,GameZone,7920,946,ぬいぐるみ 54の詳細説明です。高品質でおすすめの商品です。,2023-09-14
9286,レゴブロック 54,おもちゃ・ゲーム,Fun,8589,139,レゴブロック 54の詳細説明です。高品質でおすすめの商品です。,2023-02-12
9287,アクションフィギュア 54,おもちゃ・ゲーム,Kids,3775,684,アクションフィギュア 54の詳細説明です。高品質でおすすめの商品です。,2023-05-09
9288,パズルゲーム 54,おもちゃ・ゲーム,GameZone,25646,55,パズルゲーム 54の詳細説明です。高品質でおすすめの商品です。,2023-03-19
9289,知育玩具 54,おもちゃ・ゲーム,GameZone,31423,810,知育玩具 54の詳細説明です。高品質でおすすめの商品です。,2023-09-14
9290,ゲームソフト 54,おもちゃ・ゲーム,Kids,35043,616,ゲームソフト 54の詳細説明です。高品質でおすすめの商品です。,2023-11-10
9291,パズル 55,おもちゃ・ゲーム,GameZone,27428,175,パズル 55の詳細説明です。高品質でおすすめの商品です。,2023-06-27
9292,ボードゲーム 55,おもちゃ・ゲーム,Kids,37731,595,ボードゲーム 55の詳細説明です。高品質でおすすめの商品です。,2023-08-04
9293,カードゲーム 55,おもちゃ・ゲーム,Fun,47663,484,カードゲーム 55の詳細説明です。高品質でおすすめの商品です。,2023-05-19
9294,プラモデル 55,おもちゃ・ゲーム,Fun,45105,543,プラモデル 55の詳細説明です。高品質でおすすめの商品です。,2023-06-04
9295,ぬいぐるみ 55,おもちゃ・ゲーム,ToyFun,8160,750,ぬいぐるみ 55の詳細説明です。高品質でおすすめの商品です。,2023-10-01
9296,レゴブロック 55,おもちゃ・ゲーム,GameZone,43687,524,レゴブロック 55の詳細説明です。高品質でおすすめの商品です。,2023-02-01
9297,アクションフィギュア 55,おもちゃ・ゲーム,Fun,8428,763,アクションフィギュア 55の詳細説明です。高品質でおすすめの商品です。,2023-10-25
9298,パズルゲーム 55,おもちゃ・ゲーム,PlayTime,47913,3,パズルゲーム 55の詳細説明です。高品質でおすすめの商品です。,2023-01-29
9299,知育玩具 55,おもちゃ・ゲーム,PlayTime,10375,519,知育玩具 55の詳細説明です。高品質でおすすめの商品です。,2023-05-04
9300,ゲームソフト 55,おもちゃ・ゲーム,ToyFun,42694,697,ゲームソフト 55の詳細説明です。高品質でおすすめの商品です。,2023-12-26
9301,パズル 56,おもちゃ・ゲーム,ToyFun,43568,81,パズル 56の詳細説明です。高品質でおすすめの商品です。,2023-09-14
9302,ボードゲーム 56,おもちゃ・ゲーム,Fun,25953,352,ボードゲーム 56の詳細説明です。高品質でおすすめの商品です。,2023-10-26
9303,カードゲーム 56,おもちゃ・ゲーム,PlayTime,986,287,カードゲーム 56の詳細説明です。高品質でおすすめの商品です。,2023-01-02
9304,プラモデル 56,おもちゃ・ゲーム,Fun,17103,867,プラモデル 56の詳細説明です。高品質でおすすめの商品です。,2023-08-17
9305,ぬいぐるみ 56,おもちゃ・ゲーム,ToyFun,7744,165,ぬいぐるみ 56の詳細説明です。高品質でおすすめの商品です。,2023-07-01
9306,レゴブロック 56,おもちゃ・ゲーム,Fun,44457,941,レゴブロック 56の詳細説明です。高品質でおすすめの商品です。,2023-05-24
9307,アクションフィギュア 56,おもちゃ・ゲーム,Kids,20008,923,アクションフィギュア 56の詳細説明です。高品質でおすすめの商品です。,2023-09-27
9308,パズルゲーム 56,おもちゃ・ゲーム,Fun,19552,518,パズルゲーム 56の詳細説明です。高品質でおすすめの商品です。,2023-02-06
9309,知育玩具 56,おもちゃ・ゲーム,ToyFun,48662,557,知育玩具 56の詳細説明です。高品質でおすすめの商品です。,2023-08-03
9310,ゲームソフト 56,おもちゃ・ゲーム,GameZone,38806,964,ゲームソフト 56の詳細説明です。高品質でおすすめの商品です。,2023-08-10
9311,パズル 57,おもちゃ・ゲーム,Kids,47588,576,パズル 57の詳細説明です。高品質でおすすめの商品です。,2023-02-04
9312,ボードゲーム 57,おもちゃ・ゲーム,PlayTime,7641,947,ボードゲーム 57の詳細説明です。高品質でおすすめの商品です。,2023-08-02
9313,カードゲーム 57,おもちゃ・ゲーム,GameZone,29697,588,カードゲーム 57の詳細説明です。高品質でおすすめの商品です。,2023-06-25
9314,プラモデル 57,おもちゃ・ゲーム,ToyFun,40758,455,プラモデル 57の詳細説明です。高品質でおすすめの商品です。,2023-03-30
9315,ぬいぐるみ 57,おもちゃ・ゲーム,GameZone,32357,193,ぬいぐるみ 57の詳細説明です。高品質でおすすめの商品です。,2023-08-14
9316,レゴブロック 57,おもちゃ・ゲーム,GameZone,34798,224,レゴブロック 57の詳細説明です。高品質でおすすめの商品です。,2023-03-23
9317,アクションフィギュア 57,おもちゃ・ゲーム,PlayTime,26615,457,アクションフィギュア 57の詳細説明です。高品質でおすすめの商品です。,2023-12-09
9318,パズルゲーム 57,おもちゃ・ゲーム,Fun,14168,111,パズルゲーム 57の詳細説明です。高品質でおすすめの商品です。,2023-04-05
9319,知育玩具 57,おもちゃ・ゲーム,ToyFun,44387,319,知育玩具 57の詳細説明です。高品質でおすすめの商品です。,2023-06-26
9320,ゲームソフト 57,おもちゃ・ゲーム,PlayTime,14877,56,ゲームソフト 57の詳細説明です。高品質でおすすめの商品です。,2023-09-06
9321,パズル 58,おもちゃ・ゲーム,PlayTime,7342,997,パズル 58の詳細説明です。高品質でおすすめの商品です。,2023-03-23
9322,ボードゲーム 58,おもちゃ・ゲーム,PlayTime,39702,975,ボードゲーム 58の詳細説明です。高品質でおすすめの商品です。,2023-10-23
9323,カードゲーム 58,おもちゃ・ゲーム,Fun,44842,695,カードゲーム 58の詳細説明です。高品質でおすすめの商品です。,2023-12-29
9324,プラモデル 58,おもちゃ・ゲーム,ToyFun,7175,457,プラモデル 58の詳細説明です。高品質でおすすめの商品です。,2023-03-21
9325,ぬいぐるみ 58,おもちゃ・ゲーム,GameZone,625,546,ぬいぐるみ 58の詳細説明です。高品質でおすすめの商品です。,2023-03-31
9326,レゴブロック 58,おもちゃ・ゲーム,ToyFun,2396,818,レゴブロック 58の詳細説明です。高品質でおすすめの商品です。,2023-04-16
9327,アクションフィギュア 58,おもちゃ・ゲーム,PlayTime,48555,131,アクションフィギュア 58の詳細説明です。高品質でおすすめの商品です。,2023-03-06
9328,パズルゲーム 58,おもちゃ・ゲーム,ToyFun,9193,65,パズルゲーム 58の詳細説明です。高品質でおすすめの商品です。,2023-07-30
9329,知育玩具 58,おもちゃ・ゲーム,GameZone,33687,207,知育玩具 58の詳細説明です。高品質でおすすめの商品です。,2023-04-22
9330,ゲームソフト 58,おもちゃ・ゲーム,Kids,20011,636,ゲームソフト 58の詳細説明です。高品質でおすすめの商品です。,2023-01-17
9331,パズル 59,おもちゃ・ゲーム,ToyFun,2950,681,パズル 59の詳細説明です。高品質でおすすめの商品です。,2023-04-22
9332,ボードゲーム 59,おもちゃ・ゲーム,Kids,49621,933,ボードゲーム 59の詳細説明です。高品質でおすすめの商品です。,2023-02-05
9333,カードゲーム 59,おもちゃ・ゲーム,PlayTime,29056,426,カードゲーム 59の詳細説明です。高品質でおすすめの商品です。,2023-03-04
9334,プラモデル 59,おもちゃ・ゲーム,Fun,12686,942,プラモデル 59の詳細説明です。高品質でおすすめの商品です。,2023-05-10
9335,ぬいぐるみ 59,おもちゃ・ゲーム,ToyFun,5333,966,ぬいぐるみ 59の詳細説明です。高品質でおすすめの商品です。,2023-05-22
9336,レゴブロック 59,おもちゃ・ゲーム,GameZone,21517,713,レゴブロック 59の詳細説明です。高品質でおすすめの商品です。,2023-10-06
9337,アクションフィギュア 59,おもちゃ・ゲーム,Fun,9073,445,アクションフィギュア 59の詳細説明です。高品質でおすすめの商品です。,2023-05-01
9338,パズルゲーム 59,おもちゃ・ゲーム,Kids,37235,881,パズルゲーム 59の詳細説明です。高品質でおすすめの商品です。,2023-11-24
9339,知育玩具 59,おもちゃ・ゲーム,GameZone,39539,722,知育玩具 59の詳細説明です。高品質でおすすめの商品です。,2023-08-06
9340,ゲームソフト 59,おもちゃ・ゲーム,Kids,23013,27,ゲームソフト 59の詳細説明です。高品質でおすすめの商品です。,2023-12-28
9341,パズル 60,おもちゃ・ゲーム,Kids,5815,258,パズル 60の詳細説明です。高品質でおすすめの商品です。,2023-01-06
9342,ボードゲーム 60,おもちゃ・ゲーム,Fun,14213,575,ボードゲーム 60の詳細説明です。高品質でおすすめの商品です。,2023-04-14
9343,カードゲーム 60,おもちゃ・ゲーム,Kids,3393,997,カードゲーム 60の詳細説明です。高品質でおすすめの商品です。,2023-08-26
9344,プラモデル 60,おもちゃ・ゲーム,Kids,13185,479,プラモデル 60の詳細説明です。高品質でおすすめの商品です。,2023-08-06
9345,ぬいぐるみ 60,おもちゃ・ゲーム,PlayTime,2878,552,ぬいぐるみ 60の詳細説明です。高品質でおすすめの商品です。,2023-01-22
9346,レゴブロック 60,おもちゃ・ゲーム,GameZone,3854,563,レゴブロック 60の詳細説明です。高品質でおすすめの商品です。,2023-07-28
9347,アクションフィギュア 60,おもちゃ・ゲーム,Fun,40579,284,アクションフィギュア 60の詳細説明です。高品質でおすすめの商品です。,2023-11-22
9348,パズルゲーム 60,おもちゃ・ゲーム,Fun,16140,127,パズルゲーム 60の詳細説明です。高品質でおすすめの商品です。,2023-03-19
9349,知育玩具 60,おもちゃ・ゲーム,Kids,27222,577,知育玩具 60の詳細説明です。高品質でおすすめの商品です。,2023-03-11
9350,ゲームソフト 60,おもちゃ・ゲーム,PlayTime,49482,354,ゲームソフト 60の詳細説明です。高品質でおすすめの商品です。,2023-11-27
9351,パズル 61,おもちゃ・ゲーム,GameZone,15807,883,パズル 61の詳細説明です。高品質でおすすめの商品です。,2023-11-17
9352,ボードゲーム 61,おもちゃ・ゲーム,PlayTime,41641,901,ボードゲーム 61の詳細説明です。高品質でおすすめの商品です。,2023-01-24
9353,カードゲーム 61,おもちゃ・ゲーム,Kids,30710,176,カードゲーム 61の詳細説明です。高品質でおすすめの商品です。,2023-03-11
9354,プラモデル 61,おもちゃ・ゲーム,Fun,33722,435,プラモデル 61の詳細説明です。高品質でおすすめの商品です。,2023-08-01
9355,ぬいぐるみ 61,おもちゃ・ゲーム,Fun,7578,87,ぬいぐるみ 61の詳細説明です。高品質でおすすめの商品です。,2023-01-10
9356,レゴブロック 61,おもちゃ・ゲーム,PlayTime,16142,326,レゴブロック 61の詳細説明です。高品質でおすすめの商品です。,2023-03-10
9357,アクションフィギュア 61,おもちゃ・ゲーム,Fun,42138,992,アクションフィギュア 61の詳細説明です。高品質でおすすめの商品です。,2023-01-11
9358,パズルゲーム 61,おもちゃ・ゲーム,Fun,22946,335,パズルゲーム 61の詳細説明です。高品質でおすすめの商品です。,2023-07-11
9359,知育玩具 61,おもちゃ・ゲーム,Kids,36697,281,知育玩具 61の詳細説明です。高品質でおすすめの商品です。,2023-08-30
9360,ゲームソフト 61,おもちゃ・ゲーム,GameZone,1526,65,ゲームソフト 61の詳細説明です。高品質でおすすめの商品です。,2023-05-04
9361,パズル 62,おもちゃ・ゲーム,ToyFun,1482,159,パズル 62の詳細説明です。高品質でおすすめの商品です。,2023-07-26
9362,ボードゲーム 62,おもちゃ・ゲーム,Kids,35502,694,ボードゲーム 62の詳細説明です。高品質でおすすめの商品です。,2023-11-24
9363,カードゲーム 62,おもちゃ・ゲーム,Fun,33932,770,カードゲーム 62の詳細説明です。高品質でおすすめの商品です。,2023-08-18
9364,プラモデル 62,おもちゃ・ゲーム,PlayTime,27274,583,プラモデル 62の詳細説明です。高品質でおすすめの商品です。,2023-10-17
9365,ぬいぐるみ 62,おもちゃ・ゲーム,ToyFun,8036,572,ぬいぐるみ 62の詳細説明です。高品質でおすすめの商品です。,2023-02-10
9366,レゴブロック 62,おもちゃ・ゲーム,GameZone,6263,984,レゴブロック 62の詳細説明です。高品質でおすすめの商品です。,2023-07-25
9367,アクションフィギュア 62,おもちゃ・ゲーム,GameZone,35631,880,アクションフィギュア 62の詳細説明です。高品質でおすすめの商品です。,2023-08-26
9368,パズルゲーム 62,おもちゃ・ゲーム,Fun,41862,589,パズルゲーム 62の詳細説明です。高品質でおすすめの商品です。,2023-06-10
9369,知育玩具 62,おもちゃ・ゲーム,GameZone,11165,352,知育玩具 62の詳細説明です。高品質でおすすめの商品です。,2023-11-16
9370,ゲームソフト 62,おもちゃ・ゲーム,Kids,48930,928,ゲームソフト 62の詳細説明です。高品質でおすすめの商品です。,2023-06-19
9371,パズル 63,おもちゃ・ゲーム,Fun,21687,793,パズル 63の詳細説明です。高品質でおすすめの商品です。,2023-03-13
9372,ボードゲーム 63,おもちゃ・ゲーム,PlayTime,8921,946,ボードゲーム 63の詳細説明です。高品質でおすすめの商品です。,2023-12-03
9373,カードゲーム 63,おもちゃ・ゲーム,PlayTime,5877,287,カードゲーム 63の詳細説明です。高品質でおすすめの商品です。,2023-12-17
9374,プラモデル 63,おもちゃ・ゲーム,Fun,18060,899,プラモデル 63の詳細説明です。高品質でおすすめの商品です。,2023-06-24
9375,ぬいぐるみ 63,おもちゃ・ゲーム,GameZone,45442,227,ぬいぐるみ 63の詳細説明です。高品質でおすすめの商品です。,2023-04-23
9376,レゴブロック 63,おもちゃ・ゲーム,PlayTime,40546,140,レゴブロック 63の詳細説明です。高品質でおすすめの商品です。,2023-11-17
9377,アクションフィギュア 63,おもちゃ・ゲーム,GameZone,27744,610,アクションフィギュア 63の詳細説明です。高品質でおすすめの商品です。,2023-01-13
9378,パズルゲーム 63,おもちゃ・ゲーム,ToyFun,32072,114,パズルゲーム 63の詳細説明です。高品質でおすすめの商品です。,2023-10-15
9379,知育玩具 63,おもちゃ・ゲーム,GameZone,25729,18,知育玩具 63の詳細説明です。高品質でおすすめの商品です。,2023-12-31
9380,ゲームソフト 63,おもちゃ・ゲーム,PlayTime,49668,328,ゲームソフト 63の詳細説明です。高品質でおすすめの商品です。,2023-03-21
9381,パズル 64,おもちゃ・ゲーム,Fun,32123,546,パズル 64の詳細説明です。高品質でおすすめの商品です。,2023-09-02
9382,ボードゲーム 64,おもちゃ・ゲーム,Kids,30388,677,ボードゲーム 64の詳細説明です。高品質でおすすめの商品です。,2023-05-13
9383,カードゲーム 64,おもちゃ・ゲーム,PlayTime,25219,537,カードゲーム 64の詳細説明です。高品質でおすすめの商品です。,2023-12-05
9384,プラモデル 64,おもちゃ・ゲーム,PlayTime,1345,817,プラモデル 64の詳細説明です。高品質でおすすめの商品です。,2023-08-18
9385,ぬいぐるみ 64,おもちゃ・ゲーム,Fun,3193,410,ぬいぐるみ 64の詳細説明です。高品質でおすすめの商品です。,2023-09-22
9386,レゴブロック 64,おもちゃ・ゲーム,ToyFun,14040,111,レゴブロック 64の詳細説明です。高品質でおすすめの商品です。,2023-08-03
9387,アクションフィギュア 64,おもちゃ・ゲーム,ToyFun,14891,272,アクションフィギュア 64の詳細説明です。高品質でおすすめの商品です。,2023-12-05
9388,パズルゲーム 64,おもちゃ・ゲーム,ToyFun,31944,664,パズルゲーム 64の詳細説明です。高品質でおすすめの商品です。,2023-02-28
9389,知育玩具 64,おもちゃ・ゲーム,GameZone,11154,183,知育玩具 64の詳細説明です。高品質でおすすめの商品です。,2023-03-31
9390,ゲームソフト 64,おもちゃ・ゲーム,GameZone,10143,28,ゲームソフト 64の詳細説明です。高品質でおすすめの商品です。,2023-01-28
9391,パズル 65,おもちゃ・ゲーム,Kids,11479,291,パズル 65の詳細説明です。高品質でおすすめの商品です。,2023-03-24
9392,ボードゲーム 65,おもちゃ・ゲーム,Fun,21028,627,ボードゲーム 65の詳細説明です。高品質でおすすめの商品です。,2023-05-31
9393,カードゲーム 65,おもちゃ・ゲーム,GameZone,21642,334,カードゲーム 65の詳細説明です。高品質でおすすめの商品です。,2023-05-27
9394,プラモデル 65,おもちゃ・ゲーム,Fun,38939,575,プラモデル 65の詳細説明です。高品質でおすすめの商品です。,2023-06-08
9395,ぬいぐるみ 65,おもちゃ・ゲーム,ToyFun,45556,992,ぬいぐるみ 65の詳細説明です。高品質でおすすめの商品です。,2023-02-09
9396,レゴブロック 65,おもちゃ・ゲーム,Fun,7776,661,レゴブロック 65の詳細説明です。高品質でおすすめの商品です。,2023-07-08
9397,アクションフィギュア 65,おもちゃ・ゲーム,GameZone,14861,211,アクションフィギュア 65の詳細説明です。高品質でおすすめの商品です。,2023-07-29
9398,パズルゲーム 65,おもちゃ・ゲーム,Fun,23576,542,パズルゲーム 65の詳細説明です。高品質でおすすめの商品です。,2023-04-19
9399,知育玩具 65,おもちゃ・ゲーム,GameZone,41956,21,知育玩具 65の詳細説明です。高品質でおすすめの商品です。,2023-08-02
9400,ゲームソフト 65,おもちゃ・ゲーム,PlayTime,30556,38,ゲームソフト 65の詳細説明です。高品質でおすすめの商品です。,2023-04-13
9401,パズル 66,おもちゃ・ゲーム,PlayTime,36273,628,パズル 66の詳細説明です。高品質でおすすめの商品です。,2023-01-06
9402,ボードゲーム 66,おもちゃ・ゲーム,Fun,12164,368,ボードゲーム 66の詳細説明です。高品質でおすすめの商品です。,2023-10-13
9403,カードゲーム 66,おもちゃ・ゲーム,GameZone,44027,830,カードゲーム 66の詳細説明です。高品質でおすすめの商品です。,2023-04-02
9404,プラモデル 66,おもちゃ・ゲーム,GameZone,2084,845,プラモデル 66の詳細説明です。高品質でおすすめの商品です。,2023-05-23
9405,ぬいぐるみ 66,おもちゃ・ゲーム,Kids,21935,690,ぬいぐるみ 66の詳細説明です。高品質でおすすめの商品です。,2023-05-03
9406,レゴブロック 66,おもちゃ・ゲーム,ToyFun,32033,225,レゴブロック 66の詳細説明です。高品質でおすすめの商品です。,2023-03-29
9407,アクションフィギュア 66,おもちゃ・ゲーム,Fun,46594,758,アクションフィギュア 66の詳細説明です。高品質でおすすめの商品です。,2023-10-23
9408,パズルゲーム 66,おもちゃ・ゲーム,Fun,6176,8,パズルゲーム 66の詳細説明です。高品質でおすすめの商品です。,2023-02-01
9409,知育玩具 66,おもちゃ・ゲーム,ToyFun,28213,17,知育玩具 66の詳細説明です。高品質でおすすめの商品です。,2023-07-28
9410,ゲームソフト 66,おもちゃ・ゲーム,PlayTime,39336,790,ゲームソフト 66の詳細説明です。高品質でおすすめの商品です。,2023-07-13
9411,パズル 67,おもちゃ・ゲーム,Kids,12187,81,パズル 67の詳細説明です。高品質でおすすめの商品です。,2023-01-28
9412,ボードゲーム 67,おもちゃ・ゲーム,Kids,4598,733,ボードゲーム 67の詳細説明です。高品質でおすすめの商品です。,2023-06-20
9413,カードゲーム 67,おもちゃ・ゲーム,PlayTime,24998,22,カードゲーム 67の詳細説明です。高品質でおすすめの商品です。,2023-08-25
9414,プラモデル 67,おもちゃ・ゲーム,ToyFun,36093,91,プラモデル 67の詳細説明です。高品質でおすすめの商品です。,2023-08-26
9415,ぬいぐるみ 67,おもちゃ・ゲーム,GameZone,36382,385,ぬいぐるみ 67の詳細説明です。高品質でおすすめの商品です。,2023-08-18
9416,レゴブロック 67,おもちゃ・ゲーム,Kids,35977,311,レゴブロック 67の詳細説明です。高品質でおすすめの商品です。,2023-04-24
9417,アクションフィギュア 67,おもちゃ・ゲーム,PlayTime,46756,83,アクションフィギュア 67の詳細説明です。高品質でおすすめの商品です。,2023-01-16
9418,パズルゲーム 67,おもちゃ・ゲーム,Fun,36352,168,パズルゲーム 67の詳細説明です。高品質でおすすめの商品です。,2023-12-07
9419,知育玩具 67,おもちゃ・ゲーム,PlayTime,10272,590,知育玩具 67の詳細説明です。高品質でおすすめの商品です。,2023-12-11
9420,ゲームソフト 67,おもちゃ・ゲーム,Fun,4040,141,ゲームソフト 67の詳細説明です。高品質でおすすめの商品です。,2023-07-23
9421,パズル 68,おもちゃ・ゲーム,PlayTime,27261,256,パズル 68の詳細説明です。高品質でおすすめの商品です。,2023-09-16
9422,ボードゲーム 68,おもちゃ・ゲーム,ToyFun,592,556,ボードゲーム 68の詳細説明です。高品質でおすすめの商品です。,2023-10-07
9423,カードゲーム 68,おもちゃ・ゲーム,Fun,17096,766,カードゲーム 68の詳細説明です。高品質でおすすめの商品です。,2023-06-01
9424,プラモデル 68,おもちゃ・ゲーム,Kids,17925,500,プラモデル 68の詳細説明です。高品質でおすすめの商品です。,2023-09-12
9425,ぬいぐるみ 68,おもちゃ・ゲーム,Fun,48764,391,ぬいぐるみ 68の詳細説明です。高品質でおすすめの商品です。,2023-05-13
9426,レゴブロック 68,おもちゃ・ゲーム,PlayTime,49295,758,レゴブロック 68の詳細説明です。高品質でおすすめの商品です。,2023-11-05
9427,アクションフィギュア 68,おもちゃ・ゲーム,ToyFun,41691,922,アクションフィギュア 68の詳細説明です。高品質でおすすめの商品です。,2023-07-12
9428,パズルゲーム 68,おもちゃ・ゲーム,GameZone,44572,687,パズルゲーム 68の詳細説明です。高品質でおすすめの商品です。,2023-07-01
9429,知育玩具 68,おもちゃ・ゲーム,Fun,12751,879,知育玩具 68の詳細説明です。高品質でおすすめの商品です。,2023-07-15
9430,ゲームソフト 68,おもちゃ・ゲーム,PlayTime,43789,389,ゲームソフト 68の詳細説明です。高品質でおすすめの商品です。,2023-08-21
9431,パズル 69,おもちゃ・ゲーム,Fun,28361,648,パズル 69の詳細説明です。高品質でおすすめの商品です。,2023-03-26
9432,ボードゲーム 69,おもちゃ・ゲーム,Kids,33611,373,ボードゲーム 69の詳細説明です。高品質でおすすめの商品です。,2023-04-17
9433,カードゲーム 69,おもちゃ・ゲーム,Fun,21134,515,カードゲーム 69の詳細説明です。高品質でおすすめの商品です。,2023-01-24
9434,プラモデル 69,おもちゃ・ゲーム,Kids,21230,816,プラモデル 69の詳細説明です。高品質でおすすめの商品です。,2023-04-01
9435,ぬいぐるみ 69,おもちゃ・ゲーム,Fun,24786,931,ぬいぐるみ 69の詳細説明です。高品質でおすすめの商品です。,2023-10-04
9436,レゴブロック 69,おもちゃ・ゲーム,Kids,25985,237,レゴブロック 69の詳細説明です。高品質でおすすめの商品です。,2023-07-21
9437,アクションフィギュア 69,おもちゃ・ゲーム,Fun,33204,459,アクションフィギュア 69の詳細説明です。高品質でおすすめの商品です。,2023-02-09
9438,パズルゲーム 69,おもちゃ・ゲーム,GameZone,27681,248,パズルゲーム 69の詳細説明です。高品質でおすすめの商品です。,2023-07-04
9439,知育玩具 69,おもちゃ・ゲーム,Kids,25588,278,知育玩具 69の詳細説明です。高品質でおすすめの商品です。,2023-09-03
9440,ゲームソフト 69,おもちゃ・ゲーム,PlayTime,27936,475,ゲームソフト 69の詳細説明です。高品質でおすすめの商品です。,2023-01-04
9441,パズル 70,おもちゃ・ゲーム,Kids,33449,471,パズル 70の詳細説明です。高品質でおすすめの商品です。,2023-06-18
9442,ボードゲーム 70,おもちゃ・ゲーム,ToyFun,44316,335,ボードゲーム 70の詳細説明です。高品質でおすすめの商品です。,2023-10-05
9443,カードゲーム 70,おもちゃ・ゲーム,Kids,3362,734,カードゲーム 70の詳細説明です。高品質でおすすめの商品です。,2023-01-20
9444,プラモデル 70,おもちゃ・ゲーム,ToyFun,31237,643,プラモデル 70の詳細説明です。高品質でおすすめの商品です。,2023-03-14
9445,ぬいぐるみ 70,おもちゃ・ゲーム,Fun,27512,687,ぬいぐるみ 70の詳細説明です。高品質でおすすめの商品です。,2023-09-09
9446,レゴブロック 70,おもちゃ・ゲーム,ToyFun,11205,109,レゴブロック 70の詳細説明です。高品質でおすすめの商品です。,2023-04-28
9447,アクションフィギュア 70,おもちゃ・ゲーム,GameZone,25452,237,アクションフィギュア 70の詳細説明です。高品質でおすすめの商品です。,2023-12-06
9448,パズルゲーム 70,おもちゃ・ゲーム,PlayTime,27550,684,パズルゲーム 70の詳細説明です。高品質でおすすめの商品です。,2023-07-04
9449,知育玩具 70,おもちゃ・ゲーム,ToyFun,2315,73,知育玩具 70の詳細説明です。高品質でおすすめの商品です。,2023-08-17
9450,ゲームソフト 70,おもちゃ・ゲーム,Kids,24936,514,ゲームソフト 70の詳細説明です。高品質でおすすめの商品です。,2023-10-30
9451,パズル 71,おもちゃ・ゲーム,ToyFun,1550,813,パズル 71の詳細説明です。高品質でおすすめの商品です。,2023-12-12
9452,ボードゲーム 71,おもちゃ・ゲーム,GameZone,49078,194,ボードゲーム 71の詳細説明です。高品質でおすすめの商品です。,2023-08-22
9453,カードゲーム 71,おもちゃ・ゲーム,Fun,30260,976,カードゲーム 71の詳細説明です。高品質でおすすめの商品です。,2023-02-07
9454,プラモデル 71,おもちゃ・ゲーム,GameZone,32459,718,プラモデル 71の詳細説明です。高品質でおすすめの商品です。,2023-06-12
9455,ぬいぐるみ 71,おもちゃ・ゲーム,PlayTime,7771,428,ぬいぐるみ 71の詳細説明です。高品質でおすすめの商品です。,2023-08-25
9456,レゴブロック 71,おもちゃ・ゲーム,GameZone,43537,867,レゴブロック 71の詳細説明です。高品質でおすすめの商品です。,2023-02-23
9457,アクションフィギュア 71,おもちゃ・ゲーム,Kids,14074,953,アクションフィギュア 71の詳細説明です。高品質でおすすめの商品です。,2023-06-26
9458,パズルゲーム 71,おもちゃ・ゲーム,PlayTime,27683,90,パズルゲーム 71の詳細説明です。高品質でおすすめの商品です。,2023-10-24
9459,知育玩具 71,おもちゃ・ゲーム,PlayTime,20736,402,知育玩具 71の詳細説明です。高品質でおすすめの商品です。,2023-10-16
9460,ゲームソフト 71,おもちゃ・ゲーム,PlayTime,4831,902,ゲームソフト 71の詳細説明です。高品質でおすすめの商品です。,2023-07-27
9461,パズル 72,おもちゃ・ゲーム,Kids,38787,365,パズル 72の詳細説明です。高品質でおすすめの商品です。,2023-02-14
9462,ボードゲーム 72,おもちゃ・ゲーム,Fun,34130,320,ボードゲーム 72の詳細説明です。高品質でおすすめの商品です。,2023-01-17
9463,カードゲーム 72,おもちゃ・ゲーム,Fun,29312,929,カードゲーム 72の詳細説明です。高品質でおすすめの商品です。,2023-12-23
9464,プラモデル 72,おもちゃ・ゲーム,Fun,884,828,プラモデル 72の詳細説明です。高品質でおすすめの商品です。,2023-12-23
9465,ぬいぐるみ 72,おもちゃ・ゲーム,Kids,22870,876,ぬいぐるみ 72の詳細説明です。高品質でおすすめの商品です。,2023-05-01
9466,レゴブロック 72,おもちゃ・ゲーム,GameZone,35184,714,レゴブロック 72の詳細説明です。高品質でおすすめの商品です。,2023-07-06
9467,アクションフィギュア 72,おもちゃ・ゲーム,GameZone,13185,541,アクションフィギュア 72の詳細説明です。高品質でおすすめの商品です。,2023-12-26
9468,パズルゲーム 72,おもちゃ・ゲーム,PlayTime,31035,858,パズルゲーム 72の詳細説明です。高品質でおすすめの商品です。,2023-11-07
9469,知育玩具 72,おもちゃ・ゲーム,GameZone,21475,726,知育玩具 72の詳細説明です。高品質でおすすめの商品です。,2023-03-06
9470,ゲームソフト 72,おもちゃ・ゲーム,GameZone,28539,899,ゲームソフト 72の詳細説明です。高品質でおすすめの商品です。,2023-09-25
9471,パズル 73,おもちゃ・ゲーム,PlayTime,34714,761,パズル 73の詳細説明です。高品質でおすすめの商品です。,2023-05-22
9472,ボードゲーム 73,おもちゃ・ゲーム,ToyFun,21533,971,ボードゲーム 73の詳細説明です。高品質でおすすめの商品です。,2023-09-16
9473,カードゲーム 73,おもちゃ・ゲーム,PlayTime,47666,410,カードゲーム 73の詳細説明です。高品質でおすすめの商品です。,2023-04-07
9474,プラモデル 73,おもちゃ・ゲーム,GameZone,14911,506,プラモデル 73の詳細説明です。高品質でおすすめの商品です。,2023-03-05
9475,ぬいぐるみ 73,おもちゃ・ゲーム,ToyFun,29815,417,ぬいぐるみ 73の詳細説明です。高品質でおすすめの商品です。,2023-02-22
9476,レゴブロック 73,おもちゃ・ゲーム,GameZone,12480,915,レゴブロック 73の詳細説明です。高品質でおすすめの商品です。,2023-11-19
9477,アクションフィギュア 73,おもちゃ・ゲーム,ToyFun,36890,127,アクションフィギュア 73の詳細説明です。高品質でおすすめの商品です。,2023-07-27
9478,パズルゲーム 73,おもちゃ・ゲーム,Fun,39152,207,パズルゲーム 73の詳細説明です。高品質でおすすめの商品です。,2023-07-20
9479,知育玩具 73,おもちゃ・ゲーム,GameZone,10150,744,知育玩具 73の詳細説明です。高品質でおすすめの商品です。,2023-09-25
9480,ゲームソフト 73,おもちゃ・ゲーム,Kids,12431,536,ゲームソフト 73の詳細説明です。高品質でおすすめの商品です。,2023-04-23
9481,パズル 74,おもちゃ・ゲーム,GameZone,40414,819,パズル 74の詳細説明です。高品質でおすすめの商品です。,2023-01-07
9482,ボードゲーム 74,おもちゃ・ゲーム,PlayTime,47924,53,ボードゲーム 74の詳細説明です。高品質でおすすめの商品です。,2023-09-07
9483,カードゲーム 74,おもちゃ・ゲーム,Kids,14074,880,カードゲーム 74の詳細説明です。高品質でおすすめの商品です。,2023-07-14
9484,プラモデル 74,おもちゃ・ゲーム,ToyFun,39911,940,プラモデル 74の詳細説明です。高品質でおすすめの商品です。,2023-03-25
9485,ぬいぐるみ 74,おもちゃ・ゲーム,PlayTime,38799,196,ぬいぐるみ 74の詳細説明です。高品質でおすすめの商品です。,2023-09-26
9486,レゴブロック 74,おもちゃ・ゲーム,PlayTime,28778,474,レゴブロック 74の詳細説明です。高品質でおすすめの商品です。,2023-07-06
9487,アクションフィギュア 74,おもちゃ・ゲーム,Fun,43900,939,アクションフィギュア 74の詳細説明です。高品質でおすすめの商品です。,2023-10-28
9488,パズルゲーム 74,おもちゃ・ゲーム,ToyFun,13119,438,パズルゲーム 74の詳細説明です。高品質でおすすめの商品です。,2023-12-13
9489,知育玩具 74,おもちゃ・ゲーム,Kids,10992,903,知育玩具 74の詳細説明です。高品質でおすすめの商品です。,2023-01-19
9490,ゲームソフト 74,おもちゃ・ゲーム,PlayTime,829,407,ゲームソフト 74の詳細説明です。高品質でおすすめの商品です。,2023-11-15
9491,パズル 75,おもちゃ・ゲーム,PlayTime,36888,898,パズル 75の詳細説明です。高品質でおすすめの商品です。,2023-02-23
9492,ボードゲーム 75,おもちゃ・ゲーム,PlayTime,34841,23,ボードゲーム 75の詳細説明です。高品質でおすすめの商品です。,2023-11-18
9493,カードゲーム 75,おもちゃ・ゲーム,GameZone,6629,682,カードゲーム 75の詳細説明です。高品質でおすすめの商品です。,2023-02-20
9494,プラモデル 75,おもちゃ・ゲーム,Fun,35043,462,プラモデル 75の詳細説明です。高品質でおすすめの商品です。,2023-07-03
9495,ぬいぐるみ 75,おもちゃ・ゲーム,GameZone,22186,72,ぬいぐるみ 75の詳細説明です。高品質でおすすめの商品です。,2023-01-25
9496,レゴブロック 75,おもちゃ・ゲーム,Fun,36840,289,レゴブロック 75の詳細説明です。高品質でおすすめの商品です。,2023-02-21
9497,アクションフィギュア 75,おもちゃ・ゲーム,GameZone,20089,61,アクションフィギュア 75の詳細説明です。高品質でおすすめの商品です。,2023-08-01
9498,パズルゲーム 75,おもちゃ・ゲーム,Kids,38332,964,パズルゲーム 75の詳細説明です。高品質でおすすめの商品です。,2023-11-19
9499,知育玩具 75,おもちゃ・ゲーム,ToyFun,42068,580,知育玩具 75の詳細説明です。高品質でおすすめの商品です。,2023-08-13
9500,ゲームソフト 75,おもちゃ・ゲーム,ToyFun,671,875,ゲームソフト 75の詳細説明です。高品質でおすすめの商品です。,2023-03-25
9501,パズル 76,おもちゃ・ゲーム,ToyFun,35715,725,パズル 76の詳細説明です。高品質でおすすめの商品です。,2023-03-22
9502,ボードゲーム 76,おもちゃ・ゲーム,GameZone,40887,551,ボードゲーム 76の詳細説明です。高品質でおすすめの商品です。,2023-09-09
9503,カードゲーム 76,おもちゃ・ゲーム,GameZone,47682,243,カードゲーム 76の詳細説明です。高品質でおすすめの商品です。,2023-06-10
9504,プラモデル 76,おもちゃ・ゲーム,Fun,5221,767,プラモデル 76の詳細説明です。高品質でおすすめの商品です。,2023-05-14
9505,ぬいぐるみ 76,おもちゃ・ゲーム,Kids,32214,661,ぬいぐるみ 76の詳細説明です。高品質でおすすめの商品です。,2023-11-30
9506,レゴブロック 76,おもちゃ・ゲーム,ToyFun,39027,475,レゴブロック 76の詳細説明です。高品質でおすすめの商品です。,2023-12-23
9507,アクションフィギュア 76,おもちゃ・ゲーム,Kids,16542,503,アクションフィギュア 76の詳細説明です。高品質でおすすめの商品です。,2023-02-20
9508,パズルゲーム 76,おもちゃ・ゲーム,PlayTime,1482,902,パズルゲーム 76の詳細説明です。高品質でおすすめの商品です。,2023-10-09
9509,知育玩具 76,おもちゃ・ゲーム,Fun,41753,119,知育玩具 76の詳細説明です。高品質でおすすめの商品です。,2023-11-19
9510,ゲームソフト 76,おもちゃ・ゲーム,GameZone,11692,439,ゲームソフト 76の詳細説明です。高品質でおすすめの商品です。,2023-01-11
9511,パズル 77,おもちゃ・ゲーム,Kids,17566,252,パズル 77の詳細説明です。高品質でおすすめの商品です。,2023-04-20
9512,ボードゲーム 77,おもちゃ・ゲーム,Kids,3390,349,ボードゲーム 77の詳細説明です。高品質でおすすめの商品です。,2023-01-30
9513,カードゲーム 77,おもちゃ・ゲーム,Kids,10166,920,カードゲーム 77の詳細説明です。高品質でおすすめの商品です。,2023-02-15
9514,プラモデル 77,おもちゃ・ゲーム,GameZone,35809,895,プラモデル 77の詳細説明です。高品質でおすすめの商品です。,2023-05-20
9515,ぬいぐるみ 77,おもちゃ・ゲーム,Fun,7674,682,ぬいぐるみ 77の詳細説明です。高品質でおすすめの商品です。,2023-03-24
9516,レゴブロック 77,おもちゃ・ゲーム,ToyFun,33087,908,レゴブロック 77の詳細説明です。高品質でおすすめの商品です。,2023-04-12
9517,アクションフィギュア 77,おもちゃ・ゲーム,GameZone,23312,948,アクションフィギュア 77の詳細説明です。高品質でおすすめの商品です。,2023-09-16
9518,パズルゲーム 77,おもちゃ・ゲーム,PlayTime,28684,142,パズルゲーム 77の詳細説明です。高品質でおすすめの商品です。,2023-06-14
9519,知育玩具 77,おもちゃ・ゲーム,GameZone,37231,370,知育玩具 77の詳細説明です。高品質でおすすめの商品です。,2023-06-26
9520,ゲームソフト 77,おもちゃ・ゲーム,PlayTime,47838,560,ゲームソフト 77の詳細説明です。高品質でおすすめの商品です。,2023-07-12
9521,パズル 78,おもちゃ・ゲーム,Kids,9548,956,パズル 78の詳細説明です。高品質でおすすめの商品です。,2023-09-15
9522,ボードゲーム 78,おもちゃ・ゲーム,ToyFun,35668,762,ボードゲーム 78の詳細説明です。高品質でおすすめの商品です。,2023-08-25
9523,カードゲーム 78,おもちゃ・ゲーム,Fun,46370,312,カードゲーム 78の詳細説明です。高品質でおすすめの商品です。,2023-12-14
9524,プラモデル 78,おもちゃ・ゲーム,Fun,7954,591,プラモデル 78の詳細説明です。高品質でおすすめの商品です。,2023-11-25
9525,ぬいぐるみ 78,おもちゃ・ゲーム,GameZone,41715,670,ぬいぐるみ 78の詳細説明です。高品質でおすすめの商品です。,2023-07-08
9526,レゴブロック 78,おもちゃ・ゲーム,Fun,17316,931,レゴブロック 78の詳細説明です。高品質でおすすめの商品です。,2023-08-19
9527,アクションフィギュア 78,おもちゃ・ゲーム,Kids,49601,404,アクションフィギュア 78の詳細説明です。高品質でおすすめの商品です。,2023-11-23
9528,パズルゲーム 78,おもちゃ・ゲーム,GameZone,29740,996,パズルゲーム 78の詳細説明です。高品質でおすすめの商品です。,2023-07-01
9529,知育玩具 78,おもちゃ・ゲーム,Kids,24049,717,知育玩具 78の詳細説明です。高品質でおすすめの商品です。,2023-08-23
9530,ゲームソフト 78,おもちゃ・ゲーム,GameZone,9080,302,ゲームソフト 78の詳細説明です。高品質でおすすめの商品です。,2023-09-20
9531,パズル 79,おもちゃ・ゲーム,Fun,18274,481,パズル 79の詳細説明です。高品質でおすすめの商品です。,2023-11-05
9532,ボードゲーム 79,おもちゃ・ゲーム,GameZone,9939,944,ボードゲーム 79の詳細説明です。高品質でおすすめの商品です。,2023-01-18
9533,カードゲーム 79,おもちゃ・ゲーム,Kids,28779,916,カードゲーム 79の詳細説明です。高品質でおすすめの商品です。,2023-09-01
9534,プラモデル 79,おもちゃ・ゲーム,PlayTime,14489,970,プラモデル 79の詳細説明です。高品質でおすすめの商品です。,2023-08-26
9535,ぬいぐるみ 79,おもちゃ・ゲーム,Fun,25856,613,ぬいぐるみ 79の詳細説明です。高品質でおすすめの商品です。,2023-05-17
9536,レゴブロック 79,おもちゃ・ゲーム,Kids,36319,467,レゴブロック 79の詳細説明です。高品質でおすすめの商品です。,2023-07-09
9537,アクションフィギュア 79,おもちゃ・ゲーム,Fun,27125,384,アクションフィギュア 79の詳細説明です。高品質でおすすめの商品です。,2023-08-18
9538,パズルゲーム 79,おもちゃ・ゲーム,PlayTime,25168,808,パズルゲーム 79の詳細説明です。高品質でおすすめの商品です。,2023-07-23
9539,知育玩具 79,おもちゃ・ゲーム,Kids,26046,719,知育玩具 79の詳細説明です。高品質でおすすめの商品です。,2023-03-14
9540,ゲームソフト 79,おもちゃ・ゲーム,ToyFun,11232,576,ゲームソフト 79の詳細説明です。高品質でおすすめの商品です。,2023-11-15
9541,パズル 80,おもちゃ・ゲーム,Fun,47164,127,パズル 80の詳細説明です。高品質でおすすめの商品です。,2023-08-08
9542,ボードゲーム 80,おもちゃ・ゲーム,ToyFun,36666,907,ボードゲーム 80の詳細説明です。高品質でおすすめの商品です。,2023-04-04
9543,カードゲーム 80,おもちゃ・ゲーム,Fun,39980,991,カードゲーム 80の詳細説明です。高品質でおすすめの商品です。,2023-03-14
9544,プラモデル 80,おもちゃ・ゲーム,ToyFun,26525,567,プラモデル 80の詳細説明です。高品質でおすすめの商品です。,2023-08-06
9545,ぬいぐるみ 80,おもちゃ・ゲーム,ToyFun,16475,692,ぬいぐるみ 80の詳細説明です。高品質でおすすめの商品です。,2023-04-13
9546,レゴブロック 80,おもちゃ・ゲーム,ToyFun,48235,71,レゴブロック 80の詳細説明です。高品質でおすすめの商品です。,2023-07-14
9547,アクションフィギュア 80,おもちゃ・ゲーム,GameZone,41480,203,アクションフィギュア 80の詳細説明です。高品質でおすすめの商品です。,2023-06-20
9548,パズルゲーム 80,おもちゃ・ゲーム,Kids,39279,391,パズルゲーム 80の詳細説明です。高品質でおすすめの商品です。,2023-11-08
9549,知育玩具 80,おもちゃ・ゲーム,PlayTime,44033,754,知育玩具 80の詳細説明です。高品質でおすすめの商品です。,2023-08-27
9550,ゲームソフト 80,おもちゃ・ゲーム,Kids,43058,984,ゲームソフト 80の詳細説明です。高品質でおすすめの商品です。,2023-01-07
9551,パズル 81,おもちゃ・ゲーム,Kids,47168,79,パズル 81の詳細説明です。高品質でおすすめの商品です。,2023-03-17
9552,ボードゲーム 81,おもちゃ・ゲーム,ToyFun,5961,565,ボードゲーム 81の詳細説明です。高品質でおすすめの商品です。,2023-04-10
9553,カードゲーム 81,おもちゃ・ゲーム,ToyFun,21200,979,カードゲーム 81の詳細説明です。高品質でおすすめの商品です。,2023-05-25
9554,プラモデル 81,おもちゃ・ゲーム,GameZone,12731,169,プラモデル 81の詳細説明です。高品質でおすすめの商品です。,2023-08-25
9555,ぬいぐるみ 81,おもちゃ・ゲーム,Fun,12418,676,ぬいぐるみ 81の詳細説明です。高品質でおすすめの商品です。,2023-06-29
9556,レゴブロック 81,おもちゃ・ゲーム,Kids,22205,629,レゴブロック 81の詳細説明です。高品質でおすすめの商品です。,2023-07-05
9557,アクションフィギュア 81,おもちゃ・ゲーム,Kids,22486,327,アクションフィギュア 81の詳細説明です。高品質でおすすめの商品です。,2023-12-04
9558,パズルゲーム 81,おもちゃ・ゲーム,Kids,9141,878,パズルゲーム 81の詳細説明です。高品質でおすすめの商品です。,2023-05-12
9559,知育玩具 81,おもちゃ・ゲーム,Fun,15673,192,知育玩具 81の詳細説明です。高品質でおすすめの商品です。,2023-01-31
9560,ゲームソフト 81,おもちゃ・ゲーム,Kids,15693,194,ゲームソフト 81の詳細説明です。高品質でおすすめの商品です。,2023-08-31
9561,パズル 82,おもちゃ・ゲーム,Fun,23117,235,パズル 82の詳細説明です。高品質でおすすめの商品です。,2023-04-21
9562,ボードゲーム 82,おもちゃ・ゲーム,ToyFun,42638,682,ボードゲーム 82の詳細説明です。高品質でおすすめの商品です。,2023-11-13
9563,カードゲーム 82,おもちゃ・ゲーム,Fun,18268,625,カードゲーム 82の詳細説明です。高品質でおすすめの商品です。,2023-11-20
9564,プラモデル 82,おもちゃ・ゲーム,Fun,2155,836,プラモデル 82の詳細説明です。高品質でおすすめの商品です。,2023-12-26
9565,ぬいぐるみ 82,おもちゃ・ゲーム,ToyFun,31586,128,ぬいぐるみ 82の詳細説明です。高品質でおすすめの商品です。,2023-06-17
9566,レゴブロック 82,おもちゃ・ゲーム,ToyFun,26301,779,レゴブロック 82の詳細説明です。高品質でおすすめの商品です。,2023-03-14
9567,アクションフィギュア 82,おもちゃ・ゲーム,Fun,45836,475,アクションフィギュア 82の詳細説明です。高品質でおすすめの商品です。,2023-02-20
9568,パズルゲーム 82,おもちゃ・ゲーム,Fun,4161,494,パズルゲーム 82の詳細説明です。高品質でおすすめの商品です。,2023-11-11
9569,知育玩具 82,おもちゃ・ゲーム,PlayTime,25000,813,知育玩具 82の詳細説明です。高品質でおすすめの商品です。,2023-03-01
9570,ゲームソフト 82,おもちゃ・ゲーム,ToyFun,33272,853,ゲームソフト 82の詳細説明です。高品質でおすすめの商品です。,2023-08-22
9571,パズル 83,おもちゃ・ゲーム,GameZone,1630,417,パズル 83の詳細説明です。高品質でおすすめの商品です。,2023-11-10
9572,ボードゲーム 83,おもちゃ・ゲーム,PlayTime,22824,553,ボードゲーム 83の詳細説明です。高品質でおすすめの商品です。,2023-08-24
9573,カードゲーム 83,おもちゃ・ゲーム,PlayTime,25413,9,カードゲーム 83の詳細説明です。高品質でおすすめの商品です。,2023-12-06
9574,プラモデル 83,おもちゃ・ゲーム,Fun,17273,431,プラモデル 83の詳細説明です。高品質でおすすめの商品です。,2023-07-16
9575,ぬいぐるみ 83,おもちゃ・ゲーム,GameZone,22211,579,ぬいぐるみ 83の詳細説明です。高品質でおすすめの商品です。,2023-03-21
9576,レゴブロック 83,おもちゃ・ゲーム,ToyFun,6188,194,レゴブロック 83の詳細説明です。高品質でおすすめの商品です。,2023-05-12
9577,アクションフィギュア 83,おもちゃ・ゲーム,ToyFun,10471,633,アクションフィギュア 83の詳細説明です。高品質でおすすめの商品です。,2023-06-20
9578,パズルゲーム 83,おもちゃ・ゲーム,ToyFun,38091,810,パズルゲーム 83の詳細説明です。高品質でおすすめの商品です。,2023-06-29
9579,知育玩具 83,おもちゃ・ゲーム,PlayTime,2815,807,知育玩具 83の詳細説明です。高品質でおすすめの商品です。,2023-09-30
9580,ゲームソフト 83,おもちゃ・ゲーム,PlayTime,32408,696,ゲームソフト 83の詳細説明です。高品質でおすすめの商品です。,2023-06-12
9581,パズル 84,おもちゃ・ゲーム,PlayTime,8676,77,パズル 84の詳細説明です。高品質でおすすめの商品です。,2023-05-06
9582,ボードゲーム 84,おもちゃ・ゲーム,Kids,16037,805,ボードゲーム 84の詳細説明です。高品質でおすすめの商品です。,2023-09-21
9583,カードゲーム 84,おもちゃ・ゲーム,PlayTime,43313,54,カードゲーム 84の詳細説明です。高品質でおすすめの商品です。,2023-06-08
9584,プラモデル 84,おもちゃ・ゲーム,GameZone,27550,737,プラモデル 84の詳細説明です。高品質でおすすめの商品です。,2023-08-09
9585,ぬいぐるみ 84,おもちゃ・ゲーム,PlayTime,45571,623,ぬいぐるみ 84の詳細説明です。高品質でおすすめの商品です。,2023-11-30
9586,レゴブロック 84,おもちゃ・ゲーム,GameZone,4911,563,レゴブロック 84の詳細説明です。高品質でおすすめの商品です。,2023-12-03
9587,アクションフィギュア 84,おもちゃ・ゲーム,PlayTime,47091,287,アクションフィギュア 84の詳細説明です。高品質でおすすめの商品です。,2023-12-28
9588,パズルゲーム 84,おもちゃ・ゲーム,Fun,45346,303,パズルゲーム 84の詳細説明です。高品質でおすすめの商品です。,2023-06-07
9589,知育玩具 84,おもちゃ・ゲーム,Kids,47763,664,知育玩具 84の詳細説明です。高品質でおすすめの商品です。,2023-12-28
9590,ゲームソフト 84,おもちゃ・ゲーム,ToyFun,34286,270,ゲームソフト 84の詳細説明です。高品質でおすすめの商品です。,2023-09-01
9591,パズル 85,おもちゃ・ゲーム,Fun,27597,184,パズル 85の詳細説明です。高品質でおすすめの商品です。,2023-03-02
9592,ボードゲーム 85,おもちゃ・ゲーム,PlayTime,49670,389,ボードゲーム 85の詳細説明です。高品質でおすすめの商品です。,2023-06-07
9593,カードゲーム 85,おもちゃ・ゲーム,ToyFun,14484,640,カードゲーム 85の詳細説明です。高品質でおすすめの商品です。,2023-06-03
9594,プラモデル 85,おもちゃ・ゲーム,Fun,46755,460,プラモデル 85の詳細説明です。高品質でおすすめの商品です。,2023-04-19
9595,ぬいぐるみ 85,おもちゃ・ゲーム,Kids,39221,87,ぬいぐるみ 85の詳細説明です。高品質でおすすめの商品です。,2023-02-13
9596,レゴブロック 85,おもちゃ・ゲーム,Kids,18493,596,レゴブロック 85の詳細説明です。高品質でおすすめの商品です。,2023-08-09
9597,アクションフィギュア 85,おもちゃ・ゲーム,Fun,33027,74,アクションフィギュア 85の詳細説明です。高品質でおすすめの商品です。,2023-11-13
9598,パズルゲーム 85,おもちゃ・ゲーム,Fun,46631,653,パズルゲーム 85の詳細説明です。高品質でおすすめの商品です。,2023-08-13
9599,知育玩具 85,おもちゃ・ゲーム,PlayTime,30170,366,知育玩具 85の詳細説明です。高品質でおすすめの商品です。,2023-09-15
9600,ゲームソフト 85,おもちゃ・ゲーム,PlayTime,49140,959,ゲームソフト 85の詳細説明です。高品質でおすすめの商品です。,2023-10-06
9601,パズル 86,おもちゃ・ゲーム,GameZone,41492,84,パズル 86の詳細説明です。高品質でおすすめの商品です。,2023-12-21
9602,ボードゲーム 86,おもちゃ・ゲーム,Kids,32611,568,ボードゲーム 86の詳細説明です。高品質でおすすめの商品です。,2023-09-11
9603,カードゲーム 86,おもちゃ・ゲーム,Kids,37872,591,カードゲーム 86の詳細説明です。高品質でおすすめの商品です。,2023-02-04
9604,プラモデル 86,おもちゃ・ゲーム,Kids,40007,890,プラモデル 86の詳細説明です。高品質でおすすめの商品です。,2023-06-27
9605,ぬいぐるみ 86,おもちゃ・ゲーム,GameZone,49887,1,ぬいぐるみ 86の詳細説明です。高品質でおすすめの商品です。,2023-02-06
9606,レゴブロック 86,おもちゃ・ゲーム,GameZone,6177,83,レゴブロック 86の詳細説明です。高品質でおすすめの商品です。,2023-01-14
9607,アクションフィギュア 86,おもちゃ・ゲーム,PlayTime,14939,287,アクションフィギュア 86の詳細説明です。高品質でおすすめの商品です。,2023-08-14
9608,パズルゲーム 86,おもちゃ・ゲーム,GameZone,36466,592,パズルゲーム 86の詳細説明です。高品質でおすすめの商品です。,2023-12-09
9609,知育玩具 86,おもちゃ・ゲーム,ToyFun,1472,319,知育玩具 86の詳細説明です。高品質でおすすめの商品です。,2023-05-17
9610,ゲームソフト 86,おもちゃ・ゲーム,PlayTime,11135,529,ゲームソフト 86の詳細説明です。高品質でおすすめの商品です。,2023-09-19
9611,パズル 87,おもちゃ・ゲーム,ToyFun,48216,734,パズル 87の詳細説明です。高品質でおすすめの商品です。,2023-06-28
9612,ボードゲーム 87,おもちゃ・ゲーム,PlayTime,37969,204,ボードゲーム 87の詳細説明です。高品質でおすすめの商品です。,2023-12-09
9613,カードゲーム 87,おもちゃ・ゲーム,Fun,47555,90,カードゲーム 87の詳細説明です。高品質でおすすめの商品です。,2023-10-29
9614,プラモデル 87,おもちゃ・ゲーム,ToyFun,6120,602,プラモデル 87の詳細説明です。高品質でおすすめの商品です。,2023-09-17
9615,ぬいぐるみ 87,おもちゃ・ゲーム,Kids,23763,59,ぬいぐるみ 87の詳細説明です。高品質でおすすめの商品です。,2023-03-10
9616,レゴブロック 87,おもちゃ・ゲーム,GameZone,39934,858,レゴブロック 87の詳細説明です。高品質でおすすめの商品です。,2023-09-09
9617,アクションフィギュア 87,おもちゃ・ゲーム,GameZone,7074,77,アクションフィギュア 87の詳細説明です。高品質でおすすめの商品です。,2023-05-01
9618,パズルゲーム 87,おもちゃ・ゲーム,Kids,37694,419,パズルゲーム 87の詳細説明です。高品質でおすすめの商品です。,2023-03-25
9619,知育玩具 87,おもちゃ・ゲーム,PlayTime,12742,145,知育玩具 87の詳細説明です。高品質でおすすめの商品です。,2023-12-16
9620,ゲームソフト 87,おもちゃ・ゲーム,Fun,8774,795,ゲームソフト 87の詳細説明です。高品質でおすすめの商品です。,2023-03-13
9621,パズル 88,おもちゃ・ゲーム,ToyFun,12537,52,パズル 88の詳細説明です。高品質でおすすめの商品です。,2023-03-14
9622,ボードゲーム 88,おもちゃ・ゲーム,Kids,43759,327,ボードゲーム 88の詳細説明です。高品質でおすすめの商品です。,2023-06-20
9623,カードゲーム 88,おもちゃ・ゲーム,PlayTime,11779,546,カードゲーム 88の詳細説明です。高品質でおすすめの商品です。,2023-07-16
9624,プラモデル 88,おもちゃ・ゲーム,ToyFun,7321,450,プラモデル 88の詳細説明です。高品質でおすすめの商品です。,2023-12-28
9625,ぬいぐるみ 88,おもちゃ・ゲーム,GameZone,43420,684,ぬいぐるみ 88の詳細説明です。高品質でおすすめの商品です。,2023-04-03
9626,レゴブロック 88,おもちゃ・ゲーム,GameZone,8311,268,レゴブロック 88の詳細説明です。高品質でおすすめの商品です。,2023-01-16
9627,アクションフィギュア 88,おもちゃ・ゲーム,GameZone,40290,621,アクションフィギュア 88の詳細説明です。高品質でおすすめの商品です。,2023-07-26
9628,パズルゲーム 88,おもちゃ・ゲーム,GameZone,19947,994,パズルゲーム 88の詳細説明です。高品質でおすすめの商品です。,2023-08-22
9629,知育玩具 88,おもちゃ・ゲーム,GameZone,15679,30,知育玩具 88の詳細説明です。高品質でおすすめの商品です。,2023-06-06
9630,ゲームソフト 88,おもちゃ・ゲーム,ToyFun,18688,360,ゲームソフト 88の詳細説明です。高品質でおすすめの商品です。,2023-10-29
9631,パズル 89,おもちゃ・ゲーム,PlayTime,8150,187,パズル 89の詳細説明です。高品質でおすすめの商品です。,2023-03-12
9632,ボードゲーム 89,おもちゃ・ゲーム,ToyFun,7331,694,ボードゲーム 89の詳細説明です。高品質でおすすめの商品です。,2023-01-13
9633,カードゲーム 89,おもちゃ・ゲーム,Kids,11576,194,カードゲーム 89の詳細説明です。高品質でおすすめの商品です。,2023-10-15
9634,プラモデル 89,おもちゃ・ゲーム,ToyFun,37781,923,プラモデル 89の詳細説明です。高品質でおすすめの商品です。,2023-04-30
9635,ぬいぐるみ 89,おもちゃ・ゲーム,PlayTime,6283,335,ぬいぐるみ 89の詳細説明です。高品質でおすすめの商品です。,2023-10-09
9636,レゴブロック 89,おもちゃ・ゲーム,Fun,3563,501,レゴブロック 89の詳細説明です。高品質でおすすめの商品です。,2023-12-10
9637,アクションフィギュア 89,おもちゃ・ゲーム,ToyFun,22968,474,アクションフィギュア 89の詳細説明です。高品質でおすすめの商品です。,2023-06-12
9638,パズルゲーム 89,おもちゃ・ゲーム,GameZone,15589,293,パズルゲーム 89の詳細説明です。高品質でおすすめの商品です。,2023-01-25
9639,知育玩具 89,おもちゃ・ゲーム,GameZone,43390,817,知育玩具 89の詳細説明です。高品質でおすすめの商品です。,2023-09-11
9640,ゲームソフト 89,おもちゃ・ゲーム,ToyFun,46700,880,ゲームソフト 89の詳細説明です。高品質でおすすめの商品です。,2023-08-01
9641,パズル 90,おもちゃ・ゲーム,Kids,4651,908,パズル 90の詳細説明です。高品質でおすすめの商品です。,2023-08-13
9642,ボードゲーム 90,おもちゃ・ゲーム,Fun,23257,230,ボードゲーム 90の詳細説明です。高品質でおすすめの商品です。,2023-06-07
9643,カードゲーム 90,おもちゃ・ゲーム,Fun,13467,950,カードゲーム 90の詳細説明です。高品質でおすすめの商品です。,2023-08-25
9644,プラモデル 90,おもちゃ・ゲーム,PlayTime,28275,76,プラモデル 90の詳細説明です。高品質でおすすめの商品です。,2023-11-18
9645,ぬいぐるみ 90,おもちゃ・ゲーム,Fun,14467,58,ぬいぐるみ 90の詳細説明です。高品質でおすすめの商品です。,2023-03-01
9646,レゴブロック 90,おもちゃ・ゲーム,PlayTime,23791,283,レゴブロック 90の詳細説明です。高品質でおすすめの商品です。,2023-08-14
9647,アクションフィギュア 90,おもちゃ・ゲーム,Fun,35929,742,アクションフィギュア 90の詳細説明です。高品質でおすすめの商品です。,2023-07-01
9648,パズルゲーム 90,おもちゃ・ゲーム,Fun,4239,577,パズルゲーム 90の詳細説明です。高品質でおすすめの商品です。,2023-09-08
9649,知育玩具 90,おもちゃ・ゲーム,Fun,30658,995,知育玩具 90の詳細説明です。高品質でおすすめの商品です。,2023-11-18
9650,ゲームソフト 90,おもちゃ・ゲーム,ToyFun,1211,393,ゲームソフト 90の詳細説明です。高品質でおすすめの商品です。,2023-01-12
9651,パズル 91,おもちゃ・ゲーム,ToyFun,30751,404,パズル 91の詳細説明です。高品質でおすすめの商品です。,2023-11-30
9652,ボードゲーム 91,おもちゃ・ゲーム,GameZone,37602,369,ボードゲーム 91の詳細説明です。高品質でおすすめの商品です。,2023-09-13
9653,カードゲーム 91,おもちゃ・ゲーム,ToyFun,32461,824,カードゲーム 91の詳細説明です。高品質でおすすめの商品です。,2023-01-08
9654,プラモデル 91,おもちゃ・ゲーム,GameZone,40580,370,プラモデル 91の詳細説明です。高品質でおすすめの商品です。,2023-06-27
9655,ぬいぐるみ 91,おもちゃ・ゲーム,GameZone,37896,799,ぬいぐるみ 91の詳細説明です。高品質でおすすめの商品です。,2023-09-14
9656,レゴブロック 91,おもちゃ・ゲーム,PlayTime,7335,483,レゴブロック 91の詳細説明です。高品質でおすすめの商品です。,2023-01-05
9657,アクションフィギュア 91,おもちゃ・ゲーム,Fun,36337,561,アクションフィギュア 91の詳細説明です。高品質でおすすめの商品です。,2023-06-18
9658,パズルゲーム 91,おもちゃ・ゲーム,GameZone,35329,990,パズルゲーム 91の詳細説明です。高品質でおすすめの商品です。,2023-09-30
9659,知育玩具 91,おもちゃ・ゲーム,GameZone,940,463,知育玩具 91の詳細説明です。高品質でおすすめの商品です。,2023-12-17
9660,ゲームソフト 91,おもちゃ・ゲーム,GameZone,9792,885,ゲームソフト 91の詳細説明です。高品質でおすすめの商品です。,2023-08-17
9661,パズル 92,おもちゃ・ゲーム,ToyFun,12328,356,パズル 92の詳細説明です。高品質でおすすめの商品です。,2023-06-15
9662,ボードゲーム 92,おもちゃ・ゲーム,GameZone,8794,369,ボードゲーム 92の詳細説明です。高品質でおすすめの商品です。,2023-08-20
9663,カードゲーム 92,おもちゃ・ゲーム,Fun,4272,933,カードゲーム 92の詳細説明です。高品質でおすすめの商品です。,2023-05-16
9664,プラモデル 92,おもちゃ・ゲーム,ToyFun,1859,925,プラモデル 92の詳細説明です。高品質でおすすめの商品です。,2023-04-09
9665,ぬいぐるみ 92,おもちゃ・ゲーム,Kids,15064,854,ぬいぐるみ 92の詳細説明です。高品質でおすすめの商品です。,2023-05-26
9666,レゴブロック 92,おもちゃ・ゲーム,GameZone,37637,820,レゴブロック 92の詳細説明です。高品質でおすすめの商品です。,2023-02-13
9667,アクションフィギュア 92,おもちゃ・ゲーム,Fun,28330,553,アクションフィギュア 92の詳細説明です。高品質でおすすめの商品です。,2023-02-05
9668,パズルゲーム 92,おもちゃ・ゲーム,GameZone,34256,173,パズルゲーム 92の詳細説明です。高品質でおすすめの商品です。,2023-10-15
9669,知育玩具 92,おもちゃ・ゲーム,Fun,16474,501,知育玩具 92の詳細説明です。高品質でおすすめの商品です。,2023-10-31
9670,ゲームソフト 92,おもちゃ・ゲーム,Kids,1455,461,ゲームソフト 92の詳細説明です。高品質でおすすめの商品です。,2023-03-12
9671,パズル 93,おもちゃ・ゲーム,Fun,17079,673,パズル 93の詳細説明です。高品質でおすすめの商品です。,2023-10-07
9672,ボードゲーム 93,おもちゃ・ゲーム,PlayTime,9420,978,ボードゲーム 93の詳細説明です。高品質でおすすめの商品です。,2023-03-29
9673,カードゲーム 93,おもちゃ・ゲーム,ToyFun,9338,123,カードゲーム 93の詳細説明です。高品質でおすすめの商品です。,2023-08-18
9674,プラモデル 93,おもちゃ・ゲーム,ToyFun,36568,112,プラモデル 93の詳細説明です。高品質でおすすめの商品です。,2023-04-16
9675,ぬいぐるみ 93,おもちゃ・ゲーム,PlayTime,27730,115,ぬいぐるみ 93の詳細説明です。高品質でおすすめの商品です。,2023-02-16
9676,レゴブロック 93,おもちゃ・ゲーム,Kids,2882,806,レゴブロック 93の詳細説明です。高品質でおすすめの商品です。,2023-11-01
9677,アクションフィギュア 93,おもちゃ・ゲーム,Kids,22360,605,アクションフィギュア 93の詳細説明です。高品質でおすすめの商品です。,2023-02-23
9678,パズルゲーム 93,おもちゃ・ゲーム,Fun,27458,318,パズルゲーム 93の詳細説明です。高品質でおすすめの商品です。,2023-10-05
9679,知育玩具 93,おもちゃ・ゲーム,Fun,4707,575,知育玩具 93の詳細説明です。高品質でおすすめの商品です。,2023-04-03
9680,ゲームソフト 93,おもちゃ・ゲーム,GameZone,40827,521,ゲームソフト 93の詳細説明です。高品質でおすすめの商品です。,2023-11-06
9681,パズル 94,おもちゃ・ゲーム,Fun,7236,569,パズル 94の詳細説明です。高品質でおすすめの商品です。,2023-03-05
9682,ボードゲーム 94,おもちゃ・ゲーム,ToyFun,23864,769,ボードゲーム 94の詳細説明です。高品質でおすすめの商品です。,2023-07-08
9683,カードゲーム 94,おもちゃ・ゲーム,GameZone,12216,704,カードゲーム 94の詳細説明です。高品質でおすすめの商品です。,2023-11-02
9684,プラモデル 94,おもちゃ・ゲーム,GameZone,13565,69,プラモデル 94の詳細説明です。高品質でおすすめの商品です。,2023-04-14
9685,ぬいぐるみ 94,おもちゃ・ゲーム,ToyFun,21998,694,ぬいぐるみ 94の詳細説明です。高品質でおすすめの商品です。,2023-12-05
9686,レゴブロック 94,おもちゃ・ゲーム,GameZone,5797,286,レゴブロック 94の詳細説明です。高品質でおすすめの商品です。,2023-04-05
9687,アクションフィギュア 94,おもちゃ・ゲーム,ToyFun,21890,563,アクションフィギュア 94の詳細説明です。高品質でおすすめの商品です。,2023-06-21
9688,パズルゲーム 94,おもちゃ・ゲーム,Fun,18136,44,パズルゲーム 94の詳細説明です。高品質でおすすめの商品です。,2023-02-04
9689,知育玩具 94,おもちゃ・ゲーム,PlayTime,49243,796,知育玩具 94の詳細説明です。高品質でおすすめの商品です。,2023-03-05
9690,ゲームソフト 94,おもちゃ・ゲーム,GameZone,20401,707,ゲームソフト 94の詳細説明です。高品質でおすすめの商品です。,2023-12-19
9691,パズル 95,おもちゃ・ゲーム,ToyFun,19169,306,パズル 95の詳細説明です。高品質でおすすめの商品です。,2023-09-17
9692,ボードゲーム 95,おもちゃ・ゲーム,Kids,7477,585,ボードゲーム 95の詳細説明です。高品質でおすすめの商品です。,2023-01-02
9693,カードゲーム 95,おもちゃ・ゲーム,GameZone,45371,708,カードゲーム 95の詳細説明です。高品質でおすすめの商品です。,2023-03-01
9694,プラモデル 95,おもちゃ・ゲーム,Fun,29761,257,プラモデル 95の詳細説明です。高品質でおすすめの商品です。,2023-04-17
9695,ぬいぐるみ 95,おもちゃ・ゲーム,Fun,8997,26,ぬいぐるみ 95の詳細説明です。高品質でおすすめの商品です。,2023-07-12
9696,レゴブロック 95,おもちゃ・ゲーム,GameZone,25771,225,レゴブロック 95の詳細説明です。高品質でおすすめの商品です。,2023-08-08
9697,アクションフィギュア 95,おもちゃ・ゲーム,PlayTime,862,45,アクションフィギュア 95の詳細説明です。高品質でおすすめの商品です。,2023-05-12
9698,パズルゲーム 95,おもちゃ・ゲーム,GameZone,2672,138,パズルゲーム 95の詳細説明です。高品質でおすすめの商品です。,2023-10-13
9699,知育玩具 95,おもちゃ・ゲーム,GameZone,12610,441,知育玩具 95の詳細説明です。高品質でおすすめの商品です。,2023-08-23
9700,ゲームソフト 95,おもちゃ・ゲーム,Fun,6080,341,ゲームソフト 95の詳細説明です。高品質でおすすめの商品です。,2023-09-10
9701,パズル 96,おもちゃ・ゲーム,GameZone,14088,139,パズル 96の詳細説明です。高品質でおすすめの商品です。,2023-04-09
9702,ボードゲーム 96,おもちゃ・ゲーム,Fun,44186,645,ボードゲーム 96の詳細説明です。高品質でおすすめの商品です。,2023-09-19
9703,カードゲーム 96,おもちゃ・ゲーム,PlayTime,12104,771,カードゲーム 96の詳細説明です。高品質でおすすめの商品です。,2023-02-18
9704,プラモデル 96,おもちゃ・ゲーム,Fun,27972,121,プラモデル 96の詳細説明です。高品質でおすすめの商品です。,2023-10-22
9705,ぬいぐるみ 96,おもちゃ・ゲーム,Fun,5913,619,ぬいぐるみ 96の詳細説明です。高品質でおすすめの商品です。,2023-07-24
9706,レゴブロック 96,おもちゃ・ゲーム,PlayTime,46414,321,レゴブロック 96の詳細説明です。高品質でおすすめの商品です。,2023-09-29
9707,アクションフィギュア 96,おもちゃ・ゲーム,Fun,27190,814,アクションフィギュア 96の詳細説明です。高品質でおすすめの商品です。,2023-10-25
9708,パズルゲーム 96,おもちゃ・ゲーム,ToyFun,14352,380,パズルゲーム 96の詳細説明です。高品質でおすすめの商品です。,2023-04-11
9709,知育玩具 96,おもちゃ・ゲーム,Fun,27988,993,知育玩具 96の詳細説明です。高品質でおすすめの商品です。,2023-06-25
9710,ゲームソフト 96,おもちゃ・ゲーム,Kids,4298,670,ゲームソフト 96の詳細説明です。高品質でおすすめの商品です。,2023-05-10
9711,パズル 97,おもちゃ・ゲーム,ToyFun,44003,581,パズル 97の詳細説明です。高品質でおすすめの商品です。,2023-11-08
9712,ボードゲーム 97,おもちゃ・ゲーム,Fun,6860,46,ボードゲーム 97の詳細説明です。高品質でおすすめの商品です。,2023-09-27
9713,カードゲーム 97,おもちゃ・ゲーム,ToyFun,39859,864,カードゲーム 97の詳細説明です。高品質でおすすめの商品です。,2023-09-14
9714,プラモデル 97,おもちゃ・ゲーム,PlayTime,33183,509,プラモデル 97の詳細説明です。高品質でおすすめの商品です。,2023-04-26
9715,ぬいぐるみ 97,おもちゃ・ゲーム,GameZone,5746,893,ぬいぐるみ 97の詳細説明です。高品質でおすすめの商品です。,2023-08-23
9716,レゴブロック 97,おもちゃ・ゲーム,PlayTime,35816,405,レゴブロック 97の詳細説明です。高品質でおすすめの商品です。,2023-07-05
9717,アクションフィギュア 97,おもちゃ・ゲーム,Fun,30194,695,アクションフィギュア 97の詳細説明です。高品質でおすすめの商品です。,2023-06-04
9718,パズルゲーム 97,おもちゃ・ゲーム,Fun,31418,358,パズルゲーム 97の詳細説明です。高品質でおすすめの商品です。,2023-10-28
9719,知育玩具 97,おもちゃ・ゲーム,Kids,43321,166,知育玩具 97の詳細説明です。高品質でおすすめの商品です。,2023-06-05
9720,ゲームソフト 97,おもちゃ・ゲーム,Fun,34249,358,ゲームソフト 97の詳細説明です。高品質でおすすめの商品です。,2023-12-01
9721,パズル 98,おもちゃ・ゲーム,ToyFun,3572,604,パズル 98の詳細説明です。高品質でおすすめの商品です。,2023-06-17
9722,ボードゲーム 98,おもちゃ・ゲーム,GameZone,3269,856,ボードゲーム 98の詳細説明です。高品質でおすすめの商品です。,2023-06-20
9723,カードゲーム 98,おもちゃ・ゲーム,PlayTime,46027,583,カードゲーム 98の詳細説明です。高品質でおすすめの商品です。,2023-03-09
9724,プラモデル 98,おもちゃ・ゲーム,Fun,49898,420,プラモデル 98の詳細説明です。高品質でおすすめの商品です。,2023-07-22
9725,ぬいぐるみ 98,おもちゃ・ゲーム,PlayTime,27896,432,ぬいぐるみ 98の詳細説明です。高品質でおすすめの商品です。,2023-09-30
9726,レゴブロック 98,おもちゃ・ゲーム,Fun,3307,530,レゴブロック 98の詳細説明です。高品質でおすすめの商品です。,2023-08-23
9727,アクションフィギュア 98,おもちゃ・ゲーム,GameZone,19824,154,アクションフィギュア 98の詳細説明です。高品質でおすすめの商品です。,2023-11-30
9728,パズルゲーム 98,おもちゃ・ゲーム,Fun,37812,208,パズルゲーム 98の詳細説明です。高品質でおすすめの商品です。,2023-07-23
9729,知育玩具 98,おもちゃ・ゲーム,GameZone,19214,895,知育玩具 98の詳細説明です。高品質でおすすめの商品です。,2023-09-07
9730,ゲームソフト 98,おもちゃ・ゲーム,PlayTime,16655,394,ゲームソフト 98の詳細説明です。高品質でおすすめの商品です。,2023-08-05
9731,パズル 99,おもちゃ・ゲーム,Kids,43912,263,パズル 99の詳細説明です。高品質でおすすめの商品です。,2023-03-14
9732,ボードゲーム 99,おもちゃ・ゲーム,Kids,24487,537,ボードゲーム 99の詳細説明です。高品質でおすすめの商品です。,2023-11-04
9733,カードゲーム 99,おもちゃ・ゲーム,ToyFun,27315,106,カードゲーム 99の詳細説明です。高品質でおすすめの商品です。,2023-01-06
9734,プラモデル 99,おもちゃ・ゲーム,PlayTime,5399,788,プラモデル 99の詳細説明です。高品質でおすすめの商品です。,2023-04-30
9735,ぬいぐるみ 99,おもちゃ・ゲーム,Kids,37768,141,ぬいぐるみ 99の詳細説明です。高品質でおすすめの商品です。,2023-09-28
9736,レゴブロック 99,おもちゃ・ゲーム,Kids,34856,336,レゴブロック 99の詳細説明です。高品質でおすすめの商品です。,2023-11-13
9737,アクションフィギュア 99,おもちゃ・ゲーム,ToyFun,14708,390,アクションフィギュア 99の詳細説明です。高品質でおすすめの商品です。,2023-11-23
9738,パズルゲーム 99,おもちゃ・ゲーム,Fun,40847,840,パズルゲーム 99の詳細説明です。高品質でおすすめの商品です。,2023-02-25
9739,知育玩具 99,おもちゃ・ゲーム,Fun,47905,279,知育玩具 99の詳細説明です。高品質でおすすめの商品です。,2023-04-21
9740,ゲームソフト 99,おもちゃ・ゲーム,GameZone,46326,396,ゲームソフト 99の詳細説明です。高品質でおすすめの商品です。,2023-04-23
9741,パズル 100,おもちゃ・ゲーム,ToyFun,30274,125,パズル 100の詳細説明です。高品質でおすすめの商品です。,2023-02-01
9742,ボードゲーム 100,おもちゃ・ゲーム,PlayTime,9386,329,ボードゲーム 100の詳細説明です。高品質でおすすめの商品です。,2023-09-24
9743,カードゲーム 100,おもちゃ・ゲーム,GameZone,25917,474,カードゲーム 100の詳細説明です。高品質でおすすめの商品です。,2023-08-02
9744,プラモデル 100,おもちゃ・ゲーム,GameZone,22683,769,プラモデル 100の詳細説明です。高品質でおすすめの商品です。,2023-01-08
9745,ぬいぐるみ 100,おもちゃ・ゲーム,GameZone,10653,699,ぬいぐるみ 100の詳細説明です。高品質でおすすめの商品です。,2023-05-17
9746,レゴブロック 100,おもちゃ・ゲーム,Kids,12302,973,レゴブロック 100の詳細説明です。高品質でおすすめの商品です。,2023-08-27
9747,アクションフィギュア 100,おもちゃ・ゲーム,PlayTime,33271,417,アクションフィギュア 100の詳細説明です。高品質でおすすめの商品です。,2023-01-09
9748,パズルゲーム 100,おもちゃ・ゲーム,PlayTime,44858,774,パズルゲーム 100の詳細説明です。高品質でおすすめの商品です。,2023-08-25
9749,知育玩具 100,おもちゃ・ゲーム,PlayTime,9399,297,知育玩具 100の詳細説明です。高品質でおすすめの商品です。,2023-09-13
9750,ゲームソフト 100,おもちゃ・ゲーム,PlayTime,33588,187,ゲームソフト 100の詳細説明です。高品質でおすすめの商品です。,2023-01-27
9751,パズル 101,おもちゃ・ゲーム,Kids,5697,592,パズル 101の詳細説明です。高品質でおすすめの商品です。,2023-07-10
9752,ボードゲーム 101,おもちゃ・ゲーム,ToyFun,17892,676,ボードゲーム 101の詳細説明です。高品質でおすすめの商品です。,2023-04-04
9753,カードゲーム 101,おもちゃ・ゲーム,Kids,40277,771,カードゲーム 101の詳細説明です。高品質でおすすめの商品です。,2023-01-29
9754,プラモデル 101,おもちゃ・ゲーム,PlayTime,7778,702,プラモデル 101の詳細説明です。高品質でおすすめの商品です。,2023-06-10
9755,ぬいぐるみ 101,おもちゃ・ゲーム,Kids,46586,737,ぬいぐるみ 101の詳細説明です。高品質でおすすめの商品です。,2023-08-14
9756,レゴブロック 101,おもちゃ・ゲーム,Fun,31229,358,レゴブロック 101の詳細説明です。高品質でおすすめの商品です。,2023-10-21
9757,アクションフィギュア 101,おもちゃ・ゲーム,ToyFun,45611,69,アクションフィギュア 101の詳細説明です。高品質でおすすめの商品です。,2023-08-14
9758,パズルゲーム 101,おもちゃ・ゲーム,Fun,15370,918,パズルゲーム 101の詳細説明です。高品質でおすすめの商品です。,2023-04-03
9759,知育玩具 101,おもちゃ・ゲーム,Fun,43434,970,知育玩具 101の詳細説明です。高品質でおすすめの商品です。,2023-08-10
9760,ゲームソフト 101,おもちゃ・ゲーム,Fun,15474,996,ゲームソフト 101の詳細説明です。高品質でおすすめの商品です。,2023-08-12
9761,パズル 102,おもちゃ・ゲーム,Kids,44109,280,パズル 102の詳細説明です。高品質でおすすめの商品です。,2023-11-01
9762,ボードゲーム 102,おもちゃ・ゲーム,Kids,1489,462,ボードゲーム 102の詳細説明です。高品質でおすすめの商品です。,2023-03-12
9763,カードゲーム 102,おもちゃ・ゲーム,GameZone,17181,103,カードゲーム 102の詳細説明です。高品質でおすすめの商品です。,2023-09-18
9764,プラモデル 102,おもちゃ・ゲーム,Kids,2450,251,プラモデル 102の詳細説明です。高品質でおすすめの商品です。,2023-01-30
9765,ぬいぐるみ 102,おもちゃ・ゲーム,PlayTime,29352,452,ぬいぐるみ 102の詳細説明です。高品質でおすすめの商品です。,2023-08-10
9766,レゴブロック 102,おもちゃ・ゲーム,PlayTime,44186,68,レゴブロック 102の詳細説明です。高品質でおすすめの商品です。,2023-07-09
9767,アクションフィギュア 102,おもちゃ・ゲーム,Kids,12526,526,アクションフィギュア 102の詳細説明です。高品質でおすすめの商品です。,2023-08-28
9768,パズルゲーム 102,おもちゃ・ゲーム,GameZone,29274,354,パズルゲーム 102の詳細説明です。高品質でおすすめの商品です。,2023-07-23
9769,知育玩具 102,おもちゃ・ゲーム,Kids,41740,867,知育玩具 102の詳細説明です。高品質でおすすめの商品です。,2023-08-09
9770,ゲームソフト 102,おもちゃ・ゲーム,ToyFun,42496,824,ゲームソフト 102の詳細説明です。高品質でおすすめの商品です。,2023-03-21
9771,パズル 103,おもちゃ・ゲーム,Kids,32846,203,パズル 103の詳細説明です。高品質でおすすめの商品です。,2023-11-27
9772,ボードゲーム 103,おもちゃ・ゲーム,PlayTime,6511,953,ボードゲーム 103の詳細説明です。高品質でおすすめの商品です。,2023-07-09
9773,カードゲーム 103,おもちゃ・ゲーム,Kids,48883,760,カードゲーム 103の詳細説明です。高品質でおすすめの商品です。,2023-05-08
9774,プラモデル 103,おもちゃ・ゲーム,ToyFun,27594,572,プラモデル 103の詳細説明です。高品質でおすすめの商品です。,2023-10-05
9775,ぬいぐるみ 103,おもちゃ・ゲーム,ToyFun,4912,61,ぬいぐるみ 103の詳細説明です。高品質でおすすめの商品です。,2023-06-15
9776,レゴブロック 103,おもちゃ・ゲーム,PlayTime,3476,860,レゴブロック 103の詳細説明です。高品質でおすすめの商品です。,2023-02-25
9777,アクションフィギュア 103,おもちゃ・ゲーム,PlayTime,41652,721,アクションフィギュア 103の詳細説明です。高品質でおすすめの商品です。,2023-09-10
9778,パズルゲーム 103,おもちゃ・ゲーム,Fun,29726,32,パズルゲーム 103の詳細説明です。高品質でおすすめの商品です。,2023-12-19
9779,知育玩具 103,おもちゃ・ゲーム,Kids,30199,637,知育玩具 103の詳細説明です。高品質でおすすめの商品です。,2023-12-01
9780,ゲームソフト 103,おもちゃ・ゲーム,ToyFun,22850,556,ゲームソフト 103の詳細説明です。高品質でおすすめの商品です。,2023-08-17
9781,パズル 104,おもちゃ・ゲーム,ToyFun,47984,738,パズル 104の詳細説明です。高品質でおすすめの商品です。,2023-12-27
9782,ボードゲーム 104,おもちゃ・ゲーム,ToyFun,42505,194,ボードゲーム 104の詳細説明です。高品質でおすすめの商品です。,2023-06-26
9783,カードゲーム 104,おもちゃ・ゲーム,GameZone,20627,960,カードゲーム 104の詳細説明です。高品質でおすすめの商品です。,2023-12-28
9784,プラモデル 104,おもちゃ・ゲーム,Kids,8254,829,プラモデル 104の詳細説明です。高品質でおすすめの商品です。,2023-03-12
9785,ぬいぐるみ 104,おもちゃ・ゲーム,GameZone,45481,76,ぬいぐるみ 104の詳細説明です。高品質でおすすめの商品です。,2023-06-17
9786,レゴブロック 104,おもちゃ・ゲーム,Fun,7469,836,レゴブロック 104の詳細説明です。高品質でおすすめの商品です。,2023-10-20
9787,アクションフィギュア 104,おもちゃ・ゲーム,GameZone,21692,211,アクションフィギュア 104の詳細説明です。高品質でおすすめの商品です。,2023-04-18
9788,パズルゲーム 104,おもちゃ・ゲーム,GameZone,9129,563,パズルゲーム 104の詳細説明です。高品質でおすすめの商品です。,2023-02-12
9789,知育玩具 104,おもちゃ・ゲーム,GameZone,9690,965,知育玩具 104の詳細説明です。高品質でおすすめの商品です。,2023-01-30
9790,ゲームソフト 104,おもちゃ・ゲーム,ToyFun,22864,36,ゲームソフト 104の詳細説明です。高品質でおすすめの商品です。,2023-12-18
9791,パズル 105,おもちゃ・ゲーム,ToyFun,15478,449,パズル 105の詳細説明です。高品質でおすすめの商品です。,2023-05-19
9792,ボードゲーム 105,おもちゃ・ゲーム,Fun,45804,439,ボードゲーム 105の詳細説明です。高品質でおすすめの商品です。,2023-01-16
9793,カードゲーム 105,おもちゃ・ゲーム,ToyFun,16854,746,カードゲーム 105の詳細説明です。高品質でおすすめの商品です。,2023-10-09
9794,プラモデル 105,おもちゃ・ゲーム,GameZone,2492,861,プラモデル 105の詳細説明です。高品質でおすすめの商品です。,2023-09-13
9795,ぬいぐるみ 105,おもちゃ・ゲーム,ToyFun,13328,182,ぬいぐるみ 105の詳細説明です。高品質でおすすめの商品です。,2023-05-28
9796,レゴブロック 105,おもちゃ・ゲーム,Fun,48517,752,レゴブロック 105の詳細説明です。高品質でおすすめの商品です。,2023-06-22
9797,アクションフィギュア 105,おもちゃ・ゲーム,PlayTime,40358,580,アクションフィギュア 105の詳細説明です。高品質でおすすめの商品です。,2023-05-31
9798,パズルゲーム 105,おもちゃ・ゲーム,PlayTime,14805,906,パズルゲーム 105の詳細説明です。高品質でおすすめの商品です。,2023-11-17
9799,知育玩具 105,おもちゃ・ゲーム,ToyFun,45681,624,知育玩具 105の詳細説明です。高品質でおすすめの商品です。,2023-10-20
9800,ゲームソフト 105,おもちゃ・ゲーム,GameZone,34788,835,ゲームソフト 105の詳細説明です。高品質でおすすめの商品です。,2023-09-01
9801,パズル 106,おもちゃ・ゲーム,Kids,46052,223,パズル 106の詳細説明です。高品質でおすすめの商品です。,2023-08-05
9802,ボードゲーム 106,おもちゃ・ゲーム,Kids,42848,351,ボードゲーム 106の詳細説明です。高品質でおすすめの商品です。,2023-11-05
9803,カードゲーム 106,おもちゃ・ゲーム,Fun,27795,885,カードゲーム 106の詳細説明です。高品質でおすすめの商品です。,2023-08-27
9804,プラモデル 106,おもちゃ・ゲーム,GameZone,40495,810,プラモデル 106の詳細説明です。高品質でおすすめの商品です。,2023-08-08
9805,ぬいぐるみ 106,おもちゃ・ゲーム,Kids,24744,941,ぬいぐるみ 106の詳細説明です。高品質でおすすめの商品です。,2023-10-15
9806,レゴブロック 106,おもちゃ・ゲーム,GameZone,45981,427,レゴブロック 106の詳細説明です。高品質でおすすめの商品です。,2023-11-05
9807,アクションフィギュア 106,おもちゃ・ゲーム,ToyFun,45256,232,アクションフィギュア 106の詳細説明です。高品質でおすすめの商品です。,2023-03-21
9808,パズルゲーム 106,おもちゃ・ゲーム,GameZone,12100,681,パズルゲーム 106の詳細説明です。高品質でおすすめの商品です。,2023-05-28
9809,知育玩具 106,おもちゃ・ゲーム,GameZone,13927,315,知育玩具 106の詳細説明です。高品質でおすすめの商品です。,2023-07-13
9810,ゲームソフト 106,おもちゃ・ゲーム,PlayTime,7809,328,ゲームソフト 106の詳細説明です。高品質でおすすめの商品です。,2023-07-06
9811,パズル 107,おもちゃ・ゲーム,Kids,31395,237,パズル 107の詳細説明です。高品質でおすすめの商品です。,2023-12-23
9812,ボードゲーム 107,おもちゃ・ゲーム,PlayTime,46862,30,ボードゲーム 107の詳細説明です。高品質でおすすめの商品です。,2023-08-23
9813,カードゲーム 107,おもちゃ・ゲーム,PlayTime,41238,858,カードゲーム 107の詳細説明です。高品質でおすすめの商品です。,2023-04-04
9814,プラモデル 107,おもちゃ・ゲーム,ToyFun,33277,230,プラモデル 107の詳細説明です。高品質でおすすめの商品です。,2023-05-13
9815,ぬいぐるみ 107,おもちゃ・ゲーム,ToyFun,49436,11,ぬいぐるみ 107の詳細説明です。高品質でおすすめの商品です。,2023-01-25
9816,レゴブロック 107,おもちゃ・ゲーム,ToyFun,32756,945,レゴブロック 107の詳細説明です。高品質でおすすめの商品です。,2023-10-30
9817,アクションフィギュア 107,おもちゃ・ゲーム,PlayTime,48336,306,アクションフィギュア 107の詳細説明です。高品質でおすすめの商品です。,2023-09-02
9818,パズルゲーム 107,おもちゃ・ゲーム,ToyFun,49738,834,パズルゲーム 107の詳細説明です。高品質でおすすめの商品です。,2023-03-12
9819,知育玩具 107,おもちゃ・ゲーム,GameZone,33942,820,知育玩具 107の詳細説明です。高品質でおすすめの商品です。,2023-09-10
9820,ゲームソフト 107,おもちゃ・ゲーム,ToyFun,16950,816,ゲームソフト 107の詳細説明です。高品質でおすすめの商品です。,2023-04-10
9821,パズル 108,おもちゃ・ゲーム,Kids,43165,873,パズル 108の詳細説明です。高品質でおすすめの商品です。,2023-06-26
9822,ボードゲーム 108,おもちゃ・ゲーム,Kids,25060,242,ボードゲーム 108の詳細説明です。高品質でおすすめの商品です。,2023-11-01
9823,カードゲーム 108,おもちゃ・ゲーム,PlayTime,27798,166,カードゲーム 108の詳細説明です。高品質でおすすめの商品です。,2023-03-12
9824,プラモデル 108,おもちゃ・ゲーム,ToyFun,17999,677,プラモデル 108の詳細説明です。高品質でおすすめの商品です。,2023-09-22
9825,ぬいぐるみ 108,おもちゃ・ゲーム,Fun,48427,961,ぬいぐるみ 108の詳細説明です。高品質でおすすめの商品です。,2023-06-18
9826,レゴブロック 108,おもちゃ・ゲーム,Fun,12851,881,レゴブロック 108の詳細説明です。高品質でおすすめの商品です。,2023-01-31
9827,アクションフィギュア 108,おもちゃ・ゲーム,Kids,10827,708,アクションフィギュア 108の詳細説明です。高品質でおすすめの商品です。,2023-06-16
9828,パズルゲーム 108,おもちゃ・ゲーム,ToyFun,6894,658,パズルゲーム 108の詳細説明です。高品質でおすすめの商品です。,2023-01-14
9829,知育玩具 108,おもちゃ・ゲーム,PlayTime,49674,393,知育玩具 108の詳細説明です。高品質でおすすめの商品です。,2023-12-06
9830,ゲームソフト 108,おもちゃ・ゲーム,Fun,40247,382,ゲームソフト 108の詳細説明です。高品質でおすすめの商品です。,2023-01-30
9831,パズル 109,おもちゃ・ゲーム,GameZone,9171,956,パズル 109の詳細説明です。高品質でおすすめの商品です。,2023-04-14
9832,ボードゲーム 109,おもちゃ・ゲーム,PlayTime,17686,157,ボードゲーム 109の詳細説明です。高品質でおすすめの商品です。,2023-07-19
9833,カードゲーム 109,おもちゃ・ゲーム,PlayTime,12211,654,カードゲーム 109の詳細説明です。高品質でおすすめの商品です。,2023-01-17
9834,プラモデル 109,おもちゃ・ゲーム,PlayTime,19480,209,プラモデル 109の詳細説明です。高品質でおすすめの商品です。,2023-05-11
9835,ぬいぐるみ 109,おもちゃ・ゲーム,GameZone,16428,444,ぬいぐるみ 109の詳細説明です。高品質でおすすめの商品です。,2023-07-15
9836,レゴブロック 109,おもちゃ・ゲーム,GameZone,39971,352,レゴブロック 109の詳細説明です。高品質でおすすめの商品です。,2023-03-18
9837,アクションフィギュア 109,おもちゃ・ゲーム,Fun,3503,734,アクションフィギュア 109の詳細説明です。高品質でおすすめの商品です。,2023-09-19
9838,パズルゲーム 109,おもちゃ・ゲーム,PlayTime,30614,818,パズルゲーム 109の詳細説明です。高品質でおすすめの商品です。,2023-09-24
9839,知育玩具 109,おもちゃ・ゲーム,ToyFun,21549,178,知育玩具 109の詳細説明です。高品質でおすすめの商品です。,2023-10-01
9840,ゲームソフト 109,おもちゃ・ゲーム,PlayTime,16847,417,ゲームソフト 109の詳細説明です。高品質でおすすめの商品です。,2023-08-27
9841,パズル 110,おもちゃ・ゲーム,GameZone,9120,558,パズル 110の詳細説明です。高品質でおすすめの商品です。,2023-12-20
9842,ボードゲーム 110,おもちゃ・ゲーム,Fun,33779,807,ボードゲーム 110の詳細説明です。高品質でおすすめの商品です。,2023-10-30
9843,カードゲーム 110,おもちゃ・ゲーム,ToyFun,44136,430,カードゲーム 110の詳細説明です。高品質でおすすめの商品です。,2023-08-31
9844,プラモデル 110,おもちゃ・ゲーム,Fun,46693,404,プラモデル 110の詳細説明です。高品質でおすすめの商品です。,2023-05-29
9845,ぬいぐるみ 110,おもちゃ・ゲーム,PlayTime,3725,954,ぬいぐるみ 110の詳細説明です。高品質でおすすめの商品です。,2023-11-09
9846,レゴブロック 110,おもちゃ・ゲーム,Fun,47295,726,レゴブロック 110の詳細説明です。高品質でおすすめの商品です。,2023-08-18
9847,アクションフィギュア 110,おもちゃ・ゲーム,PlayTime,15453,835,アクションフィギュア 110の詳細説明です。高品質でおすすめの商品です。,2023-11-11
9848,パズルゲーム 110,おもちゃ・ゲーム,Kids,17266,236,パズルゲーム 110の詳細説明です。高品質でおすすめの商品です。,2023-12-19
9849,知育玩具 110,おもちゃ・ゲーム,PlayTime,14335,675,知育玩具 110の詳細説明です。高品質でおすすめの商品です。,2023-03-27
9850,ゲームソフト 110,おもちゃ・ゲーム,ToyFun,49083,698,ゲームソフト 110の詳細説明です。高品質でおすすめの商品です。,2023-09-23
9851,パズル 111,おもちゃ・ゲーム,ToyFun,28088,87,パズル 111の詳細説明です。高品質でおすすめの商品です。,2023-04-14
9852,ボードゲーム 111,おもちゃ・ゲーム,PlayTime,41965,464,ボードゲーム 111の詳細説明です。高品質でおすすめの商品です。,2023-12-24
9853,カードゲーム 111,おもちゃ・ゲーム,GameZone,48050,543,カードゲーム 111の詳細説明です。高品質でおすすめの商品です。,2023-03-17
9854,プラモデル 111,おもちゃ・ゲーム,PlayTime,38897,310,プラモデル 111の詳細説明です。高品質でおすすめの商品です。,2023-06-04
9855,ぬいぐるみ 111,おもちゃ・ゲーム,Kids,42237,896,ぬいぐるみ 111の詳細説明です。高品質でおすすめの商品です。,2023-09-27
9856,レゴブロック 111,おもちゃ・ゲーム,ToyFun,33287,882,レゴブロック 111の詳細説明です。高品質でおすすめの商品です。,2023-04-06
9857,アクションフィギュア 111,おもちゃ・ゲーム,Kids,26066,115,アクションフィギュア 111の詳細説明です。高品質でおすすめの商品です。,2023-03-23
9858,パズルゲーム 111,おもちゃ・ゲーム,Fun,10336,0,パズルゲーム 111の詳細説明です。高品質でおすすめの商品です。,2023-09-18
9859,知育玩具 111,おもちゃ・ゲーム,ToyFun,39052,25,知育玩具 111の詳細説明です。高品質でおすすめの商品です。,2023-01-03
9860,ゲームソフト 111,おもちゃ・ゲーム,Fun,36166,456,ゲームソフト 111の詳細説明です。高品質でおすすめの商品です。,2023-05-25
9861,パズル 112,おもちゃ・ゲーム,PlayTime,41066,544,パズル 112の詳細説明です。高品質でおすすめの商品です。,2023-12-15
9862,ボードゲーム 112,おもちゃ・ゲーム,Fun,17096,792,ボードゲーム 112の詳細説明です。高品質でおすすめの商品です。,2023-12-26
9863,カードゲーム 112,おもちゃ・ゲーム,Fun,42336,855,カードゲーム 112の詳細説明です。高品質でおすすめの商品です。,2023-01-14
9864,プラモデル 112,おもちゃ・ゲーム,GameZone,2467,737,プラモデル 112の詳細説明です。高品質でおすすめの商品です。,2023-08-04
9865,ぬいぐるみ 112,おもちゃ・ゲーム,PlayTime,17984,306,ぬいぐるみ 112の詳細説明です。高品質でおすすめの商品です。,2023-10-09
9866,レゴブロック 112,おもちゃ・ゲーム,GameZone,1514,835,レゴブロック 112の詳細説明です。高品質でおすすめの商品です。,2023-05-08
9867,アクションフィギュア 112,おもちゃ・ゲーム,PlayTime,16173,14,アクションフィギュア 112の詳細説明です。高品質でおすすめの商品です。,2023-11-29
9868,パズルゲーム 112,おもちゃ・ゲーム,PlayTime,28003,1000,パズルゲーム 112の詳細説明です。高品質でおすすめの商品です。,2023-05-28
9869,知育玩具 112,おもちゃ・ゲーム,PlayTime,32039,601,知育玩具 112の詳細説明です。高品質でおすすめの商品です。,2023-07-10
9870,ゲームソフト 112,おもちゃ・ゲーム,ToyFun,48498,299,ゲームソフト 112の詳細説明です。高品質でおすすめの商品です。,2023-08-12
9871,パズル 113,おもちゃ・ゲーム,Kids,33249,186,パズル 113の詳細説明です。高品質でおすすめの商品です。,2023-09-28
9872,ボードゲーム 113,おもちゃ・ゲーム,PlayTime,19293,348,ボードゲーム 113の詳細説明です。高品質でおすすめの商品です。,2023-06-16
9873,カードゲーム 113,おもちゃ・ゲーム,PlayTime,3087,126,カードゲーム 113の詳細説明です。高品質でおすすめの商品です。,2023-05-13
9874,プラモデル 113,おもちゃ・ゲーム,GameZone,41947,993,プラモデル 113の詳細説明です。高品質でおすすめの商品です。,2023-02-06
9875,ぬいぐるみ 113,おもちゃ・ゲーム,Kids,41983,209,ぬいぐるみ 113の詳細説明です。高品質でおすすめの商品です。,2023-02-19
9876,レゴブロック 113,おもちゃ・ゲーム,Fun,3139,309,レゴブロック 113の詳細説明です。高品質でおすすめの商品です。,2023-08-08
9877,アクションフィギュア 113,おもちゃ・ゲーム,Kids,44359,575,アクションフィギュア 113の詳細説明です。高品質でおすすめの商品です。,2023-03-31
9878,パズルゲーム 113,おもちゃ・ゲーム,GameZone,20809,189,パズルゲーム 113の詳細説明です。高品質でおすすめの商品です。,2024-01-01
9879,知育玩具 113,おもちゃ・ゲーム,PlayTime,30019,515,知育玩具 113の詳細説明です。高品質でおすすめの商品です。,2023-01-30
9880,ゲームソフト 113,おもちゃ・ゲーム,GameZone,32349,153,ゲームソフト 113の詳細説明です。高品質でおすすめの商品です。,2023-12-02
9881,パズル 114,おもちゃ・ゲーム,GameZone,11768,160,パズル 114の詳細説明です。高品質でおすすめの商品です。,2023-10-22
9882,ボードゲーム 114,おもちゃ・ゲーム,PlayTime,4583,857,ボードゲーム 114の詳細説明です。高品質でおすすめの商品です。,2023-10-18
9883,カードゲーム 114,おもちゃ・ゲーム,GameZone,17801,616,カードゲーム 114の詳細説明です。高品質でおすすめの商品です。,2023-11-09
9884,プラモデル 114,おもちゃ・ゲーム,Fun,43170,639,プラモデル 114の詳細説明です。高品質でおすすめの商品です。,2023-10-30
9885,ぬいぐるみ 114,おもちゃ・ゲーム,PlayTime,45849,721,ぬいぐるみ 114の詳細説明です。高品質でおすすめの商品です。,2023-12-31
9886,レゴブロック 114,おもちゃ・ゲーム,Kids,24306,102,レゴブロック 114の詳細説明です。高品質でおすすめの商品です。,2023-08-06
9887,アクションフィギュア 114,おもちゃ・ゲーム,GameZone,5649,841,アクションフィギュア 114の詳細説明です。高品質でおすすめの商品です。,2023-08-30
9888,パズルゲーム 114,おもちゃ・ゲーム,Kids,25462,636,パズルゲーム 114の詳細説明です。高品質でおすすめの商品です。,2023-10-12
9889,知育玩具 114,おもちゃ・ゲーム,GameZone,568,797,知育玩具 114の詳細説明です。高品質でおすすめの商品です。,2023-05-07
9890,ゲームソフト 114,おもちゃ・ゲーム,PlayTime,33325,533,ゲームソフト 114の詳細説明です。高品質でおすすめの商品です。,2023-08-10
9891,パズル 115,おもちゃ・ゲーム,Fun,28320,538,パズル 115の詳細説明です。高品質でおすすめの商品です。,2023-12-26
9892,ボードゲーム 115,おもちゃ・ゲーム,Kids,47200,211,ボードゲーム 115の詳細説明です。高品質でおすすめの商品です。,2023-10-22
9893,カードゲーム 115,おもちゃ・ゲーム,Kids,28196,269,カードゲーム 115の詳細説明です。高品質でおすすめの商品です。,2023-04-06
9894,プラモデル 115,おもちゃ・ゲーム,Kids,960,958,プラモデル 115の詳細説明です。高品質でおすすめの商品です。,2023-11-11
9895,ぬいぐるみ 115,おもちゃ・ゲーム,Fun,18020,513,ぬいぐるみ 115の詳細説明です。高品質でおすすめの商品です。,2023-02-10
9896,レゴブロック 115,おもちゃ・ゲーム,ToyFun,45117,880,レゴブロック 115の詳細説明です。高品質でおすすめの商品です。,2023-03-05
9897,アクションフィギュア 115,おもちゃ・ゲーム,Fun,19864,991,アクションフィギュア 115の詳細説明です。高品質でおすすめの商品です。,2023-11-24
9898,パズルゲーム 115,おもちゃ・ゲーム,Kids,5439,578,パズルゲーム 115の詳細説明です。高品質でおすすめの商品です。,2023-03-17
9899,知育玩具 115,おもちゃ・ゲーム,GameZone,21098,992,知育玩具 115の詳細説明です。高品質でおすすめの商品です。,2023-08-03
9900,ゲームソフト 115,おもちゃ・ゲーム,PlayTime,14235,655,ゲームソフト 115の詳細説明です。高品質でおすすめの商品です。,2023-06-18
9901,パズル 116,おもちゃ・ゲーム,PlayTime,37765,159,パズル 116の詳細説明です。高品質でおすすめの商品です。,2023-11-08
9902,ボードゲーム 116,おもちゃ・ゲーム,GameZone,42925,785,ボードゲーム 116の詳細説明です。高品質でおすすめの商品です。,2023-02-02
9903,カードゲーム 116,おもちゃ・ゲーム,PlayTime,30452,300,カードゲーム 116の詳細説明です。高品質でおすすめの商品です。,2023-02-23
9904,プラモデル 116,おもちゃ・ゲーム,ToyFun,13330,932,プラモデル 116の詳細説明です。高品質でおすすめの商品です。,2023-08-06
9905,ぬいぐるみ 116,おもちゃ・ゲーム,Fun,29957,732,ぬいぐるみ 116の詳細説明です。高品質でおすすめの商品です。,2023-12-12
9906,レゴブロック 116,おもちゃ・ゲーム,ToyFun,8066,782,レゴブロック 116の詳細説明です。高品質でおすすめの商品です。,2023-10-10
9907,アクションフィギュア 116,おもちゃ・ゲーム,ToyFun,23098,799,アクションフィギュア 116の詳細説明です。高品質でおすすめの商品です。,2023-01-30
9908,パズルゲーム 116,おもちゃ・ゲーム,Fun,7246,153,パズルゲーム 116の詳細説明です。高品質でおすすめの商品です。,2023-11-15
9909,知育玩具 116,おもちゃ・ゲーム,Fun,1636,402,知育玩具 116の詳細説明です。高品質でおすすめの商品です。,2023-11-07
9910,ゲームソフト 116,おもちゃ・ゲーム,ToyFun,33260,654,ゲームソフト 116の詳細説明です。高品質でおすすめの商品です。,2023-04-28
9911,パズル 117,おもちゃ・ゲーム,Fun,47538,698,パズル 117の詳細説明です。高品質でおすすめの商品です。,2023-08-26
9912,ボードゲーム 117,おもちゃ・ゲーム,ToyFun,2865,35,ボードゲーム 117の詳細説明です。高品質でおすすめの商品です。,2023-01-26
9913,カードゲーム 117,おもちゃ・ゲーム,ToyFun,26184,767,カードゲーム 117の詳細説明です。高品質でおすすめの商品です。,2023-01-24
9914,プラモデル 117,おもちゃ・ゲーム,Kids,6941,178,プラモデル 117の詳細説明です。高品質でおすすめの商品です。,2023-04-12
9915,ぬいぐるみ 117,おもちゃ・ゲーム,Kids,21522,865,ぬいぐるみ 117の詳細説明です。高品質でおすすめの商品です。,2023-04-06
9916,レゴブロック 117,おもちゃ・ゲーム,Kids,8062,196,レゴブロック 117の詳細説明です。高品質でおすすめの商品です。,2023-06-29
9917,アクションフィギュア 117,おもちゃ・ゲーム,PlayTime,47306,823,アクションフィギュア 117の詳細説明です。高品質でおすすめの商品です。,2023-12-17
9918,パズルゲーム 117,おもちゃ・ゲーム,PlayTime,45056,856,パズルゲーム 117の詳細説明です。高品質でおすすめの商品です。,2023-08-15
9919,知育玩具 117,おもちゃ・ゲーム,ToyFun,15017,981,知育玩具 117の詳細説明です。高品質でおすすめの商品です。,2023-03-06
9920,ゲームソフト 117,おもちゃ・ゲーム,Fun,17812,157,ゲームソフト 117の詳細説明です。高品質でおすすめの商品です。,2023-04-11
9921,パズル 118,おもちゃ・ゲーム,Fun,17928,475,パズル 118の詳細説明です。高品質でおすすめの商品です。,2023-05-04
9922,ボードゲーム 118,おもちゃ・ゲーム,GameZone,17953,650,ボードゲーム 118の詳細説明です。高品質でおすすめの商品です。,2023-11-12
9923,カードゲーム 118,おもちゃ・ゲーム,ToyFun,15119,356,カードゲーム 118の詳細説明です。高品質でおすすめの商品です。,2023-03-04
9924,プラモデル 118,おもちゃ・ゲーム,ToyFun,14441,765,プラモデル 118の詳細説明です。高品質でおすすめの商品です。,2023-07-07
9925,ぬいぐるみ 118,おもちゃ・ゲーム,Fun,47283,6,ぬいぐるみ 118の詳細説明です。高品質でおすすめの商品です。,2023-11-10
9926,レゴブロック 118,おもちゃ・ゲーム,PlayTime,30161,112,レゴブロック 118の詳細説明です。高品質でおすすめの商品です。,2023-03-12
9927,アクションフィギュア 118,おもちゃ・ゲーム,GameZone,36328,993,アクションフィギュア 118の詳細説明です。高品質でおすすめの商品です。,2023-06-18
9928,パズルゲーム 118,おもちゃ・ゲーム,ToyFun,24859,182,パズルゲーム 118の詳細説明です。高品質でおすすめの商品です。,2023-03-22
9929,知育玩具 118,おもちゃ・ゲーム,ToyFun,46985,260,知育玩具 118の詳細説明です。高品質でおすすめの商品です。,2023-10-26
9930,ゲームソフト 118,おもちゃ・ゲーム,Kids,23719,119,ゲームソフト 118の詳細説明です。高品質でおすすめの商品です。,2023-04-16
9931,パズル 119,おもちゃ・ゲーム,PlayTime,18684,623,パズル 119の詳細説明です。高品質でおすすめの商品です。,2023-02-20
9932,ボードゲーム 119,おもちゃ・ゲーム,Kids,22695,992,ボードゲーム 119の詳細説明です。高品質でおすすめの商品です。,2023-04-09
9933,カードゲーム 119,おもちゃ・ゲーム,Fun,20653,380,カードゲーム 119の詳細説明です。高品質でおすすめの商品です。,2023-09-10
9934,プラモデル 119,おもちゃ・ゲーム,GameZone,2258,722,プラモデル 119の詳細説明です。高品質でおすすめの商品です。,2023-10-16
9935,ぬいぐるみ 119,おもちゃ・ゲーム,Kids,37213,190,ぬいぐるみ 119の詳細説明です。高品質でおすすめの商品です。,2023-08-08
9936,レゴブロック 119,おもちゃ・ゲーム,ToyFun,30040,674,レゴブロック 119の詳細説明です。高品質でおすすめの商品です。,2023-01-18
9937,アクションフィギュア 119,おもちゃ・ゲーム,Fun,22181,42,アクションフィギュア 119の詳細説明です。高品質でおすすめの商品です。,2023-08-20
9938,パズルゲーム 119,おもちゃ・ゲーム,GameZone,47183,411,パズルゲーム 119の詳細説明です。高品質でおすすめの商品です。,2023-11-24
9939,知育玩具 119,おもちゃ・ゲーム,Kids,19406,602,知育玩具 119の詳細説明です。高品質でおすすめの商品です。,2023-03-26
9940,ゲームソフト 119,おもちゃ・ゲーム,PlayTime,49600,867,ゲームソフト 119の詳細説明です。高品質でおすすめの商品です。,2023-09-21
9941,パズル 120,おもちゃ・ゲーム,ToyFun,25292,248,パズル 120の詳細説明です。高品質でおすすめの商品です。,2023-02-13
9942,ボードゲーム 120,おもちゃ・ゲーム,GameZone,41380,734,ボードゲーム 120の詳細説明です。高品質でおすすめの商品です。,2023-07-25
9943,カードゲーム 120,おもちゃ・ゲーム,Fun,13707,282,カードゲーム 120の詳細説明です。高品質でおすすめの商品です。,2023-12-08
9944,プラモデル 120,おもちゃ・ゲーム,Kids,16546,710,プラモデル 120の詳細説明です。高品質でおすすめの商品です。,2023-04-15
9945,ぬいぐるみ 120,おもちゃ・ゲーム,PlayTime,43290,148,ぬいぐるみ 120の詳細説明です。高品質でおすすめの商品です。,2023-01-05
9946,レゴブロック 120,おもちゃ・ゲーム,ToyFun,1965,329,レゴブロック 120の詳細説明です。高品質でおすすめの商品です。,2023-10-21
9947,アクションフィギュア 120,おもちゃ・ゲーム,Fun,36092,391,アクションフィギュア 120の詳細説明です。高品質でおすすめの商品です。,2023-04-04
9948,パズルゲーム 120,おもちゃ・ゲーム,PlayTime,4532,296,パズルゲーム 120の詳細説明です。高品質でおすすめの商品です。,2023-07-15
9949,知育玩具 120,おもちゃ・ゲーム,Fun,17429,223,知育玩具 120の詳細説明です。高品質でおすすめの商品です。,2023-12-20
9950,ゲームソフト 120,おもちゃ・ゲーム,GameZone,8575,323,ゲームソフト 120の詳細説明です。高品質でおすすめの商品です。,2023-01-02
9951,パズル 121,おもちゃ・ゲーム,Fun,29361,785,パズル 121の詳細説明です。高品質でおすすめの商品です。,2023-11-30
9952,ボードゲーム 121,おもちゃ・ゲーム,ToyFun,47748,312,ボードゲーム 121の詳細説明です。高品質でおすすめの商品です。,2023-09-13
9953,カードゲーム 121,おもちゃ・ゲーム,Kids,5438,477,カードゲーム 121の詳細説明です。高品質でおすすめの商品です。,2023-06-29
9954,プラモデル 121,おもちゃ・ゲーム,ToyFun,4399,387,プラモデル 121の詳細説明です。高品質でおすすめの商品です。,2023-07-19
9955,ぬいぐるみ 121,おもちゃ・ゲーム,Kids,559,503,ぬいぐるみ 121の詳細説明です。高品質でおすすめの商品です。,2023-12-16
9956,レゴブロック 121,おもちゃ・ゲーム,GameZone,36079,812,レゴブロック 121の詳細説明です。高品質でおすすめの商品です。,2023-09-10
9957,アクションフィギュア 121,おもちゃ・ゲーム,Fun,46773,357,アクションフィギュア 121の詳細説明です。高品質でおすすめの商品です。,2023-07-04
9958,パズルゲーム 121,おもちゃ・ゲーム,PlayTime,25042,72,パズルゲーム 121の詳細説明です。高品質でおすすめの商品です。,2023-08-11
9959,知育玩具 121,おもちゃ・ゲーム,ToyFun,42251,656,知育玩具 121の詳細説明です。高品質でおすすめの商品です。,2023-07-13
9960,ゲームソフト 121,おもちゃ・ゲーム,ToyFun,25722,717,ゲームソフト 121の詳細説明です。高品質でおすすめの商品です。,2023-08-27
9961,パズル 122,おもちゃ・ゲーム,Fun,29331,480,パズル 122の詳細説明です。高品質でおすすめの商品です。,2023-01-20
9962,ボードゲーム 122,おもちゃ・ゲーム,GameZone,22534,752,ボードゲーム 122の詳細説明です。高品質でおすすめの商品です。,2023-01-05
9963,カードゲーム 122,おもちゃ・ゲーム,PlayTime,15844,504,カードゲーム 122の詳細説明です。高品質でおすすめの商品です。,2023-04-09
9964,プラモデル 122,おもちゃ・ゲーム,ToyFun,15252,522,プラモデル 122の詳細説明です。高品質でおすすめの商品です。,2023-02-06
9965,ぬいぐるみ 122,おもちゃ・ゲーム,GameZone,17880,902,ぬいぐるみ 122の詳細説明です。高品質でおすすめの商品です。,2023-03-30
9966,レゴブロック 122,おもちゃ・ゲーム,Kids,27339,819,レゴブロック 122の詳細説明です。高品質でおすすめの商品です。,2023-09-11
9967,アクションフィギュア 122,おもちゃ・ゲーム,Kids,9406,15,アクションフィギュア 122の詳細説明です。高品質でおすすめの商品です。,2023-12-12
9968,パズルゲーム 122,おもちゃ・ゲーム,Fun,5158,688,パズルゲーム 122の詳細説明です。高品質でおすすめの商品です。,2023-06-12
9969,知育玩具 122,おもちゃ・ゲーム,Fun,32294,882,知育玩具 122の詳細説明です。高品質でおすすめの商品です。,2023-05-12
9970,ゲームソフト 122,おもちゃ・ゲーム,Fun,22841,941,ゲームソフト 122の詳細説明です。高品質でおすすめの商品です。,2023-07-21
9971,パズル 123,おもちゃ・ゲーム,Kids,5303,157,パズル 123の詳細説明です。高品質でおすすめの商品です。,2023-03-17
9972,ボードゲーム 123,おもちゃ・ゲーム,PlayTime,4598,122,ボードゲーム 123の詳細説明です。高品質でおすすめの商品です。,2023-07-27
9973,カードゲーム 123,おもちゃ・ゲーム,Fun,35679,663,カードゲーム 123の詳細説明です。高品質でおすすめの商品です。,2023-10-04
9974,プラモデル 123,おもちゃ・ゲーム,Fun,35912,208,プラモデル 123の詳細説明です。高品質でおすすめの商品です。,2023-07-09
9975,ぬいぐるみ 123,おもちゃ・ゲーム,Kids,9346,810,ぬいぐるみ 123の詳細説明です。高品質でおすすめの商品です。,2023-09-23
9976,レゴブロック 123,おもちゃ・ゲーム,Kids,28000,825,レゴブロック 123の詳細説明です。高品質でおすすめの商品です。,2023-09-13
9977,アクションフィギュア 123,おもちゃ・ゲーム,ToyFun,36816,559,アクションフィギュア 123の詳細説明です。高品質でおすすめの商品です。,2023-07-11
9978,パズルゲーム 123,おもちゃ・ゲーム,GameZone,5123,718,パズルゲーム 123の詳細説明です。高品質でおすすめの商品です。,2023-12-30
9979,知育玩具 123,おもちゃ・ゲーム,Kids,3501,528,知育玩具 123の詳細説明です。高品質でおすすめの商品です。,2023-12-24
9980,ゲームソフト 123,おもちゃ・ゲーム,PlayTime,18678,955,ゲームソフト 123の詳細説明です。高品質でおすすめの商品です。,2023-10-24
9981,パズル 124,おもちゃ・ゲーム,Fun,25079,578,パズル 124の詳細説明です。高品質でおすすめの商品です。,2023-12-25
9982,ボードゲーム 124,おもちゃ・ゲーム,GameZone,35297,763,ボードゲーム 124の詳細説明です。高品質でおすすめの商品です。,2023-01-02
9983,カードゲーム 124,おもちゃ・ゲーム,PlayTime,20482,101,カードゲーム 124の詳細説明です。高品質でおすすめの商品です。,2023-06-29
9984,プラモデル 124,おもちゃ・ゲーム,Fun,6823,826,プラモデル 124の詳細説明です。高品質でおすすめの商品です。,2023-07-14
9985,ぬいぐるみ 124,おもちゃ・ゲーム,ToyFun,3533,849,ぬいぐるみ 124の詳細説明です。高品質でおすすめの商品です。,2023-07-03
9986,レゴブロック 124,おもちゃ・ゲーム,PlayTime,45331,869,レゴブロック 124の詳細説明です。高品質でおすすめの商品です。,2023-10-12
9987,アクションフィギュア 124,おもちゃ・ゲーム,ToyFun,9441,733,アクションフィギュア 124の詳細説明です。高品質でおすすめの商品です。,2023-09-28
9988,パズルゲーム 124,おもちゃ・ゲーム,GameZone,25287,649,パズルゲーム 124の詳細説明です。高品質でおすすめの商品です。,2023-02-12
9989,知育玩具 124,おもちゃ・ゲーム,GameZone,14861,518,知育玩具 124の詳細説明です。高品質でおすすめの商品です。,2023-12-20
9990,ゲームソフト 124,おもちゃ・ゲーム,ToyFun,24706,316,ゲームソフト 124の詳細説明です。高品質でおすすめの商品です。,2023-08-21
9991,パズル 125,おもちゃ・ゲーム,ToyFun,32043,358,パズル 125の詳細説明です。高品質でおすすめの商品です。,2023-11-22
9992,ボードゲーム 125,おもちゃ・ゲーム,PlayTime,40593,717,ボードゲーム 125の詳細説明です。高品質でおすすめの商品です。,2023-01-22
9993,カードゲーム 125,おもちゃ・ゲーム,ToyFun,7678,149,カードゲーム 125の詳細説明です。高品質でおすすめの商品です。,2023-04-27
9994,プラモデル 125,おもちゃ・ゲーム,Fun,23841,734,プラモデル 125の詳細説明です。高品質でおすすめの商品です。,2023-04-13
9995,ぬいぐるみ 125,おもちゃ・ゲーム,PlayTime,28727,91,ぬいぐるみ 125の詳細説明です。高品質でおすすめの商品です。,2023-01-23
9996,レゴブロック 125,おもちゃ・ゲーム,GameZone,1407,842,レゴブロック 125の詳細説明です。高品質でおすすめの商品です。,2023-03-13
9997,アクションフィギュア 125,おもちゃ・ゲーム,GameZone,11564,319,アクションフィギュア 125の詳細説明です。高品質でおすすめの商品です。,2023-04-16
9998,パズルゲーム 125,おもちゃ・ゲーム,GameZone,16109,674,パズルゲーム 125の詳細説明です。高品質でおすすめの商品です。,2023-03-30
9999,知育玩具 125,おもちゃ・ゲーム,GameZone,15319,522,知育玩具 125の詳細説明です。高品質でおすすめの商品です。,2023-08-25
10000,ゲームソフト 125,おもちゃ・ゲーム,GameZone,16013,750,ゲームソフト 125の詳細説明です。高品質でおすすめの商品です。,2023-02-07
